sitio_noticias,fecha,seccion,titular,cuerpo,url
Red Uno,2026-08-16,Deportes,Independiente vs. GV San José: FBF anuncia cambio de última hora,"La Federación Boliviana de Fútbol (FBF) comunicó de manera oficial una modificación de último momento en el horario del encuentro entre Independiente y GV San José, programado para disputarse en el Estadio Olímpico Patria de la ciudad de Sucre.

El inicio del compromiso, inicialmente pautado para las 19:30 horas, se retrasará 30 minutos, fijando el pitazo inicial de forma definitiva para las 20:00 horas.

Según el informe emitido por el ente matriz del balompié nacional, la postergación se debe a razones de fuerza mayor vinculadas al arribo tardío de la Van VOR de MediaPro, empresa responsable de la tecnología para operar el VAR.

Las autoridades del fútbol agradecieron la comprensión de ambos clubes, futbolistas, prensa y aficionados ante este inconveniente técnico.

Mira la programación en Red Uno Play",https://www.reduno.com.bo/deportes/independiente-vs-gv-san-jose-fbf-anuncia-cambio-de-ultima-hora-202681619159
Red Uno,2026-08-16,Refuerzan busqueda de fiscal desaparecido en beni con aeronaves y dron de la fab 202681618462,Refuerzan búsqueda de fiscal desaparecido en Beni con aeronaves y dron de la FAB,"La Fuerza Aérea Boliviana (FAB) reforzó este domingo el operativo de búsqueda del fiscal Juan Benjo Huchani Alpiri, fiscal desaparecido después del accidente de una avioneta registrado el viernes 14 de agosto en inmediaciones de la estancia Cachascani, en el departamento del Beni.

En el tercer día de operaciones, la V Brigada Aérea reportó el despliegue de dos aeronaves C-206, un helicóptero EC-145 y un dron, además de personal especializado de búsqueda y rescate (SAR) y voluntarios.

El dispositivo está conformado por tres instructores SAR y ocho voluntarios SAR, mientras que los medios aéreos comprometidos corresponden a aeronaves de los Grupos Aéreos de Transporte 72 y 62 y un helicóptero de la Escuela de Aviación del Ejército Boliviano.

La búsqueda se concentra en la zona de la estancia Cachascani, donde fue localizada la aeronave C-172 con matrícula CP-928 después de que sufriera el accidente.

¿Cómo desapareció el fiscal?

De acuerdo con los antecedentes del hecho, cuatro personas viajaban en la avioneta. El piloto falleció y los demás ocupantes fueron encontrados con vida; Huchani, que había resultado ileso, salió del lugar del accidente en busca de ayuda, según los reportes conocidos después del siniestro.

La V Brigada Aérea informó que una aeronave C-206, con matrícula FAB-421, se trasladó hasta la pista de Cachascani para apoyar las operaciones.

Posteriormente, la aeronave realizó un sobrevuelo sobre el área donde no se había establecido contacto con el fiscal desaparecido y retornó a su base después de completar la misión de reconocimiento.

El despliegue permitió además trasladar personal hacia la estancia para reforzar las labores de búsqueda terrestre, que continúan junto con las tareas de reconocimiento desde el aire. El operativo incorpora también un dron de la V Brigada Aérea, destinado a ampliar la capacidad de observación sobre una zona de difícil acceso.

Tras confirmarse el accidente de la avioneta con matrícula CP-928, dos rescatistas SAR permanecieron inicialmente en la estancia para continuar la búsqueda junto con trabajadores del lugar, debido a que Huchani había abandonado la zona del siniestro para buscar auxilio.

La incorporación de nuevas aeronaves y personal especializado amplió el dispositivo de búsqueda. La V Brigada Aérea mantiene las operaciones mientras no se logre localizar al fiscal, con vuelos de reconocimiento y apoyo a los equipos que trabajan en tierra.

El accidente de la avioneta ocurrió el viernes 14 de agosto en una zona boscosa del Beni y movilizó desde entonces a equipos de rescate de la FAB y otras instituciones.

Fuente: Ministerio de Defensa.

Mira la programación en Red Uno Play",https://www.reduno.com.bo/noticias/refuerzan-busqueda-de-fiscal-desaparecido-en-beni-con-aeronaves-y-dron-de-la-fab-202681618462
Red Uno,2026-08-16,Abc moviliza maquinaria tras deslizamiento en la ruta la angostura bermejo 2026816183214,ABC moviliza maquinaria tras deslizamiento en la ruta La Angostura-Bermejo,"La Administradora Boliviana de Carreteras (ABC) desplegó maquinaria y personal técnico-operativo para atender un deslizamiento de rocas registrado en el sector Caja de Agua , entre Cuevas y Bermejo, en Santa Cruz.

El hecho ocurrió en el kilómetro 81 desde Santa Cruz , donde la sobresaturación de los taludes provocó el desprendimiento de roca fracturada de tamaño mediano.

Ante la emergencia, la ABC activó de inmediato trabajos de limpieza y retiro del material para evitar mayores afectaciones y garantizar la seguridad de los usuarios de la vía.

Para las tareas se movilizó una pala cargadora, una volqueta y una camioneta , además de personal encargado del despeje del sector.

La ABC recomendó a los conductores circular con precaución, respetar la señalización y seguir las indicaciones del personal que se encuentra trabajando en la zona.

La entidad señaló que mantiene maquinaria y equipos operativos disponibles para responder ante nuevas contingencias que puedan afectar la transitabilidad de la Red Vial Fundamental.

Mira la programación en Red Uno Play",https://www.reduno.com.bo/noticias/abc-moviliza-maquinaria-tras-deslizamiento-en-la-ruta-la-angostura-bermejo-2026816183214
Red Uno,2026-08-16,Deportes,Jamal Musiala se desplomó en pleno partido: ¿qué se sabe sobre su estado de salud?,"Jamal Musiala protagonizó el momento de mayor preocupación durante el amistoso que Bayern Múnich disputó este sábado frente a RB Leipzig. El futbolista alemán se desplomó repentinamente sobre el campo, sin que mediara contacto con otro jugador, y tuvo que recibir asistencia del cuerpo médico.

Musiala había ingresado en el segundo tiempo y llevaba apenas 13 minutos en cancha cuando ocurrió el episodio. Sus compañeros advirtieron inmediatamente la situación y solicitaron la presencia de los médicos, que atendieron al mediocampista durante varios minutos.

Después de ser revisado, el futbolista consiguió ponerse de pie y abandonó el terreno de juego por sus propios medios. De acuerdo con reportes de la prensa alemana, también pudo dirigirse sin ayuda hacia los vestuarios, aunque todavía se lo observaba aturdido.

El Bayern Múnich evitó inicialmente entregar detalles sobre lo sucedido. Tras el encuentro, el director deportivo Max Eberl buscó transmitir tranquilidad y señaló que lo más importante era que Musiala se encontraba bien.

Mientras tanto, medios alemanes señalaron que el jugador habría afrontado el partido con mareos y fiebre . A esto se sumaron las altas temperaturas registradas en Múnich, superiores a los 30 grados. Estas circunstancias fueron mencionadas como posibles factores, pero no existe confirmación oficial de que hayan provocado el desplome .

La situación generó todavía más preocupación por el antecedente reciente del futbolista. Musiala sufrió una grave lesión en una pierna durante el Mundial de Clubes de 2025, en el partido frente al Paris Saint-Germain, y permaneció varios meses alejado de las canchas antes de regresar a la competencia a comienzos de 2026.

Desde su recuperación, el alemán volvió a ocupar un papel importante en el Bayern y en la selección de Alemania. Por ese motivo, su repentina caída durante el amistoso generó inquietud entre los aficionados y el entorno del club.

Por ahora, la principal incógnita es conocer qué provocó el episodio y si tendrá alguna consecuencia para su preparación deportiva. El Bayern todavía no difundió un parte médico detallado , por lo que habrá que esperar nuevas evaluaciones para determinar el estado de salud del mediocampista.

El conjunto bávaro tiene por delante compromisos importantes: el 22 de agosto enfrentará a Borussia Dortmund por la Supercopa de Alemania , mientras que posteriormente comenzará su camino en la Bundesliga, con Stuttgart como rival en la primera jornada.

La prioridad, sin embargo, pasa primero por conocer la evolución de Musiala después del susto que protagonizó ante Leipzig.

Mira la programación en Red Uno Play",https://www.reduno.com.bo/deportes/jamal-musiala-se-desplomo-en-pleno-partido-que-se-sabe-sobre-su-estado-de-salud-202681617520
Red Uno,2026-08-16,Incendio alarma a vecinos en quillacollo bomberos controlaron el fuego 2026816173033,Incendio alarma a vecinos en Quillacollo; bomberos controlaron el fuego,"Un incendio se registró en un lote ubicado en Quillacollo, Cochabamba , generando preocupación entre vecinos debido a la cercanía de viviendas y vehículos.

La pronta intervención de bomberos de la Policía permitió controlar y sofocar las llamas antes de que el fuego se propagara a los inmuebles y motorizados que se encontraban en los alrededores.

El hecho no dejó daños en las viviendas ni en los vehículos próximos al lugar.

Mira la programación en Red Uno Play",https://www.reduno.com.bo/noticias/incendio-alarma-a-vecinos-en-quillacollo-bomberos-controlaron-el-fuego-2026816173033
Red Uno,2026-08-16,Tendencias,Seis días sin moverse del hospital: la reacción de un perro al reencontrarse con su dueño,"Un perro protagonizó un emotivo reencuentro con su dueño después de esperarlo durante seis días en las puertas de un hospital , donde el hombre permanecía internado.

El momento quedó registrado en video y muestra al can atento a las personas que salían del centro médico, hasta que finalmente reconoció a su dueño, quien apareció en una silla de ruedas .

Al darse cuenta de que finalmente estaba frente a él, el perro no pudo contener su emoción y comenzó a saltar de alegría , acercándose a su dueño para recibirlo después de varios días de espera.

La escena conmovió a quienes presenciaron el encuentro y rápidamente se volvió viral, destacando una vez más el vínculo de lealtad y cariño entre las mascotas y sus familias .

Mira la programación en Red Uno Play",https://www.reduno.com.bo/tendencias/seis-dias-sin-moverse-del-hospital-la-reaccion-de-un-perro-al-reencontrarse-con-su-dueno-2026816172012
Red Uno,2026-08-16,Internacional,Ejército de Irán anuncia recompensa vinculada a soldados de EEUU y aumenta la tensión,"El Ejército de Irán anunció este domingo una recompensa equivalente a 30.000 dólares (unos 26.000 euros) a cualquier ciudadano iraní que mate o capture y entregue a un soldado estadounidense, con una prima que se duplicará si la acción es llevada a cabo por una mujer.

""Si un ciudadano iraní mata o captura y entrega a un soldado invasor estadounidense, recibirá por parte del Ejército de la República Islámica de Irán una recompensa equivalente a 30.000 dólares"", afirmó el comandante en jefe del Ejército iraní, el general de división Amir Hatami, según informó la agencia IRNA.

Hatami agregó que, si una mujer lleva a cabo una acción de este tipo, ""recibirá el doble de esta recompensa"".

El alto cargo militar dijo que decidieron poner en marcha el plan a raíz del ""gran número de solicitudes"" de personas que deseaban contribuir económicamente a la guerra con Israel y Estados Unidos, iniciada el 28 de febrero.

Tras casi seis meses de conflicto, EE.UU. no ha llevado a cabo una invasión terrestre de Irán, y Hatami no aportó detalles sobre dónde o cuándo se esperaba que se produjera la muerte o captura de soldados estadounidenses.

El anuncio de Teherán sobre la recompensa se produce dos días después de que el presidente estadounidense, Donald Trump, afirmara que, tras derrotar a Irán, declararía el estrecho de Ormuz territorio de EE.UU..

Irán rechazó de inmediato esas declaraciones y aseveró que el estrecho de Ormuz ""no puede ser tomado por la fuerza, por un tuit, un portaaviones, una orden o un discurso electoral"", reafirmando su soberanía sobre el estratégico paso marítimo.

El jefe del Ejército iraní reivindicó hoy el control de Ormuz por parte de Teherán como una de las condiciones para poner fin a la guerra y calificó esa vía marítima como una ""capacidad geopolítica concedida por Dios al pueblo iraní"".

Teherán cerró el paso por Ormuz a mediados de julio, tras nuevos bombardeos estadounidenses contra el sur del territorio iraní, a los que la República Islámica respondió también atacando objetivos de EE.UU. en países de Oriente Medio, mientras Washington restablecía el bloqueo naval sobre puertos y buques de Irán.

Irán ha exigido a Estados Unidos que ponga fin a la guerra, levante el bloqueo sobre sus puertos y buques y le permita vender su petróleo en los mercados internacionales a cambio de la reapertura del estrecho. EFE

Mira la programación en Red Uno Play",https://www.reduno.com.bo/internacional/ejercito-de-iran-anuncia-recompensa-vinculada-a-soldados-de-eeuu-y-aumenta-la-tension-20268161700
Red Uno,2026-08-16,Deportes,[IMÁGENES SENSIBLES] Preocupación por Musiala: se desplomó en pleno partido,"Momentos de preocupación se vivieron durante el amistoso entre Bayern Múnich y RB Leipzig , cuando Jamal Musiala se desplomó repentinamente sobre el terreno de juego en los minutos finales del encuentro.

El mediocampista alemán había ingresado durante el segundo tiempo y poco antes del episodio había marcado el tercer gol del Bayern en la victoria por 3-1. Sin embargo, minutos después, cayó al césped y sus compañeros pidieron inmediatamente la intervención del cuerpo médico.

Los profesionales ingresaron rápidamente para atender al futbolista. Durante algunos instantes, la escena generó preocupación entre los jugadores y los aficionados, hasta que uno de los integrantes del cuerpo médico hizo una señal de tranquilidad levantando el pulgar.

Musiala consiguió ponerse de pie y abandonó el terreno de juego caminando, aunque se lo observó aturdido. Según informó la agencia alemana DPA, también pudo bajar por sus propios medios las escaleras que conducían al túnel de vestuarios.

Una de las posibilidades mencionadas tras el episodio fue el intenso calor. El partido se disputó en Múnich con temperaturas cercanas a los 33 grados , aunque hasta el momento no existe confirmación oficial de que las altas temperaturas hayan provocado el desplome .

Desde el Bayern Múnich transmitieron posteriormente una primera señal de tranquilidad. El director deportivo del club señaló que lo principal era que el futbolista se encontraba bien.

Sin embargo, el club todavía no difundió un diagnóstico oficial ni explicó qué provocó la repentina caída del jugador. Por ahora, Musiala permanecerá bajo observación mientras el Bayern sigue de cerca su evolución.

Las imágenes del momento generaron inquietud entre los aficionados por la forma inesperada en la que el futbolista cayó al césped, aunque el hecho de que pudiera abandonar el campo por sus propios medios llevó algo de tranquilidad después del susto.

Mira la programación en Red Uno Play",https://www.reduno.com.bo/deportes/imagenes-sensibles-preocupacion-por-musiala-se-desplomo-en-pleno-partido-2026816165038
Red Uno,2026-08-16,Deportes,"Jose Mourinho: ""Aquí solo tenemos jugadores buenos, muy buenos y muy muy buenos""","El entrenador del Real Madrid, Jose Mourinho, afirmó este domingo que en su equipo solo tiene ""jugadores buenos, muy buenos y muy muy buenos"", después de la victoria frente al Schalke 04 por 0-3.

""En este momento, es difícil hablar individualmente, porque estamos creciendo como equipo. Aquí solo tenemos jugadores buenos, muy buenos y muy muy buenos. De la conjugación del trabajo de estos jugadores tenemos que hacer un equipo muy bueno. Creo que estamos dando los pasos ciertos para hacerlo"", apuntó el técnico portugués a Real Madrid TV.

""Muy contento con los últimos que llegaron, no es fácil entrar en una intensidad alta, tener sesión doble mañana y tarde, un calor increíble, y ellos llegaron con una mentalidad top. La cuestión de 45 minutos para Kylian (Mbappé), para Konaté, 30 para Jude (Bellingham), Cucurella, Diomande, son cosas que analizamos científicamente con datos que tenemos y con la experiencia del propio jugador, el conocimiento de su cuerpo. Llegamos en una condición muy aceptable para este momento de la temporada"", añadió.

Mourinho señaló que el partido de este domingo en Alemania fue ""positivo como equipo, positivo individualmente"". ""Hay gente que llegó más tarde y todavía no tiene la misma intensidad que los que empezaron el primer día. Los que empezaron el primer día tienen 30 entrenamientos y seis partidos, los que llegaron ahora tienen tres o cuatro entrenamientos"", añadió

""Hay una diferencia de ritmo, pero tácticamente las ideas poco a poco van. Jugadores de una calidad superior, increíble. Trabajando muy bien como equipo, con balón, sin balón, un test muy bueno, un último entrenamiento muy bueno antes de empezar lo bueno, que es competir de verdad, luchar por puntos. Es lo que nos gusta"", remarcó.

El entrenador luso destacó la actitud de sus jugadores: ""Estamos todos. Los jugadores están ilusionados. Si ellos no están, tenemos un problema. Ellos están demostrando que están. Detalles pequeños grandes, gente que se tenía que presentar un día viene antes, la gente que viene el último día se preparó muy bien individualmente, estamos jugando como un equipo, existe empatía y trabajo colectivo, el equipo se está pareciendo a un equipo"". EFE

Mira la programación en Red Uno Play",https://www.reduno.com.bo/deportes/jose-mourinho-aqui-solo-tenemos-jugadores-buenos-muy-buenos-y-muy-muy-buenos-2026816164420
Red Uno,2026-08-16,Internacional,Lula y Flávio Bolsonaro abren la campaña en sus cunas políticas con foco en la seguridad,"Ambos candidatos eligieron lugares cargados de simbolismo para dar el pistoletazo de salida a sus 45 días de campaña.

Lula, en busca de su cuarto mandato no consecutivo con 80 años dio su primer mitin en el Estadio Municipal Primero de Mayo, en São Bernardo do Campo, a las afueras de São Paulo, donde se forjó como sindicalista y lideró manifestaciones masivas en la dictadura militar (1964-1985).

El abanderado del Partido de los Trabajadores (PT) reunió a miles de militantes en un acto teñido de rojo, en el que se recordó su lucha obrera y el legado social de sus gobiernos.

Flávio Bolsonaro, primogénito del expresidente ultraderechista Jair Bolsonaro, optó por el bastión político de su familia, la ciudad de Río de Janeiro, donde concentró a unos cientos de seguidores en la orla de la playa de Copacabana con banderas brasileñas y algunas de Estados Unidos.

El senador compareció con un chaleco antibalas por debajo de una camiseta amarilla con el mensaje: ""Mi partido es Brasil"".

Todos los sondeos indican que el próximo jefe de Estado de la mayor economía latinoamericana se decidirá entre Lula y Flávio por un estrecho margen.

El último de la firma demoscópica Quaest, publicado el viernes, reflejó un empate técnico en una eventual segunda vuelta, con Lula con el 43 % de los apoyos y Flávio, con el 40 %. Un 4 % se declara indeciso.

La otra decena de candidatos inscritos en la Justicia Electoral no llegan al 5 % de las intenciones de voto.

Lula vuelve a sus orígenes

Lula quiso dar una demostración de fuerza en São Bernardo do Campo. Su Partido de los Trabajadores (PT) organizó caravanas de militantes desde distintos puntos del país y prácticamente llenó el estadio de Vila Euclides, según constató EFE.

Después de los discursos de sus principales aliados, el antiguo tornero mecánico habló durante cerca de 40 minutos, en los que destacó su trayectoria personal, las iniciativas sociales de sus gobiernos y algunas promesas.

""Mientras esté vivo, no me permitiré dejar de luchar y permitir que la derecha"" vuelva a gobernar, enfatizó.

Por otro lado, prometió luchar contra los feminicidios y combatir el crimen organizado golpeando sus finanzas y capturando a sus líderes. Brasil es el cuartel general de dos de las principales bandas suramericanas: Primeiro Comando da Capital (PCC) y Comando Vermelho (CV).

El antiguo sindicalista evitó valorar las interferencias de Estados Unidos en el proceso electoral y se limitó a decir que no permitirá a EE.UU. ni a ninguna otra potencia aprovecharse de las enormes reservas de minerales críticos que atesora Brasil.

Pese a lanzar críticas veladas, tampoco mencionó por su nombre a Jair Bolsonaro ni al hijo mayor de este.

Flávio carga contra Lula y defiende a su padre

Una estrategia radicalmente distinta a la de Flávio, que arremetió duramente contra el actual gobernante.

Subido a un tráiler en Copacabana, el senador dedicó casi todo su primer discurso de campaña a atacar a Lula, quien a su juicio representa ""el camino de las tinieblas"".

Lo acusó de endeudar a las familias, generar millonarias pérdidas en las empresas públicas y ser blando en el combate al narcotráfico.

También denunció que ""la corrupción llegó al despacho del presidente"", en alusión a las investigaciones contra Marco Aurélio Ribeiro, ex jefe de gabinete personal de Lula.

""¡Lula es el moroso de la esperanza!"", exclamó el abanderado del Partido Liberal (PL) ante sus seguidores, la mayoría vestidos con los colores verde y amarillo de la bandera brasileña.

Como contrapunto, Flávio prometió bajar la mayoría penal a los 16 años, castración química para los pederastas, condenas de, ""como mínimo"", ocho años de cárcel para los ""ladrones de celulares"" y tratar a las bandas narcotraficantes como ""terroristas"", en línea con el Gobierno de Donald Trump.

Además, aseguró ser ""el único"" que puede sentarse con Estados Unidos y China para cerrar acuerdos comerciales.

Mira la programación en Red Uno Play",https://www.reduno.com.bo/internacional/lula-y-flavio-bolsonaro-abren-la-campana-en-sus-cunas-politicas-con-foco-en-la-seguridad-2026816163037
Red Uno,2026-08-16,Internacional,Mujer fue madre por primera vez a los 62 años en Argentina: Conoce su historia,"A los 62 años, Mabel se convirtió en madre por primera vez en Argentina, en un caso que llamó la atención por las características de su embarazo. El nacimiento de su hijo David ocurrió el miércoles en el Hospital San Felipe de San Nicolás, en la provincia de Buenos Aires, donde la mujer dio a luz mediante una cesárea.

Tras el nacimiento, Mabel habló con 'Diario EL NORTE' desde el hospital y compartió sus primeras impresiones mientras esperaba volver a tener a su bebé junto a ella. ""Nació hoy mi hijo David, 2 kilos 750. Estoy perfecta. Todavía no lo tengo conmigo porque se fue un ratito a Neo, pero es precioso, nació sano y bien"", contó.

David nació durante la mañana, pesó 2,750 kilos y permaneció momentáneamente en Neonatología mientras Mabel se recuperaba de la cesárea. La mujer contó que esperaba poder tenerlo nuevamente junto a ella y destacó que el bebé había nacido sano.

Después de lograr el embarazo, Mabel atravesó nueve meses de gestación bajo seguimiento médico y, según relató, todo transcurrió con normalidad. ""Todo fue muy lindo. Tengo 62 años, es mi primer hijo, fue mediante fecundación in vitro, con el doctor Matías Colabianchi, de Rosario. Fue un embarazo perfecto, nació por cesárea… Es precioso"", contó al recordar el proceso que finalmente le permitió convertirse en madre.

Según Mayo Clinic, la fecundación in vitro es una técnica de reproducción asistida que permite que la unión del óvulo y el espermatozoide ocurra fuera del cuerpo, en un laboratorio. Posteriormente, el embrión es transferido al útero para continuar allí su desarrollo.

En el caso de Mabel, el embarazo ocurrió después de los 60 años, una edad en la que la capacidad reproductiva natural ya ha terminado, por lo que su gestación fue un caso poco habitual que requirió controles médicos durante los nueve meses.

Durante el proceso, la obstetra Romina Ruffini fue la encargada de acompañar a Mabel y aseguró que la gestación transcurrió con normalidad. ""Fue un embarazo totalmente normal. Ella es una paciente muy predispuesta, estaba siempre muy tranquila, muy confiada"", explicó la especialista.

La obstetra resumió la experiencia al asegurar que Mabel tuvo ""un embarazo maravilloso y un nacimiento hermoso"", en un caso que por su edad se convirtió en uno de los nacimientos más llamativos registrados recientemente en Argentina.

Fuente: El Tiempo.

Mira la programación en Red Uno Play",https://www.reduno.com.bo/internacional/mujer-fue-madre-por-primera-vez-a-los-62-anos-en-argentina-conoce-su-historia-202681616307
Red Uno,2026-08-16,Deportes,El adiós de Cristiano Ronaldo ya tiene fecha: “Probablemente este sea mi último año”,"Cristiano Ronaldo sorprendió al mundo del fútbol al hablar abiertamente sobre su retiro. En una entrevista exclusiva con la revista Vogue , realizada en el marco de su casamiento con Georgina Rodríguez, el delantero portugués reconoció que su carrera profesional podría estar llegando a su final.

“ Probablemente este sea mi último año de fútbol y quiero dejar un legado espectacular ”, afirmó el atacante, dejando en claro que ya comenzó a pensar en el momento en que tendrá que abandonar definitivamente la competencia profesional.

Ronaldo también explicó que tiene pensado cómo afrontar la transición después de dejar el fútbol. El portugués reconoció que la actividad deportiva ocupa una parte enorme de su vida y que el retiro podría generar un vacío, por lo que buscará mantenerse activo con diferentes actividades.

“ Tengo mi futuro totalmente trazado; tengo tantas cosas para mantenerme ocupado que decirte una sola es difícil ”, señaló.

Entre sus planes, el futbolista mencionó que quiere dedicar más tiempo a viajar y disfrutar de actividades que le gustan, entre ellas el pádel. También remarcó que pretende disfrutar de todo lo conseguido durante sus años como profesional.

“ El fútbol podría dejar un gran vacío, por eso tenés que llenar tu tiempo de varias maneras, no solo de una ”, explicó.

La posible despedida llega después de una carrera de 25 años al máximo nivel. Cristiano Ronaldo construyó una trayectoria marcada por títulos, récords y reconocimientos individuales, con pasos destacados por clubes como Manchester United, Real Madrid y Juventus, antes de continuar su carrera en Arabia Saudita.

Entre sus principales logros aparecen cinco Champions League, cinco Balones de Oro, la Eurocopa 2016 y la UEFA Nations League con Portugal , además de numerosos títulos nacionales.

El portugués también se convirtió en uno de los máximos goleadores de la historia del fútbol y continúa aumentando sus registros mientras defiende actualmente la camiseta del Al-Nassr .

A sus 41 años, Ronaldo todavía mantiene su ambición competitiva y continúa siendo una de las principales figuras del fútbol mundial. Sin embargo, sus recientes declaraciones abren oficialmente la cuenta regresiva para el final de una carrera que comenzó hace más de dos décadas.

Después de tantos años de sacrificio, el propio Cristiano parece tener claro cómo quiere cerrar esta etapa: “Han sido 25 años con mucho sacrificio” .

Mira la programación en Red Uno Play",https://www.reduno.com.bo/deportes/el-adios-de-cristiano-ronaldo-ya-tiene-fecha-probablemente-este-sea-mi-ultimo-ano-2026816162641
Red Uno,2026-08-16,Deportes,"Marc Cucurella: ""Con estos compañeros es todo más fácil""","El defensa español Marc Cucurella declaró que ""con estos compañeros es todo más fácil"", después de debutar con el Real Madrid, su nuevo equipo, en la victoria de los blancos frente al Schalke 04 por 0-3.

""Creo que con estos compañeros es todo más fácil. En nada empieza lo bueno. Muy contento, creo que ha sido un gran partido de todos, un gran resultado antes de empezar la liga. Primeros minutos, con muchas ganas, cogiendo ritmo y con ganas"", añadió en los micrófonos de Real Madrid TV.

Cucurella ingresó al campo en el minuto 61 en sustitución de Álvaro Carreras para disponer de sus primeros minutos con su nuevo equipo, al que se incorporó esta semana tras las vacaciones posteriores a ganar el Mundial con España.

""Detrás de todo esto hay mucho trabajo, muy feliz por todo lo que me está pasando, ojalá seguir así y disfrutar de esta experiencia"", comentó.

Además, incidió en la buena acogida de sus compañeros: ""Son muy buena gente, le hacen muy fácil la llegada a todos, importante tener un buen grupo, que se note dentro del campo que somos una piña"". EFE

Mira la programación en Red Uno Play",https://www.reduno.com.bo/deportes/marc-cucurella-con-estos-companeros-es-todo-mas-facil-2026816161720
Red Uno,2026-08-16,Internacional,Al menos 10 muertos y varios heridos al volcar un autobús en la sierra de Río de Janeiro,"Al menos 10 personas murieron y varias resultaron heridas tras volcar un autobús a la altura de la ciudad de Petrópolis, en la sierra del estado brasileño de Río de Janeiro, informaron este domingo fuentes oficiales. El siniestro ocurrió sobre las 04.30 hora local (07.30 GMT) de este domingo en una carretera que conecta Brasilia con Río de Janeiro, según señaló la Policía Federal de Carreteras (PRF, por sus siglas en portugués) en un comunicado.

El autobús era de la empresa Estrela Guia Turismo y transportaba a 47 personas, de acuerdo con las autoridades.

El vehículo salió de Belo Horizonte y se dirigía al turístico barrio carioca de Copacabana, pero se salió de la vía mientras bajaba la sierra y volcó cerca del arcén, en una zona con vegetación. Según medios locales, ocho de las víctimas mortales son mujeres y otra es un menor de edad. Dos personas se encuentran en estado grave y otra docena sufrió heridas consideradas ""moderadas"" y fue trasladada a hospitales de la región, de acuerdo con el Cuerpo de Bomberos de Río.

El alcalde de Petrópolis, Hingo Hammes, lamentó lo sucedido e informó en un comunicado que puso en marcha una ""gran operación de socorro"" para atender a las víctimas. Estrela Guia Turismo, la empresa que operaba el autobús, prestó solidaridad a las víctimas y aseguró estar colaborando con las autoridades brasileñas para esclarecer las causas del accidente. EFE

Mira la programación en Red Uno Play",https://www.reduno.com.bo/internacional/al-menos-10-muertos-y-varios-heridos-al-volcar-un-autobus-en-la-sierra-de-rio-de-janeiro-202681616640
Red Uno,2026-08-16,Luis vega anuncia cierre de su proyecto a puro papel y lapiz cual es el motivo 2026816155951,Luis Vega anuncia cierre de su proyecto 'A Puro Papel y Lápiz': ¿cuál es el motivo?,"El cantante boliviano Luis Vega sorprendió a sus seguidores al anunciar el cierre del proyecto musical “Puro Papel y Lápiz” , luego de revelar públicamente que atraviesa desde hace meses una depresión que ha afectado su vida personal y profesional.

En un video publicado en sus redes sociales, el artista decidió dejar de lado su faceta pública para hablar desde una perspectiva más personal. Explicó que durante este tiempo ha experimentado tristeza, falta de energía y pérdida de interés por actividades que antes disfrutaba, incluidos sus conciertos y su música.

“Me estoy perdiendo a mí mismo”

Vega reconoció que durante años concentró sus esfuerzos en alcanzar objetivos profesionales, aumentar sus números y ayudar a otras personas, pero dejó de prestar atención a su propio bienestar.

Aseguró que esta situación también comenzó a afectar su relación con sus seres queridos y el tiempo que comparte con sus hijos y su esposa.

“Me estoy perdiendo a mí mismo porque siento que me he convertido en alguien totalmente distinto a quien alguna vez aspiré ser”, manifestó.

El artista también señaló que actualmente recibe tratamiento con medicamentos y que tomó la decisión de detenerse antes de que su situación empeore.

“Es tiempo de frenar en seco”

En medio de su confesión, Vega anunció que decidió ponerle una fecha final al proyecto “Puro Papel y Lápiz” , que se encuentra en una etapa de giras y presentaciones dentro y fuera del país.

“Es tiempo de frenar en seco, porque si no yo me voy a estrellar y voy a acabar muy mal”, afirmó.

El cantante explicó que ahora quiere dedicar mayor tiempo a su esposa, sus hijos, sus padres, sus hermanos y a sí mismo, con el objetivo de cuidar su bienestar.

“De nada sirve que ganes el mundo si perdés tu alma”, sostuvo.

Sus últimos tres conciertos

Vega anunció que se despedirá de los escenarios con tres presentaciones programadas para 2027: el 18 de abril en Cochabamba, el 25 de abril en Santa Cruz y el 1 de mayo en Trinidad .

El artista aseguró que quiere cerrar esta etapa “a lo grande” y preparar algo especial para sus seguidores, a quienes atribuyó buena parte del éxito alcanzado por el proyecto.

“Ustedes creyeron en mí cuando no teníamos nada, cuando éramos nadie”, expresó.

Su anuncio marca así el cierre de una etapa musical, pero también el inicio de una decisión personal: detener su carrera temporalmente para priorizar su salud, su familia y su recuperación.

Mira la programación en Red Uno Play",https://www.reduno.com.bo/noticias/luis-vega-anuncia-cierre-de-su-proyecto-a-puro-papel-y-lapiz-cual-es-el-motivo-2026816155951
Red Uno,2026-08-16,Tras meses hospitalizada la cantante rossana marin vuelve a casa y continua una dificil recuperacion 202681615243,"Tras meses hospitalizada, la cantante Rossana Marín vuelve a casa y continúa una difícil recuperación","Después de permanecer varios meses hospitalizada y pasar por terapia intensiva, la cantante boliviana Rossana Marín regresó a su hogar , donde continúa su recuperación tras sobrevivir a un presunto intento de feminicidio que le dejó graves secuelas.

La artista, reconocida por su trayectoria en escenarios nacionales e internacionales, permanece actualmente postrada en cama y bajo cuidados permanentes , de acuerdo con el testimonio de sus familiares.

“Está viva y esa es la lucha que hemos tenido”

Los padres de Roxana señalaron que su principal preocupación durante estos meses fue lograr que sobreviviera, debido a la gravedad de su estado de salud.

“Está viva y esa es la lucha que hemos tenido toda la familia, principalmente la salud”, expresó uno de sus familiares.

Según explicaron, la cantante presenta una discapacidad que le impide desenvolverse por sí sola y necesita asistencia para realizar sus actividades cotidianas.

“Nos preocupa lo que viene más adelante”, sostuvo su familia al referirse al proceso de recuperación y los cuidados que necesitará.

Médicos tenían pocas esperanzas, según la familia

Los familiares recordaron que, durante los momentos más críticos, las posibilidades de recuperación eran reducidas.

“No había esperanzas. Roxana estaba, como dicen, para el ataúd, pero hemos sido perseverantes”, relató uno de sus padres.

Ahora son ellos quienes han asumido gran parte de los cuidados de la artista y también el acompañamiento de sus hijos.

“Estamos volviendo a tener 20, 25 años, como tener recién no un hijo, sino dos niños”, relató su padre al describir las nuevas responsabilidades familiares.

Perdió el habla y requiere asistencia permanente

Según el reporte, Rossana sufrió una grave lesión en la cabeza provocada presuntamente por un disparo atribuido a su esposo , extremo que forma parte del caso investigado por las autoridades.

Las lesiones le dejaron importantes secuelas neurológicas y, entre ellas, la pérdida del habla.

“Perdió el habla, que es su herramienta de trabajo como músico, que es su herramienta de comunicación”, lamentó su familia.

Además de su carrera artística, Marín se desempeñaba profesionalmente como ingeniera electrónica , según el testimonio difundido.

Una nueva etapa desde su hogar

El regreso a casa representa un avance después de meses de hospitalización, aunque la recuperación continuará siendo prolongada y requerirá acompañamiento especializado.

Sus padres y sus hijos permanecen junto a ella y confían en que pueda avanzar paulatinamente en su rehabilitación.

Paralelamente, la familia mantiene su pedido de justicia por los hechos de violencia que dejaron a Roxana en esta condición. Las responsabilidades penales deberán ser determinadas dentro del proceso correspondiente.

Mira la programación en Red Uno Play",https://www.reduno.com.bo/noticias/tras-meses-hospitalizada-la-cantante-rossana-marin-vuelve-a-casa-y-continua-una-dificil-recuperacion-202681615243
Red Uno,2026-08-16,Internacional,Una montaña de ropa procedente de Europa cubre parte del desierto de Atacama,"Una acumulación de más de 60.000 toneladas de ropa abandonada continúa creciendo cada año en pleno desierto de Atacama, en el norte de Chile. La dimensión de éste enorme vertedero textil es tal que, según la aplicación SkyFi, la mancha de residuos puede llegar a apreciarse desde imágenes tomadas por satélite.

Situado en las cercanías de la localidad de Alto Hospicio, este vertedero textil se ha convertido en uno de los ejemplos más impactantes del daño provocado por la moda rápida.

El problema de los cargamentos de ropa en el desierto de Atacama

Todo comienza, en el puerto de Iquique, en la costa norte de Chile. Cada año llegan a sus muelles más de 60.000 toneladas de prendas procedentes de Europa y de distintos lugares del planeta. Buena parte de esta mercancía entra sin pagar impuestos, ya que Iquique forma parte de las zonas francas chilenas. Desde allí, los cargamentos se trasladan hasta la zona franca de Alto Hospicio, donde la carga se distribuye hacia otros países de Latinoamérica. Sin embargo, una enorme cantidad queda sin salida comercial y, como nadie asume los costes de gestión de estos residuos, muchas prendas acaban abandonadas en pleno desierto de Atacama.

Los análisis realizados por la ONG Ekō junto al colectivo chileno Desierto Vestido han permitido identificar algunas de las marcas más habituales entre las prendas en el desierto. Entre las prendas aparecen etiquetas de Old Navy, H&M, Adidas y Levi’s, pero también de firmas reconocidas como Zara, Hugo Boss, Under Armour, Tommy Hilfiger o Nike. Sin embargo, el problema no termina con el abandono de las prendas.

En ocasiones, la ropa se quema para facilitar su eliminación, generando graves consecuencias ambientales, ya que contaminan el suelo, pueden afectar a las aguas subterráneas y liberan sustancias perjudiciales al aire. Bastian Barria, uno de los fundadores de Desierto Vestido, explica que después de algunos incendios queda sobre la superficie una capa oscura que recuerda al petróleo endurecido. Sin embargo, ese material no procede de combustibles fósiles, sino de los restos de tejidos que se han derretido durante la combustión.

Más allá de las consecuencias ambientales, las autoridades se muestran preocupadas por los problemas de salud que puede sufrir la población. Muchas de estas prendas contienen fibras sintéticas como el poliéster, un material derivado del petróleo que, al arder, puede liberar compuestos contaminantes. Los humos procedentes de las quemas llegan hasta las zonas habitadas cercanas y algunos vecinos aseguran sufrir molestias respiratorias.

Alto Hospicio, una localidad que se encuentra a escasa distancia de este vertedero improvisado, se ha convertido en uno de los lugares más afectados. Su alcalde, Patricio Ferreira, denuncia una situación que se prolonga desde hace años: «Nos sentimos abandonados. Sentimos que nuestra tierra ha sido sacrificada. Somos el basurero del mundo y todavía no existe una solución real para este problema», afirmó a la AFP. Y añade: «En internet, cuando buscas Alto Hospicio, aparecen vídeos que dicen que aquí está el lugar más feo del mundo. Somos una pequeña ciudad escondida en el norte de Chile, y la gente nos conoce por esto».

La crisis de la moda rápida

La magnitud de esta crisis supera ampliamente las fronteras chilenas. Según informó Infobae en enero de 2026, el puerto de Iquique recibe cada año entre 120.000 y 180.000 toneladas de ropa usada, una cifra que sitúa a Chile como el cuarto mayor importador mundial de prendas de segunda mano. Este enorme flujo de textiles, impulsado por el crecimiento del consumo global y la rápida renovación de colecciones, ha convertido una actividad comercial en uno de los mayores desafíos ambientales del siglo XXI.

La situación llegó incluso a los tribunales. En un hecho considerado «histórico», el Primer Tribunal Ambiental de Antofagasta determinó que el Estado chileno tuvo responsabilidad por omisión al no haber prevenido ni controlado durante años la acumulación ilegal de residuos textiles en terrenos fiscales de Alto Hospicio. La sentencia ordenó la creación de un plan de reparación ambiental con una duración de diez años. Sin embargo, el proceso todavía no está cerrado: el Consejo de Defensa del Estado (CDE) presentó una apelación ante la Corte Suprema, por lo que la decisión final continúa pendiente.

«Los seres humanos generamos en todo el mundo más de 2000 millones de toneladas de residuos al año, suficientes para dar 25 vueltas al planeta si se empaquetaran en contenedores de transporte estándar, contaminando la tierra, el aire y el agua, y afectando de manera desproporcionada a las comunidades más pobres. La moda está en el punto de mira del día internacional de este año, subrayando el asombroso consumo de recursos y los niveles de contaminación. Se trata de una industria en la que las tendencias cambian rápidamente y las prendas suelen desecharse después de haber sido usadas un puñado de veces. Los expertos calculan que duplicar la vida útil de la ropa podría reducir las emisiones de gases de efecto invernadero en un 44%», alerta la ONU.

Fuente: Okdiario.

Mira la programación en Red Uno Play",https://www.reduno.com.bo/internacional/una-montana-de-ropa-procedente-de-europa-cubre-parte-del-desierto-de-atacama-2026816151951
Red Uno,2026-08-16,Dictan seis meses de detencion preventiva para pareja del acusado de agredir a menores en viacha 202681615115,Dictan seis meses de detención preventiva para pareja del acusado de agredir a menores en Viacha,"La Justicia determinó seis meses de detención preventiva en la cárcel de mujeres de Obrajes, en La Paz , para la pareja del hombre investigado como presunto autor de múltiples hechos de violencia sexual contra menores de edad.

La decisión fue asumida durante una audiencia de medidas cautelares, mientras el Ministerio Público continúa con las investigaciones para determinar el grado de participación de la imputada y establecer si existen más víctimas o personas involucradas.

Es investigada en grado de complicidad

De acuerdo con el reporte fiscal, la mujer sería pareja o concubina del principal imputado y es procesada por el delito de violación en grado de complicidad .

Según los antecedentes preliminares, fue aprehendida en posesión de elementos que estarían relacionados con los hechos investigados.

Las autoridades sostienen, de manera preliminar, que ambos habrían actuado conjuntamente. Estas circunstancias todavía deberán ser demostradas y esclarecidas durante el proceso judicial.

Una víctima la identificó

Durante las pesquisas también se realizó un desfile de identificación , procedimiento en el que una de las víctimas habría reconocido a la mujer, según informó la Fiscalía.

El reporte señala además que la investigada presuntamente habría participado en acciones relacionadas con la retención y agresiones contra las menores, así como en el registro en video de algunos de los hechos.

La Fiscalía también indicó que existen elementos que apuntan a que la mujer realizaba la compra de preservativos y anticonceptivos presuntamente vinculados al caso.

Todos estos extremos permanecen bajo investigación.

Fiscalía investiga si existen más víctimas

El Ministerio Público señaló que cuenta con antecedentes que hacen presumir la posible existencia de más víctimas , por lo que las pesquisas continúan.

Asimismo, no se descarta ampliar la investigación en caso de identificarse a otras personas presuntamente involucradas.

Por tratarse de víctimas menores de edad y de delitos de carácter sexual, sus identidades y cualquier información que permita individualizarlas deben mantenerse bajo estricta reserva.

Mira la programación en Red Uno Play",https://www.reduno.com.bo/noticias/dictan-seis-meses-de-detencion-preventiva-para-pareja-del-acusado-de-agredir-a-menores-en-viacha-202681615115
Red Uno,2026-08-16,Militares resguardan la terminal bimodal de santa cruz tras ola de hechos delictivos en el departamento 202681615551,Militares resguardan la Terminal Bimodal de Santa Cruz tras ola de hechos delictivos en el departamento,"Un masivo contingente militar perteneciente a la Octava División del Ejército tomó posiciones en la Terminal de Buses de Santa Cruz desde las 05:00 de la mañana de este domingo. Los efectivos se desplegaron tanto en los accesos principales como en los ambientes interiores del recinto, con el objetivo de resguardar a los pasajeros que abordan transporte interprovincial e interdepartamental.

La intervención responde a una instrucción institucional emitida tras los recientes hechos delictivos registrados en la capital cruceña y en diversas provincias, orientada a sentar presencia de Estado y reforzar la seguridad en puntos de alto flujo de personas.

Operativos se extenderán a aeropuertos

Desde la unidad castrense informaron que el resguardo no se limitará a la terminal terrestre, sino que se replicará de manera paulatina en otras instalaciones estratégicas de transporte del departamento, incluyendo terminales aéreas.

Objetivo principal: Garantizar la seguridad de la población que se desplaza hacia el interior o las provincias durante la jornada.

Cobertura: Presencia de uniformados en accesos, salas de espera y áreas operativas de servicio público.

Informe oficial: Se prevé que al finalizar la tarde las autoridades de la Octava División rindan un balance detallado de las operaciones ejecutadas en la jornada.

La medida busca devolver la tranquilidad a los usuarios del transporte público y prevenir nuevos incidentes de inseguridad en la región.

Mira la programación en Red Uno Play",https://www.reduno.com.bo/noticias/militares-resguardan-la-terminal-bimodal-de-santa-cruz-tras-ola-de-hechos-delictivos-en-el-departamento-202681615551
Red Uno,2026-08-16,Tendencias,Colocar vinagre en el lavarropas: Por qué lo recomiendan los expertos,"Lavar la ropa de manera adecuada es crucial para extender la durabilidad de las prendas. Aparte de los productos costosos, que en ciertos casos no son particularmente eficaces, hay diversos trucos caseros que contribuyen al cuidado de los diferentes tipos de telas.

Uno de estos métodos implica la aplicación de vinagre durante el proceso de lavado. Es esencial llevar a cabo este procedimiento de manera correcta para no afectar negativamente el resultado. Si se realiza de forma apropiada, se puede obtener ropa con un aroma agradable, más limpia y libre de manchas.

Razones por las que el vinagre ayuda en el lavado de la ropa

El vinagre posee diversas propiedades que resultan beneficiosas en el lavado de prendas. Entre ellas se destacan:

Desinfectante natural.

Eliminador de olores.

Suavizante de telas.

Elimina el mal olor en toallas con vinagre y recupera su absorción

A diferencia de los suavizantes convencionales, que frecuentemente enmascaran el problema, el ácido acético presente en el vinagre desintegra las bacterias que ocasionan el mal olor en las prendas pesadas. Al incorporarlo en el ciclo de lavado, las toallas recuperan su capacidad de absorción y emergen de la máquina completamente neutralizadas, eliminando ese rastro de humedad tan difícil de erradicar.

Este método representa una alternativa efectiva para el cuidado de las prendas, facilitando su limpieza sin el uso de productos químicos agresivos. Así, se logra un resultado satisfactorio al mantener la frescura y la higiene deseadas en los textiles.

Beneficio del vinagre en el lavado de toallas.

Eliminación de bacterias causantes del olor.

Recuperación de la capacidad de absorción.

Neutralización del rastro de humedad.

Limpieza efectiva y cuidado de tus electrodomésticos

Uno de los principales adversarios de los electrodomésticos es la acumulación de residuos de jabón y sarro. El empleo habitual de vinagre se presenta como un descalcificador natural:

Elimina residuos: Disuelve los depósitos de detergente que se adhieren al tambor y a las tuberías. Potencia el brillo: Actúa sobre los colores apagados, devolviéndoles intensidad sin recurrir a blanqueadores agresivos.

El remedio contra pelos y pelusas

Para quienes tienen la compañía de mascotas, este ingrediente proporciona una notable ventaja: sus propiedades antiestáticas. Un tanto de vinagre en el compartimento del suavizante suaviza las fibras de la vestimenta, facilitando que los pelos y pelusas se separen adecuadamente durante el centrifugado y se depositen en el filtro de la máquina, en vez de permanecer adheridos a las prendas.

Esta técnica no solo mejora la calidad del lavado, sino que también contribuye a la prolongación de la vida útil de la ropa, evitando que se deterioren los tejidos por el contacto constante con los pelos de animales.

El vinagre: blanqueador natural y ecológico para tu ropa.

El vinagre resulta extremadamente eficaz para abordar las aureolas amarillentas y los malos olores a transpiración en camisas y remeras. Su facultad de penetrar en el tejido facilita la eliminación del cerco de color y la acidez remanente, asegurando una limpieza exhaustiva que los detergentes líquidos convencionales no logran resolver por sí solos.

Además, el uso de este producto ofrece beneficios adicionales en la conservación de la ropa, prolongando su vida útil.

Uno de los trucos para aumentar la efectividad del vinagre es usarlo acompañado de bicarbonato. Esta mezcla elimina manchas difíciles y deja la ropa con frescura natural.Además, es recomendable revisar las etiquetas de las prendas antes de lavarlas. Así, se evita dañar los tejidos y se asegura un lavado adecuado para cada tipo de tela.

Es esencial seguir un protocolo de aplicación que garantice la protección de los componentes internos del electrodoméstico, con el objetivo de lograr resultados profesionales en la limpieza de prendas y el mantenimiento del tambor.

Mira la programación en Red Uno Play",https://www.reduno.com.bo/tendencias/colocar-vinagre-en-el-lavarropas-por-que-lo-recomiendan-los-expertos-202681614595
Red Uno,2026-08-16,Madonna cumple 68 anos la reina del pop que desafio las reglas y redefinio la musica moderna 2026816145859,Madonna cumple 68 años: la reina del pop que desafió las reglas y redefinió la música moderna,"Este 16 de agosto, Madonna Louise Ciccone alcanza los 68 años reafirmando su trono indiscutible en la industria de la música. Desde sus inicios en la escena underground de Nueva York en la década de 1980 hasta convertirse en la artista femenina más vendida de todos los tiempos, la intérprete ha sabido moldear la cultura popular a través de su audacia conceptual, provocación e innovación musical.

Su impacto va mucho más allá de las listas de éxitos: con álbumes emblemáticos como Like a Virgin , Like a Prayer y Ray of Light , abrió camino a generaciones de artistas femeninas, desafiando tabúes sociales, religiosos y de género.

Un legado vigente en los escenarios

A lo largo de su carrera, Madonna ha demostrado una capacidad sin precedentes para adaptarse a las nuevas corrientes sonoras sin perder su identidad:

Innovación visual y musical: Pionera en la era del videoclip en MTV y en el concepto de las grandes giras mundiales de formato teatral e interactivo.

Impacto sociocultural: Defensora histórica de la libertad de expresión, los derechos LGBTQ+ y causas humanitarias globales.

Resiliencia artística: Su reciente gira mundial The Celebration Tour demostró la vigencia de su repertorio y su capacidad de convocar a millones de fanáticos de distintas generaciones.

A los 68 años, la ""Reina del Pop"" continúa trabajando en nuevos proyectos artísticos y cinematográficos, manteniendo intacta la visión transgresora que transformó el entretenimiento para siempre.

Mira la programación en Red Uno Play",https://www.reduno.com.bo/noticias/madonna-cumple-68-anos-la-reina-del-pop-que-desafio-las-reglas-y-redefinio-la-musica-moderna-2026816145859
Red Uno,2026-08-16,La paz precio del pollo baja a bs 21 el kilo en el mercado rodriguez 2026816145559,La Paz: precio del pollo baja a Bs 21 el kilo en el mercado Rodríguez,"El precio del kilo de carne de pollo continúa bajando en el mercado Rodríguez , donde comerciantes ofrecen el producto a Bs 21 , una reducción que genera expectativa entre vendedores y consumidores.

“Estamos dando a 21, mamita, rebajado. Sí, ha rebajado”, afirmó una de las comerciantes consultadas.

Comerciantes atribuyen la baja a una mayor producción

Aunque las vendedoras señalaron que desconocen una explicación oficial sobre la reducción, consideran que podría estar relacionada con una mayor disponibilidad del producto.

“Pienso que debe haber bastante producción, por eso ha rebajado”, manifestó una comerciante.

Los vendedores esperan que el menor precio ayude a incrementar las ventas , en momentos en que el costo de los alimentos continúa siendo una de las principales preocupaciones de las familias.

Carne de res y cerdo mantienen sus precios

A diferencia del pollo, el reporte señala que los precios de la carne de res y de cerdo se mantienen sin mayores variaciones .

Entre los valores mencionados por las comerciantes aparecen cortes especiales de carne de res entre Bs 75 y Bs 85 , mientras que la carne molida corriente fue reportada en Bs 52 .

También se mencionaron precios de Bs 38 y Bs 40 para otros productos cárnicos. El fragmento proporcionado no permite establecer con precisión a qué corte corresponde cada uno de esos valores.

Baja del pollo podría incentivar las compras

La reducción a Bs 21 por kilo representa una señal favorable para los consumidores que buscan alternativas de menor costo dentro de la canasta familiar.

Por ahora, comerciantes del mercado Rodríguez esperan que la tendencia descendente continúe y se traduzca en una mayor afluencia de compradores.

Mira la programación en Red Uno Play",https://www.reduno.com.bo/noticias/la-paz-precio-del-pollo-baja-a-bs-21-el-kilo-en-el-mercado-rodriguez-2026816145559
Red Uno,2026-08-16,Policia reporta 40 arrestados y neutraliza dos casos con armas de fuego durante la festividad de urkupina 2026816144942,Policía reporta 40 arrestados y neutraliza dos casos con armas de fuego durante la festividad de Urkupiña,"La Policía Boliviana presentó el balance de los operativos de seguridad desplegados durante los días centrales de la Festividad de la Virgen de Urkupiña en Quillacollo. El comandante regional del Valle Bajo de Cochabamba, Wilson Flores, informó que la labor de control permitió atender decenas de contravenciones y desactivar delitos de gravedad, garantizando el orden en las rutas del evento religioso y folclórico.

Hasta la fecha, las fuerzas de seguridad registraron alrededor de 40 personas arrestadas por faltas y contravenciones derivadas del consumo excesivo de bebidas alcohólicas, entre las que destacan riñas, peleas en vía pública e irrespeto a la autoridad.

Robos armados y atención a menores de edad

En el plano delictivo, el comandante Flores resaltó la intervención oportuna de los efectivos policiales en dos casos críticos que involucraron armas de fuego:

Robo agravado en flagrancia: Agentes policiales aprehendieron a un sujeto en el momento en que despojaba de sus pertenencias (celular y billetera) a un ciudadano utilizando un arma de fuego calibre 22.

Portación de arma y sustancias controladas: El pasado viernes se aprehendió a otro individuo armado que portaba marihuana y pretendía cometer ilícitos en el recorrido de la festividad.

Asimismo, en el área de protección social, la autoridad policial lamentó la irresponsabilidad de algunos ciudadanos que abandonaron a menores de edad dormidos en las sillas del recorrido durante la noche. También se atendió la desaparición temporal de varios niños que, tras la labor coordinada con la Defensoría de la Niñez y Adolescencia, fueron restituidos a sus padres.

Mantenimiento del control hasta fin de mes

El éxito de los operativos se atribuyó en gran medida a la implementación de policías encubiertos y la instalación de torretas de control y vigilancia en puntos estratégicos.

Siguiendo las directrices del Comando General y el Comando Departamental de Cochabamba, Flores ratificó que la presencia policial continuará de forma permanente y con patrullajes selectivos hasta el 31 de agosto, fecha en que concluye la tradicional feria de Alasitas en la zona.

Mira la programación en Red Uno Play",https://www.reduno.com.bo/noticias/policia-reporta-40-arrestados-y-neutraliza-dos-casos-con-armas-de-fuego-durante-la-festividad-de-urkupina-2026816144942
Red Uno,2026-08-16,Plan frontera segura despliega cerca de 900 policias en municipios fronterizos con peru 202681614460,Plan Frontera Segura despliega cerca de 900 policías en municipios fronterizos con Perú,"El Plan Frontera Segura se encuentra en ejecución en el departamento de La Paz con aproximadamente 900 efectivos policiales distribuidos en diferentes municipios ubicados en la frontera con Perú.

El coronel Amílcar Sotopeña, comandante departamental de la Policía de La Paz , informó que desde hace aproximadamente dos meses se avanzó en la creación y puesta en funcionamiento de tres comandos policiales destinados específicamente a fortalecer la vigilancia fronteriza.

Tres comandos de frontera

Sotopeña detalló que el Comando Policial de Frontera Norte tiene como base a Caranavi , mientras que el comando del sector centro opera desde Achacachi y el comando del sur se encuentra establecido en Desaguadero .

“Estos tres comandos ya cuentan con personal, ya cuentan con el equipamiento básico”, explicó la autoridad policial.

Agregó que, con la implementación del Plan Frontera Segura, estas unidades serán reforzadas durante los próximos días para ampliar su capacidad operativa.

Cerca de 900 policías desplegados

El comandante departamental precisó que actualmente existen alrededor de 900 policías distribuidos en municipios fronterizos con Perú .

“Tenemos aproximadamente 900 policías distribuidos en todo lo que significan nuestros municipios que tenemos en frontera con la República del Perú”, afirmó Sotopeña.

Los uniformados fueron destinados a puntos considerados estratégicos, donde realizan patrullajes y controles permanentes .

Buscan frenar delitos transnacionales

El operativo pretende fortalecer la vigilancia en los pasos fronterizos y prevenir actividades ilícitas como el contrabando, tráfico de personas y otros delitos transnacionales .

La Policía anunció además que continuará reforzando los tres comandos fronterizos con personal y equipamiento para ampliar los controles en diferentes sectores del departamento de La Paz.

Mira la programación en Red Uno Play",https://www.reduno.com.bo/noticias/plan-frontera-segura-despliega-cerca-de-900-policias-en-municipios-fronterizos-con-peru-202681614460
Red Uno,2026-08-16,Intima y sin ostentacion las exclusivas imagenes de la boda secreta de cristiano ronaldo y georgina rodriguez 2026816143923,Íntima y sin ostentación: las exclusivas imágenes de la boda secreta de Cristiano Ronaldo y Georgina Rodríguez,"Tras meses de especulaciones y secretismo absoluto, se revelaron las primeras imágenes del enlace matrimonial entre la estrella del fútbol mundial Cristiano Ronaldo y la modelo e influencer Georgina Rodríguez . La pareja vendió la exclusiva a la revista Vogue , que este domingo publicó las fotografías inéditas de la ceremonia íntima celebrada el pasado 11 de agosto a las 13:30 en su residencia de Cascais, Portugal.

El evento se realizó exactamente diez años después de su primer encuentro en una tienda Gucci en Madrid. Lejos de las ostentosas fiestas habituales en el mundo de las celebridades, los recién casados optaron por una reunión de carácter familiar. ""Queríamos algo íntimo, con nuestro compañero y nuestros hijos, en casa. Castillos, autos e islas los tenemos a nuestro alcance cada día, pero la privacidad es lo más raro para nosotros"", declaró Georgina a la publicación.

Un vestido atípico y atuendos con historia

La elección del vestuario reflejó el espíritu sobrio del enlace. Diseñados por Demna para la casa Gucci —marcando un guiño romántico al lugar donde se conocieron—, ambos apostaron por la sencillez:

Georgina Rodríguez: Prescindió del tradicional vestido de novia y lució un estilo ejecutivo compuesto por una camisa blanca y una falda midi de tubo en seda con cintura alta. Complementó su look con un collar de la colección The Garden of Kalahari de Chopard, que destaca un diamante de 50 quilates, junto a un maquillaje en tonos naturales.

Cristiano Ronaldo: Optó por un conjunto relajado de saco y pantalón en tono beige claro, combinado con una playera blanca y mocasines personalizados de la misma firma italiana.

Ceremonia en casa y bendición privada

Los votos matrimoniales se llevaron a cabo alrededor de la mesa del comedor principal de la vivienda. La lista de asistentes se limitó a sus cinco hijos (Cristiano Jr., los gemelos Eva y Mateo, Alana Martina y Bella Esmeralda) y cuatro testigos cercanos: Ivana Rodríguez (hermana de la novia), Miguel Paixão (amigo de la infancia del futbolista) y el matrimonio conformado por José Rodríguez Sangil y Mónica González Martínez.

Posteriormente, la familia se trasladó al Santuario de Nuestra Señora de Fátima para recibir una bendición religiosa en un espacio privado. Se confirmó además que la pareja contrajo matrimonio bajo el régimen de separación de bienes, con las fotografías oficiales a cargo del cotizado fotógrafo alemán Juergen Teller.

Vea el video:

Mira la programación en Red Uno Play",https://www.reduno.com.bo/noticias/intima-y-sin-ostentacion-las-exclusivas-imagenes-de-la-boda-secreta-de-cristiano-ronaldo-y-georgina-rodriguez-2026816143923
Red Uno,2026-08-16,Nacional,Alivio para el bolsillo: 10 claves efectivas para optimizar el consumo de combustible en tu vehículo,"El incremento continuo en el costo de los carburantes y la búsqueda de una movilidad más eficiente han llevado a los conductores a poner lupa sobre el rendimiento de sus vehículos. Manejar en zonas urbanas implica un gasto significativamente mayor que en carretera, debido a las constantes frenadas, aceleraciones y cambios de marcha. Sin embargo, la adopción de buenas prácticas mecánicas y de conducción permite maximizar cada litro de combustible.

Especialistas del sector automotor destacan que pequeños descuidos cotidianos —desde la presión del aire hasta la suciedad de los filtros— incrementan de forma invisible la frecuencia de visita a los surtidores, según una publicación de Infobae .

Claves de mantenimiento e insumos

Calidad de combustible (octanaje): Salvo en vehículos de alta gama que exigen mayor octanaje, la gasolina de rango estándar (Súper o de 94-95 octanos) cumple con los requisitos indicados en los manuales del usuario, evitando desembolsos innecesarios en carburantes Premium.

Presión y alineación de neumáticos: Llantas con baja presión o ruedas desalineadas aumentan la resistencia al rodaje, obligando al motor a realizar un esfuerzo extra que eleva el consumo y acelera el desgaste del caucho.

Filtros de aire y bujías: Un filtro de aire obstruido altera la mezcla necesaria para la combustión, mientras que unas bujías gastadas generan una chispa deficiente. Ambos fallos provocan un uso ineficiente de la gasolina.

Hábitos de manejo y eficiencia en ruta

Aceleración progresiva y velocidad constante: Evitar arrancadas bruscas y mantener velocidades moderadas —idealmente entre los 50 y 80 km/h— optimiza la eficiencia del motor.

Uso moderado del aire acondicionado: En temporadas calurosas, el uso continuo del climatizador incrementa la carga sobre el motor, por lo que se recomienda ventilar el habitáculo antes de encenderlo o alternar su uso.

Control de peso sobrante: El consumo de un automóvil mediano aumenta cerca de un 1% por cada 25 kilos adicionales de carga no esencial.

Apagado en paradas prolongadas: Un vehículo detenido con el motor encendido consume entre 0,4 y 0,7 litros por hora; si la espera supera el minuto, es aconsejable apagar el motor.

Planificar las rutas con antelación, conducir en marchas altas a bajas revoluciones y realizar revisiones periódicas completan la fórmula para lograr un ahorro constante y prolongar la vida útil del vehículo.

Mira la programación en Red Uno Play",https://www.reduno.com.bo/nacional/alivio-para-el-bolsillo-10-claves-efectivas-para-optimizar-el-consumo-de-combustible-en-tu-vehiculo-2026816142430
Red Uno,2026-08-16,Inicio de semana con fuertes vientos nevadas y descenso de temperaturas en bolivia 2026816141347,"Inicio de semana con fuertes vientos, nevadas y descenso de temperaturas en Bolivia","El Servicio Nacional de Meteorología e Hidrología (Senamhi) emitió dos avisos meteorológicos con alerta naranja ante la presencia de vientos moderados a temporalmente fuertes que afectarán tanto al oriente como al occidente del país.

La pronosticadora del Senamhi, Heidi Quisbert , informó que uno de los eventos más intensos se registrará en Santa Cruz , principalmente en el norte integrado, donde se prevén vientos de entre 60 y 90 kilómetros por hora .

“Esta semana se vienen vientos moderados, temporalmente fuertes, que van a estar afectando tanto al sector del altiplano como al sector del oriente”, explicó.

Santa Cruz tendrá vientos de hasta 90 km/h

Para el departamento de Santa Cruz, el aviso meteorológico contempla velocidades de entre 60 y 90 km/h , principalmente en zonas del norte integrado.

Según Quisbert, esta alerta permanecerá vigente hasta el lunes , de acuerdo con el reporte brindado este domingo.

La especialista recomendó a la población mantenerse atenta a los avisos oficiales ante la intensidad que pueden alcanzar las ráfagas.

Fuertes vientos también afectarán al altiplano

En el occidente del país, el Senamhi prevé vientos de entre 40 y 70 km/h en Potosí y Oruro .

Para el altiplano del departamento de La Paz , las velocidades oscilarán entre 30 y 50 km/h .

El aviso correspondiente al sector altiplánico tendrá vigencia hasta el jueves , por lo que se esperan varios días con condiciones ventosas en esta región.

Descenderán las temperaturas

Quisbert también anunció un descenso tanto de las temperaturas mínimas como de las máximas durante esta semana.

El cambio estará acompañado por dos eventos meteorológicos: nevadas en el occidente y el ingreso de un frente frío hacia el sur y oriente del territorio nacional.

“Esta semana vamos a tener un descenso de temperaturas tanto en mínimas como en máximas”, explicó la pronosticadora.

Nevadas en Potosí, Oruro y La Paz

El Senamhi prevé nuevamente nevadas que afectarán a Potosí, Oruro y el altiplano paceño , en condiciones similares a las registradas durante la semana anterior.

Estas precipitaciones estarán asociadas al descenso de temperaturas previsto para los próximos días.

Frente frío ingresará al Chaco y oriente

De manera paralela, otro frente frío ingresará al país y afectará principalmente al Chaco y al oriente boliviano .

De acuerdo con el pronóstico, este fenómeno provocará principalmente mayor nubosidad y algunas precipitaciones , además del descenso térmico.

Ante este escenario, el Senamhi recomendó tomar previsiones por los fuertes vientos, las bajas temperaturas y las nevadas previstas para diferentes regiones del territorio nacional.

Mira la programación en Red Uno Play",https://www.reduno.com.bo/noticias/inicio-de-semana-con-fuertes-vientos-nevadas-y-descenso-de-temperaturas-en-bolivia-2026816141347
Red Uno,2026-08-16,Victima cuestiona fallo que da detencion domiciliaria a acusada de herirle el rostro 2026816141323,Víctima cuestiona fallo que da detención domiciliaria a acusada de herirle el rostro,"Un dictamen judicial emitido en Santa Cruz de la Sierra ha generado indignación y preocupación en la víctima de un violento hecho de agresión. Durante una audiencia cautelar, el juez de Los Lotes, Franz Á. G., determinó otorgar libertad con detención domiciliaria parcial a una mujer acusada de haberle desfigurado el rostro a otra ciudadana, disponiendo que la imputada pueda circular libremente de 06:00 a 22:00.

La denunciante expresó su frustración ante el fallo, calificándolo como una abierta injusticia y denunciando que el juzgador desestimó las evidencias presentadas en la audiencia. ""Se ha cometido un acto de injusticia (...). El juez dice que yo tal vez podría haberme hecho la herida dentro del vehículo con alguna punta filosa porque la mujer se niega. Yo no entiendo cómo puede ser posible que la haya dejado libre habiendo que vive cerca de mi casa"", manifestó la víctima, quien teme por su integridad y la de su hijo al residir en el mismo barrio que la agresora.

Según el relato de la afectada, la aprehensión inicial ocurrió poco después del ataque, cuando solicitó auxilio a una patrulla policial que circulaba por la zona. Al ser intervenida en su domicilio, la acusada habría admitido el hecho ante los efectivos policiales manifestando: ""Sí, ¿y qué?"" .

Asimismo, durante la sesión judicial se dio lectura a la declaración del conductor del trufi en el que se desencadenó el hecho, considerado un testigo clave en el proceso. Según la denunciante, en el propio documento leído por el juez se señala que dicho testigo recibió amenazas por parte del esposo de la imputada.

A pesar de estos antecedentes y la cercanía domiciliaria entre ambas partes, el juez argumentó que la acusada no representa un peligro para la sociedad, justificando así la flexibilización de las medidas cautelares que le permiten salir durante el día. La víctima exige que las autoridades revisen la decisión judicial para garantizar su protección y la de su familia.

Mira la programación en Red Uno Play",https://www.reduno.com.bo/noticias/victima-cuestiona-fallo-que-da-detencion-domiciliaria-a-acusada-de-herirle-el-rostro-2026816141323
Red Uno,2026-08-16,Joven logra pedir ayuda tras sufrir una grave herida en la cabeza en la paz 2026816214042,Joven logra pedir ayuda tras sufrir una grave herida en la cabeza en La Paz,"Un hecho inusual ocurrió en la zona de Utama, en La Paz, donde un joven de aproximadamente 20 años fue encontrado corriendo por las calles con un cuchillo incrustado en la cabeza.

Según el relato de vecinos, el joven habría salido de un domicilio de la zona y, pese a la grave lesión, logró correr hasta pedir ayuda. Los testigos señalaron que aparentemente habría sido atacado dentro de una vivienda y que logró escapar para ponerse a salvo.

Al percatarse de la situación, los vecinos acudieron en su auxilio. Uno de ellos ayudó a trasladarlo en un minibús hasta el Hospital de Clínicas, donde recibió atención médica.

Pese a tener el cuchillo incrustado en la cabeza, el joven permanecía consciente y logró proporcionar sus datos familiares al personal médico. Sus familiares fueron posteriormente ubicados y llegaron hasta el nosocomio.

Investigan las circunstancias del ataque

El personal médico logró extraer el cuchillo y el joven permanece bajo atención médica. Su estado de salud es reservado.

Entretanto, la Policía inició las investigaciones para esclarecer qué ocurrió dentro del domicilio donde presuntamente se produjo el ataque y establecer quién habría provocado la agresión.

Los familiares de la víctima pidieron que el caso sea investigado y se esclarezcan las circunstancias en las que el joven resultó herido.

Mira la programación en Red Uno Play",https://www.reduno.com.bo/noticias/joven-logra-pedir-ayuda-tras-sufrir-una-grave-herida-en-la-cabeza-en-la-paz-2026816214042
Red Uno,2026-08-16,Desarticulan red que pretendia trasladar irregularmente bolivianas a espana desde peru 2026816213447,Desarticulan red que pretendía trasladar irregularmente bolivianas a España desde Perú,"La Superintendencia Nacional de Migraciones de Perú y la Policía Nacional desarticularon una red criminal denominada 'Los Mensajeros del Jorge Chávez', que pretendía trasladar ciudadanas bolivianas a España de forma ilegal desde el aeropuerto internacional de Lima. El Ministerio del Interior informó este domingo en un comunicado que la intervención se realizó cerca de la medianoche del sábado, después de que dos mujeres fueran detectadas durante los controles de perfilamiento de pasajeros y la verificación migratoria. Las viajeras figuraban inicialmente registradas en un vuelo comercial con destino a Buenos Aires, Argentina, sin embargo, al no abordar el avión, los inspectores migratorios activaron los protocolos de seguimiento preventivo en el terminal aéreo.

Como resultado de las diligencias, el personal de Migraciones y Aduanas intervino a un ciudadano peruano, quien, de acuerdo con la información recabada, habría cobrado 14.000 dólares a las pasajeras a cambio de facilitar la logística del viaje y proporcionar documentación adulterada para concretar su traslado irregular hacia Europa. Según las investigaciones preliminares, el intervenido también habría instruido a las ciudadanas bolivianas para recoger un sobre oculto en el interior de los servicios higiénicos, ubicados antes de la zona de embarque internacional.

En el interior del sobre se encontraron pasaportes y documentos de residencia presuntamente adulterados. ""Esta intervención evidencia la importancia del trabajo articulado entre las instituciones responsables del control migratorio, aeroportuario y de seguridad para detectar oportunamente actividades ilícitas y evitar que organizaciones criminales vulneren los mecanismos establecidos para la salida regular de personas del territorio nacional"", indicó el Ministerio del Interior. Los tres involucrados fueron trasladados a la comisaría policial del Aeropuerto Internacional Jorge Chávez, donde quedaron a disposición de las autoridades competentes para las diligencias correspondientes por la presunta comisión del delito contra la fe pública, en la modalidad de falsificación de documentos. EFE

Mira la programación en Red Uno Play",https://www.reduno.com.bo/noticias/desarticulan-red-que-pretendia-trasladar-irregularmente-bolivianas-a-espana-desde-peru-2026816213447
Red Uno,2026-08-16,Chuquisaca evalua declarar desastre natural por severa sequia 2026816212210,Chuquisaca evalúa declarar desastre natural por severa sequía,"La Gobernación de Chuquisaca evalúa declarar desastre natural debido al avance de una severa sequía que afecta a 15 municipios del departamento.

Las autoridades regionales analizan la situación y las posibles medidas para atender los efectos de la falta de lluvias, que golpea principalmente al sector productivo y a las comunidades afectadas.

Paralelamente, representantes regionales mantienen la presión ante los órganos de justicia por la tutela del campo compartido Margarita-Huacaya , mientras exigen un recálculo que consideren justo en la asignación de las regalías gasíferas correspondientes a Chuquisaca.

La Gobernación deberá determinar si las condiciones actuales justifican la declaratoria de desastre natural y la activación de mayores mecanismos de atención para los municipios afectados por la sequía.

Mira la programación en Red Uno Play",https://www.reduno.com.bo/noticias/chuquisaca-evalua-declarar-desastre-natural-por-severa-sequia-2026816212210
Red Uno,2026-08-16,Frente frio y heladas golpean potosi comunidades aisladas y ganado en riesgo 202681621110,Frente frío y heladas golpean Potosí: comunidades aisladas y ganado en riesgo,"Un intenso frente frío y las heladas golpean a la región alta de Potosí, donde la acumulación de nieve, que alcanza hasta los 30 centímetros, ya afecta a miles de familias y pone en riesgo al ganado camélido y ovino.

Según el reporte oficial del Servicio Nacional de Meteorología e Hidrología (Senamhi), más de 4.400 familias resultaron afectadas y alrededor de 19.000 cabezas de ganado se encuentran en situación crítica debido a las condiciones climáticas.

La emergencia también provocó el aislamiento de más de 130 comunidades , por lo que la Gobernación de Potosí y Defensa Civil coordinan acciones para hacer llegar ayuda humanitaria y forraje a las zonas afectadas.

Las autoridades mantienen la alerta ante la continuidad del frente frío y las bajas temperaturas, mientras se prioriza la atención a las familias y la protección del ganado que enfrenta condiciones extremas por la intensa nevada.

Mira la programación en Red Uno Play",https://www.reduno.com.bo/noticias/frente-frio-y-heladas-golpean-potosi-comunidades-aisladas-y-ganado-en-riesgo-202681621110
Red Uno,2026-08-16,Roban mas de bs 100 mil de un domicilio y ofrecen los objetos en redes sociales 202681621318,Roban más de Bs 100 mil de un domicilio y ofrecen los objetos en redes sociales,"Un violento robo se registró en el barrio Metropolitano, en el municipio de La Guardia, donde delincuentes aprovecharon la ausencia de los propietarios para ingresar a un domicilio y sustraer dinero en efectivo, electrodomésticos y otros objetos de valor, causando un perjuicio que supera los Bs 100 mil.

Los antisociales forzaron el ingreso principal de la vivienda y cargaron los objetos en un motorizado. Posteriormente, las víctimas descubrieron que algunos de los artículos robados estaban siendo ofrecidos a la venta mediante redes sociales.

Enfrentaron a los antisociales por su cuenta

Ante esta situación, los afectados se hicieron pasar por compradores y acordaron un encuentro con el supuesto vendedor en inmediaciones del segundo anillo y la avenida Virgen de Cotoca. Personal de la Fuerza Especial de Lucha Contra el Crimen (Felcc) participó en el operativo y procedió al arresto del sospechoso con fines investigativos.

Sin embargo, cuando las víctimas y los policías se retiraban del lugar, fueron interceptados por varios vehículos. De los motorizados descendieron varias personas que, según el relato de los afectados, intimidaron a los uniformados y lograron llevarse al sospechoso.

El encuentro quedó grabado en video

La víctima relató que el grupo incluso habría asegurado tener influencia sobre miembros de la Policía y se presentó como abogados. El hecho quedó registrado en videos que ahora son parte de los elementos que podrían contribuir a la investigación.

Los afectados, además de pedir que se esclarezca el robo, solicitaron a las autoridades garantías para recuperar sus pertenencias y sancionar a todos los involucrados.

“Yo quiero que nos escuchen las autoridades máximas, que nos apoyen”, manifestó una de las víctimas.

Mira la programación en Red Uno Play",https://www.reduno.com.bo/noticias/roban-mas-de-bs-100-mil-de-un-domicilio-y-ofrecen-los-objetos-en-redes-sociales-202681621318
Red Uno,2026-08-16,Incendio estructural causa alarma en pleno centro de la capital crucena 2026816204719,Incendio estructural causa alarma en pleno centro de la capital cruceña,"Un incendio se registró la noche de este domingo en un domicilio ubicado entre las calles Republiquetas y La Paz, en pleno centro de Santa Cruz de la Sierra, generando alarma entre los vecinos ante el riesgo de que las llamas se propagaran a inmuebles cercanos.

Hasta el lugar llegaron efectivos de la Policía, Bomberos y otras unidades de emergencia, que desplegaron un operativo para controlar el fuego y evitar mayores afectaciones.

Personal de la Cooperativa Rural de Electrificación (CRE) también acudió al sector para interrumpir temporalmente el suministro de energía eléctrica y permitir que los equipos de emergencia realizaran sus labores con mayor seguridad.

Los trabajos se concentraron en controlar el incendio y evitar que las llamas alcanzaran las viviendas colindantes.

Por el momento, no se informó oficialmente sobre personas afectadas ni sobre la causa que originó el incendio. Se aguarda un reporte de las autoridades una vez concluidas las labores de emergencia.

Mira la programación en Red Uno Play",https://www.reduno.com.bo/noticias/incendio-estructural-causa-alarma-en-pleno-centro-de-la-capital-crucena-2026816204719
Red Uno,2026-08-16,Joven de 19 anos herida de bala en la cabeza continua en estado critico 2026816204254,Joven de 19 años herida de bala en la cabeza continúa en estado crítico,"María Elena Quiñones, la joven de 19 años que recibió un impacto de bala en la cabeza el pasado jueves, permanece internada en terapia intensiva del Hospital Japonés de Santa Cruz, con pronóstico reservado y riesgo para su vida .

La paciente fue trasladada desde el Hospital del Plan 3000 y sometida a una intervención quirúrgica por una lesión en la región temporal. El proyectil ingresó al cráneo, pero no tuvo orificio de salida y permanece alojado en la bóveda craneal , provocando daños significativos.

El equipo médico informó que actualmente se encuentra intubada, sedada y bajo medicación para estabilizar sus signos vitales . Además, presenta un deterioro de su estado neurológico y una evolución desfavorable desde las últimas horas.

“Ha estado desfavorable, se ha estado complicando. Actualmente continúa el proyectil en la parte donde fue disparado”, explicó el personal médico.

Familia pide ayuda para cubrir los gastos

Mientras la joven permanece hospitalizada, sus familiares enfrentan dificultades económicas para cubrir el tratamiento. Teresa Quiñones, madre de la víctima, explicó que varios medicamentos no están siendo cubiertos por el seguro.

La familia pidió la solidaridad de la población de Santa Cruz para afrontar los gastos médicos y agradeció las colaboraciones que ya recibió.

“Hay bastante medicamento que el seguro no me está cubriendo y estamos pidiendo ayuda al pueblo de Santa Cruz”, manifestó.

La madre también señaló que hasta el momento ningún integrante de la familia del presunto agresor se acercó para colaborar con los gastos médicos de la joven.

Por ahora, la familia permanece a la espera de la evolución de María Elena, mientras los médicos mantienen un pronóstico reservado debido a la gravedad de las lesiones.

Mira la programación en Red Uno Play",https://www.reduno.com.bo/noticias/joven-de-19-anos-herida-de-bala-en-la-cabeza-continua-en-estado-critico-2026816204254
Red Uno,2026-08-16,Falta de diesel reduce hasta 40 las salidas de buses desde la paz 202681620254,Falta de diésel reduce hasta 40% las salidas de buses desde La Paz,"La falta de diésel continúa afectando al transporte interdepartamental. En la Terminal de Buses de La Paz , algunas empresas reportan que operan apenas con entre 30% y 40% de sus flotas , debido a las dificultades para abastecerse de combustible.

De acuerdo con una responsable de una empresa de transporte, la mayoría de los buses permanece en filas para conseguir diésel, lo que impide mantener la frecuencia habitual de las salidas.

Aunque actualmente existe una menor demanda por la temporada baja, los pasajeros que llegan a la terminal para viajar deben ajustarse a la disponibilidad de buses. La situación también genera preocupación entre quienes necesitan retornar a otras ciudades después del largo fin de semana.

Santa Cruz también enfrenta desabastecimiento

El panorama también es complicado en Santa Cruz , donde una estación de servicio ubicada en el séptimo anillo de la avenida Banzer reportó que no contaba con diésel ni gasolina.

Ante la falta de combustible, no se registraban filas de vehículos particulares; sin embargo, una extensa fila de transporte pesado se prolongaba por aproximadamente ocho cuadras , a la espera de que llegue una cisterna para poder abastecerse.

Los administradores de la estación señalaron que existía la posibilidad de que un camión cisterna llegara durante las siguientes horas para reponer el combustible.

La escasez mantiene en alerta al sector del transporte, que depende del abastecimiento de carburantes para garantizar la continuidad de sus operaciones y la movilidad de pasajeros y carga.

Mira la programación en Red Uno Play",https://www.reduno.com.bo/noticias/falta-de-diesel-reduce-hasta-40-las-salidas-de-buses-desde-la-paz-202681620254
Red Uno,2026-08-16,Deportes,Real Potosí resiste con 10 jugadores y le roba un punto al líder Always Ready,"Always Ready dejó escapar dos puntos en condición de local. El líder del campeonato empató 1-1 con Real Potosí este domingo en el estadio Municipal de El Alto, en un partido que tuvo expulsión, incidentes y más de 20 minutos de tiempo añadido.

El conjunto potosino planteó un encuentro principalmente defensivo y cerró los espacios cerca de su área. La estrategia le permitió mantener a raya a Always durante buena parte del compromiso y, cuando recuperaba la pelota, intentaba sorprender mediante transiciones rápidas.

El primer tiempo terminó sin goles. Always Ready tuvo dificultades para encontrar espacios frente a una defensa visitante que se agrupó con cinco hombres y redujo las posibilidades de llegar con claridad al arco.

La resistencia de Real Potosí se quebró recién a los 52 minutos . Enrique Triverio apareció por el sector izquierdo y aprovechó una acción que comenzó con un cabezazo de Richet Gómez para avanzar y definir, colocando el 1-0 para el conjunto alteño.

La respuesta del equipo lila estuvo cerca de llegar poco después. Stiven Plaza tuvo una ocasión clara para igualar, pero Alain Baroja reaccionó de gran manera y desvió el remate con una mano.

El panorama se complicó todavía más para Real Potosí a los 73 minutos , cuando Fran Supayabe fue expulsado tras reclamar una decisión arbitral. La tarjeta roja generó protestas del cuerpo técnico y los suplentes visitantes.

El encuentro tuvo además un extenso parón debido a incidentes registrados en las tribunas entre aficionados. La interrupción obligó al árbitro Charles Terrazas a añadir una gran cantidad de minutos al tiempo reglamentario.

Y cuando Always Ready parecía encaminado a quedarse con la victoria, llegó la reacción potosina. En el minuto 90 , Jeferson Rivas ganó un duelo físico dentro del área, superó a Edisson Restrepo y, ante la salida de Baroja, definió con un toque por encima del arquero para establecer el 1-1.

El árbitro había determinado una prolongación de 20 minutos, aunque finalmente el encuentro se extendió hasta el minuto 113 . Always Ready buscó desesperadamente el segundo tanto durante ese tramo, pero se encontró con una defensa visitante que resistió los últimos ataques.

Real Potosí también tuvo algunas posibilidades mediante contragolpes y logró mantener la pelota en determinados pasajes, aunque no consiguió transformar esas aproximaciones en otro gol.

Con el empate, Always Ready llegó a 34 puntos y continúa como líder, cuatro unidades por encima de Bolívar y siete por delante de The Strongest. Además, cedió puntos por segunda ocasión en Villa Ingenio.

Real Potosí, por su parte, cerró la primera rueda con 24 puntos y en el quinto lugar , sumando una unidad importante en un escenario complicado y después de jugar durante buena parte del tramo final con un futbolista menos.

Mira la programación en Red Uno Play",https://www.reduno.com.bo/deportes/real-potosi-resiste-con-10-jugadores-y-le-roba-un-punto-al-lider-always-ready-2026816202144
Red Uno,2026-08-16,Deportes,Nacional Potosí respira: vence 2-0 a ABB y pone fin a su mala racha,"Nacional Potosí encontró el resultado que necesitaba para recuperar algo de tranquilidad. En el estadio Víctor Agustín Ugarte, el conjunto de la Villa Imperial venció por 2-0 a ABB y cerró la jornada 15 con una victoria que le permite dejar atrás un complicado momento deportivo.

El partido comenzó con un ABB dispuesto a buscar protagonismo. El equipo visitante tuvo una de sus primeras aproximaciones mediante una acción de Alejandro Chumacero, aunque con el transcurso del encuentro Nacional consiguió asentarse en el terreno de juego.

La diferencia apareció a los 21 minutos y tuvo como protagonista a Schneider Peña . Una equivocación de ABB en la salida permitió que Tommy Tobar recuperara la pelota y habilitara al mediocampista, quien resolvió la jugada con un potente disparo que terminó en el ángulo derecho del arco de Jhon Jairo Cuellar.

El tanto no provocó un partido abierto. Nacional conservó su ventaja durante el resto de la primera etapa, mientras ABB buscaba alguna alternativa para alcanzar la igualdad. Juan Felipe Fajardo tuvo la oportunidad más clara del visitante antes del descanso, pero su definición no encontró el arco.

Con la lluvia como protagonista en el complemento, ABB salió con otra actitud. El conjunto visitante tuvo mayor presencia ofensiva y comenzó a acercarse con insistencia al arco de Pedro Galindo.

Fajardo volvió a disponer de una ocasión con un disparo que pasó cerca del poste y, poco después, Rodderyck Perozo estuvo muy cerca de convertir el empate, pero su remate terminó chocando contra uno de los palos.

Nacional tuvo que resistir durante ese tramo del encuentro. ABB controlaba buena parte de las acciones y buscaba aprovechar cualquier espacio para conseguir la igualdad. El equipo potosino, en cambio, esperaba la oportunidad para cerrar definitivamente el partido.

Esa oportunidad llegó en el minuto 77. Mirko Tomianovic aprovechó una nueva falla de ABB, ingresó al área, realizó un amague y sacó un remate de zurda que terminó dentro del arco para colocar el 2-0.

El segundo gol cambió el panorama. Nacional pudo afrontar con mayor tranquilidad los minutos finales y terminó asegurando una victoria que necesitaba después de tres jornadas consecutivas con derrota.

Con el triunfo, Nacional Potosí alcanzó los 18 puntos , mientras que ABB permanece con 16 unidades. El conjunto dirigido por Eduardo Villegas buscará darle continuidad a este resultado cuando vuelva a presentarse en el Víctor Agustín Ugarte para enfrentar a Independiente en el inicio de la segunda rueda.

Mira la programación en Red Uno Play",https://www.reduno.com.bo/deportes/nacional-potosi-respira-vence-2-0-a-abb-y-pone-fin-a-su-mala-racha-202681620145
Red Uno,2026-08-16,Deportes,Video: futbolista dejó inconsciente a una periodista de un pelotazo,"Un fuerte incidente ocurrió durante el partido entre Gama y São José de Porto Alegre , disputado en Brasilia, cuando una trabajadora de prensa fue alcanzada de lleno por un pelotazo y quedó inconsciente durante varios minutos.

La acción se produjo cuando el balón ya había abandonado el terreno de juego. Tiago Pedra tomó la pelota y realizó un potente rechazo , pero el disparo salió en dirección a la zona donde se encontraba la mujer, impactándola directamente en el rostro.

La trabajadora cayó inmediatamente al suelo y generó preocupación entre quienes se encontraban en las inmediaciones. Varias personas acudieron rápidamente para auxiliarla mientras intentaban reanimarla y refrescarla.

Después de unos minutos, la mujer logró recuperar el conocimiento y pudo restablecerse, aunque el golpe provocó momentos de angustia entre los presentes.

El partido terminó con una contundente victoria 4-0 del Gama sobre São José , resultado que además le permitió al conjunto de Brasilia conseguir el ascenso a la Serie C del fútbol brasileño.

El episodio, captado en video, rápidamente llamó la atención por la violencia del impacto y por el inesperado desenlace que tuvo una acción que inicialmente parecía un simple rechazo defensivo.

Mira la programación en Red Uno Play",https://www.reduno.com.bo/deportes/video-futbolista-desmayo-a-una-periodista-de-un-pelotazo-2026816195933
Red Uno,2026-08-16,Subio o bajo asi cierra el dolar este domingo en el mercado paralelo 2026816193053,¿Subió o bajó? Así cierra el dólar este domingo en el mercado paralelo,"El dólar paralelo en Bolivia registró cambios durante este domingo 16 de agosto, con variaciones en los valores de compra y venta a lo largo de la jornada.

De acuerdo con el reporte de dolarboliviahoy.com, la divisa estadounidense llegó a Bs 11,52 para la compra y Bs 11,50 para la venta.

En horas de la mañana, la cotización se encontraba en Bs 11,46 para la compra y Bs 11,44 para la venta. Al comparar ambos registros, el dólar aumentó seis centavos tanto en la compra como en la venta durante este domingo.

¿A cuánto está el dólar oficial este domingo?

Mientras el dólar paralelo registró movimientos durante la jornada, el Tipo de Cambio Oficial establecido por el Banco Central de Bolivia (BCB) se mantiene en Bs 11,58 por dólar.

Esta cotización oficial rige durante el domingo 16 y lunes 17 de agosto, según la referencia establecida por el ente emisor.

Las cotizaciones son seguidas de cerca por quienes realizan transacciones, compras, ventas o utilizan la divisa estadounidense como referencia para sus operaciones.

Mira la programación en Red Uno Play",https://www.reduno.com.bo/noticias/subio-o-bajo-asi-cierra-el-dolar-este-domingo-en-el-mercado-paralelo-2026816193053
Red Uno,2026-08-16,Deportes,Polémica: jugador que lesionó a Neymar en 2020 le negó el saludo,"Un momento incómodo se produjo antes del partido entre Santos y Vasco Da Gama por el Brasileirao. Durante el tradicional saludo entre los jugadores, Thiago Mendes decidió no estrecharle la mano a Neymar , un gesto que no pasó desapercibido y que generó sorpresa en el delantero brasileño.

La escena tuvo como protagonistas a los dos capitanes, que volvieron a encontrarse en un contexto que reavivó una vieja disputa entre ambos. Mendes y Neymar ya habían protagonizado un episodio recordado en 2020, cuando el entonces mediocampista del Lyon fue señalado como el responsable de una fuerte entrada que terminó lesionando al atacante.

Aquel antecedente quedó nuevamente en el centro de la escena cuando Neymar se acercó para saludar al futbolista del Vasco. Sin embargo, Mendes siguió su camino y evitó el contacto, dejando al jugador del Santos visiblemente sorprendido.

El particular episodio volvió a repetirse momentos después, cuando ambos equipos terminaron de realizar el protocolo previo al encuentro en el estadio São Januário. La tensión entre los dos futbolistas quedó expuesta nuevamente ante las cámaras.

Más allá del cruce entre Neymar y Mendes, el encuentro terminó con un contundente triunfo del Vasco por 3-0 . El partido también contó con participación argentina, entre ellos Facundo Colidio y Santiago Sosa, mientras que Benjamín Rollheiser se destacó con una asistencia para el conjunto visitante.

Así, el enfrentamiento entre Santos y Vasco dejó, además del resultado, una nueva imagen que alimentó la particular historia entre Neymar y Thiago Mendes.

Mira la programación en Red Uno Play",https://www.reduno.com.bo/deportes/polemica-jugador-que-lesiono-a-neymar-en-2020-le-nego-el-saludo-2026816192725
Red Uno,2026-08-16,Ejercito rescata a dos turistas franceses de intensa nevada en quetena 2026816191935,Ejército rescata a dos turistas franceses de intensa nevada en Quetena,"El operativo estuvo a cargo de personal del Regimiento de Infantería 4 ‘Loa’, que realizó las labores de rescate y recuperación de los visitantes afectados por las condiciones climáticas adversas registradas en la zona.

Tras ser auxiliados, los dos turistas fueron trasladados hasta la ciudad de Uyuni, donde recibieron atención médica y permanecerán bajo observación para estabilizar su estado de salud, de acuerdo con el reporte difundido por el Ejército. El hecho se registró en medio de las condiciones invernales adversas que han afectado durante los últimos días a distintas zonas del sudoeste de Potosí.

En esa misma región, aunque en un hecho diferente, tres turistas estadounidenses fueron rescatados el jueves después de permanecer más de 30 horas atrapados por una intensa nevada y fallas mecánicas en su vehículo, en inmediaciones de Laguna Colorada.

La zona de Quetena forma parte del circuito turístico del sudoeste potosino, una región caracterizada por sus atractivos naturales y por condiciones geográficas y climáticas exigentes. Estudios sobre el área describen al territorio de Lípez como un entorno de condiciones extremas, mientras que Quetena Chico y otras comunidades forman parte de los circuitos turísticos vinculados con la Reserva Nacional de Fauna Andina Eduardo Avaroa y Uyuni.

El Ejército señaló que, mediante estas operaciones de auxilio, mantiene su compromiso de brindar asistencia a personas que requieran ayuda “sin distinción, en cualquier punto del territorio nacional”.

Fuente: Ministerio de Defensa.

Mira la programación en Red Uno Play",https://www.reduno.com.bo/noticias/ejercito-rescata-a-dos-turistas-franceses-de-intensa-nevada-en-quetena-2026816191935
Red Uno,2026-08-16,Como estara el clima este lunes estas son las temperaturas previstas en bolivia 202681618575,¿Cómo estará el clima este lunes? Estas son las temperaturas previstas en Bolivia,"El Servicio Nacional de Meteorología e Hidrología (Senamhi) prevé lluvias para este lunes 17 de agosto en varias ciudades del país, además de cielos nublados y un marcado contraste de temperaturas entre el occidente y el oriente boliviano.

De acuerdo con el pronóstico para ciudades capitales, las precipitaciones estarán concentradas principalmente en La Paz, El Alto, Oruro, Potosí y Tarija, aunque se presentarán en distintos momentos de la jornada.

¿Dónde lloverá este lunes?

En La Paz se prevé una mínima de 7 °C y una máxima de 19 °C. El cielo estará nublado durante la mañana, se esperan lluvias por la tarde y nuevamente condiciones nubladas durante la noche.

El Alto tendrá una mínima de 0 °C y una máxima de 14 °C. El pronóstico muestra lluvias durante la mañana y la noche, mientras que por la tarde predominará el cielo nublado.

En Oruro, las temperaturas oscilarán entre los 4 °C y 15 °C. Se esperan lluvias durante la mañana y la noche, con cielo nublado por la tarde.

Potosí será la ciudad más fría del cuadro, con una mínima de -1 °C y una máxima de 15 °C. El Senamhi prevé precipitaciones durante la mañana y la tarde, mientras que por la noche estará nublado.

Tarija registrará temperaturas entre 8 °C y 27 °C. La mañana estará parcialmente nublada, la tarde nublada y se prevén lluvias durante la noche.

¿Cómo estará el clima en el resto de las ciudades?

Cochabamba tendrá una mínima de 9 °C y una máxima de 28 °C, con cielo nublado durante la mañana, tarde y noche.

Sucre registrará una mínima de 10 °C y una máxima de 22 °C. Se prevé cielo parcialmente nublado durante la mañana y nubosidad durante la tarde y noche.

En Cobija se espera una jornada más cálida, con temperaturas entre 22 °C y 37 °C. El cielo estará despejado durante la mañana, parcialmente nublado por la tarde y despejado durante la noche.

Trinidad tendrá una mínima de 21 °C y una máxima de 36 °C, con sol durante la mañana, cielo parcialmente nublado por la tarde y condiciones despejadas durante la noche.

Santa Cruz registrará una mínima de 24 °C y una máxima de 32 °C. Se esperan cielos parcialmente nublados durante la mañana y la tarde, y mayor nubosidad durante la noche.

Mira la programación en Red Uno Play",https://www.reduno.com.bo/noticias/como-estara-el-clima-este-lunes-estas-son-las-temperaturas-previstas-en-bolivia-202681618575
Red Uno,2026-08-16,Deportes,Futbolista venezolano padece crisis de salud mental tras vivir tres terremotos en 50 días,"Edson Tortolero, futbolista venezolano del América de Cali, atraviesa un complicado momento emocional después de haber vivido tres terremotos de gran magnitud en un periodo aproximado de 50 días, dos de ellos en Venezuela y el último en Colombia.

La seguidilla de desastres naturales dejó una profunda huella en el jugador, quien actualmente recibe apoyo de su club para afrontar las consecuencias emocionales de estas experiencias.

El gerente deportivo del América de Cali, Iván Vélez, explicó que la situación ha sido especialmente difícil para Tortolero debido a que uno de los terremotos ocurrió cuando todavía se encontraba en Venezuela y tuvo que vivir de cerca las consecuencias de la tragedia.

“Le tocó volver a vivir una situación muy similar y eso ha sido muy duro. Hemos tratado de apoyarlo a él por la situación que vive”, señaló Vélez durante una entrevista con Win Sports TV.

El dirigente también contó que la vivienda de Tortolero sufrió daños, al igual que las casas de otros integrantes del plantel. Además, reveló que el futbolista Ronaldo Pájaro tuvo que saltar desde un segundo piso durante uno de los movimientos sísmicos y terminó con algunos raspones, aunque sin consecuencias mayores.

El propio Tortolero decidió contar públicamente cómo lo vivido ha afectado su estado emocional. A través de un escrito publicado en redes sociales, reconoció que los últimos dos meses han sido especialmente difíciles para él.

“Para nadie es un secreto lo fuerte que ha sido para mí estos últimos dos meses”, expresó el futbolista, quien recordó que le tocó experimentar tres terremotos de gran magnitud, dos en su país y otro después de instalarse en Cali.

Tortolero también destacó el respaldo que ha recibido por parte del América de Cali durante este proceso y agradeció que el club le haya proporcionado herramientas para afrontar la situación.

La historia del futbolista está además marcada por la tragedia que vivió su entorno en Venezuela. Tras los movimientos sísmicos ocurridos en junio, Tortolero y otros jugadores colaboraron en la remoción de escombros en La Guaira, una de las zonas afectadas, para ayudar a su compañero Lucas Trejo, quien perdió a su esposa e hijos.

Poco después, el jugador se trasladó a Colombia para incorporarse al América de Cali. Sin embargo, el 10 de agosto volvió a experimentar un terremoto, esta vez en territorio colombiano.

La sucesión de estos acontecimientos terminó convirtiéndose en una experiencia especialmente difícil para el futbolista, que ahora intenta recuperar la tranquilidad con el acompañamiento de su club y atención especializada.

Mira la programación en Red Uno Play",https://www.reduno.com.bo/deportes/futbolista-venezolano-padece-crisis-de-salud-mental-tras-vivir-tres-terremotos-en-50-dias-2026816184518
Red Uno,2026-08-16,Alerta naranja y amarilla por riesgo de desborde de rios estas son las zonas bajo amenaza 202681618220,Alerta naranja y amarilla por riesgo de desborde de ríos: estas son las zonas bajo amenaza,"El Servicio Nacional de Meteorología e Hidrología (Senamhi) emitió dos avisos hidrológicos, uno de prioridad amarilla y otro naranja, ante el incremento previsto en los niveles de varios ríos y el riesgo de desbordes en diferentes regiones de Bolivia.

Ambas alertas estarán vigentes desde el lunes 17 hasta el viernes 21 de agosto de 2026. Sin embargo, el grado de amenaza y las zonas contempladas son diferentes en cada aviso.

El de mayor atención es el aviso N.º 27/2026, de prioridad naranja, que advierte sobre probables ascensos repentinos y progresivos de nivel, con posibles desbordes y afectación a poblaciones aledañas.

Alerta naranja alcanza a ocho departamentos

La alerta naranja comprende posibles afectaciones en zonas de Beni, Chuquisaca, Cochabamba, La Paz, Oruro, Potosí, Santa Cruz y Tarija.

El Senamhi identifica bajo esta amenaza las cuencas de los ríos Chapare, Ichilo, Yapacaní, Beni en su cabecera, Pilcomayo en Chuquisaca, Grande en su cabecera y Parapetí en su cabecera.

El cuadro oficial detalla las siguientes zonas y municipios:

Beni: General José Ballivián, Marbán y Moxos.

Chuquisaca: Azurduy, Belisario Boeto, Hernando Siles, Luis Calvo y otros seis.

Cochabamba: Arani, Ayopaya, Campero, Carrasco y otros cinco.

La Paz: Aroma, Bautista Saavedra, Camacho, Caranavi y otros 10.

Oruro: Cercado.

Potosí: Chayanta, Cornelio Saavedra, José María Linares y Nor Chichas.

Santa Cruz: Andrés Ibáñez, Cordillera, Florida, Ichilo y otros tres.

Tarija: O'Connor.

El nivel naranja representa una amenaza hidrológica importante, debido a posibles desbordes e incrementos inminentes de nivel que podrían afectar a poblaciones cercanas a los cursos de agua.

¿Qué establece la alerta amarilla?

Paralelamente, el aviso N.º 26/2026 establece prioridad amarilla por posibles incrementos de niveles y desbordamientos puntuales.

Este aviso comprende las cuencas de los ríos La Paz, Desaguadero, Chayanta, Alto Pilcomayo, Yura, Caine, Rocha, Piraí y Bermejo.

El comunicado difundido por el Senamhi señala posibles afectaciones en algunas zonas de La Paz, Oruro, Potosí, Santa Cruz y Tarija. El cuadro detallado también identifica municipios de Chuquisaca y Cochabamba dentro de las áreas que requieren seguimiento.

Entre las zonas y municipios especificados figuran Oropeza y Yamparáez, en Chuquisaca; Arani, Arque, Ayopaya y Bolívar, además de otros 11, en Cochabamba; Aroma, Camacho, General José Manuel Pando y Gualberto Villarroel, además de otros 11, en La Paz.

En Oruro aparecen Abaroa, Carangas, Cercado y Ladislao Cabrera, además de otros 12; mientras que en Potosí se mencionan Alonso de Ibáñez, Antonio Quijarro, Chayanta y Charcas, además de otros siete.

Para Santa Cruz, el reporte señala Andrés Ibáñez, Cordillera, Florida e Ichilo, además de otros cuatro; y en Tarija incluye Arce, Avilés, Cercado y Gran Chaco, además de otros dos.

Alertas estarán vigentes durante cinco días

Los dos avisos comienzan este lunes 17 y se extenderán hasta el viernes 21 de agosto.

En el caso de la alerta amarilla, el Senamhi señala que existe un riesgo moderado y recomienda tomar precauciones informativas ante posibles incrementos de caudal.

Para las áreas bajo alerta naranja, la atención debe ser mayor debido a la posibilidad de ascensos repentinos y progresivos y eventuales desbordes de ríos.

La población que vive cerca de ríos y quebradas debe mantenerse informada mediante los reportes oficiales y evitar exponerse innecesariamente en zonas susceptibles a incrementos de caudal.

Mira la programación en Red Uno Play",https://www.reduno.com.bo/noticias/alerta-naranja-y-amarilla-por-riesgo-de-desborde-de-rios-estas-son-las-zonas-bajo-amenaza-202681618220
Red Uno,2026-08-16,Deportes,Cristiano y Georgina revelan por primera vez imágenes exclusivas de su boda,"Cristiano Ronaldo y Georgina Rodríguez sorprendieron al mundo al revelar las primeras imágenes de su boda, una ceremonia que se caracterizó por su absoluta intimidad y que se celebró lejos de las grandes celebraciones que suelen rodear a las figuras del deporte y el espectáculo.

A través de una entrevista con la revista Vogue , la pareja compartió fotografías y detalles de la celebración, que tuvo lugar en su casa de verano en Cascais, Portugal , con la presencia de sus hijos y sin familiares ni amigos.

Georgina explicó que ambos querían que el momento tuviera un significado especial y que por eso decidieron celebrar la ceremonia en el salón de su propia casa, el lugar donde comparten gran parte de su vida cotidiana.

“ Hemos decidido hacerlo en el salón de nuestra casa. Donde desayunamos, almorzamos y cenamos, y donde vivimos la realidad de nuestras vidas ”, contó la modelo.

La pareja también reveló que la celebración religiosa tuvo lugar en el Santuario de Nuestra Señora de Fátima , específicamente en la Capilla de Nuestra Señora de los Dolores, en una ceremonia reservada para la familia y quienes estuvieron a cargo de oficiarla.

Para la ocasión, Georgina eligió un vestido blanco de falda de faille de seda y zapatos de satén, mientras que Cristiano lució un traje de algodón beige claro confeccionado a medida y mocasines.

La fecha tampoco fue elegida al azar. La pareja escogió el 11 de agosto de 2026 , el mismo día en que se conocieron años atrás en una tienda Gucci de Madrid, cuando Ronaldo jugaba para el Real Madrid y Georgina trabajaba allí como vendedora.

Una década después de aquel encuentro, ambos decidieron convertir esa fecha en el día de su unión. La marca que estuvo relacionada con el comienzo de su historia también tuvo presencia en esta nueva etapa de su relación.

Georgina explicó que, aunque en el futuro podrían realizar una celebración más grande junto a familiares y amigos, esta vez querían algo completamente diferente: un momento íntimo, en casa y rodeados de sus hijos.

“ Quiero algo íntimo, con mi pareja y nuestros hijos, en casa ”, señaló.

La boda llega después de una relación de una década y de una familia que ambos construyeron juntos. Ahora, las primeras imágenes de la ceremonia permiten conocer algunos detalles de un momento que la pareja decidió mantener alejado de los reflectores.

La publicación de Vogue también dejó otra noticia que sacudió al mundo del fútbol: Cristiano Ronaldo reconoció que probablemente este sea su último año como futbolista profesional , por lo que su boda con Georgina coincide con uno de los momentos más importantes de su vida personal y con la recta final de su histórica carrera deportiva.

Mira la programación en Red Uno Play",https://www.reduno.com.bo/deportes/cristiano-y-georgina-revelan-por-primera-vez-imagenes-exclusivas-de-su-boda-2026816172737
Red Uno,2026-08-16,Nevadas se intensificaran entre lunes y martes en el occidente del pais 202681614539,Nevadas se intensificarán entre lunes y martes en el occidente del país,"El Servicio Nacional de Meteorología e Hidrología (Senamhi) anunció nevadas y un descenso de temperaturas para esta semana en la región altiplánica de Bolivia, además de vientos que podrían alcanzar velocidades de hasta 70 kilómetros por hora en algunas zonas.

Según el reporte difundido, las precipitaciones en forma de nieve comenzarán con baja intensidad , pero se espera que aumenten durante las próximas horas.

Nevada se intensificaría entre lunes y martes

De acuerdo con el pronóstico citado, el fenómeno podría adquirir mayor intensidad durante la noche del lunes 17 y la madrugada del martes 18 de agosto .

“Inicia este tema de la nevada con muy poca intensidad. Sin embargo, va a intensificarse mucho más para la noche del día lunes y la madrugada del día martes”, señaló el reporte meteorológico.

Ante estas condiciones, se recomendó a la población del altiplano mantenerse bien abrigada y tomar previsiones por el descenso de temperaturas.

Asimismo, desde el reporte se planteó aprovechar las precipitaciones para la cosecha y almacenamiento de agua en las zonas donde sea posible.

Vientos de hasta 70 km/h

El Senamhi también mantiene un aviso por fuertes vientos en diferentes regiones del occidente boliviano.

Para sectores del altiplano de Potosí y Oruro se pronostican velocidades de entre 40 y 70 kilómetros por hora .

En el departamento de La Paz , principalmente en sectores altiplánicos, las intensidades previstas se encuentran entre 30 y 50 kilómetros por hora .

El aviso correspondiente al altiplano tendría vigencia hasta el jueves , según la información difundida.

Recomiendan tomar previsiones

Las condiciones previstas para los próximos días estarán marcadas por bajas temperaturas, nevadas y fuertes ráfagas de viento, por lo que se recomienda especial precaución a las personas que viven o se desplazan por zonas altas del país.

El reporte televisivo relacionó estas variaciones climáticas con el denominado fenómeno del 'S úper Niño' ; sin embargo, el fragmento proporcionado del pronóstico del Senamhi se concentra específicamente en las nevadas, el descenso de temperaturas y los vientos previstos para el altiplano.

Mira la programación en Red Uno Play",https://www.reduno.com.bo/noticias/nevadas-se-intensificaran-entre-lunes-y-martes-en-el-occidente-del-pais-202681614539
Éxito Noticias Bolivia,2026-08-16,"NACIONAL, SOCIAL",Sequía ya golpea a seis departamentos: Chuquisaca es el más afectado con 21 municipios en emergencia,"Éxito Noticias, 16 de agosto 2026.- La sequía comenzó a dejar sus primeras consecuencias en Bolivia y ya afecta a seis departamentos, con daños principalmente en cultivos y ganado. En Chuquisaca, Santa Cruz y La Paz, al menos 26 municipios activaron declaratorias de emergencia o alerta roja ante la falta de lluvias y la reducción de las fuentes de agua.

Chuquisaca concentra la mayor cantidad de municipios afectados, con 21 declarados en emergencia por la pérdida de cultivos y animales. En Santa Cruz, los problemas se concentran principalmente en el Chaco, donde Cuevo y Boyuibe fueron declarados en desastre, mientras Lagunillas y Gutiérrez gestionan medidas similares. En San José de Chiquitos, incluso se comenzó a distribuir agua potable mediante camiones cisterna.

La situación también genera preocupación en La Paz, donde el alcalde César Dockweiler declaró alerta roja por la disminución del volumen de agua en las represas, especialmente Hampaturi. Aunque el Gobierno y Epsas aseguran que el suministro de agua potable está garantizado, el burgomaestre defendió su decisión y sostuvo que las autoridades deben actuar antes de que la situación llegue a un punto crítico. Tarija, Oruro y Potosí también reportan preocupación por la sequía, mientras en el suroeste potosino las intensas nevadas provocaron la muerte de ganado camélido.

El Gobierno afirma que ya activó una estrategia de respuesta basada en la Ley 602 de Gestión de Riesgos y que realiza un monitoreo permanente de los embalses para garantizar el abastecimiento de agua. Sin embargo, el Senamhi anticipa un escenario más complejo para el último trimestre del año, con un fenómeno de El Niño de categoría “muy fuerte”, temperaturas elevadas, escasez de lluvias y sequía en el occidente, altiplano y valles, además de lluvias intensas e inundaciones en el oriente.

Ante la posibilidad de que el impacto trascienda al sector agropecuario, la Cámara Nacional de Industrias planteó crear un Consejo Nacional de Prevención que permita anticipar los efectos sobre la producción, el empleo, el abastecimiento, la energía y la infraestructura. Su presidente, Gonzalo Morales, advirtió que el fenómeno incluso podría restar entre 0,3 y 2 puntos porcentuales al crecimiento económico de 2026. “El clima no podemos controlarlo. El impacto sí podemos reducirlo. Anticiparnos es producir”, afirmó.",https://exitonoticias.com.bo/sequia-ya-golpea-a-seis-departamentos-chuquisaca-es-el-mas-afectado-con-21-municipios-en-emergencia/400440/
Éxito Noticias Bolivia,2026-08-16,MUNDO,Papa pide fin de violencia contra palestinos en Cisjordania,"Éxito Noticias, 16 de agosto 2026 . – El papa León XIV reclamó este domingo (16.08.2026) que terminen los actos violentos contra la población civil palestina en Cisjordania y urgió a la comunidad internacional a progresar hacia la solución de dos Estados.

El sumo pontífice se pronunció en un contexto de repunte de la violencia de colonos israelíes asentados en el territorio contra comunidades palestinas.

A finales de julio, la ONU advirtió sobre una peligrosa escalada en la zona, mientras que su Oficina de Derechos Humanos expresó alarma por el aumento de los asentamientos, los llamados al castigo colectivo y las amenazas de convertir el territorio en otra Franja de Gaza.

“Reitero mi llamado para que cesen los repetidos actos de violencia contra la población civil palestina en Cisjordania”, manifestó el líder de la Iglesia católica tras el rezo del Ángelus, que presidió desde el palacio pontificio de Castelgandolfo.

Además pidió “urgentemente” a la comunidad internacional “que garantice el progreso hacia la solución de dos Estados para una paz justa y duradera”.

Este domingo, el patriarca latino de Jerusalén, el cardenal Pierbattista Pizzaballa, ofició una misa en Taybeh, el último pueblo completamente cristiano de Cisjordania ocupada, donde reafirmó el compromiso de la Iglesia con sus fieles frente a los crecientes ataques de colonos israelíes.

//DW.",https://exitonoticias.com.bo/papa-pide-fin-de-violencia-contra-palestinos-en-cisjordania/400442/
Éxito Noticias Bolivia,2026-08-16,"PORTADA, SOCIAL",Tuto y Velasco llegan a la peregrinación de Urkupiña con pedidos por el diésel y Bolivia,"Éxito Noticias, 16 de agosto 2026.- A las primeras horas de este domingo, Jorge “Tuto” Quiroga y el gobernador de Santa Cruz, Juan Pablo Velasco, participaron de la tradicional peregrinación hacia el Calvario de la Virgen de Urkupiña, en Cochabamba. Ambos aprovecharon el recorrido para elevar pedidos por Bolivia, las familias y un futuro con mejores condiciones, en medio de las dificultades que atraviesa el país.

Quiroga inició la caminata cerca de las 03:15 y, durante el trayecto, expresó su preocupación por la situación que encontró en las calles, particularmente por las largas filas en busca de diésel. “Es lamentable ver en el trayecto el sufrimiento de la gente en colas por un diésel que no llega”, afirmó, antes de señalar que su principal pedido a la Virgen sería por Bolivia y por una salida a los problemas que afectan a la población.

El expresidente también anunció que incluiría en sus oraciones una petición por la salud de Samuel Doria Medina, quien atraviesa complicaciones y se ausentará del país para continuar con un tratamiento médico. “También haremos una petición por la salud de Samuel Doria Medina, sabemos que está con algunas complicaciones en su salud y que salga de estas dificultades médicas”, manifestó Quiroga.

Por su parte, el gobernador cruceño Juan Pablo Velasco también participó de la peregrinación y señaló que su pedido estuvo centrado en las familias bolivianas y en el futuro del país. “Aquí estamos a pedirle por las familias, por Bolivia, para que encuentre un mejor futuro. Muy contento de estar acá”, expresó durante su participación en la tradicional actividad religiosa.

La presencia de ambas autoridades políticas en la peregrinación se produjo mientras Bolivia enfrenta problemas de abastecimiento de combustibles, especialmente de diésel, además de otras dificultades económicas y sociales. En ese contexto, Quiroga y Velasco coincidieron en llevar a la celebración de Urkupiña un mensaje centrado en Bolivia y en las necesidades de las familias, aunque Quiroga puso especial énfasis en el impacto que las filas por combustible están generando en la población.",https://exitonoticias.com.bo/tuto-y-velasco-llegan-a-la-peregrinacion-de-urkupina-con-pedidos-por-el-diesel-y-bolivia/400445/
Éxito Noticias Bolivia,2026-08-16,EMPRESARIAL,La Paz tendrá solo tres días para acceder a los precios más bajos del año para viajar,"Éxito Noticias, 16 de agosto 2026 .- Durante solo tres días, La Paz concentrará en un mismo lugar algunas de las principales oportunidades del año para viajar. Del viernes 14 al domingo 16 de agosto, estropical.com realizará su Outlet de Viajes La Paz 2026, un evento diseñado para que familias, parejas y viajeros puedan comparar alternativas, acceder a beneficios especiales y reservar sus próximas vacaciones con los precios más bajos del año.

El evento se realizará en Chuquiago Marka, Bloque Rojo, de 10:00 a 21:00 horas, con entrada gratuita, y reunirá a aerolíneas, cadenas hoteleras, operadores turísticos, cruceros y proveedores nacionales e internacionales.

¿Qué encontrarán los visitantes?

Durante los tres días del Outlet estarán disponibles, sujetos a disponibilidad, cupos y condiciones de cada producto:

✈️ Paquetes internacionales completos desde USD 677.

🏨 Descuentos de hasta 64% en hoteles seleccionados de cadenas internacionales.

💳 Hasta 12 cuotas sin interés con tarjetas de crédito de siete bancos participantes, de acuerdo con las condiciones de cada entidad financiera.

🌴 Promociones 2×1 en productos seleccionados.

👨‍👩‍👧‍👦 En hoteles seleccionados del Caribe, hasta dos menores de 17 años podrán hospedarse gratis.

🎆 Posibilidad de reservar desde USD 47 vacaciones para fechas como Año Nuevo, Carnaval, Semana Santa y otros feriados, pagando posteriormente el saldo de acuerdo con las condiciones de cada producto.

Las promociones tendrán cupos y disponibilidad limitada, por lo que estropical.com recomienda visitar el Outlet desde el primer día para acceder a la mayor variedad de alternativas.

Grandes marcas del turismo reunidas en La Paz

La propuesta estará respaldada por algunas de las principales compañías de la industria turística nacional e internacional.

Participarán aerolíneas como Boliviana de Aviación (BoA), Air Europa, Copa Airlines, Avianca y LATAM Airlines; marcas hoteleras como Barceló Hotel Group, Hard Rock Hotels, Nickelodeon Hotels & Resorts, Bahia Principe Hotels & Resorts, Oasis Hotels & Resorts y Palace Resorts; además de Hoteles Xcaret y los parques de Grupo Xcaret, junto con alternativas de cruceros de MSC Cruises y Disney Cruise Line, entre otros proveedores.

Además de encontrar promociones, los visitantes podrán comparar diferentes alternativas y recibir asesoramiento personalizado de especialistas en viajes, quienes los ayudarán a encontrar opciones que se adapten a sus fechas, presupuesto, composición familiar y preferencias.

“Queremos que las familias paceñas vengan al Outlet con el viaje que sueñan hacer y salgan con una alternativa concreta para hacerlo realidad. Habrá opciones para distintos presupuestos, beneficios para familias y facilidades para reservar ahora y pagar después. Son oportunidades disponibles por solo tres días y sujetas a cupos, por eso nuestra recomendación es venir desde el primer día”, afirmó Carola Justiniano, Gerente de Producto de estropical.com.

Comprar en el Outlet también puede llevarte a Cancún

Como beneficio adicional para quienes concreten una compra durante el evento, estropical.com realizará el sorteo “Viajero del Año”, cuyo premio será un viaje para dos personas a Cancún, con pasajes aéreos ida y vuelta y estadía all inclusive en AVA Resort Cancún, hotel categoría Four Diamond.

Por cada USD 200 en compras, el cliente recibirá un cupón para participar. Quienes se hayan prerregistrado previamente en estropical.com recibirán un cupón adicional al concretar su compra durante el Outlet.

De esta manera, el sorteo funciona como un beneficio adicional para los compradores, mientras que el eje principal del evento estará puesto en las oportunidades, precios y facilidades para viajar.

Viajar más pagando menos

El Outlet forma parte del propósito de estropical.com de acercar los viajes a más bolivianos, reduciendo algunas de las principales barreras que enfrentan las familias al momento de planificar sus vacaciones: precio, inversión inicial, financiamiento y acceso a asesoramiento especializado.

Durante tres días, el público paceño podrá conocer alternativas nacionales e internacionales, comparar opciones y tomar una decisión acompañado por especialistas.

No se requiere realizar una compra para ingresar al evento. La entrada es gratuita.

OUTLET DE VIAJES ESTROPICAL.COM – LA PAZ 2026

📅 Fechas: viernes 14, sábado 15 y domingo 16 de agosto de 2026

📍 Lugar: Chuquiago Marka – Bloque Rojo

🕙 Horario: 10:00 a 21:00 horas

🎟️ Ingreso: gratuito

🌐 Más información: estropical.com

Beneficios sujetos a disponibilidad, cupos y condiciones de cada producto. Aplican restricciones.",https://exitonoticias.com.bo/la-paz-tendra-solo-tres-dias-para-acceder-a-los-precios-mas-bajos-del-ano-para-viajar/400449/
Éxito Noticias Bolivia,2026-08-16,"PORTADA, SOCIAL","Lágrimas, promesas y fe: miles de devotos peregrinan al Calvario de Urkupiña","Éxito Noticias, 16 de agosto 2026.- Entre lágrimas, cansancio y entusiasmo, miles de devotos llegan este domingo al Calvario, en el cerro de Cota, después de caminar durante horas desde la ciudad de Cochabamba. Algunos avanzan de rodillas, otros recorren el trayecto en familia, pero todos comparten el propósito de llegar hasta el santuario para agradecer, pedir y renovar su fe en la Virgen de Urkupiña.

La caminata comenzó pasada la medianoche, a primeras horas de este domingo, desde la Catedral de Cochabamba y comprende unos 13 kilómetros hasta Quillacollo. El trayecto transcurre durante la noche, entre el frío y el cansancio, hasta llegar al ascenso final al cerro de Cota, por un terreno irregular.

En este último tramo, algunos fieles avanzan de rodillas como muestra de fe y cumplimiento de sus promesas. La ruta cuenta con señalización y puestos de auxilio, de acuerdo con los datos proporcionados por el Gobierno Autónomo Municipal de Quillacollo.

En el Calvario se cumple uno de los rituales más representativos de la festividad: el préstamo de la piedra. El peregrino toma un fragmento de roca del cerro como símbolo de aquello que pidió a la Virgen y se compromete a regresar al año siguiente para devolverlo. Si su petición se cumple, retorna con otra piedra en señal de agradecimiento y renueva el ciclo de la promesa.

El Calvario es el corazón de la leyenda fundacional de Urkupiña, de acuerdo con la información histórica y tradicional difundida por el municipio. El relato cuenta que una pastora del lugar veía y conversaba con una señora que llevaba un niño en brazos. Cuando llevó a los vecinos hasta el cerro para mostrarles la aparición, la figura se elevó y la niña la señaló mientras exclamaba en quechua: “¡orqopiña!”, expresión interpretada como “ya está en el cerro” y de la que deriva el nombre de Urkupiña.

La caminata desde Cochabamba se convirtió con el tiempo en una tradición para familias enteras y también en una de las primeras experiencias de fe de muchos jóvenes. Algunos llegan después de una larga noche de marcha, mientras otros pasan la noche anterior en el lugar para recibir el amanecer en el santuario.

En la explanada de los arcos, las familias, carpas y puestos instalados reciben a quienes completan el trayecto.

Esta jornada representa una de las expresiones más profundas de la festividad de Urkupiña, que durante estos días reúne oración, procesión, música y danza. La entrada folklórica abrió el programa central el viernes, mientras que el sábado la misa central y la procesión de la Virgen concentraron la devoción de los creyentes.

Los peregrinos llegan desde distintos lugares de Bolivia e incluso de otros países, unidos por promesas, agradecimientos y pedidos. Para muchos, llegar hasta el Calvario no representa solo una caminata, sino el cumplimiento de un compromiso de fe que los lleva a regresar cada agosto a Quillacollo.

//ABI.",https://exitonoticias.com.bo/lagrimas-promesas-y-fe-miles-de-devotos-peregrinan-al-calvario-de-urkupina/400452/
Éxito Noticias Bolivia,2026-08-16,"ECONOMIA, PORTADA",Gobierno anuncia abastecimiento gradual de gasolina y diésel ante las largas filas en surtidores,"Éxito Noticias, 16 de agosto 2026.- El Gobierno reconoció que la falta de combustible ya genera preocupación tanto en el sector productivo como entre la población en general, debido a las largas filas que se mantienen en los surtidores de todo el país. El ministro de Desarrollo Productivo, Óscar Mario Justiniano, informó que YPFB se comprometió a comenzar a regularizar el suministro de manera gradual.

Justiniano explicó que el abastecimiento comenzará con la gasolina y posteriormente se avanzará con el diésel. “El presidente de Yacimientos se comprometió de que desde el día de ahora y paulatinamente iba a empezar a abastecer ya de gasolina, posteriormente en el tema diésel”, señaló la autoridad, aunque no precisó cuándo se normalizará por completo la distribución.

El ministro aseguró que la situación movilizó a varias carteras del Gobierno, que trabajan junto a YPFB para encontrar una solución a los problemas de suministro. Según explicó, se realizan reuniones permanentes con la empresa estatal para conocer el estado de la logística y verificar cómo avanza la distribución de los carburantes.

“Estamos haciendo seguimiento permanente”, afirmó Justiniano, al señalar que mantienen al menos tres reuniones diarias con YPFB para evaluar el abastecimiento. Mientras tanto, las filas de vehículos de transporte pesado y liviano continúan extendiéndose en diferentes regiones del país, con conductores que deben esperar durante horas e incluso días para conseguir combustible.",https://exitonoticias.com.bo/gobierno-anuncia-abastecimiento-gradual-de-gasolina-y-diesel-ante-las-largas-filas-en-surtidores/400456/
Éxito Noticias Bolivia,2026-08-16,MUNDO,"Sismo de magnitud 4,8 y casi 100 réplicas dejan daños materiales en el sur de España","Éxito Noticias, 15 de agosto 2026.- Un sismo de magnitud 4,8 sacudió la madrugada de este sábado a la comunidad autónoma de Andalucía, en el sur de España, así como otros lugares en el país, sintiéndose incluso en Madrid, según las autoridades españolas.

El sismo ocurrió a la 1:04 am del sábado (hora local) y tuvo su epicentro al noreste de la localidad de Alhendín, a unos 8 kilómetros al suroeste de la ciudad de Granada, en Andalucía, indicó el Instituto Geográfico Nacional (IGN) de España.

El temblor se originó en “una profundidad muy superficial”, agregó el IGN, lo que incrementa la fuerza con la que es percibido en tierra. El Servicio Geológico de Estados Unidos (USGS) dijo que el origen del sismo fue a una profundidad de apenas 10 kilómetros.

De acuerdo con el USGS —que indica que la magnitud del sismo fue de 5,2, mayor a la que estableció el IGN—, los lugares más cercanos al epicentro son Otura, Ogíjares, Las Gabias y Zubia, todas ellas localidades que forman parte del área metropolitana de Granada.

Desde este evento ocurrido en la madrugada, el IGN ha registrado casi 100 réplicas, todas ellas “también a profundidades muy superficiales (menores a 10 km)”. Del total de réplicas, 13 fueron percibidas por la población.

“La mayor de las réplicas registradas hasta el momento es un terremoto de magnitud 3,3, unas 5 horas después del terremoto principal. También se registró un terremoto de 3,7 unas 6 horas antes del principal”, detalló el IGN.",https://exitonoticias.com.bo/sismo-de-magnitud-48-y-casi-100-replicas-dejan-danos-materiales-en-el-sur-de-espana/400459/
Éxito Noticias Bolivia,2026-08-16,SEGURIDAD,Destruyen cuatro fábricas móviles de pasta base de cocaína en el trópico de Cochabamba,"Éxito Noticias, 16 de agosto 2026. – Cuatro fábricas móviles de pasta base de cocaína, ubicadas en el municipio de Puerto Villarroel, provincia Carrasco, del departamento de Cochabamba, fueron destruidas e incineradas.

Durante el operativo, el personal de la Fuerza Especial de Lucha Contra el Narcotráfico (FELCN) encontró además sustancias químicas controladas sólidas y líquidas utilizadas en el proceso de elaboración.

En total, la fuerza antidrogas intervino cuatro fábricas móviles de elaboración de pasta base de cocaína, 810 litros de agua rica y sustancias químicas controladas sólidas y líquidas.

Con estas intervenciones, la FELCN recordó que continúa con los operativos de interdicción permanente para combatir el narcotráfico en diferentes partes de país para proteger a la sociedad boliviana.

//ABI.",https://exitonoticias.com.bo/destruyen-cuatro-fabricas-moviles-de-pasta-base-de-cocaina-en-el-tropico-de-cochabamba/400463/
Éxito Noticias Bolivia,2026-08-16,"NACIONAL, SOCIAL",Samuel Doria Medina anuncia viaje al exterior para someterse a un nuevo tratamiento médico,"Éxito Noticias, 16 de agosto 2026 .- El empresario y líder de Unidad, Samuel Doria Medina, informó que se ausentará de Bolivia durante las próximas semanas debido a motivos de salud. A través de una publicación en su cuenta de X, explicó que sus médicos le recomendaron someterse a un nuevo tratamiento, por lo que deberá viajar al exterior para continuar con su atención médica.

Doria Medina no brindó detalles sobre su estado de salud ni informó a qué país viajará. Sin embargo, aseguró que continuará pendiente de la situación de Bolivia pese a su ausencia y que seguirá activo en redes sociales. “Por esta razón no voy a estar en Bolivia las próximas semanas. Seguiré pendiente de lo que ocurra en el país y me mantendré activo en las redes sociales”, señaló.

El empresario había informado en 2022 que logró superar un cáncer de vejiga diagnosticado un año antes. En su reciente anuncio no aclaró si el nuevo tratamiento está relacionado con aquel antecedente médico, por lo que no existen mayores detalles públicos sobre su actual situación de salud.",https://exitonoticias.com.bo/samuel-doria-medina-anuncia-viaje-al-exterior-para-someterse-a-un-nuevo-tratamiento-medico/400467/
Éxito Noticias Bolivia,2026-08-16,"NACIONAL, SEGURIDAD","Fiscal desaparecido tras accidente en Beni habría pedido ayuda, pero aún no logran encontrarlo","Éxito Noticias, 16 de agosto 2026 .- La incertidumbre continúa en torno al paradero del fiscal Juan Benjo Huchani Alpire, quien permanece desaparecido después del accidente de una avioneta registrado el viernes en el Beni. Aunque logró comunicarse con un funcionario de la Fiscalía y afirmó que se encontraba en una estancia cercana, los equipos de búsqueda todavía no consiguen dar con su ubicación.

El comandante departamental de la Policía, Iván Bernal, explicó que efectivos policiales y personal de otras instituciones fueron enviados a la zona indicada para intentar establecer contacto con Huchani. La principal expectativa ahora es encontrarlo y trasladarlo hasta Trinidad para que reciba una evaluación médica, debido a que se desconoce el estado en el que se encuentra tras haber abandonado el lugar del accidente para buscar ayuda.

El siniestro ocurrió cuando la avioneta con matrícula CP-928 se dirigía desde la estancia Cachascani con cuatro personas a bordo. El piloto, Herland Coca Gutiérrez, falleció, mientras que los fiscales Hans Cristian Estenssoro Trigoso y Juana Guevara Paniagua fueron rescatados con vida; uno de ellos sufrió heridas de gravedad y continúa bajo vigilancia médica.

Mientras las autoridades intensifican el rastrillaje, familiares del fiscal esperan información concreta sobre su paradero. “Se han desplazado el personal correspondiente, tanto de la Policía como de otras instituciones, pero hasta el momento no ha podido ser habida”, afirmó Bernal, quien confía en que Huchani pueda ser ubicado durante las próximas horas.",https://exitonoticias.com.bo/fiscal-desaparecido-tras-accidente-en-beni-habria-pedido-ayuda-pero-aun-no-logran-encontrarlo/400469/
Éxito Noticias Bolivia,2026-08-16,"ECONOMIA, PORTADA",Evo cuestiona plan de Velasco para importar combustible con privados y le pide no asumir una tarea del gobierno,"Éxito Noticias, 16 de agosto 2026 .- El expresidente Evo Morales cuestionó la iniciativa del gobernador de Santa Cruz, Juan Pablo Velasco, de recurrir a empresas privadas para importar y comercializar combustible sin subsidio. Según Morales, el abastecimiento de carburantes corresponde al Gobierno nacional y no a las administraciones departamentales.

“Esa es una responsabilidad del gobierno nacional, no del gobierno departamental”, afirmó Morales al referirse al anuncio de Velasco. El exmandatario también puso en duda las motivaciones de la propuesta y sugirió que detrás de ella existirían intereses políticos relacionados con el presidente Rodrigo Paz, a quien identificó como aliado del gobernador cruceño.

Morales advirtió además a Velasco sobre las consecuencias que podría enfrentar si la iniciativa no tiene los resultados esperados. “Cuidado, cuidado con que le vaya mal”, manifestó, insistiendo en que, a su criterio, quien debe responder por la actual crisis de combustibles es el Gobierno nacional.

Las declaraciones surgen mientras las filas por gasolina y diésel continúan en diferentes regiones del país. Velasco anunció esta semana que la Gobernación de Santa Cruz llegó a un acuerdo con una empresa privada para importar, almacenar y comercializar carburantes sin subsidio, pero explicó que se requiere un Decreto Supremo que permita establecer este mecanismo entre el Gobierno departamental y empresas privadas.",https://exitonoticias.com.bo/evo-cuestiona-plan-de-velasco-para-importar-combustible-con-privados-y-le-pide-no-asumir-una-tarea-del-gobierno/400472/
Éxito Noticias Bolivia,2026-08-16,NACIONAL,"Senamhi pronostica nuevas nevadas en La Paz, Oruro y Potosí con mayor intensidad entre lunes y martes","Éxito Noticias, 16 de agosto 2026.- El Servicio Nacional de Meteorología e Hidrología (Senamhi) anunció que entre la noche del lunes y la madrugada del martes se registrarán nuevas nevadas y lluvias en los departamentos de La Paz, Oruro y Potosí, siendo el sur potosino la región más afectada.

De acuerdo con el pronóstico, las precipitaciones se concentrarán en el altiplano y en sectores de las cordilleras Oriental y Occidental, mientras que el episodio alcanzará su mayor intensidad durante las primeras horas del martes.

El Senamhi también mantiene vigentes avisos meteorológicos de prioridad naranja por vientos moderados a temporalmente fuertes. En Potosí, Oruro y el altiplano de Tarija se prevén ráfagas de entre 40 y 70 kilómetros por hora, mientras que en el altiplano paceño oscilarán entre 30 y 50 kilómetros por hora.

En tanto, para el norte integrado de Santa Cruz se esperan vientos de hasta 90 kilómetros por hora, alerta que permanecerá vigente hasta este lunes.

Según la entidad, las condiciones climáticas comenzarán a mejorar entre el jueves y el viernes, con cielos poco nubosos y un ligero incremento de las temperaturas.

Ante este panorama, el Senamhi recomendó a la población tomar precauciones, mantenerse abrigada y conducir con mayor cuidado en carreteras de alta montaña, especialmente en el sector de La Cumbre, además de evitar estacionar vehículos debajo de árboles por el riesgo generado por los fuertes vientos.",https://exitonoticias.com.bo/senamhi-pronostica-nuevas-nevadas-en-la-paz-oruro-y-potosi-con-mayor-intensidad-entre-lunes-y-martes/400474/
Opinión,2026-08-16,"El País, Combustible, FILAS",Filas: Gobierno pide disculpas y anuncia normalización paulatina del combustible,"Tras semanas de largas filas en los surtidores, el Gobierno anunció que varios ministerios trabajan juntos para solucionar la falta de combustible. Además, el presidente de YPFB, Sebastián Daroca, se comprometió a que el abastecimiento se irá normalizando poco a poco.

El ministro de Desarrollo Productivo, Óscar Mario Justiniano, confirmó que la normalización de la provisión comenzará desde este fin de semana.

“Para nosotros, lo esencial es de que el presidente de Yacimientos se comprometió de que desde el día de ahora y paulatinamente iba a empezar a abastecer ya de gasolina, posteriormente en el tema diésel”, expresó la autoridad.

Justiniano indicó que se está realizando un seguimiento permanente que incluye reuniones de evaluación hasta tres veces al día con los ejecutivos de la empresa para monitorear la distribución.

Por su parte, el ministro de Hidrocarburos, Marcelo Blanco, se dirigió a la población para pedir disculpas por las demoras y el tiempo de espera en los surtidores. Aunque la autoridad prefirió no fijar una fecha exacta para la resolución de la crisis, aseguró que se darán respuestas en el corto plazo.

“Estamos trabajando. Es un problema estructural que hay que solucionar. Estamos trabajando en la solución y la solución va a llegar pronto. Nosotros somos gente de palabra y lo vamos a hacer”, enfatizó Blanco.",https://www.opinion.com.bo/articulo/pais/filas-gobierno-pide-disculpas-anuncia-normalizacion-paulatina-combustible/20260816140708994850.html
Opinión,2026-08-16,"Cultura, Potosí, pinturas, Lienzo",Asunción de la Virgen María: lienzo del siglo XVIII que forma parte del patrimonio de Potosí,"Una Virgen que asciende entre ángeles y querubines, envuelta en un manto azul que parece dar movimiento a toda la escena, forma parte del valioso patrimonio artístico que conserva la Casa Nacional de Moneda de Potosí. Se trata de Asunción de la Virgen María a los Cielos , un óleo sobre lienzo de autor anónimo, fechado en el siglo XVIII.

La pieza cobra especial significado cada 15 de agosto, cuando la tradición católica celebra la asunción de la Virgen María, y permite apreciar en sus formas, colores y símbolos la riqueza del arte producido en la antigua Villa Imperial.

“Cada elemento representado responde a un lenguaje simbólico preciso, propio del arte virreinal andino, donde nada está puesto al azar”, destaca el repositorio dependiente de la Fundación Cultural del Banco Central del Bolivia al referirse a la pintura.

El lienzo forma parte de la colección mariana y es una muestra de la intensa producción artística que se desarrolló en Potosí durante el periodo virreinal. La riqueza de la Villa Imperial y el tamaño de su población sostuvieron una demanda de arte de gran magnitud, con numerosas obras vinculadas a la tradición religiosa.

En la composición, la figura de María ocupa el centro mientras asciende hacia los cielos rodeada de seres celestiales. El azul de su manto, la disposición de las figuras y los demás elementos representados responden a un lenguaje simbólico característico de la pintura virreinal andina.

La obra fue restaurada por el Taller de Restauración de la Casa Nacional de Moneda, un trabajo que contribuyó a preservar sus características y permitió que continúe como objeto de contemplación y estudio.

Su importancia trasciende la representación religiosa. El lienzo permite acercarse a las formas de expresión, los símbolos y las técnicas que caracterizaron una etapa fundamental de la producción artística potosina.",https://www.opinion.com.bo/articulo/cultura/asuncion-virgen-maria-lienzo-siglo-xviii-que-forma-parte-patrimonio-potosi/20260816111854994849.html
Opinión,2026-08-16,"Mundo, Indonesia, terremotos",Hay miles de personas desplazadas por el devastador terremoto de Indonesia,"Alrededor de 5.000 personas han sido desplazadas por un potente terremoto en Indonesia que ha causado al menos 53 muertos.

Los equipos de rescate continúan buscando supervivientes del terremoto de magnitud 7,7 que sacudió la isla de Flores poco antes de las 05:00 hora local del sábado (22:00 GMT del viernes).

Los informes preliminares indican que más de 900 viviendas y cientos de otros edificios han sufrido graves daños a causa del temblor y las 341 réplicas posteriores, según informó la Agencia Nacional de Gestión de Desastres (BNPB).

Aún se está descubriendo la magnitud total del desastre, y la noticia de un segundo terremoto de magnitud 6,9 en otra parte de Indonesia sirve como recordatorio de por qué esta región se llama el anillo de fuego.

El terremoto inicial, que se produjo a tan solo 15 km de profundidad, fue el más mortífero en esta nación del sudeste asiático desde 2022, cuando cientos de personas murieron en Java Occidental.

Según la BNPB, los temblores fueron sentidos por residentes incluso en Bima, al oeste del país, pero la provincia de Manggarai fue una de las más afectadas.

Abdul Muhari, subdirector de la BNPB, confirmó que se habían registrado 25 muertes en esa zona, así como 20 fallecimientos en la provincia de Manggarai Oriental, cuatro en la provincia de Sikka, dos en Ende y al menos una persona en las provincias de Nagekeo y Manggarai Occidental.

Según la agencia, un total de 3.356 personas fueron desplazadas en Sikka, y otras 2.078 fueron evacuadas en Manggarai.

Treinta y seis personas resultaron gravemente heridas en la provincia de Nusa Tenggara Oriental, mientras que 77 sufrieron heridas leves, según informó el viceministro de Salud, Benjamin Paulus Octavianus.

Evaluar el alcance total de la destrucción en la región, que es remota y montañosa, llevará tiempo.",https://www.opinion.com.bo/articulo/mundo/miles-personas-desplazadas-devastador-terremoto-indonesia/20260816111320994846.html
Opinión,2026-08-16,"Santa Cruz, Joyería, Robo, Policiales","Santa Cruz: Mallas evitan dos robos, pero ladrones vacían otra joyería","La madrugada de este sábado, delincuentes robaron una joyería en el centro de Santa Cruz, en la zona de Los Pozos. Los ladrones entraron al local haciendo un hueco en el techo y vaciaron todas las vitrinas, llevándose joyas de oro y plata.

Los dueños todavía no saben cuánto dinero perdieron exactamente, pero calculan que les robaron entre 200 y 300 piezas, como anillos, cadenas y pulseras. Una cámara de seguridad logró grabar a uno de los delincuentes, aunque los afectados creen que en realidad participaron unas tres personas.

Los comerciantes de la zona expresan su preocupación por que estos robos por el techo ya son “frecuentes”. De hecho, hace poco intentaron entrar a otras dos joyerías cercanas de la misma forma, pero unas mallas de metal evitaron que los ladrones pasaran.",https://www.opinion.com.bo/articulo/policial/santa-cruz-mallas-evitan-dos-robos-ladrones-vacian-otra-joyeria/20260816110805994844.html
Opinión,2026-08-16,"Policiales, Oro, maletas",Ordenan la libertad del único implicado en el caso del oro incautado en Viru Viru,"La Sala Penal Tercera del Tribunal Departamental de Justicia de Santa Cruz emitió un mandamiento de libertad a favor de Adrián Lema Roca, el único aprehendido por el intento de exportación ilegal de cerca de 190 kilogramos de oro interceptados en el aeropuerto de Viru Viru.

La orden judicial, firmada el 14 de agosto de 2026 por el vocal Ever Álvarez Orellana, instructa al gobernador del centro penitenciario de Palmasola su inmediata liberación, siempre que no pese sobre él otra causa pendiente.

Lema Roca es investigado por la presunta comisión de los delitos de enriquecimiento ilícito de particulares con afectación al Estado, contrabando y venta y compra ilegal de recursos minerales.

Su aprehensión se realizó cuando custodiaba cuatro maletas con 77 lingotes de oro valorados en más de 13 millones de dólares.",https://www.opinion.com.bo/articulo/policial/ordenan-libertad-adrian-lema-unico-implicado-caso-oro-incautado-viru-viru/20260816110447994842.html
Opinión,2026-08-16,"incendios, Chiquitanía, El País",450 soldados se preparan para combatir incendios en la Chiquitania,"Una fuerza especializada de 450 soldados se prepara para enfrentar los incendios forestales en la Chiquitania, una de las regiones boscosas más importantes de Bolivia. El Batallón de Bomberos Forestales, creado en San Ignacio de Velasco, desarrolla tareas de prevención, combate y control del fuego bajo el plan denominado “Sunuye Tiroe Chiñone”, que en lengua chiquitana significa “Tierra sin fuego”.

El batallón inició sus operaciones el 1 de agosto de 2025 y cuenta con un presupuesto de Bs 11 millones, recursos destinados a la adquisición de drones de monitoreo, 10 camionetas de doble tracción, equipos de comunicación, cocinas móviles y herramientas especializadas.

Los efectivos recibieron capacitación específica para intervenir en zonas boscosas y de difícil acceso, además de trabajar de manera coordinada con comunidades y autoridades locales.

El área de operaciones comprende más de 20,4 millones de hectáreas de bosque seco chiquitano, territorio distribuido en 14 municipios y más de 42 centros poblados principales, además de numerosas comunidades indígenas y campesinas que dependen del bosque y participan en su protección.

Mientras el Ejército fortalece su capacidad de respuesta, el Gobierno Autónomo Municipal de San Ignacio de Velasco impulsa acciones destinadas a evitar que los incendios se inicien.

A través de la Unidad de Medio Ambiente, la Alcaldía puso en marcha el Plan Integral de Prevención y Respuesta ante Incendios Forestales y la campaña “El fuego no es un juego”, con especial atención al Área Protegida Municipal Bajo Paraguá.

Una de las principales acciones es la capacitación de brigadas comunales para promover un manejo responsable del fuego y mejorar la vigilancia en las zonas boscosas.

La estrategia busca complementar el trabajo de los bomberos forestales con el conocimiento y la presencia permanente de las comunidades. Mientras los efectivos especializados intervienen ante incendios de mayor magnitud, las brigadas locales cumplen una función clave en la prevención y detección temprana.

El desafío, sin embargo, continúa siendo la disponibilidad de recursos. El mes pasado, la Alcaldía de San Ignacio de Velasco y la Fundación Natura Bolivia presentaron el plan integral de prevención y respuesta, que contempla entre sus principales medidas la formación de brigadas comunales.

Pese a estos avances, las comunidades advierten que todavía existen dificultades por la falta de equipos, agua y herramientas para enfrentar varios focos de incendio de manera simultánea.

José Miguel Dorado, responsable de Medio Ambiente de San Ignacio de Velasco, reconoció que el municipio no cuenta con un presupuesto específico destinado a la prevención y combate de incendios forestales.

Ante una emergencia, la Alcaldía debe redireccionar recursos originalmente destinados a obras y servicios para adquirir combustible y movilizar maquinaria.

La magnitud del territorio que requiere protección convierte a la coordinación entre el Ejército, el municipio y las comunidades en uno de los principales desafíos para reducir el impacto de los incendios en la Chiquitania.

Se estima que San Ignacio requiere cerca de Bs 600 mil para un fondo de emergencia. Y para afrontar la temporada de fuego se precisa unos Bs 1,6 millones.",https://www.opinion.com.bo/articulo/pais/450-soldados-preparan-combatir-incendios-chiquitania/20260816110028994841.html
Opinión,2026-08-16,"Justicia, Asesinato, Piloto, Sentencias, ZEGARRA","El caso del piloto Percy Zegarra, siete años después: entre juicios, condenas y anulaciones","Han pasado siete años desde el asesinato del piloto Percy Marcelo Zegarra Villarroel. Su familia había dado por cerrado el capítulo judicial después de que los tres procesados fueran condenados a la pena máxima. Sin embargo, la sentencia de uno de ellos fue anulada y, en el caso de otro, quedó sin efecto el Auto de Vista que había confirmado su sentencia, dejando el proceso nuevamente en un escenario de incertidumbre y a sus familiares a la espera de justicia.

“En cualquier momento van a hacer su solicitud de cesación a la detención preventiva y se consolidaría un inacceso a la justicia y premiación a personas que asesinaron al señor Percy Marcelo Zegarra”, manifestó Julio Torrico, abogado de los hijos de Zegarra.

Tenía 57 años y era piloto de Boliviana de Aviación (BoA), con más de 22 años de experiencia.

El caso se remonta a 2019. La madrugada del 18 de junio, alrededor de la 01:05, el cuerpo de Zegarra fue encontrado en el maletero de su vagoneta BMW, abandonada en Arocagua, camino a Sacaba. Según la autopsia, presentaba múltiples fracturas craneales y 18 heridas provocadas con un arma blanca, lesiones que causaron su muerte. La cantidad de sangre perdida también llevó a los investigadores a considerar que el lugar donde fue encontrado el cuerpo no habría sido el escenario principal del crimen, sino que la agresión habría ocurrido en otro sitio.

Fue entonces cuando comenzó una investigación marcada por dos preguntas: ¿quién o quiénes acabaron con la vida de Zegarra y cuál fue el móvil del crimen? La muerte del piloto dejó a tres hijos en la orfandad, quienes, además del dolor por la pérdida de su padre, buscaron la manera de coadyuvar en la investigación para encontrar a los responsables. Según la familia, revisaron entre las pertenencias de Zegarra, sus documentos y otros elementos personales en busca de alguna pista que ayudara a esclarecer lo ocurrido la noche del 17 de junio de 2019.

La investigación apuntó a un móvil económico. La Fiscalía informó que Zegarra había realizado préstamos de dinero a personas de su entorno cercano. Por el crimen fueron procesadas tres personas, dos de ellas hermanos, quienes mantenían una relación de confianza y cercanía con el piloto. La proximidad era tal que los hijos de Zegarra los llamaban “tíos”, debido a la amistad que mantenían con su padre.

Frente a esta hipótesis, las posiciones de las partes son contrapuestas. El abogado de los hijos de Zegarra sostiene que existen pruebas suficientes para demostrar la responsabilidad de los tres procesados en el crimen, además de la participación de un cuarto hombre, señalado como el sicario que habría sido contratado y que continúa prófugo. En cambio, la defensa de los hermanos afirma que las pruebas no fueron valoradas de manera adecuada y cuestiona que el testimonio de otro de los implicados sea suficiente para establecer su culpabilidad.

LOS PRIMEROS APREHENDIDOS

Después de casi un mes y medio del asesinato del piloto, se registró la primera aprehensión. El 31 de julio de 2019, investigadores de la Policía, junto con la Fiscalía, allanaron un motel ubicado en la avenida Chapare, en Sacaba, donde aprehendieron a Óscar Andy Caero, administrador de ese lugar.

El 2 de agosto de ese año fue aprehendido Elmer Zubieta, luego de presentarse a declarar. También precintaron su relojería como parte del proceso de investigación. Los investigadores señalaron entonces que ambos eran socios de Zegarra y que tenían importantes sumas de dinero pendientes con él, aunque ellos negaron haberse prestado dinero.

Según la familia de la víctima, las deudas eran altas. Los familiares refirieron haber encontrado documentación que acreditaba esos préstamos y que, en total, considerando los montos que se habrían entregado a los tres procesados, superarían los 200.000 dólares. También señalaron que Zegarra estaba exigiendo el pago de esas deudas y que habían escuchado algunas llamadas relacionadas con esos reclamos.

El primer juicio, en contra de Óscar Andy Caero y Elmer Zubieta, llegó después. Según Torrico, durante el proceso ambos ofrecieron distintas versiones de lo ocurrido. En una parte del juicio, un profesional logró recuperar las grabaciones de las cámaras del motel que administraba Caero. Según el abogado de la familia, cuando este hombre se vio descubierto pidió la palabra en juicio y admitió su responsabilidad. Además de señalar la participación de Elmer Zubieta, mencionó como partícipe al hermano de este, Juan Jorge Zubieta.

Según la versión expuesta durante el proceso, Caero se habría encargado del traslado de un sicario desde Pando. Se trataba de un ciudadano brasileño que llegó a Cochabamba después de pasar por La Paz y se alojó en el motel.

El 16 de junio de 2019, las cámaras del motel registraron su ingreso acompañado de Caero.

Al día siguiente, a las 19:15, Zegarra ingresó a la relojería de Elmer Zubieta. A las 19:57, según los registros mencionados durante la investigación, este cerró su negocio y abordó el vehículo de Percy. Por otro lado, a las 19:22, Andy Caero salió del motel en un vehículo junto con el ciudadano brasileño y se dirigió hacia su domicilio en la zona de Pacata Baja.

Según la versión de Caero durante el juicio, todos los mencionados estaban presentes en ese inmueble. Allí se habría generado una discusión por temas económicos. De acuerdo con su relato, cuando Percy Marcelo iba a retirarse fue interceptado por uno de los hermanos, quien lo tomó por el cuello. En ese momento, el sicario lo habría golpeado en el cráneo con una piedra y posteriormente le habría causado varias heridas con un arma blanca.

Los hermanos cargaron el cuerpo de la víctima al vehículo de Zegarra y lo abandonaron en Arocagua, mientras Caero habría limpiado el inmueble. El abogado de la familia sostiene que incluso habría contratado a un pintor para borrar las salpicaduras de sangre.

A las 06:29 del 18 de junio, según los antecedentes de la investigación, Caero retiró al sicario del motel y lo habría embarcado en un vuelo de regreso a Cobija.

En esa misma línea, durante la investigación, los familiares de la víctima también hicieron conocer que la billetera de Percy Marcelo fue encontrada posteriormente en el baño privado de la relojería de Elmer Zubieta.

Torrico, abogado de los familiares de la víctima, manifestó que los imputados cambiaron sus versiones varias veces.  En una primera versión de Elmer, habría dicho que cerró la relojería, se despidió de Percy en la puerta del lugar y luego caminó hacia el oeste, donde tomó un taxi para llegar a su casa.

Sin embargo, cuando se estableció que había subido al vehículo de la víctima, cambió su versión y señaló que Percy le hizo el favor de llevarlo hasta la plazuela Tarija, donde iba a encontrarse con una mujer. Según esta versión, como ella no llegó, posteriormente se dirigió a su domicilio. En otra declaración, en cambio, sostuvo que se encontró con la mujer y que ambos se dirigieron hacia la zona de moteles, en la carretera a Sacaba.

Caero, por su parte, indicó que quedó psicológicamente bloqueado al presenciar el hecho y que era amenazado. También admitió haber limpiado la escena y borrado el DVR del motel.

En cuanto a Jorge Zubieta, este se acogió a su derecho al silencio. El principal elemento que lo vinculaba con el crimen era el testimonio que Caero brindó el 14 de mayo de 2021, durante el juicio.

Sin embargo, los familiares también refirieron que existen registros de llamadas que, según su interpretación, vinculan a los hermanos con la zona donde ocurrió el crimen. Señalaron que el 17 de junio de 2019, entre las 16:21 y las 18:39, mientras Elmer realizaba llamadas desde la radiobase de Pacata Baja —zona donde, según la investigación, ocurrió el crimen—, estuvo en contacto con su hermano Jorge.

También indicaron que durante el periodo en que habría ocurrido el crimen, entre las 20:00 y las 21:00, los hermanos apagaron sus celulares. A las 21:09, cuando el teléfono de Elmer volvió a encenderse, habría registrado actividad en la zona de Arocagua.

LA VERSIÓN DE LA DEFENSA

La lectura del abogado de los hermanos es distinta. Marcelo Rollano, en una entrevista con IN Noticias, dijo que el encarcelamiento de sus clientes es “injusto” y que la teoría de la acusación se sustentó principalmente en la declaración de Caero, la cual, en su criterio, no pudo ser demostrada con otras pruebas.

Según Rollano, Jorge llegó a su casa a las 18:00 y no salió más. Elmer se encontró con Percy Marcelo en la joyería. Luego, ambos salieron, Elmer subió al vehículo del piloto y se dirigieron hacia la plaza Tarija, pues, según el abogado, Zegarra le había dicho que iba a encontrarse con Caero.

Rollano sostuvo que Elmer se bajó del vehículo y se encontró con una mujer, después se dirigió hacia una zona de moteles y que, cuando regresaba, una antena captó su ubicación cerca de La Católica. También señaló que, al momento en que murió Zegarra, Elmer Zubieta ya se encontraba en su casa y que el registro de ingreso a su condominio respaldaría esa versión.

El abogado también afirmó que ninguno de los hermanos aparece en los videos, salvo Caero. Asimismo, sostuvo que las pruebas genéticas realizadas sobre muestras obtenidas en el lugar donde ocurrió el crimen no encontraron ADN de sus clientes.

Respecto a las deudas, Rollano sostuvo que no existen pruebas suficientes que demuestren su existencia. Los familiares de la víctima, en cambio, refirieron que Zegarra tenía un registro digital de deudas y una agenda manuscrita en la que anotaba sus cobranzas. Según ellos, esa agenda fue encontrada con alteraciones y borrones.

Los familiares también sostuvieron que, en julio de 2019, después del asesinato del piloto, Jorge Zubieta reconoció ante un notario una deuda de 8.800 dólares con uno de los hijos de la víctima.

Rollano señaló que la defensa solicitó una pericia al celular, pero que esta nunca se realizó, supuestamente porque no era posible efectuarla. Por ello, considera que no existen elementos suficientes para acreditar la hipótesis económica. También mencionó que Elmer era una persona solvente y consideró extraño que Zegarra hubiera realizado préstamos de montos elevados sin un respaldo formal.

LOS DOS JUICIOS

El 11 de octubre de 2021, el Tribunal de Sentencia No. 1 de Sacaba determinó para Elmer Zubieta y Óscar Andy Caero la pena máxima de 30 años de cárcel, sin derecho a indulto, en el penal de El Abra.

Según lo establecido en ese proceso, ambos tuvieron participación en el asesinato. Elmer habría trasladado a la víctima hasta el lugar del crimen y posteriormente habría conducido el vehículo con el cuerpo para abandonarlo en Arocagua. Además, según la acusación, habría retenido pertenencias del piloto.

Caero, por su parte, habría facilitado el inmueble donde ocurrió el asesinato, además de gestionar el traslado del sicario, limpiar la escena y ordenar el borrado de las grabaciones del motel.

El segundo juicio se dio a raíz del testimonio de Caero. El Tribunal de Sentencia Penal No. 4 de la Capital determinó, el 22 de febrero de 2023, la culpabilidad de Juan Jorge Zubieta por el asesinato y le impuso 30 años de privación de libertad en el penal de El Abra.

Según la acusación, su participación habría consistido en sujetar por la espalda al piloto, facilitando el ataque del sicario, y posteriormente ayudar a su hermano a cargar el cuerpo de la víctima al vehículo.

Eso fue lo establecido en las respectivas sentencias y sostenido por la acusación, aunque los procesados declararon su inocencia.

LAS ANULACIONES

Los sentenciados presentaron, a través de sus abogados, una serie de recursos que posteriormente derivaron en la anulación de dos de las condenas.

El 23 de octubre de 2025, la Sala Penal Primera del Tribunal Departamental de Justicia anuló la condena de Jorge Zubieta. Declaró procedente el recurso de apelación restringida y anuló totalmente la Sentencia No. 09/2023, ordenando la realización de un nuevo juicio oral ante un tribunal diferente y sin espera de turno.

De acuerdo con la resolución judicial, la anulación se sustentó en observaciones al trabajo del tribunal de primera instancia. Entre ellas, la Sala cuestionó que no se hubiera explicado suficientemente por qué se otorgó credibilidad al relato de Andy Caero, pese a las contradicciones señaladas por la defensa con el acta de reconstrucción de los hechos.

También observó la valoración de una pericia genética de cargo y cuestionó que se le hubiera atribuido una “identidad genética plena” cuando, según la resolución, solo establecía coincidencias parciales de alelos. Asimismo, observó el tratamiento dado a una pericia de descargo del IDIF La Paz.

Otro de los cuestionamientos estuvo relacionado con el silencio de Jorge Zubieta y su negativa a someterse a careos. La Sala consideró que utilizar esos elementos como indicios de culpabilidad vulneraba la presunción de inocencia y el derecho a la no autoincriminación.

Como consecuencia, la condena de 30 años de Jorge Zubieta quedó sin efecto y debe realizarse un nuevo juicio.

La familia de la víctima teme ahora que Zubieta pueda solicitar la cesación de su detención preventiva. Torrico manifestó que, de concretarse ese escenario, “se estaría consolidando una arbitrariedad total”.

El otro caso corresponde a Elmer Zubieta. Mediante el Auto Supremo No.  1827/2025-F, el Tribunal Supremo de Justicia dejó sin efecto el Auto de Vista que había confirmado su condena y ordenó a la Sala Penal Segunda de Cochabamba emitir una nueva resolución.

Según la decisión judicial, el tribunal de apelación no se habría pronunciado de manera suficiente sobre algunos de los agravios planteados por la defensa respecto a pruebas de descargo consideradas importantes, entre ellas el libro de registros de la urbanización donde vive y peritajes de geolocalización y videovigilancia del motel.

El Tribunal Supremo consideró que la falta de respuesta a esos agravios constituía un defecto de incongruencia omisiva que afectaba el debido proceso.

En este caso, la condena de 30 años de Elmer Zubieta continúa formalmente vigente, pero el Auto de Vista que la confirmó fue dejado sin efecto. Ahora corresponde que la Sala Penal Segunda de Cochabamba emita un nuevo pronunciamiento.

Los dos hermanos permanecen en prisión, pero la familia teme que puedan recuperar su libertad mediante solicitudes de cesación a la detención preventiva. En cambio, Caero se encuentra con detención domiciliaria y mantiene vigente su sentencia.

SIETE AÑOS DESPUÉS

Siete años después del asesinato de Percy Zegarra, el caso todavía no ha llegado a un punto definitivo. Tres personas fueron condenadas a 30 años de prisión, pero dos de esas sentencias fueron anuladas y ahora deben ser revisadas nuevamente por la Justicia.

Para la familia, las decisiones judiciales representan un retroceso después de años de búsqueda de justicia. Para la defensa de los hermanos Zubieta, en cambio, las anulaciones confirman que existieron deficiencias en la valoración de las pruebas y que todavía existen elementos de descargo que deben ser considerados.

Mientras tanto, el cuarto hombre señalado por la acusación como el sicario continúa prófugo.

La familia de Zegarra sigue esperando justicia y que el proceso llegue a una resolución definitiva. A siete años del crimen, las preguntas que surgieron aquella madrugada todavía no tienen un cierre judicial.",https://www.opinion.com.bo/articulo/policial/caso-piloto-percy-zegarra-siete-anos-despues-entre-juicios-condenas-anulaciones/20260816105159994837.html
Opinión,2026-08-16,"El País, Combustible, Privados",Refinería privada en Santa Cruz producirá diésel y proyecta ampliar su capacidad,"En medio de la persistente escasez de diésel en Santa Cruz, una refinería privada instalada en el municipio de Cuatro Cañadas recibió autorización para importar petróleo crudo y procesarlo en Bolivia, con el objetivo de producir principalmente diésel y gasolina.

La planta pertenece a la empresa Recicladora Agroindustrial Estrella Rural del Este (Alere SRL) y tiene como inversionista al menonita David Wall. De acuerdo con información proporcionada por la compañía, la instalación fue diseñada para obtener una mayor proporción de diésel, informo El Deber.

En su primera etapa, la refinería prevé procesar 18.867 barriles de petróleo crudo al mes. Con este volumen, se estima una producción mensual de aproximadamente 1,35 millones de litros de diésel y 900.000 litros de gasolina, además de gas y coque de petróleo como subproducto.

Durante una visita a la planta, el ministro de Desarrollo Productivo, Óscar Mario Justiniano, afirmó que la instalación ya se encuentra operativa y destacó las posibilidades de ampliar su capacidad de producción.

Según la autoridad, la planta puede alcanzar inicialmente una producción cercana a los dos millones de litros mensuales. Sin embargo, la proyección contempla un incremento significativo de su capacidad en menos de un año, hasta llegar potencialmente a un millón de litros de diésel por día.

De concretarse esa ampliación, Justiniano señaló que la producción podría representar aproximadamente el 33% de la demanda diaria de combustible de Santa Cruz.

Uno de los principales componentes del proyecto es la posibilidad de importar petróleo crudo para procesarlo dentro del país y transformarlo en combustibles.

El jefe de proyectos de Alere SRL, Elías Cuentas, explicó que la iniciativa se desarrolla bajo el marco del Decreto Supremo 5603 y que, a partir del acuerdo alcanzado con el Gobierno, la empresa podrá avanzar en los trámites para importar crudo.

Cuentas indicó que todavía deben resolverse algunos aspectos regulatorios para acompañar las siguientes fases del proyecto. Justiniano, por su parte, afirmó que ya se avanzó en los acuerdos necesarios para viabilizar la importación, con la participación del Ministerio de Hidrocarburos y YPFB.

El ministro sostuvo además que esta constituye la primera experiencia de este tipo en el país, al permitir que una empresa privada importe crudo, lo procese en territorio nacional y obtenga combustibles.

La puesta en marcha de la refinería se produce mientras las filas por diésel continúan en diferentes puntos de Santa Cruz y el sector productivo reclama un mayor suministro para sostener la campaña agrícola.

La iniciativa es presentada por el Gobierno como parte de una política orientada a ampliar la participación del sector privado en actividades vinculadas con la producción y procesamiento de combustibles.

Justiniano afirmó que se busca promover la inversión privada en diferentes sectores de la economía y cuestionó el modelo de concentración estatal que, según sostuvo, limitó la participación de empresas particulares.

La visita de las autoridades a la planta de Cuatro Cañadas permitió verificar las instalaciones junto con representantes del municipio y trabajadores de Alere.

La refinería se perfila así como una nueva alternativa para el abastecimiento de carburantes en Santa Cruz, aunque su impacto dependerá de la capacidad de la empresa para incrementar su producción y concretar la importación de crudo prevista para las siguientes etapas.",https://www.opinion.com.bo/articulo/pais/refineria-privada-santa-cruz-producira-diesel-proyecta-ampliar-capacidad/20260816105000994839.html
Opinión,2026-08-16,"El País, Combustible, FILAS, Escasez",Gobierno asegura que YPFB se comprometió a abastecer “paulatinamente” gasolina y luego diésel,"El Gobierno informó que Yacimientos Petrolíferos Fiscales Bolivianos (YPFB) se comprometió a comenzar a regularizar de manera gradual el suministro de combustibles, con prioridad inicial en la gasolina y posteriormente en el diésel.

El ministro de Desarrollo Productivo, Óscar Mario Justiniano, reconoció que la escasez de carburantes genera preocupación tanto en el sector productivo como entre la población en general, informó Unitel.

Según la autoridad, el presidente de YPFB asumió el compromiso de iniciar desde este fin de semana la provisión paulatina de gasolina y, posteriormente, avanzar con el abastecimiento de diésel.

“Paulatinamente iba a empezar a abastecer ya de gasolina, posteriormente en el tema diésel”, señaló Justiniano al referirse al compromiso asumido por la estatal petrolera.

El ministro explicó que, ante la situación de emergencia provocada por la falta de combustibles, varias carteras de Estado se involucraron en la búsqueda de soluciones, debido a las dificultades que persisten en el proceso de abastecimiento.

Justiniano indicó que los ministerios mantienen un seguimiento permanente junto con YPFB para evaluar el avance de la logística y la distribución de carburantes.

De acuerdo con sus declaraciones, se realizan reuniones con representantes de la empresa estatal hasta tres veces al día para conocer el estado del abastecimiento y las dificultades que enfrenta la distribución.

La situación se registra mientras las filas de vehículos continúan extendiéndose en diferentes puntos del país. Conductores del transporte pesado y liviano deben permanecer durante largas horas e incluso días a la espera de cargar gasolina o diésel, en medio de una creciente preocupación por el impacto de la escasez en las actividades económicas y cotidianas.",https://www.opinion.com.bo/articulo/pais/gobierno-asegura-que-ypfb-comprometio-abastecer-paulatinamente-gasolina-luego-diesel/20260816094954994833.html
Opinión,2026-08-16,"El País, Combustible, Velasco",Gobierno está dispuesto a ayudar al gobernador Velasco para importar combustible,"En medio de las persistentes filas en los surtidores de Bolivia por la falta de combustibles, el Gobierno expresó su disposición a colaborar con la Gobernación de Santa Cruz para viabilizar la importación de carburantes en alianza con empresas privadas.

El ministro de Hidrocarburos, Blanco, señaló que la iniciativa planteada por el gobernador cruceño, Juan Pablo Velasco, puede contar con el respaldo del Ejecutivo en los trámites necesarios para concretar la importación.

“En lo que podamos colaborar, estamos para ayudarlo en los trámites que necesita”, afirmó el ministro en contacto con los medios, al referirse a la propuesta que contempla la participación del sector privado.

La autoridad nacional indicó además que el Gobierno está dispuesto a apoyar tanto la iniciativa de Velasco como cualquier otra alternativa que permita contribuir al abastecimiento de combustibles.

Días atrás, el gobernador de Santa Cruz informó que se había alcanzado un acuerdo con una empresa privada para importar, almacenar y comercializar combustible sin subsidios. La propuesta busca garantizar principalmente el suministro al sector productivo del departamento.

Sin embargo, Velasco explicó que para concretar este mecanismo se requiere la aprobación de un Decreto Supremo que permita establecer una relación entre el Gobierno departamental y una empresa privada dedicada a la importación y comercialización de carburantes.

Actualmente, según la autoridad cruceña, este tipo de operaciones está vinculada principalmente con empresas estatales.

Velasco sostuvo que la iniciativa responde a la necesidad de encontrar alternativas frente a los problemas de abastecimiento y afirmó que, como gobernador, tiene la responsabilidad de impulsar soluciones concretas para Santa Cruz.",https://www.opinion.com.bo/articulo/pais/gobierno-dispuesto-ayudar-gobernador-velasco-importar-combustible/20260816094119994832.html
Opinión,2026-08-16,"El País, Combustible, Importación",Privados importarán crudo para refinar diésel ante la crisis de combustibles,"En medio de la crisis de abastecimiento de combustibles que afecta al país, el Gobierno nacional y el sector privado suscribieron un acuerdo que permitirá a una refinería privada importar petróleo crudo para producir diésel y gasolina en Bolivia.

La iniciativa es liderada por la empresa Alere S.R.L. que se encuentra ubicada en el municipio cruceño de Cuatro Cañadas. La entidad es vinculada a la Recicladora Agroindustrial del Este, busca abastecer de manera prioritaria al sector agrícola de la región.

Por su parte, los ministros Óscar Mario Justiniano y Marcelo Blanco, destacaron que este acuerdo, al facilitar licencias y reducir la burocracia para así proteger la seguridad alimentaria del país.

Inicialmente se prevé procesar 18.867 barriles de petróleo crudo al mes para generar aproximadamente 1,35 millones de litros de diésel y 900.000 litros de gasolina, además de gas y coque.

“Si estamos hablando de que esta planta, con una inversión superior, en menos de un año puede producir un tercio de lo que requiere todo Santa Cruz en un día, por supuesto que es una solución”, dijo Justiniano en conferencia de prensa.

Mientras que, a corte plazo estima que, en menos de un año, la refinería podría multiplicar su capacidad hasta alcanzar una producción de un millón de litros diarios. De concretarse, este volumen lograría cubrir alrededor del 33% de la demanda diaria de diésel de todo el departamento de Santa Cruz.",https://www.opinion.com.bo/articulo/pais/privados-importaran-crudo-refinar-diesel-crisis-combustibles/20260816090943994831.html
Unitel,2026-08-16,Agencias,La Policía de Ecuador detiene a 12 presuntos integrantes de Los Lobos en la costa,"Quito, 15 ago (EFE).- La Policía de Ecuador detuvo este viernes a doce presuntos integrantes de la banda criminal Los Lobos durante una operación realizada en el municipio de Santa Ana, en la provincia costera de Manabí, una de las más afectadas por la actividad del crimen organizado, según informó la institución este sábado.

El operativo se ejecutó durante la madrugada, alrededor de la 01:00 hora local (06:00 GMT), en coordinación con las Fuerzas Armadas y en el marco del estado de excepción vigente.

Los agentes allanaron dos inmuebles donde fueron detenidos los doce ciudadanos, todos de nacionalidad ecuatoriana y que, según la Policía, formarían parte de una facción de Los Lobos, una de las bandas criminales más activas de Ecuador.

La institución señaló que los sospechosos estarían relacionados con delitos de intimidación y porte ilegal de armas de fuego.

De los doce detenidos, nueve registran antecedentes por delitos como secuestro, asesinato, robo, extorsión, tráfico de drogas y porte de armas.

Durante la operación, las fuerzas de seguridad también incautaron tres armas de fuego, 22 cartuchos de distintos calibres, dos alimentadoras, un vehículo, dos teléfonos móviles, doce gramos de marihuana y un bolso.

Los detenidos fueron trasladados a un centro de salud para su valoración médica y posteriormente quedaron a disposición de las autoridades judiciales.

Los Lobos es uno de los grupos armados que han sido catalogados como ""terroristas"" en el marco del ""conflicto armado interno"" que declaró el presidente Daniel Noboa a inicios de 2024 para combatir al crimen organizado. EFE

af/cpy",https://unitel.bo/noticias/agencias/la-policia-de-ecuador-detiene-a-12-presuntos-integrantes-de-los-lobos-en-la-costa-CN22854512
Unitel,2026-08-16,Agencias,Irán exige que Catar libere tres pilotos capturados en marzo,"Teherán, 15 Ago 2026 (AFP) -

Irán afirmó el sábado que tres de sus pilotos de caza habían sido capturados durante un ataque dirigido en marzo contra una base estadounidense en Catar, en el marco de la guerra en Oriente Medio, y exigió su liberación.

""Tres pilotos iraníes fueron capturados con vida por las fuerzas cataríes tras el accidente de sus aviones Su-24"" el 2 de marzo, declaró el general Mohamad Baqerzadeh, citado por la agencia de noticias Fars.

""Javad Salehi, Abdolmajid Dashtian y Omran Behraveshian están detenidos por las fuerzas cataríes (...) y el gobierno catarí aún no les ha permitido reunirse ni contactar con sus familias ni con las autoridades"", añadió Baqerzadeh en una carta dirigida al Comité Internacional de la Cruz Roja (CICR).

Baqerzadeh llamó al CICR a ""reunirse con los pilotos iraníes lo antes posible, informarse sobre su estado de salud y facilitar su liberación"".

La AFP contactó con el Ministerio de Exteriores de Catar pero este no ofreció ninguna declaración.

El 2 de marzo, la Fuerza Aérea catarí anunció que había derribado dos bombarderos Sukhoi Su-24 procedentes de Irán tras unos disparos iraníes contra instalaciones de gas en el emirato, pero no precisó qué había pasado con los pilotos.

A finales de julio, el ejército iraní anunció haber recuperado el cuerpo de uno de ellos, Majid Kazemi, muerto durante un ataque a principios de marzo contra la base aérea estadounidense de Al Udeid, en Catar.

Las autoridades señalaron que otros tres pilotos estaban desaparecidos desde ese ataque, sin decir que habían sido capturados.

La guerra en Oriente Medio empezó el 28 de febrero con una campaña de bombardeos israeloestadounidenses contra Irán.

Teherán respondió con ataques contra los países del Golfo aliados de Washington, entre ellos Catar.

A mediados de junio, Teherán y Washington firmaron un protocolo de acuerdo para poner fin a la guerra, pero este se vino abajo a principios de julio, con la reanudación de los ataques por ambas partes.

Aunque la intensidad de los enfrentamientos disminuyó en los últimos días, las negociaciones siguen estancadas.

ap/lob/cab/hme/jvb/hgs",https://unitel.bo/noticias/agencias/iran-exige-que-catar-libere-tres-pilotos-capturados-en-marzo-FN22855077
Unitel,2026-08-16,Agencias,"El fuerte terremoto en Colombia agrava la crisis del hospital de Chocó, que opera a medias","Esneyder Negrete

Quibdó (Colombia), 15 ago (EFE).- Una grieta atraviesa la pared de arriba abajo y se extiende hasta el suelo de la planta de oxígeno del Hospital Departamental San Francisco de Asís, en Quibdó, una imagen que resume la crisis del principal centro asistencial del departamento del Chocó tras el terremoto de 7,4 del lunes en Colombia.

A pocos centímetros de la fractura, las tuberías amarillas del sistema de oxígeno permanecen expuestas entre el concreto resquebrajado, mientras el gerente interventor del hospital, Ovidio Garrido Córdoba, explica a EFE los daños ocasionados por el sismo en una de las áreas más sensibles del complejo sanitario.

Cuando ocurrió el sismo, que dejó 13 muertos en el Chocó, el hospital activó los protocolos de emergencia y evacuó a los pacientes, que fueron atendidos temporalmente en el exterior mientras las autoridades verificaban el estado de la estructura.

Aunque una primera inspección concluyó que el edificio podía seguir funcionando, estudios posteriores identificaron problemas en dos puntos críticos: la planta de oxígeno y el pasillo del área quirúrgica.

""Los usuarios fueron atendidos a las afueras de la institución y, posteriormente, las evaluaciones determinaron que había zonas que requerían una intervención inmediata"", explicó Garrido a EFE.

Los daños estructurales coincidieron con una serie de fallas en el suministro eléctrico que terminaron por averiar equipos fundamentales para el funcionamiento del hospital.

El terremoto profundizó la crisis de una institución que funciona con una ocupación superior al 160 %, sufrió daños en áreas críticas y perdió equipos esenciales mientras atiende a cientos de damnificados en una de las regiones más pobres del país.

Equipos averiados

Los cortes de energía dañaron la nevera donde se almacenaban los hemocomponentes utilizados en las transfusiones de sangre y el equipo destinado a conservar los reactivos del laboratorio, lo que obligó al personal a improvisar soluciones para mantener operativos los servicios más urgentes.

""Se nos quemó la nevera donde guardamos los hemocomponentes y también la nevera de los reactivos"", explicó a EFE Yandy Vanessa Aguilar, coordinadora del laboratorio y de la unidad transfusional.

La especialista aseguró que el traslado de las unidades de sangre a un equipo alternativo alteró el funcionamiento habitual del servicio y complicó el cumplimiento de la cadena de frío.

Además, la escasez de reactivos obligó a suspender la consulta externa, una decisión que afecta tanto a los pacientes hospitalizados como a quienes requieren atención ambulatoria.

Llega la ayuda

En medio de la emergencia, la solidaridad comenzó a llenar algunos de los vacíos que dejó el terremoto.

En el patio del hospital, varios voluntarios descargan cuidadosamente una nevera blanca donada por la comunidad de hematólogos colombianos para reemplazar el equipo averiado y garantizar el almacenamiento seguro de la sangre.

En otra área del centro asistencial, trabajadoras sanitarias clasifican medicamentos, jeringas, guantes, materiales para suturas e insumos médico-quirúrgicos enviados desde diferentes regiones del país, mientras organizan las ayudas que llegan para responder a una demanda que no deja de crecer.

""Gracias a la solidaridad hemos recibido medicamentos, insumos médico-quirúrgicos y unidades de sangre"", afirmó Garrido, quien pidió mantener el apoyo nacional e internacional para garantizar la continuidad de la atención.

El médico y activista Camilo Prieto, que participa en la recolección de ayudas, detalló que el hospital necesita vendajes elásticos y de yeso, jeringas de cualquier volumen, guantes de manejo, guantes estériles y materiales de suturas de diferentes calibres.

En el caso de los medicamentos, Prieto recomendó consultar los listados publicados por las secretarías de Salud y los hospitales, pues las necesidades varían de una institución a otra.

Ahora, además de atender a los heridos y damnificados, el principal centro asistencial del Chocó intenta recuperarse de los daños provocados por el terremoto mientras sus trabajadores, apoyados por una red de voluntarios y donantes, intentan evitar que la emergencia sanitaria se profundice. EFE

enb/joc/nvm

(foto)(video)",https://unitel.bo/noticias/agencias/el-fuerte-terremoto-en-colombia-agrava-la-crisis-del-hospital-de-choco-que-opera-a-medias-DN22855170
Unitel,2026-08-16,Agencias,Ceuta activa un frente vecinal para recuperar la normalidad tras la crisis fronteriza,"Ceuta (España), 15 ago (EFE).- Asociaciones y entidades vecinales de Ceuta, junto al presidente de la ciudad autónoma española, Juan Vivas, acordaron este sábado la creación de un grupo de trabajo permanente para seguir la situación de los barrios tras la crisis fronteriza del pasado 30 de junio, fecha en la que más de 70.000 inmigrantes lograron cruzar la frontera entre Marruecos y España.

En una reunión de trabajo, en la que participaron también otros responsables políticos, Vivas trasladó a los representantes vecinales la necesidad de afrontar la situación con ""unidad, firmeza y templanza"", sin perder la compostura y desde la serenidad y la responsabilidad.

El presidente de Ceuta informó asimismo de las gestiones realizadas para reforzar los medios en la frontera del Tarajal, entre ellas la petición de contar con presencia de la Agencia Europea de la Guardia de Fronteras y Costas (Frontex), y la necesidad de agilizar la tramitación de los expedientes de devolución, medidas que, señaló, deben contribuir a avanzar hacia la normalización de la situación.

El encuentro ha servido además para establecer un canal directo de comunicación y coordinación entre la ciudad autónoma española, ubicada en el norte de África, y el movimiento vecinal, con el objetivo de conocer de primera mano las necesidades y preocupaciones de los distintos barrios y facilitar una respuesta más rápida ante los problemas que puedan surgir.

Entre los asuntos abordados han figurado la prestación de servicios públicos esenciales, especialmente los relacionados con la limpieza y el mantenimiento urbano, así como las demandas vecinales en materia de seguridad, una de las principales preocupaciones trasladadas por los representantes de las barriadas después de los acontecimientos registrados durante las últimas semanas.

El nuevo grupo de trabajo permitirá realizar un seguimiento continuo de la situación y reforzar la colaboración entre la Administración local y las asociaciones vecinales mientras se prolongue la situación de excepcionalidad.

Ceuta ha vinculado el regreso a la normalidad a la resolución de las consecuencias derivadas de la entrada masiva e irregular de personas por la frontera del Tarajal el pasado 30 de julio, en una jornada que provocó una grave alteración de la situación en la ciudad.

El ministro del Interior español, Fernando Grande-Marlaska, cuantificó el pasado jueves en unos 5.000 los migrantes que todavía están en la ciudad autónoma española. EFE

jmr/erv/grc/ajs",https://unitel.bo/noticias/agencias/ceuta-activa-un-frente-vecinal-para-recuperar-la-normalidad-tras-la-crisis-fronteriza-GN22855333
Unitel,2026-08-16,Agencias,OIM alerta sobre riesgo de trata de personas en zonas de Colombia afectadas por terremoto,"Bogotá, 15 ago (EFE).- La Organización Internacional para las Migraciones (OIM) advirtió este sábado sobre el riesgo de trata de personas en las zonas afectadas por el terremoto que sacudió Colombia el pasado lunes, ante la vulnerabilidad de quienes han perdido sus viviendas, sus medios de vida o sus redes de apoyo.

""Las redes de trata suelen aprovechar la vulnerabilidad y la urgencia de las comunidades afectadas para acercarse con falsas promesas de empleo, apoyo económico, oportunidades educativas o carreras deportivas"", indicó Dayan Corrales, coordinadora del Programa de Trata de Personas de la OIM en Colombia.

La OIM, que hace parte del sistema de Naciones Unidas, señaló que entre las principales situaciones de explotación se encuentran la sexual comercial, el trabajo forzado, la mendicidad ajena, el matrimonio servil y la adopción ilegal, según el organismo, que alertó especialmente sobre los riesgos para las personas alojadas en albergues colectivos temporales.

La OIM recomendó a las familias verificar que las ofertas de transporte, alojamiento o ayuda procedan de instituciones oficiales y consultar con el personal humanitario antes de aceptar propuestas laborales o auxilios que impliquen trasladarse fuera de su ciudad o del país.

También recordó que ningún trámite legítimo exige entregar documentos de identidad, propios o de menores de edad, a particulares.

El organismo pidió además extremar la protección de niños, niñas y adolescentes, que deben permanecer acompañados por sus familiares, y hacer un uso responsable de las redes sociales y aplicaciones de mensajería, donde pueden difundirse ofertas engañosas.

La OIM informó de que ya trabaja en las zonas afectadas por el terremoto para identificar necesidades y riesgos de protección y prepara acciones de prevención en albergues y centros comunitarios, además de divulgar las rutas disponibles para denunciar posibles casos de trata.

El terremoto de magnitud 7,4 que sacudió Colombia el pasado lunes deja hasta este sábado 294 muertos, 3.935 heridos y 320 desaparecidos, según el último balance de la Unidad Nacional para la Gestión del Riesgo de Desastres (UNGRD). EFE

pc/joc/nvm",https://unitel.bo/noticias/agencias/oim-alerta-sobre-riesgo-de-trata-de-personas-en-zonas-de-colombia-afectadas-por-terremoto-DN22855350
Unitel,2026-08-16,Agencias,Gobierno de Venezuela afirma que ha excarcelado a 1.046 presos políticos tras amnistía,"Caracas, 15 Ago 2026 (AFP) -

La presidenta interina de Venezuela, Delcy Rodríguez, afirmó el sábado que han sido excarcelados 1.046 presos políticos tras una amnistía en enero y acuerdos con la oposición, una cifra que discrepa con la de organizaciones de derechos humanos.

El gobierno anunció el viernes que otorgaría la libertad a 131 personas detenidas por razones políticas.

""Venezuela reafirma su compromiso con la reconciliación nacional. 1046 compatriotas que fueron privados de su libertad han regresado a sus hogares en el marco de los acuerdos alcanzados entre venezolanos"", escribió Rodríguez en un mensaje en X.

Por su parte, la oenegé Foro Penal dijo el sábado que han podido verificar 72 de esas 131 excarcelaciones prometidas el viernes.

""Podemos confirmar la liberación ayer (viernes) de 72 presos políticos: 55 hombres y 17 mujeres"", dijo en X Gonzalo Himiob, director de Foro Penal.

Las excarcelaciones se producen días después de un diálogo político entre parte de la oposición y el oficialismo, auspiciado por Estados Unidos, que busca una transición y posteriores elecciones.

Desde que Rodríguez asumió el poder tras el derrocamiento y captura de Nicolás Maduro en una operación militar estadounidense en enero, se producen liberaciones de presos políticos a cuentagotas.

El jefe de la diplomacia estadounidense, Marco Rubio, dijo que el proceso de liberación es un ""paso crucial para el proceso de reconciliación de la nación"".

La líder opositora y premio Nobel de la Paz, María Corina Machado, agradeció al presidente Donald Trump y al gobierno de Estados Unidos, quienes, ""al llevar a Maduro ante la justicia, abrieron el camino para la liberación de todos los presos políticos y la libertad de toda Venezuela"".

El opositor Edmundo González, a quien Machado reivindica como ganador de las presidenciales en 2024, exigió la liberación de los detenidos por razones políticas que aún permanecen tras las rejas y pidió establecer responsabilidades por esas detenciones.

""Quienes ayer recuperaron su libertad nunca debieron haber estado presos"", escribió en X.

""Pero que quede claro que su excarcelación no borra los años de encierro ni sus consecuencias para ellos y sus familias"", agregó González.

Según Foro Penal, hasta el pasado lunes había 391 presos políticos en Venezuela, antes de las liberaciones del viernes.

afc/lp/mr",https://unitel.bo/noticias/agencias/gobierno-de-venezuela-afirma-que-ha-excarcelado-a-1046-presos-politicos-tras-amnistia-PN22855468
Unitel,2026-08-16,Agencias,"India conmemora su independencia en Bolivia con una muestra de música, danza y gastronomía","La Paz, 15 ago (EFE).- La Embajada de India en Bolivia conmemoró este sábado la independencia de ese país con una muestra de su música, danzas y gastronomía para afianzar las relaciones entre ambos países.

El embajador de India en Bolivia, Rohit Vadhwana, destacó que es su primera celebración patria después de casi un año de haber establecido oficialmente su representación diplomática en La Paz, sede de Gobierno boliviano, en octubre de 2025.

""En este tiempo hemos logrado mucho, hemos viajado por toda Bolivia, excepto Pando, y hemos tenido un contacto con las autoridades en casi todos los departamentos, nos hemos reunido con ministros, parlamentarios, asambleístas, gobernadores y alcaldes"", afirmó Vadhwana.

La celebración se realizó en la embajada de India, ubicada en el sur de la ciudad de La Paz, donde los asistentes, tanto residentes indios como invitados bolivianos, disfrutaron de danzas típicas del país asiático.

Asimismo, los anfitriones deleitaron a los asistentes con música india y con una ceremonia espiritual que, según dijo el embajador, es una parte ""muy importante"" para su país.

Un momento especial durante la celebración fue una representación teatral en la que ciudadanos indios ingresaron al escenario principal con vestimenta típica de Bolivia y de India.

Yogesh Sanwal ofreció a los visitantes una muestra de pinturas que mostró cuadros con personajes y lugares importantes de India.

Sanwal contó a EFE que le gusta ""mucho"" la comida y la cultura boliviana, lo que le impulsó a abrir un restaurante que se llama ""Bar Bolivia"" y que ofrece platos con ingredientes de India y de Bolivia.

""Me gusta mucho Bolivia, es increíble, el salar de Uyuni, la comida, la cultura, por eso yo puse 'Bar Bolivia' (...) usamos ingredientes que también hay en Bolivia como el curry y la cúrcuma"", resaltó Sanwal.

El embajador Vadhwana dijo que como India ""es el mayor fabricante de vacunas del mundo"" donó a Bolivia 300.000 dosis de vacunas contra el sarampión, como muestra de su intención de fortalecer sus relaciones.

El representante diplomático invitó a los bolivianos a que se unan a las diferentes actividades que realiza su delegación como clases de yoga y muestras de cine indio.

En noviembre pasado, el vicepresidente de Bolivia, Edmand Lara, se reunió con el embajador de India con el fin de fortalecer las relaciones bilaterales y promover una cooperación integral orientada al desarrollo tecnológico y social. EFE

drl-am/nvm

(foto) (video)",https://unitel.bo/noticias/agencias/india-conmemora-su-independencia-en-bolivia-con-una-muestra-de-musica-danza-y-gastronomia-AN22855498
Unitel,2026-08-16,Agencias,Landaluce remonta a Arnaldi y vuela a la tercera ronda en Cincinnati,"Chicago (EE.UU.), 15 ago (EFE).- El español Martín Landaluce remontó una rotura de desventaja este sábado y ganó por 6-4, 4-6 y 6-4 al italiano Matteo Arnaldi para avanzar a la tercera ronda del Masters 1.000 de Cincinnati.

Landaluce, número 67 del ránking mundial, estuvo abajo 2-4 en el tercer set ante Arnaldi (n.34), pero cerró el partido con cuatro juegos consecutivos para prolongar su camino en el cemento de Cincinnati.

Mostró carácter y paciencia Landaluce, en un partido que tuvo más de una hora de interrupción por lluvia.

En la tercera ronda se medirá con toda probabilidad con el serbio Novak Djokovic, que dominaba en ese mismo momento su partido de segunda ronda ante el argentino Tiago Agustín Tirante.

Por otro lado, se despidió de Cincinnati Bucsa, número 38 del ránking mundial, que perdió 6-2 y 6-2 contra Maja Chwalinska tras la batalla de más de dos horas ganada en primera ronda ante la húngara Panna Udvardy.

El programa de este sábado también verá el debut de Rafael Jódar, que se enfrentará al canadiense Denis Shapovalov tras la semifinal disputada el miércoles en Montreal. EFE

am/laa",https://unitel.bo/noticias/agencias/landaluce-remonta-a-arnaldi-y-vuela-a-la-tercera-ronda-en-cincinnati-FN22855550
Unitel,2026-08-16,Agencias,Domingo 16 de agosto de 2026,".

FÚTBOL INGLATERRA

Redacción deportes. El Arsenal, como campeón de la Premier League, y el Manchester City, como titular de la FA Cup, se enfrentan este domingo en la Community Shield, que tiene como escenario el Millennium Stadium de Cardiff, que no acogía la Supercopa inglesa desde hace 20 años.

(Texto) (Foto)

.

FÚTBOL FRANCIA

Redacción deportes. El París Saint-Germain, campeón de la Ligue-1, se enfrenta este domingo al Lens, ganador de la Copa y que actúa como anfitrión en el Stade Bollaert-Delelis, en la Supecopa de Francia. El primero, que dirige Luis Enrique Martínez, ha ganado el Trophée des Champions 14 veces, las cuatro últimas de forma consecutiva. El segundo persigue su primer título tras haber perdido su anterior final, en 1998 y precisamente ante el equipo parisiense.

(Texto) (Foto)

.

FÚTBOL ESPAÑA

Santander/Barcelona. El Racing regresa a Primera División recibiendo este domingo en Santander al Villarreal en un domingo en el que también se juega el partido de la primera jornada de LaLiga EA Sports Espanyol-Levante. El Celta-Osasuna fue aplazado por el mal estado del césped de Balaídos.

(Texto) (Foto)

. El Barcelona y el Real Madrid continúan afinando su preparación para sus respectivos estrenos ligueros y este domingo se enfrentan al Basilea en el St. Jakob Park y al Schalke en Gelsenkirchen (Alemania).

(Texto)

.

FÚTBOL COPA SUDAMERICANA

Redacción Deportes. Un Boca Juniors que ya no avasalla, pero sabe sufrir; un Neymar que conserva la batuta para sacar música a Santos y tres equipos que pavimentaron un tramo de su camino desde la casa de rival parten como favoritos en la semana decisiva por un cupo en los cuartos de final de la Copa Libertadores. Por Hernán Bahos Ruiz

(Texto) (Foto)

.

FÚTBOL COPA LIBERTADORES

Redacción Deportes. Una hilera de siete empates y un técnico despedido fueron los datos más destacados de la ida de los octavos de final de la Copa Libertadores, así como un encuentro aplazado por la devastación del terremoto en Colombia, lo que deja abierto el panorama para la semana decisiva que comienza el próximo martes. Por Luis Alejandro Amaya E.

(Texto)

.

ATLETISMO EUROPEOS

Redacción deportes. El sueco Armand Duplantis busca su cuarto oro continental en salto con pértiga este domingo en la última jornada de los Europeos de atletismo de Birmingham (Reino Unido), en las que además se disputan los maratones femeninos y masculinos en sesión matutina y por la tarde la final de 3.000 obstáculos en categoría masculina, de 1.500, jabalina y longitud en la femenina y los relevos del 4x100 mixto y 4x400.

(Texto) (Foto)

.

BÉISBOL MEMORIAS DE LA PELOTA

Redacción Deportes. El 16 de agosto de 1920, hace 106 años, un hecho lamentable que derivó en la muerte del pelotero Ray Chapman cambió para siempre las medidas de seguridad en el béisbol. Murio doce horas después de haber recibido un pelotazo en la cabeza del 'picher' Carl Mays. Por Hernán Bahos Ruiz.

(Texto) (Foto)

-------------------------------------------------------------

.

AGENDA INFORMATIVA

.

ATLETISMO

- Terminan los Campeonatos de Europa de atletismo en Birmingham (Reino Unido). Última jornada, con las finales de maratón femenino y masculino; finales masculinas de pértiga, 3.000 obstáculos y relevos 4x400 ; y femeninas de jabalina, longitud, 1.500 y relevos 4x400 y mixta de relevos 4x100.

.

AUTOMOVILISMO

- Termina el Mundial de Fórmula E. 17ª y última carrera: ePrix de Londres-2 (14.05-15.00 GMT).

- IndyCar Series. 14ª carrera: Gran Premio de Canadá, en Markham (16.00 GMT).

.

CICLISMO

- Acaba la Volta a Portugal. 10ª y última etapa: Maia-Oporto, de 136,9 km.

- UCI World Tour. ADAC Cyclassics, en Hamburgo (Alemania).

- Acaba el Tour de la República Checa. 4ª y última etapa: Kroměříž-Pustevny, de 160,2 km.

.

FÚTBOL

- Inglaterra. Community Shield (Supercopa): Arsenal-Manchester City (14.00 GMT). (FOTO)

- Francia. Supercopa: Lens-PSG, en Lens (18.45 GMT).

- España. LaLiga EA Sports. 1ª jornada (FOTO): Racing-Villarreal (15.00 GMT) y Espanyol-Levante (17.00 GMT)

. Amistosos Basilea-Barcelona, en el St. Jakob Park y Schalke-Real Madrid, en Gelsenkirchen (Alemania)

- Copa Sudamericana. Un Boca Juniors que ya no avasalla, pero sabe sufrir; un Neymar que conserva la batuta para sacar música a Santos y tres equipos que pavimentaron un tramo de su camino desde la casa de rival parten como favoritos en la semana decisiva por un cupo en los cuartos de final de la Copa Libertadores. Por Hernán Bahos Ruiz (Foto)

- Copa Libertadores. Una hilera de siete empates y un técnico despedido fueron los datos más destacados de la ida de los octavos de final de la Copa Libertadores, así como un encuentro aplazado por la devastación del terremoto en Colombia, lo que deja abierto el panorama para la semana decisiva que comienza el próximo martes. Por Luis Alejandro Amaya E.

- Continúa la quinta jornada del torneo Clausura de Argentina, con la disputa de los partidos Sarmiento-Huracán, Central Córdoba-Instituto, River Plate-Argentinos Juniors y Barracas Central-Rosario Central.

.

GIMNASIA ARTÍSTICA

- Terminan los Campeonatos de Europa femeninos, en Zagreb. Finales por aparatos junior y Final por equipos senior

.

GIMNASIA RÍTMICA

- Acaban los Mundiales de gimnasia rítmica en Fráncfort (Alemania). Finales individuales por aparatos y finales por aparatos de conjuntos

.

GOLF

- DP World Tour. Termina el Campeonato de Dinamarca, en el Great Northern de Kerteminde.

.

HOCKEY HIERBA

- Mundial femenino y masculino, en Países Bajos y Bélgica (hasta 30): España-Sudáfrica, Argentina-Japón, del masculino; España-Irlanda del femenino.

.

MOTOCICLISMO

- Mundial de motocrós MXGP. Gran Premio de Suecia, en Uddevalla.

.

NATACIÓN

- Acaban los Campeonatos de Europa de deportes acuáticos, en París. Finales masculinas de 50 libre, 200 estilos, 100 espalda, 400 libre y relevos 4x100 estilos, y femeninas de 50 braza, 200 mariposa, 400 libre y relevos 4x100 estilos.

.

TENIS

- Torneo ATP Masters 1.000 y WTA 1.000 de Cincinnati (Estados Unidos) (hasta 23).

.

----------------------------------------------------------------

dep/EFE

Redacción EFE Deportes

(34) 913 467 211

Puede escribir a deportes@efe.com para contactar con nuestra redacción.

En www.efeservicios.com encontrará toda la producción multimedia de la Agencia EFE y su Agenda Mundial, un listado actualizado de actos informativos programados.Para cualquier otro producto o servicio, contacte con clientes@efe.com o llame al +34 913 467 245. Av. de Burgos, 8B, 28036 Madrid, España

https://x.com/EFEdeportes

EFE Deportes

Tel. +34 913 467 211

deportes@efe.com",https://unitel.bo/noticias/agencias/domingo-16-de-agosto-de-2026-MN22855584
Unitel,2026-08-16,Agencias,"Judge, astro de los Yankees, practica lanzamientos por primera vez desde su lesión","Nueva York, 15 Ago 2026 (AFP) -

La estrella de los Yankees de Nueva York, Aaron Judge, alcanzó un hito clave en su recuperación de una costilla rota al practicar lanzamientos por primera vez desde que le diagnosticaron la lesión el 4 de junio.

Desde que Judge ha estado fuera de juego, los Bombarderos del Bronx tienen un récord de 32-31 y están ansiosos por recibir refuerzos ofensivos, ya que Cody Bellinger y Giancarlo Stanton también se encuentran lesionados.

""Sé que ayer lanzó y corrió"", dijo este sábado el mánager de los Yankees, Aaron Boone, antes del partido contra los Azulejos en el Rogers Centre de Toronto.

""Esperemos que siga progresando a lo largo de esta semana y ya veremos qué otras actividades se incorporan"", agregó al sitio web del equipo.

Ganador de su tercer premio al Jugador Más Valioso de la Liga Americana la temporada pasada, el beisbolista estadounidense jugó pese al dolor durante varias semanas antes de que le diagnosticaran una fractura por estrés en la primera costilla del lado derecho.

El bateador de las Grandes Ligas dijo que creía haberse lesionado al intentar hacer una atrapada en picada y evitar chocar con su compañero de equipo Jazz Chisholm en un partido del 26 de abril.

Judge, de 34 años, suma 17 jonrones con un promedio de bateo de .248 esta campaña, pero jugó por última vez el 31 de mayo.

Con un récord de 68-54, los Yankees están a 6.5 partidos del líder, Tampa Bay, en la carrera por el título de la División Este de la Liga Americana.

bb/nf/raa/dr",https://unitel.bo/noticias/agencias/judge-astro-de-los-yankees-practica-lanzamientos-por-primera-vez-desde-su-lesion-IN22855915
Unitel,2026-08-16,Agencias,Dos muertos y 13 heridos en ataque ruso contra planta de ArcelorMittal en Krivi Rig,"(actualiza con el objetivo del ataque y el número de muertos)

Berlín, 16 ago (EFE).- Al menos dos personas han muerto y otras 13 resultaron heridas en un ataque ruso nocturno contra una planta de ArcelorMittal en Krivi Rig, la ciudad natal del presidente ucraniano, Volodímir Zelenski, informó este domingo la propia compañía.

La metalúrgica ArcelorMittal Krivi Rig informó en un comunicado en Facebook que fue objeto del ataque ruso con misiles.

Como consecuencia del ataque, 13 empleados de la empresa y de subcontratistas resultaron heridos.

Inicialmente solo se informó de un muerto, pero más tarde fue encontrado el cuerpo de otra persona fallecida.

La empresa indicó que resultaron dañadas las principales instalaciones de producción energética y de altos hornos, y los procesos productivos de la planta se han detenido parcialmente hasta que especialistas evalúen el alcance de los perjuicios y las posibilidades y los plazos para la recuperación de la actividad.

En 2022 la compañía ya sufrió un ataque con misiles en el que quedó destruido el taller de laminación de productos largos y murió uno de los empleados.

En otros lugares de la región de Dnipropetrovsk, en Nikopol, fueron atacados el centro del distrito y las comunidades de Marganets, Mirove, Pokrovske y Chervonohrihorivka.

En el ataque resultaron dañadas infraestructuras, una empresa, un edificio residencial de varias plantas y una vivienda particular.

Un hombre de 55 años resultó herido. EFE

cae/av/rml",https://unitel.bo/noticias/agencias/dos-muertos-y-13-heridos-en-ataque-ruso-contra-planta-de-arcelormittal-en-krivi-rig-EO22862336
Unitel,2026-08-16,Agencias,Kate Douglass rebaja su récord del mundo de los 50 libre,"Redacción deportes, 16 ago (EFE).- La nadadora estadounidense Kate Douglass estableció un nuevo récord del mundo de los 50 libre al imponerse este domingo en la final de los Pan Pacifics que se disputan en Irvine (Estados Unidos) con un tiempo de 23.19 segundos.

Douglass, vigente campeona olímpica de los 200 braza, rebajó en 30 centésimas la anterior plusmarca universal que ella misma estableció en las series preliminares con un crono de 23.49.

Un 'mordisco' que permitió a Douglass, de 24 años, alzarse con la victoria en la final con más de medio segundo de ventaja sobre su compatriota Gretchen Walsh, segunda con 23.74 segundos, que arrancó la jornada como plusmarquista universal de la distancia. EFE

jv/cmm",https://unitel.bo/noticias/agencias/kate-douglass-rebaja-su-record-del-mundo-de-los-50-libre-CO22862356
Unitel,2026-08-16,Agencias,Al menos 7 muertos en ataque masivo con drones contra la región de Moscú el y sur de Rusia,"Moscú, 16 ago (EFE).- Al menos siete personas murieron este domingo durante el masivo ataque ucraniano con drones y misiles contra la región de Moscú y el sur de Rusia, según informaron hoy las autoridades locales.

En total, las defensas antiaéreas derribaron más de 150 drones en nueve distritos de esa región meridional, que limita con el Donbás y está bañada por el mar de Azov.

mos/rml",https://unitel.bo/noticias/agencias/al-menos-7-muertos-en-ataque-masivo-con-drones-contra-la-region-de-moscu-el-y-sur-de-rusia-FO22862373
Unitel,2026-08-16,Agencias,Al menos 12 muertos en accidente de bus turístico polaco en Hungría,"Budapest, 16 ago (EFE).- Al menos 12 personas murieron y otras 10 resultaron gravemente heridas en la madrugada de este domingo en un accidente de un autobús turístico polaco en Hungría, cerca de la ciudad de Mezőkeresztes, en el este del país.

Según la policía local, el accidente se produjo después de la medianoche cuando el conductor se durmió y el vehículo, en el que viajaban 57 turistas y 2 conductores, descarriló, volcando en la cuneta de la autopista M3 y causando la muerte de 12 pasajeros.

El servicio de ambulancias, por su parte, informó de que 47 personas fueron hospitalizadas en las ciudades de Miskolc, Debrecen y Nyíregyháza.

Nueve heridos se encuentran en estado grave y uno está muy grave, agregó el portal Telex.hu.

El primer ministro, Péter Magyar expresó su pésame a las familias de la víctimas del accidente.

La prensa local agrega que muchas personas quedaron aplastadas debajo del bus, de 24 toneladas de peso, lo que provocó la muerte a varias.

La policía ha informado de que chófer ha quedado detenido tras el accidente que se inician procedimientos legales contra él.

La autopista M3 permanece cerrada ante el tráfico hasta que concluyan las obras de rescate.EFE

mn/iut/av

(fotos)",https://unitel.bo/noticias/agencias/al-menos-12-muertos-en-accidente-de-bus-turistico-polaco-en-hungria-JO22862391
Unitel,2026-08-16,Agencias,Al menos 7 muertos en ataque masivo con drones contra la región de Moscú y el sur de Rusia,"Moscú, 16 ago (EFE).- Al menos siete personas murieron este domingo durante el masivo ataque ucraniano con drones y misiles contra la región de Moscú y el sur de Rusia, según informaron hoy las autoridades locales.

El gobernador de la región de Rostov, Yuri Sliusar, confirmó la muerte de otros dos civiles -ya son cinco- en el bombardeo nocturno con drones de ala fija y misiles, que causaron destrozos en viviendas particulares, infraestructuras y fábricas.

En total, las defensas antiaéreas derribaron más de 150 drones en nueve distritos de esa región meridional, que limita con el Donbás y está bañada por el mar de Azov.

Mientras, en la región de Moscú falleció esta noche un hombre de 83 años al caer un dron sobre su casa, según el gobernador, Andréi Vorobiov.

El funcionario aseguró que éste ha sido uno de los ataques más masivos contra su región de los últimos tiempos, ya que las baterías antiaéreas abatieron 187 drones, que también dejaron otros tres heridos.

A su vez, otra persona murió y nueve resultaron heridas cuando fue alcanzado un autobús de trabajadores de una empresa en la región fronteriza de Bélgorod, según informó el gobernador Alexandr Shuváyev, que acusó a Kiev de terrorismo.

Los drones ucranianos también alcanzaron un almacén de comercio electrónico de la compañía Wildberries, según los canales de Telegram, el más grande de Rusia con unos 200.000 metros cuadrados de superficie.

La compañía confirmó el ataque ocurrido en la ciudad de Podolsk, que se encuentra a 36 kilómetros del centro de Moscú, pero añadió que todo el personal fue evacuado a tiempo.

Aunque nadie resultó herido, se ha declarado un incendio, que ha sido localizado, pero no extinguido, según los servicios de emergencia.

Además, Vorobiov informó que también se ha producido un incendio en un almacén de medicamentos en la ciudad de Domodédovo, que da nombre al mayor aeropuerto de la capital rusa.

El alcalde de Moscú, Serguéi Sobianin, informó, por su parte, de tres heridos y del derribo de unos 600 drones que se dirigían a la urbe de 13 millones de habitantes desde la tarde del sábado.

En total, según el parte de guerra matutino, las defensas antiaéreas rusas derribaron desde la tarde del sábado 822 drones sobre los cielos de 16 regiones, la anexionada península de Crimea y las aguas de los mares Negro y Azov.

Según las autoridades rusas, al menos 201 civiles murieron en julio debido a los ataques ucranianos, en su mayoría con drones, contra territorio ruso y las regiones ucranianas ocupadas por Moscú.

Mientras, el grupo independiente ruso Conflict Intelligence Team cifró en 634 el número de victimas civiles de ambos bandos el mes pasado, de los que dos tercios serían ciudadanos ucranianos.

El líder ucraniano, Volodímir Zelenski, ha propuesto en las últimas semanas una tregua aérea y otra para cesar los bombardeos contra los puertos del mar Negro, ataques que han disparado los precios del cereal a nivel mundial, pero el Kremlin rechazó ambas propuestas hasta lograr un arreglo ""fiable y duradero"". EFE

mos/rml

(foto)(vídeo)",https://unitel.bo/noticias/agencias/al-menos-7-muertos-en-ataque-masivo-con-drones-contra-la-region-de-moscu-y-el-sur-de-rusia-OO22862408
Unitel,2026-08-16,Agencias,"Ulrich Siegmund, la estrella emergente de AfD que podría gobernar Sajonia-Anhalt","Berlín, 16 ago (EFE).- La ultraderechista Alternativa para Alemania (AfD) ha encontrado una estrella emergente en su candidato para las elecciones regionales de Sajonia-Anhalt del próximo 6 de septiembre, Ulrich Siegmund, que podría convertirse en el primer miembro de su partido en gobernar un 'Land'.

A su medio millón de seguidores en Instagram les ofrece vídeos de hechura profesional y alta calidad en los que, armado con una sonrisa radiante, va puerta por puerta pidiendo el voto o participa en excursiones grupales con motos 'vintage' que explotan la nostalgia por la extinta República Democrática Alemana (RDA).

""La simpatía que irradia este hombre la busca uno en vano en los otros partidos"", comenta un usuario sobre Siegmund, que en Tiktok tiene casi 750.000 seguidores, casi tantos como el canciller, Friedrich Merz.

""El mejor político al que Alemania ha visto en años"", opina otra usuaria debajo de una publicación en la que Siegmund reproduce, como motivo orgullo, la reciente portada del prestigioso semanario 'Der Spiegel', que le presenta como ""El hombre más peligroso de Alemania"".

Cordón sanitario contra AfD

1,7 millones de personas están llamadas a votar en Sajonia-Anhalt, un 'Land' donde AfD está clasificado por los servicios secretos como caso probado de extremismo de derechas y donde el partido también inauguró su primera alcaldía a escala nacional en 2023.

Según las últimas encuestas, AfD podría hacerse con un 43 % de las papeletas, casi el doble que la Unión Democristiana (CDU) de Merz, que se quedaría en el 23 %, seguida por La Izquierda (13 %), el Partido Socialdemócrata (7 %) y Los Verdes (5 %).

Numéricamente, un resultado así permitiría aún evitar que AfD se hiciera con su primer gobierno regional, a través de una coalición amplia.

Sin embargo, esto colocaría a los conservadores -de momento fieles, como el resto de fuerzas parlamentarias, a la política del cordón sanitario contra la ultraderecha- en el difícil trance de tener que pactar con sus enemigos postcomunistas, de modo que el teórico ""cortafuegos"", como se le denomina en Alemania, no tiene el éxito asegurado.

Recuperar los buenos viejos tiempos

Nacido en 1990 poco después de que cayera el Muro de Berlín, Siegmund es mucho más joven que el habitante medio de Sajonia-Anhalt, de 48,3 años, pero promete ""recuperar los buenos viejos tiempos"" en un 'Land' castigado por problemas demográficos y estructurales y a la cabeza de Alemania en deuda pública per cápita.

Formado como técnico de comercio mayorista y exterior, abandonó pronto la CDU, en la que había militado a los 18 años, y fundó una empresa de ambientadores, antes de ser elegido diputado por AfD al Parlamento de Sajonia-Anhalt en 2016.

El carisma que despliega en actos públicos y redes sociales contrasta con la falta de desenvoltura y naturalidad que ha caracterizado hasta ahora a muchos líderes de AfD, incluidos los colíderes Alice Weidel y Tino Chrupalla, por lo que se conjetura que Siegmund podría poner la mira mucho más allá de Sajonia-Anhalt, en línea con su eslogan ""Todo es posible"".

Revisionismo histórico y vínculos neonazis

Pese a haberse definido a sí mismo como un ""tipo completamente normal"", varios de los más estrechos colaboradores de Siegmund proceden, según Der Spiegel, de la Juventud Alemana Leal a la Patria, una organización neonazi prohibida en 2009, y mantiene vínculos con el extremista Movimiento Identitario.

En 2023 participó en una polémica conferencia de extremistas de derechas en Potsdam en la que se discutieron planes para expulsar del país al mayor número posible de extranjeros y de alemanes con raíces extranjeras.

Públicamente, afirma que su objetivo -si logra formar Gobierno- es sólo deportar a los ""ilegales"" y a los delincuentes, aunque propugna clases aparte para niños refugiados y en sus vídeos expresa su rechazo ""al minarete y al almuecín"".

Entre sus promesas se encuentran también sustituir las banderas arcoíris de los edificios públicos por enseñas germanas y dejar de subvencionar ""la cultura y el arte antialemanes"".

""Queremos volver a honrar nuestra propia historia, considerarla en su conjunto y volver a estar orgullosos de la historia alemana"", reclama. EFE

cph/cae

(Recursos de archivo en EFEServicios: 8023702113)",https://unitel.bo/noticias/agencias/ulrich-siegmund-la-estrella-emergente-de-afd-que-podria-gobernar-sajonia-anhalt-BO22862425
Unitel,2026-08-16,Agencias,"Alisia Vainio domina el maratón femenino, con récord del campeonato incluido","Redacción deportes, 16 ago (EFE).- La finlandesa Alisa Vainio logró este domingo, con un tiempo de 2h22:26, récord de los campeonatos, la victoria en el maratón femenino de los Europeos de atletismo de Birmingham (Reino Unido).

La prueba de maratón tuvo su salida y llegada en la céntrica y monumental Victoria Square y se compuso de un tramo de un kilómetro que se recorrió al principio y al final de la carrera y de un circuito de 5 kilómetros al que se dieron ocho vueltas.

Vainio, de 28 años, lideró la prueba desde el principio y el ritmo que impuso en los primeros kilómetros no pudieron seguirlo el resto de rivales, que se fueron descolgando poco a poco.

La finlandesa llegó a la meta en un tiempo de 2h22:26, seguida de la húngara Lilli Anna Vindics-Toth con 2h27:21, plata con marca personal, y la británica Abbie Donnelly, tercera con 2h27:33.

La primera española fue Carolina Robles, que completó su primer maratón en un campeonato continental y firmó una meritoria octava posición con 2h28:07. EFE

drl/cmm

(foto)",https://unitel.bo/noticias/agencias/alisia-vainio-domina-el-maraton-femenino-con-record-del-campeonato-incluido-BO22862443
Unitel,2026-08-16,Agencias,Huracán Lala roza la Isla Grande de Hawái y trae lluvias intensas,"Honolulú, Estados Unidos, 16 Ago 2026 (AFP) -

El ojo del huracán Lala rozó la parte sur de la Isla Grande de Hawái, mientras fuertes lluvias y vientos intensos azotaban desde el sábado este estado insular de Estados Unidos en el Pacífico.

Las autoridades advierten de posibles inundaciones peligrosas.

""Las condiciones de huracán persistirán en la Isla Grande de Hawái durante la noche, con los vientos más fuertes esperados en las zonas de mayor altitud"", señaló el Centro Nacional de Huracanes a las 08H00 pm hora local (06H00 GMT del domingo), advirtiendo que la costa sería golpeada por ""olas grandes y peligrosas"".

Lala se intensificó el sábado hasta convertirse en un huracán de categoría 1, generando vientos de hasta 120 kilómetros por hora.

El huracán se acercó al condado de Hawái, que abarca la Isla Grande, y se emitió una advertencia de tormenta tropical para las otras siete islas principales del estado: Maui, Molokai, Kahoolawe, Lanai, Oahu, Kauai y Niihau.

Lala se acercó a unos 48 km al suroeste de South Point, en la Isla Grande, por la tarde, pero no tocó tierra.

Para las primeras horas del día ""se espera un giro gradual hacia el oeste con un aumento en la velocidad de avance el domingo, mientras el núcleo de la tormenta permanece al sur de las islas principales más pequeñas de Hawái y de las islas del noroeste de Hawái más orientales durante la primera parte de la próxima semana"", añadieron.

La Isla Grande es la segunda más poblada del archipiélago, con 210.000 habitantes, detrás de Oahu, con más de un millón de personas.

Las lluvias ""provocarán inundaciones y deslizamientos de tierra que amenazan la vida, especialmente en zonas de terreno escarpado"", advirtió el Centro Nacional de Huracanes de Estados Unidos.

Se reportaron cortes de electricidad que afectaron a más de 20.000 personas en Hawái la tarde del sábado, y las autoridades meteorológicas confirmaron ""vientos dañinos y lluvias intensas"" extendiéndose por la Isla Grande, famosa por el surf y el turismo.

El gobernador de Hawái, Josh Green, declaró el estado de emergencia el jueves.

La Agencia Nacional de Administración Oceánica y Atmosférica (NOAA, en inglés) dijo que en la Isla Grande podrían presentarse precipitaciones de más de 60 centímetros y una marejada ciclónica con ""olas peligrosas"".

Un potente fenómeno de El Niño se ha formado en el centro del océano Pacífico ecuatorial, con temperaturas tan altas que la NOAA pronostica un 69% de probabilidad de ""un evento histórico que superaría la intensidad de episodios previos de El Niño desde 1950"", entre octubre y diciembre.

Los científicos advierten con regularidad que el cambio climático, causado por la dependencia de la humanidad a los combustibles fósiles, ha aumentado la frecuencia e intensidad de eventos extremos.

ia-sst/mjf/lb/vel/cjc/mas/pb/avl",https://unitel.bo/noticias/agencias/huracan-lala-roza-la-isla-grande-de-hawai-y-trae-lluvias-intensas-HO22862511
Unitel,2026-08-16,Agencias,"Europa se debate con los incendios, que castigan con dureza a Bélgica","París, Francia, 16 Ago 2026 (AFP) -

Europa vive este domingo otra jornada difícil con un gran incendio en una zona de difícil acceso en Bélgica y llamas en una isla griega del mar Egeo sacudida por fuertes vientos.

Estos han sido los principales desarrollos en las últimas horas:

- 3.000 ha quemadas en Bélgica

Cerca de 3.000 hectáreas han ardido en un parque natural del este de Bélgica, en lo que es ya uno de los peores incendios en la historia del país, según anunciaron las autoridades locales este domingo.

Más de un centenar de bomberos intentan desde el viernes controlar las llamas en Hautes Fagnes, una zona muy apreciada por los senderistas.

De momento no resultó alcanzada ninguna vivienda, pero hubo evacuaciones preventivas en dos localidades cercanas.

""Las condiciones siguen siendo complejas. Pese a su escasa intensidad, los vientos han cambiado de dirección en varios momentos de la noche"", indicaron las autoridades de la región francófona de Valonia.

Lo escarpado del paraje está complicando mucho las tareas, al punto que los bomberos no pudieron de momento ni acceder a la zona donde se originó el fuego.

Bélgica activó el sábado el mecanismo europeo de asistencia mutua y confía en que los equipos aéreos de Países Bajos, Suecia y República Checa la ayuden a controlar este gran incendio.

- Incendio en una isla griega del Egeo

Un fuego se declaró el sábado de tarde en la isla de Skyros, donde un centenar de bomberos luchan contra las llamas apoyados por 11 aviones, cinco helicópteros y una veintena de vehículos.

Los vientos son particularmente fuertes, lo que hizo que la noche fuera difícil.

En declaraciones al canal público ERT, el alcalde de la isla, Kyriakos Antonopoulos, indicó que hubo que ""evacuar por precaución"" la zona del pueblo de Pefko.

Skyros cuenta en tiempos normales con 3.000 habitantes, pero en verano atrae a numerosos turistas, tanto griegos como extranjeros.

- Evolución favorable en las Landas francesas

Desde el jueves, unas 1.700 hectáreas han ardido en un bosque de pinos de las Landas francesas (suroeste).

Este domingo ""la situación evoluciona de manera más bien favorable"", según el prefecto Gilles Clavreul, gracias a las bajada de las temperaturas, con una previsión de 28 grados por la tarde, frente a los 40 °C registrados cuando empezó el incendio. Unos 550 bomberos están trabajando en la zona actualmente.

En las Ardenas, un centenar de hectáreas han ardido desde el sábado por la mañana, algo ""inédito en la historia reciente"" de este departamento del noreste de Francia, según el vicedirector local de los bomberos, David Gouzou.

Según la prefectura, la situación en este momento es ""más favorable"".

burs-avl/pb",https://unitel.bo/noticias/agencias/europa-se-debate-con-los-incendios-que-castigan-con-dureza-a-belgica-MO22862529
Unitel,2026-08-16,Agencias,Miles de damnificados aguardan ayuda tras el terremoto de Indonesia,"Ruteng, Indonesia, 16 Ago 2026 (AFP) -

Miles de evacuados aguardan ayuda este domingo en la isla de Flores, en el este de Indonesia, tras un potente terremoto que mató a 51 personas, hirió a decenas y dañó centenares de casas y edificios.

Unas 5.000 personas huyeron de sus casas tras el sismo de magnitud 7,7 la mañana del sábado, seguido de 341 réplicas, indicó Berton Suar Pelita Panjaitan, portavoz de la agencia nacional de gestión de desastres BNPB.

Numerosas personas en la zona quedaron sin electricidad ni telecomunicaciones, y al menos una ruta de acceso estaba inaccesible.

""Necesitamos comida, bebida, medicamentos y pañales para los niños"", comentó el domingo a la AFP Umri, un poblador de la aldea Nangahale en la costa norte de Flores.

El hombre de 55 años, quien utiliza un solo nombre al igual que muchos indonesios, permaneció 24 horas sobre una colina por miedo de volver a casa.

Nurhidayati, también de 55 años, pasó la noche sobre una estera en la misma colina.

""Sigo aterrorizada, mi corazón late fuerte al recordar el temblor de ayer (...) Subimos aquí ayer, estoy muy asustada, traumatizada por el terremoto de 1992"", agregó.

Flores fue impactada en 1992 por un terremoto de magnitud 7,7 que desató un tsunami y dejó unos 2.500 muertos.

""Espero que el gobierno distribuya ayuda pronto"", expresó Nurhidayati.

Berton dijo que 101 residentes de Flores resultaron heridos.

""Además de la pérdida de vida, el terremoto en el mar causó daños materiales que paralizaron las actividades diarias de los pobladores"", indicó el domingo en un comunicado.

Los sobrevivientes tienen necesidades urgentes de carpas, comida, medicamentos, frazadas, camas de campaña, esteras, agua potable y generadores eléctricos, precisó Berton.

- Esfuerzo de búsqueda -

El rescatista local Fathur Rahman dijo el domingo a la AFP que no se han reportado personas sepultadas o desaparecidas.

""Por ahora nos concentramos en los esfuerzos de búsqueda"", indicó Fathur.

El epicentro del sismo poco profundo se ubicó frente a la costa norte de la isla, indicaron las autoridades geológicas.

Las zonas afectadas no tienen edificios altos.

Berton precisó que al menos 914 casas presentan daños severos y centenares más daños menores.

También se vieron afectados 93 escuelas, 36 centros de salud y 38 instalaciones gubernamentales.

La Cruz Roja Internacional señaló el sábado que hay preparativos en marcha para llevar ayuda a las personas instaladas en albergues temporales.

El gobierno envió 50.000 paquetes de ayuda por 275 toneladas a la zona, y la jefa de la Unión Europea, Ursula von der Leyen, ofreció asistencia de los satélites de observación Copernicus para apoyar en las tareas de búsqueda y rescate.

- Anillo de fuego -

Tras el sismo del sábado, los habitantes de Flores huyeron a las alturas ante el repliegue del mar, una posible señal de que se acerca un tsunami.

La alerta de tsunami fue levantada, pero las autoridades urgieron a los pobladores no volver a los edificios dañados por temor de que se caigan con nuevas réplicas.

Se reportaron olas de hasta 1,6 metros en algunas regiones costeras, según el servicio meteorológico indonesio.

El país tiene terremotos frecuentes por su ubicación en el ""Anillo de Fuego"" del Pacífico, un arco de intensa actividad sísmica que abarca Japón, el sudeste asiático y la cuenca del Pacífico.

bur-mlr/oho/mas/cjc/avl",https://unitel.bo/noticias/agencias/miles-de-damnificados-aguardan-ayuda-tras-el-terremoto-de-indonesia-FO22862546
Unitel,2026-08-16,Agencias,Los hogares de Inglaterra y Gales pagarán más por el agua en periodos de sequía,"Londres, 16 ago (EFE).- Los hogares ingleses y los de Gales van a comenzar a pagar más por el consumo de agua en tiempos de sequía, según un plan que hoy desvela el diario The Telegraph, en un momento en que el país vive una de las peores sequías en muchas décadas.

Aunque el suministro de agua depende de compañías privadas, hay un regulador gubernamental llamado Ofwat que apoya el plan, aunque debe dar su visto bueno definitivo formal para implementar ese cambio en las facturas que se expidan a partir de abril.

Las nuevas facturas de consumo incluirán el concepto de ""escasez hídrica"" para reflejar los cambios, y requerirán un medidor especial en los hogares.

En este momento, tres cuartas partes de Inglaterra y la totalidad de Gales -no así Escocia, que por otro lado administra el agua de forma independiente- se encuentran oficialmente en sequía, con restricciones que afectan a 27 millones de personas. Este es el verano más caluroso desde que hay registros históricos.

En caso de salir finalmente adelante, el nuevo plan chocará con las promesas del nuevo primer ministro Andy Burnham, quien ha hecho del coste de la vida uno de sus eslóganes y que se estrenó en el cargo precisamente con una medida simbólica de eliminar una 'tasa verde' que los hogares pagaban en su factura energética. EFE

fjo/av",https://unitel.bo/noticias/agencias/los-hogares-de-inglaterra-y-gales-pagaran-mas-por-el-agua-en-periodos-de-sequia-FO22862564
Unitel,2026-08-16,Agencias,Rusia ataca dos fábricas de piezas de misiles y drones en Kiev,"Moscú, 16 ago (EFE).- El Ejército ruso alcanzó este domingo dos factorías militares en Kiev, una que fabricaba componentes para misiles y otra de piezas para drones de asalto, según informó el Ministerio de Defensa de Rusia.

Se trata de Fire Point, una empresa privada ucraniana creada al comienzo de la guerra que fabrica componentes, además de la carga explosiva y los propulsores de combustible sólido para los misiles de crucero Flamingo, señala la nota castrense.

Según el parte de guerra, en el ataque los rusos también habrían golpeado la empresa ucraniana Ukrdefense que produce elementos de drones de ataque como Khrush y Garpiya.

A su vez, Moscú habría martilleado una refinería en la región central de Poltava y también una planta metalúrgica en Krivi Rig, ciudad natal del presidente ucraniano, Volodímir Zelenski.

En la misma jornada, el ejército ruso lanzó drones con los que alcanzó un buque mercante con cargamento militar destinada al ejército ucraniano en el puerto de Odesa (mar Negro).

Rusia, que ha intensificado sus bombardeos desde que Kiev lanzara a finales de julio su campaña de ataques masivos contra la retaguardia enemiga, descartó esta semana un posible alto el fuego o tregua hasta lograr un arreglo ""fiable y duradero"" al conflicto.EFE

mos/av",https://unitel.bo/noticias/agencias/rusia-ataca-dos-fabricas-de-piezas-de-misiles-y-drones-en-kiev-NO22862582
Unitel,2026-08-16,Agencias,Ucrania ataca en Crimea un sistema de lanzamiento de misiles rusos,"Berlín, 16 ago (EFE).- La Armada de Ucrania atacó durante la pasada noche posiciones del sistema de misiles costeros ruso ""Bastión"" en la ocupada península de Crimea, desde donde Rusia lanza misiles supersónicos e hipersónicos.

Esta unidad de las Fuerzas Armadas informó en Telegram que, como consecuencia del ataque, Rusia ""sufrió importantes pérdidas de armamento y personal"".

Indicó que el sistema de misiles costeros ""Bastión"" es un armamento escaso y costoso que las fuerzas rusas utilizan para bombardear las regiones meridionales y otras zonas de Ucrania con misiles supersónicos Onyx e hipersónicos Tsirkón.

A su vez, el Estado Mayor General ucraniano informó en la misma aplicación que las fuerzas del país atacaron también en Crimea una zona de concentración de una unidad de misiles rusa y un puente ferroviario en la zona de Svitlodolinske, en la región sureña de Zaporiyia.

El puente es utilizado por las fuerzas rusas para el abastecimiento logístico militar y el traslado de personal.

Asimismo, las fuerzas ucranianas atacaron depósitos de material y municiones rusos en Karlivka, en la región oriental de Donetsk. EFE

cae/rml",https://unitel.bo/noticias/agencias/ucrania-ataca-en-crimea-un-sistema-de-lanzamiento-de-misiles-rusos-HO22862599
Unitel,2026-08-16,Agencias,La campeona europea de bádminton aboga por más derechos LGBTQ en Asia,"Nueva Delhi, 16 Ago 2026 (AFP) -

La escocesa Kirsty Gilmour, que en abril se proclamó campeona de Europa de bádminton, defendió la necesidad de que haya más avances en los derechos LGBTQ en Asia, en vísperas del inicio del Mundial de su deporte en Nueva Delhi.

La jugadora de 32 años, que reveló su homosexualidad en 2021, señaló que es necesario luchar contra la discriminación y la estigmatización en una región donde la comunidad se enfrenta a menudo a rechazo y falta de visibilidad.

""Me gustaría que se diera, que fuera real"", dijo a la AFP Kirsty Gilmour al hablar de la inclusividad en su deporte.

La jugadora escocesa señaló además que le había gustado ver en su hotel de Nueva Delhi símbolos de orgullo LGBTQ muy visibles.

""El hotel en el que nos quedamos tiene un elefante LGBTQ gigante en el lobby y todos los trabajadores llevan insignias con la bandera LGBTQ. Para la mayoría de personas que se registran en el hotel puede que eso no sea importante, pero a mí me reconforta saber que estar en un sitio donde no te van a tratar de manera diferente"", aseguró.

Escocia es una de las delegaciones que participa en el Mundial de bádminton desde el lunes en la capital india, y cuenta además con otra jugadora abiertamente de la comunidad LGBTQ.

Gilmour llega a la India en una dinámica muy positiva después de haberse convertido en abril en la primera escocesa en ser campeona individual femenina en su deporte.

Asia es el epicentro del bádminton y la región de la que salen habitualmente los grandes campeones, pero es muy poco frecuente encontrar deportistas abiertamente homosexuales en la región.

fk/abh/pst/bm/smr/dr/avl",https://unitel.bo/noticias/agencias/la-campeona-europea-de-badminton-aboga-por-mas-derechos-lgbtq-en-asia-DO22862616
Unitel,2026-08-16,Agencias,Bangladés condiciona la visita de su primer ministro a India a la extradición de Hasina,"Daca, 16 ago (EFE).- El Gobierno de Bangladés ha congelado los preparativos de la visita del primer ministro Tarique Rahman a la India a la espera de recibir una respuesta formal de Nueva Delhi sobre la solicitud de extradición de la ex primera ministra Sheikh Hasina, exiliada en su territorio.

""Consideramos que se debe crear un entorno propicio para esta visita. Con este fin, hemos solicitado a las autoridades indias que actúen con celeridad ante nuestra petición de extraditar a Sheikh Hasina y a otros criminales prófugos"", dijo este domingo en una rueda de prensa el portavoz de Exteriores, AKM Shahidul Karim.

El portavoz precisó que Daca también ha exigido a las autoridades indias asumir responsabilidades y entregar a los acusados del asesinato del estudiante y activista Shaheed Sharif Osman Hadi ""en cumplimiento del tratado bilateral de extradición"", e insistió en que el Ejecutivo todavía aguarda una respuesta oficial.

Daca explicó que el proceso para concretar el viaje quedó ""viciado"" después de que se permitiera a Hasina, condenada a muerte en su país por delitos de lesa humanidad, intervenir de forma telemática en un acto con la prensa en la capital india el pasado 5 de agosto.

""Este proceso se vio viciado por la interacción abierta con la prensa en Nueva Delhi el 5 de agosto por parte de Sheikh Hasina (...) Hemos dejado clara nuestra posición sobre este asunto"", agregó el portavoz bangladesí.

Su reaparición desató una dura protesta diplomática por parte de Bangladés, que calificó la intervención de ""afrenta a su soberanía"" y de ""grave insulto a los mártires de la Revolución de Julio"", advirtiendo de que la inacción india ante las órdenes de arresto ponía en riesgo las relaciones bilaterales.

Nueva Delhi aclaró entonces que su Gobierno no respalda las declaraciones de la ex primera ministra y reiteró que la comparecencia fue un acto privado organizado por el Club de Corresponsales Extranjeros del Sur de Asia (FCC), sobre el que las autoridades indias aseguran no tener responsabilidad.

Hasina huyó a la India en agosto de 2024 tras una ola de multitudinarias protestas estudiantiles que precipitaron la caída de su Gobierno.

En noviembre de 2025, un tribunal doméstico bangladesí la condenó en ausencia a la pena de muerte por su responsabilidad en la represión de las marchas, un episodio que dejó cerca de 1.400 muertos según datos de la ONU. EFE

dlh-lgm/rml",https://unitel.bo/noticias/agencias/banglades-condiciona-la-visita-de-su-primer-ministro-a-india-a-la-extradicion-de-hasina-EO22862666
Unitel,2026-08-16,Agencias,Patriarca latino de Jerusalén visita el pueblo cristiano de Taybeh bajo amenaza de colonos,"Jerusalén, 16 ago (EFE).- El patriarca latino de Jerusalén y máxima autoridad católica en Tierra Santa, el cardenal Pierbattista Pizzaballa, ofició una misa en Taybeh, el último pueblo completamente cristiano de Cisjordania ocupada, donde reafirmó el compromiso de la Iglesia con sus fieles frente a los crecientes ataques de colonos israelíes.

""Seguiremos haciendo todo lo que esté a nuestro alcance para preservar la presencia eclesial aquí, en todos los niveles, en toda Tierra Santa"", afirmó Pizzaballa, según un comunicado publicado este domingo por el Patriarcado, durante la misa celebrada ayer en la Iglesia Latina del Cristo Redentor en Taybeh.

""Queremos seguir siendo una comunidad que da vida, sin renunciar ni abandonar nuestros derechos, nuestro derecho a la vida. Así que sean valientes. No tengan miedo"", dijo Pizzaballa a los palestinos cristianos que le escuchaban.

Además, el eclesiástico añadió que la fe en Dios permite a los cristianos preservar la vida y la esperanza, incluso en las circunstancias más difíciles, y enfatizó que el ""poder del mal no es absoluto"".

Su visita se produce en medio de crecientes ataques de colonos israelíes asentados en colonias cercanas, y después de que el propio Ejército israelí declarase Taybeh en julio como una 'zona militar cerrada', prohibiendo la entrada de no residentes, o sea, peregrinos, visitantes, periodistas y voluntarios.

El pasado 10 de agosto, el alcalde del pueblo, Suleiman Jouria, declaró a Wafa que si bien Israel argumentó que con dicha orden buscaba proteger al pueblo de los ataques de colonos israelíes, estos no han cesado, mientras que ningún turista puede acceder al mismo agravando una severa crisis económica.

""Los colonos israelíes continúan atacando, vandalizando y pastoreando en las tierras del pueblo"", denunció Jouria a Wafa, e incidió en que la protección de los vecinos debe garantizarse deteniendo a los colonos, en lugar de imponer más restricciones al pueblo.

Diversas familias de Taybeh ya han emigrado ante la falta de trabajo y los continuos ataques que han aumentado en toda Cisjordania desde el 7 de octubre de 2023, entre otros factores, debido a una política estatal que favorece la proliferación de nuevas colonias, la concesión de licencias de armas y la financiación de nuevas carreteras, agua, vehículos y servicios básicos para los colonos.

El Patriarcado Latino representa al papa León XIV y supervisa las iglesias de rito latino en Israel, Palestina, Jordania y Chipre. Además, en el caso de Taybeh es un músculo inseparable del pueblo: con una escuela, un centro médico, una cadena de radio, casas de huéspedes, cuatro congregaciones religiosas; pero también una prensa de aceite de oliva, un equipo de fútbol y danza folclórica (dabke). EFE

pms/av",https://unitel.bo/noticias/agencias/patriarca-latino-de-jerusalen-visita-el-pueblo-cristiano-de-taybeh-bajo-amenaza-de-colonos-MO22862718
Unitel,2026-08-16,Mundo,"Terremoto de magnitud 6,1 impacta cerca de Vanuatu, en el Pacífico sur","Un terremoto de magnitud 6,1 impactó el domingo cerca de la costa de Vanuatu, un país en el Pacífico sur, informó el Servicio Geológico de Estados Unidos (USGS).

El epicentro del sismo se ubicó 56 kilómetros al noroeste de la pequeña aldea costera de Port Olry con una profundidad de 188 kilómetros, según el USGS.

MIRA AQUÍ: Miles de damnificados aguardan ayuda tras el terremoto de Indonesia

Inicialmente no se reportaron daños, y el departamento de riesgos naturales de Vanuatu no emitió alerta de tsunami.

Este movimiento sísmico se da a tan solo dos días después de que se registrara un terremoto de 7,7 de magnitud en Indonesia , el cual no solo dejó daños devastadores, sino también víctimas fatales, heridos y desaparecidos.

MIRA AQUÍ: Colombia busca desaparecidos y pide a EEUU suspender aranceles tras devastador terremoto

Mientras que el pasado 10 de agosto, Colombia también sufrió un intenso terremoto de magnitud 7,4 el cual dejó ciento de fallecidos, heridos y edificios totalmente colapsados a consecuencia del fuerte movimiento que sorprendió a todos.",https://unitel.bo/noticias/mundo/terremoto-de-magnitud-61-impacta-cerca-de-vanuatu-en-el-pacifico-sur-AO22863740
Unitel,2026-08-16,Economía,Gobierno anuncia abastecimiento paulatino de gasolina y diésel desde este fin de semana,"El ministro de Desarrollo Productivo, Óscar Mario Justiniano, reconoció la p reocupación que genera la falta de combustible no solo en el sector productivo, sino también en el resto de la población, por lo que afirmó que desde Yacimientos Petrolíferos Fiscales Bolivianos (YPFB) se comprometieron a ir regulando el abastecimiento, primero de gasolina y posteriormente de diésel.

El ministro aseguró que el presidente de YPFB se comprometió a iniciar la provisión paulatina de gasolina y posteriormente de diésel desde este fin de semana.

“Para nosotros, lo esencial es de que el presidente de Yacimientos se comprometió de que desde el día de ahora y paulatinamente iba a empezar a abastecer ya de gasolina , posteriormente en el tema diésel”, señaló Justiniano.

MIRA AQUÍ: “La gente no puede seguir así”: Velasco dice que avanzará “con o sin decreto” en la importación de combustible en alianza público - privada

La autoridad aseguró que ante la emergencia que se registra por la escasez de diésel y gasolina, varios ministerios ya intervienen en la búsqueda de una solución.

“Eso es algo lo cual nos preocupa absolutamente a todos (lo del combustible). Si bien se ha venido trabajando con Yacimientos específicamente, pues son los responsables, pero también hay elementos, los cuales son muy complicados, estábamos ya distintos ministros metiéndonos en el tema, porque realmente no veíamos una solución ”, dijo.

Asimismo, afirmó que mantienen reuniones constantes con representantes de la empresa estatal para hacer seguimiento a la logística y al abastecimiento.

“Estamos haciendo seguimiento permanente. Permanente significa, por lo menos, reuniones tres veces al día con Yacimientos, para ver cómo va la logística, cómo está el abastecimiento, cómo estamos avanzando”, declaró.

MIRA AQUÍ: Gobierno dice que está dispuesto a ayudar al gobernador Velasco para importar combustible en alianza con privados

Las declaraciones se dan en medio de un panorama preocupante en todo el territorio nacional, donde las enormes filas de vehículos tanto del transporte pesado como liviano, prácticamente se han apoderado de las calles, donde conductores deben esperar largas horas y hasta días para poder cargar combustible.",https://unitel.bo/noticias/economia/gobierno-anuncia-abastecimiento-paulatino-de-gasolina-y-diesel-desde-este-fin-de-semana-AO22864206
Unitel,2026-08-16,Sociedad,"¡Por una noble causa!, se realizó la carrera en apoyo a los bomberos voluntarios","Desde tempranas horas de este domingo , la avenida Tres Pasos al Frente, de la capital cruceña, se convirtió en el punto de partida del ‘ Desafío Bombero ’, una carrera organizada por los bomberos voluntarios de Rescate Urbano con el objetivo de conseguir fondos económicos para renovar las herramientas que utilizan diariamente.

La actividad cuenta con tres categorías: 10K , 5K y 1K , la cual se realizó con una convocatoria abierta a toda la ciudadanía , invitando a deportistas y personas en general a sumarse a esta iniciativa solidaria.

MIRA AQUÍ: ¡Tome previsiones! Habrá cierre de algunas vías cruceñas por la carrera solidaria para los bomberos voluntarios

Los fondos recaudados serán destinados a la compra y renovación de equipos indispensables para el trabajo de los bomberos voluntarios, quienes están con toda la predisposición al servicio de la población.

El ‘Desafío Bombero’ busca no solo promover la actividad física , sino también contribuir a que los voluntarios cuenten con mejores condiciones y herramientas para continuar socorriendo los incendios.

MIRA AQUÍ: Bomberos voluntarios organizan carrera pedestre para recaudar fondos y comprar equipos",https://unitel.bo/noticias/sociedad/por-una-noble-causa-se-realizo-la-carrera-en-apoyo-a-los-bomberos-voluntarios-HO22863774
Unitel,2026-08-16,Tendencias,San Roque: el día en que se celebra a los fieles compañeros de cuatro patas,"Este domingo 16 de agosto se celebra el Día de San Roque, una fecha muy esperada por los amantes de los animales y especialmente, por quienes consideran a sus mascotas parte fundamental de la familia.

¿Por qué San Roque es el santo de los perros?

La historia surge cuando contagiado de una peste, San Roque se trasladó al bosque para no infectar a los demás vecinos de Piacenza. Para su sorpresa, durante su estadía en el medio de la arbolada , cada día recibía la visita de un perro que le llevaba un pan para alimentarse.

El animal lo tomaba cada día de la mesa de su amo, un hombre bien acomodado llamado Gottardo Pallastrelli , el cual, después de ver la escena repetidamente, un día decidió seguir a su mascota.

De esta forma se encontró con un hombre enfermo e inmediatamente decidió llevarlo a su casa, lo alimentó y le hizo las curaciones que necesitaba.

MIRA AQUÍ: Festival de San Roque por las mascotas tendrá adopción y vacunación gratuita en la plaza de Las Banderas

El mismo dueño después de comprobar la sencillez de aquél hombre y de haber escuchado las palabras del evangelio que le enseñó, decidió peregrinar como él.

Otras versiones populares afirman que fue el mismo perro quien le curó, después de lamerle la herida de su pierna varias veces , como se refleja en varias estampitas, según información de Gobierno de Villa de Soto.

MIRA AQUÍ: ¿Quién fue San Roque y porque se festeja a perros y gatos en su día?

La festividad se convierte en una ocasión especial para demostrar el amor , cuidado y agradecimiento hacia los fieles compañeros de cuatro patas.

Para muchos dueños, esta jornada es una oportunidad para consentir a sus mascotas, compartir momentos especiales y expresarles todo el cariño que brindan día a día.

La Policía Boliviana festeja el Día de San Roque , reconociendo la importante labor de los canes policiales, quienes junto a sus guías cumplen diferentes tareas y contribuyen a la seguridad de la sociedad.",https://unitel.bo/noticias/tendencias/san-roque-el-dia-en-que-se-celebra-a-los-fieles-companeros-de-cuatro-patas-JO22864148
Unitel,2026-08-16,Farándula,Revelan detalles exclusivos de la boda de Cristiano Ronaldo y Georgina Rodríguez,"Uno de los momentos más esperados fue la boda de Cristiano Ronaldo y Georgina Rodríguez , quienes sorprendieron al confirmar su unión con una emotiva foto en la que mostraron sus manos y los anillos que sellan su unión.

La revista Vogue compartió detalles y fotos exclusivas de la ceremonia , que se realizó de manera íntima en Portugal, un momento cargado de recuerdos y significado para la familia.

MIRA AQUÍ: ¡Se casó el ‘Bicho’! Cristiano Ronaldo confirma boda con Georgina Rodríguez

En el video difundido también se pueden ver detalles de los elegantes vestuarios elegidos para la ocasión. La pareja y sus hijos lucieron prendas en tonalidades blancas y beige , todos acordes para un día tan especial.

Entre abrazos, sonrisas y momentos de complicidad, Cristiano y Georgina protagonizaron una ceremonia religiosa en la que estuvieron acompañados por sus hijos.

Fue así como en un ambiente lleno de emoción y privacidad, ambos sellaron su amor y dieron el esperado “ sí ”.

MIRA AQUÍ: Cristiano y Georgina, en el aeropuerto de Lisboa un día después de su boda",https://unitel.bo/noticias/farandula/revelan-detalles-exclusivos-de-la-boda-de-cristiano-ronaldo-y-georgina-rodriguez-EO22865551
Unitel,2026-08-16,Economía,“Horas y horas de filas para conseguir un poco de combustible”: Iglesia lamenta escasez de diésel y gasolina,"Durante la homilía este domingo, monseñor Estanislaw Dowlaszewicz, lamentó la escasez de diésel y gasolina que genera largas filas de vehículos en surtidores de diversas regiones del país.

Antes del sermón, el obispo expresó su preocupación por los conductores que esperan horas para cargar combustible.

“Saludamos a nuestros hermanos enfermos que se encuentran en nuestros hospitales, nuestras casas. También a los que sufren las consecuencias de la difícil situación en nuestro país, horas y horas de filas para conseguir un poco de combustibl e”, dijo.

MIRA AQUÍ: Gobierno anuncia abastecimiento paulatino de gasolina y diésel desde este fin de semana

La situación por el desabastecimiento de combustible es algo por lo que se atraviesa hace ya varios meses, principalmente de diésel, donde transportistas y productores han ido expresando constantemente su preocupación y molestia para poder conseguir este carburante.

Sin embargo, en los últimos días, la falta de gasolina también se ha ido presentando y provocando filas de vehículos que buscan cargar.

Este fin de semana se pudo observar una mayor cantidad de motorizados en las calles, provocando incluso, problemas de tráfico en algunas vías de ciudades como Santa Cruz y La Paz, mientras que los conductores exigen una solución.

MIRA AQUÍ: “La gente no puede seguir así”: Velasco dice que avanzará “con o sin decreto” en la importación de combustible en alianza público - privada

Por su parte, desde el Gobierno aseguraron que Yacimientos Petrolíferos Fiscales Bolivianos (YPFB) se comprometió para ir abasteciendo paulatinamente de gasolina y posteriormente de diésel.",https://unitel.bo/noticias/economia/horas-y-horas-de-filas-para-conseguir-un-poco-de-combustible-iglesia-lamenta-escasez-de-diesel-y-gasolina-HO22865398
Unitel,2026-08-16,Política,Evo critica a Velasco por anuncio de importar combustible sin subsidio: “Cuidado que le vaya mal”,"El expresidente Evo Morales critió el anuncio del gobernador de Santa Cruz, Juan Pablo Velasco, de firmar un convenio con empresas privadas para importar, almacenar y comercializar combustible sin subsidio.

“Estaba leyendo en un medio de comunicación: gobernador Juan Pablo Velasco, el de Santa Cruz, anuncia convenio con privados para importar gasolina y sin subsidio . Esa es una responsabilidad del gobierno nacional, no del gobierno departamental”, afirmó Morales.

El exmandatario expuso que habrían motivaciones políticas detrás del anuncio del gobernador, que “ya estaría negociando, para salvar a Rodrigo Paz, que es su aliado” .

“Cuidado, cuidado con que le vaya mal , quien tiene que asumir su responsabilidad es el gobierno nacional, no el gobierno departamental”, cuestionó Morales al referirse a la autoridad departamental.

MIRA AQUÍ: Gobierno dice que está dispuesto a ayudar al gobernador Velasco para importar combustible en alianza con privados

Las declaraciones de Morales se hacen en medio de crisis de combustible que ha generado filas extensas de vehículos en busca de diésel, a las que se han sumado las de motorizados que buscan gasolina.

Esta semana el gobernador cruceño informó que ya se habría llegado a un acuerdo con una empresa privada para importar, almacenar y comercializar combustible sin subsidios con el objetivo de asegurar el abastecimiento, especialmente al sector productivo.

MIRA AQUÍ: “Si no cambiamos la Constitución tendremos que cocinar a leña”: Tuto anuncia una propuesta de reformas

La autoridad agregó que se necesitaba un Decreto Supremo nacional que “ nos permita establecer esta relación entre el Gobierno departamental y una empresa privada de importación y comercialización, y no solamente con empresas estatales, como ocurre actualmente”.",https://unitel.bo/noticias/politica/evo-critica-a-velasco-por-anuncio-de-importar-combustible-sin-subsidio-cuidado-que-le-vaya-mal-FO22865415
Unitel,2026-08-16,Seguridad,"Ya se comunicó, “pero no lo ubicamos”: Sigue la búsqueda para hallar a sobreviviente de accidente aéreo","El comandante departamental de la Policía de Beni, Iván Bernal, se refirió al accidente aéreo que se registró el pasado viernes y que dejó como saldo una persona fallecida (piloto) y otras dos heridas, aseguró que hay un tercer pasajero que había sido reportado como desaparecido, ya se comunicó, pero que aún no ha sido localizado.

“Existe una tercera persona que evidentemente se encontraba, pero que en una primera instancia se había comunicado; (es) un funcionario de su institución (de la Fiscalía), a quien le habían indicado que ya se encontraría en una estancia ”, señaló Bernal a UNITEL.

MIRA AQUÍ: Sale a la luz el video que muestra a delincuente ingresando por el techo a una joyería para robar

El jefe policial señaló que el desaparecido es Juan Benjo Huchani Alpire, un fiscal de Beni. Detalló que el hombre logró comunicarse, pero actualmente las labores están enfocadas en dar con su ubicación exacta.

“Al momento estamos a la espera de poder ya constituirnos a tomar contacto con esa persona. Se han desplazado el personal correspondiente, tanto de la Policía como de otras instituciones, pero hasta el momento no lo ubicamos ”, manifestó.

El comandante señaló que no se tiene conocimiento del estado en el que se encuentra debido al accidente, sin embargo, ahora se trabaja para ubicarlo y poder evacuarlo hasta la ciudad de Trinidad.

“Se tiene la esperanza de que en las próximas horas ya se pueda dar con él y se pueda realizar el encuentro con esta persona”, aseguró.

Asimismo, manifestó que debido a las características geográficas de la zona donde se registró el accidente aéreo, ha sido difícil pode llegar y realizar la búsqueda correspondiente.

MIRA AQUÍ: Hombre que disparó a su concubina de 19 años fue denunciado por violación por la misma víctima

Sobre el accidente

La avioneta con matrícula CP -928 despegó el viernes por la mañana desde la estancia Cachascani con cuatro personas a bordo.

De acuerdo a la información de la DGAC y del Ministerio de Defensa, fueron rescatados con vida los fiscales Hans Cristian Estenssoro Trigoso y Juana Guevara Paniagua. Además, se recuperó el cuerpo de Herland Coca Gutiérrez, el piloto fallecido.

Sin embargo, a quien no se pudo rescatar pues no fue encontrado en la aeronave fue al fiscal Juan Benjo Huchani Alpire. De acuerdo a la información oficial difundida, esta persona salió de la aeronave en busca de ayuda y ahora aún es buscada.",https://unitel.bo/noticias/seguridad/ya-se-comunico-pero-no-lo-ubicamos-sigue-la-busqueda-para-hallar-a-sobreviviente-de-accidente-aereo-DO22864667
Unitel,2026-08-16,Seguridad,Justicia libera al último detenido por incautación de 189 kilos de oro en Viru Viru,"La Sala Plena Tercera del Tribunal Departamental de Justicia de Santa Cruz ordenó la liberación de Adrián Lema , la única persona que permanecía detenida por el fallido intento de exportación ilegal de 189 kilos de oro interceptados en el aeropuerto de Viru Viru.

Lema es investigado por los delitos de enriquecimiento ilícito, contrabando y venta y compra ilegal de recursos minerales . Con la decisión judicial, ya no existe ningún aprehendido por el caso.

Al respecto, el diputado de Alianza Popular, Rolando Pacheco, cuestionó la liberación y aseguró que detrás del caso hay autoridades e instituciones del Estado involucradas.

MIRA AQUÍ: Trasladan el oro secuestrado en Viru Viru a La Paz para su custodia en el Banco Central

Advirtió que la falta de reclamos sobre el cargamento se debe a las implicaciones políticas del caso.

El cargamento de 189 kilos de oro fue interceptado en el aeropuerto internacional de Viru Viru cuando se intentaba exportarlo de forma ilegal a Dubai. El caso destapó una red que es investigada por contrabando de minerales.

Según los reportes, las cuatro maletas con oro fueron transportadas en un vuelo comercial escoltado por efectivos de élite de la Policía Boliviana.",https://unitel.bo/noticias/seguridad/justicia-libera-al-ultimo-detenido-por-incautacion-de-189-kilos-de-oro-en-viru-viru-IO22866169
Unitel,2026-08-16,Seguridad,"Ya le extrajeron las balas de la cabeza a la joven atacada por su expareja, pero sigue en terapia intensiva, revela su madre","La madre de la joven de 19 años que fue baleada por su expareja quien se atrincheró y se disparó tras huir del ataque, reveló que la mujer sigue en terapia intensiva y que ya le sacaron las dos balas que tenía en la cabeza.

“En su operación salió todo bien, le sacaron todas las balas de la cabeza, resintió bien, mi hija es bien valiente, fuerte, y estamos ahorita en la espera de los resultados de la tomografía ”, indicó a UNITEL Teresa Quiñones Vaca, madre de la joven.

La víctima aún permanece en terapia intensiva debido a su delicado estado de salud, ya que los proyectiles impactaron en la cabeza, por lo que se espera conocer los informes neurológicos para saber si habrá o no un daño.

“ Permanece en terapia intensiva todavía , no nos han dicho por cuánto tiempo va a permanecer ella, está con sedante, hasta que hasta que recupere bien”, manifestó.

MIRA AQUÍ: Muere el acusado de intento de feminicidio que se atrincheró en el Plan 3.000

Asimismo, señaló que la joven no ha presentado ninguna reacción debido a que los médicos la mantienen sedada como precaución hasta que se vea los resultados de los informes médicos y demás avances.

Ya estaba separada

Respecto a la relación que tenía la joven con el atacante, afirmó que hace poco ella decidió separarse de este hombre de 39 años donde terminó contándoles

“Hace dos semanas que se había separado de él, ahí fue cuando ella contó todo, las cosas que él me hacía. Me contó que ya estaba cansada de él, que cada día era él que me la botaba de su casa, me dijo: ‘mamá, ya estoy cansada, ya no quiero seguir yo con él, no quiero verlo, no quiero saber de él, ni que me busque’”, reveló.

Sobre el caso

Durante la mañana del viernes, se conoció que Iván Suárez disparó a una mujer de 19 años en la cabeza , la cual era su pareja, mientras que, tras el hecho, el sospechoso se dio a la fuga.

La víctima fue encontrada acostada sobre una cama y recibió en el lugar atención por una ambulancia de Bomberos. Luego fue trasladada hasta un hospital para recibir atención. Posteriormente se confirmó que la joven tenía un orificio de entrada del proyectil, más no de salida, por lo que seguía con la bala dentro.

MIRA AQUÍ: Hombre que disparó a su concubina de 19 años fue denunciado por violación por la misma víctima

Durante la intervención policial se evidenciaron dos casquillos de arma de fuego calibre 22, que fueron considerados como elementos importantes para la investigación.

Poco después se conoció que el acusado de 39 años había sido visto portando un arma de fuego con la cual posteriormente se atrincheró en plena vía pública de la zona del Plan Tres Mil en la capital cruceña.

Al verse acorralado por la Policía, el sujeto terminó disparándose, por lo que tuvo que ser llevado de emergencia a un hospital donde fue ingresado a terapia intensiva, sin embargo, debido a la gravedad de su estado terminó perdiendo la vida durante las primeras horas del sábado.",https://unitel.bo/noticias/seguridad/ya-le-extrajeron-las-balas-de-la-cabeza-a-la-joven-atacada-por-su-expareja-pero-sigue-en-terapia-intensiva-revela-su-madre-JO22866186
Unitel,2026-08-16,Sociedad,Plan de seguridad: Militares resguardan la Terminal Bimodal de Santa Cruz,"La Terminal Bimodal de Santa Cruz arrancó la jornada este domingo con presencia de efectivos militares , quienes fueron desplegados en diferentes sectores del lugar como parte de un operativo de resguardo.

De manera extraoficial, el despliegue responde a un plan de seguridad debido a la importante afluencia de pasajeros, tanto nacionales como extranjeros, que utilizan estas instalaciones para trasladarse hacia otros departamentos del país y diferentes provincias.

MIRA AQUÍ: ¡Por una noble causa!, se realizó la carrera en apoyo a los bomberos voluntarios

La Terminal Bimodal constituye a uno de los principales puntos de conexión terrestre de Santa Cruz, donde diariamente cientos de personas acuden para adquirir sus boletos y realizar viajes interdepartamentales y provinciales.

MIRA AQUÍ: Emiten alerta naranja por fuertes vientos y posibles nevadas en cinco departamentos

Una medida que surge como forma de protección y seguridad para la población boliviana y ciudadanos que cotidianamente recorren el lugar.",https://unitel.bo/noticias/sociedad/plan-de-seguridad-militares-resguardan-la-terminal-bimodal-de-santa-cruz-MO22865988
Unitel,2026-08-16,Sociedad,Epsas renueva válvulas de más de 35 años en cuatro estaciones de agua de La Paz,"La Empresa Pública Social de Agua y Saneamiento (Epsas) ejecuta acciones de renovación de válvulas y otros componentes hidráulicos que ya tenían más de 35 años de servicio en cuatro estaciones reductoras de presión de La Paz.

Esto forma parte de una intervención preventiva destinada a mejorar la regulación y confiabilidad de la red de distribución de agua potable.

MIRA AQUÍ: “Pedimos disculpas”: la respuesta del ministro de Hidrocarburos por las filas que llevan semanas en los surtidores

Los trabajos se concentran en las estaciones reductoras R54, R51, R57 y R52 , donde personal especializado instala válvulas de control en líneas principales y efectúa tareas complementarias para optimizar la regulación de presiones y las condiciones de operación del sistema.

Según información de Epsas, algunos componentes hidráulicos instalados en estas estaciones superan los 35 años de servicio , por lo que requieren una renovación preventiva ante el desgaste natural de los materiales.

MIRA AQUÍ: “Si no cambiamos la Constitución tendremos que cocinar a leña”: Tuto anuncia una propuesta de reformas

Unos 60 trabajadores, entre profesionales técnicos, plomeros, personal operativo y especialistas en infraestructura hidráulica, participan en las labores, que se desarrollan en puntos como las avenidas Jaimes Freire y Landaeta, avenida Vázquez, plaza Garita de Lima y el sector de la estación reductora R52.",https://unitel.bo/noticias/sociedad/epsas-renueva-valvulas-de-mas-de-35-anos-en-cuatro-estaciones-de-agua-de-la-paz-FO22866388
Unitel,2026-08-16,Sociedad,Miles de devotos peregrinaron hacia el Calvario de la Virgen de Urkupiña con fe y esperanza,"La Festividad de Urkupiña volvió a reunir a miles de fieles que movidos por la fe y la devoción , participaron de la tradicional peregrinación hacia el Calvario en el Cerro de Cota.

La caminata comenzó alrededor de la medianoche desde la ciudad de Cochabamba, con una multitud que avanzó por la avenida Blanco Galindo rumbo a Quillacollo.

A la altura del puente de Quillacollo y encabezados por el arzobispo de Cochabamba, monseñor Óscar Aparicio , los devotos recorrieron cerca de 16 kilómetros como parte de la jornada de peregrinación hacia el Calvario.

“ Queremos ser signo de esperanza , en comunión , participación y misión , que es nuestro lema, y que vamos al encuentro con María, nuestra madre”, expresó el monseñor Óscar Aparicio durante la caminata.

MIRA AQUÍ: Misa de Urkupiña se realiza sin la presencia del presidente, el vicepresidente ni el gobernador

Para facilitar el paso de los peregrinos, una vía de la avenida Blanco Galindo fue cerrada temporalmente. Además que personal de la Intendencia realizó controles para evitar la venta de bebidas alcohólicas durante la jornada.

Después de cuatro y hasta cinco horas de caminata, los peregrinos llegaron hasta el altar mayor de la Virgen de Urkupiña , ubicado en el Templo de San Ildefonso de Quillacollo, donde participaron de la celebración religiosa.

MIRA AQUÍ: Fe y devoción en la Festividad de la Virgen de Urkupiña

Una vez concluida la misa, los devotos continuaron su recorrido hacia el Cerro de Cota , donde realizaron diferentes rituales de fe. Entre ellos, la extracción de piedras, consideradas un símbolo de los pedidos de bienes materiales y espirituales que los fieles encomiendan a la Virgen de Urkupiña.",https://unitel.bo/noticias/sociedad/miles-de-devotos-peregrinaron-hacia-el-calvario-de-la-virgen-de-urkupina-con-fe-y-esperanza-DO22866885
Unitel,2026-08-16,Sociedad,Diálogo por la basura: Alcaldía y La Paz Limpia buscan acuerdo para reiniciar labores a pleno,"Se reinstaló la mesa de diálogo entre los trabajadores de La Paz Limpia y la Alcaldía de La Paz para buscar una solución al conflicto por la acumulación de basura que ya supera los cinco días en distintos puntos de la ciudad.

Según se informó, la discusión se realizará “por tiempo y materia”, sin posibilidad de un cuarto intermedio, hasta alcanzar un acuerdo . El plazo máximo para resolver el conflicto es este lunes 17 de agosto hasta las 17:00.

“Se van a trabajar por lo que sea necesario y en el tiempo que sea necesario para que salga humo blanco, como decimos (...) Pero ahí la predisposición es que se resuelva el día de hoy. Ojalá que así sea”, afirmó el alcalde César Dockweiler.

MIRA AQUÍ: Plan de seguridad: Militares resguardan la Terminal Bimodal de Santa Cruz

La autoridad edil pidió además a los trabajadores reiniciar la limpieza. “Adicionalmente a eso, a los trabajadores les hemos vuelto a pedir que por favor puedan reiniciar el proceso de la limpieza de la ciudad, porque no nos merecemos tener una ciudad así”, señaló.

Por su parte, los trabajadores se comprometieron a hablar con sus bases, monitorear el proceso de negociación y, en su momento, reiniciar la limpieza de la ciudad.

Recolección parcial en las calles

En un recorrido por distintas calles, se observó que ya se ha dado inicio al recojo parcial de la basura acumulada en contenedores y vía pública. Sin embargo, persisten montículos y el pavimento continúa sucio tras una semana de desechos.

MIRA AQUÍ: ¡Por una noble causa!, se realizó la carrera en apoyo a los bomberos voluntarios

Hasta el cierre de esta edición, la Alcaldía y La Paz Limpia se encontraban en cuarto intermedio. Ambos sectores acordaron avanzar con la limpieza del 50% mientras continúan las negociaciones. Se espera conocer los primeros resultados del diálogo al final de esta jornada.",https://unitel.bo/noticias/sociedad/dialogo-por-la-basura-alcaldia-y-la-paz-limpia-buscan-acuerdo-para-reiniciar-labores-a-pleno-AO22866987
Unitel,2026-08-16,Seguridad,"“No tiene una evolución favorable, corre riesgo su vida”, revela médico sobre la joven herida de bala en la cabeza","La joven que fue atacada con un arma de fuego por parte de su expareja, continúa ingresada en la unidad de terapia intensiva del Hospital Japonés, en la capital cruceña, mientras que el informe médico señala que su estado de salud aún es delicado, debido a que no ha mostrado una evolución favorable.

Pese a que la mujer fue sometida a una intervención quirúrgica para extraer las balas que tenía en el cráneo, su estado de salud aún es reservado.

“Se encuentra en la terapia intensiva, ya con mal estado general. Quiere decir que la paciente no tiene una evolución favorable, no se ve mejoría, se mantiene con medicamentos, lo cual le mantiene la presión, sigue bajo sedación y un pronóstico reservado ”, indicó Juan Víctor Méndez, médico cirujano del Hospital Japonés.

MIRA AQUÍ: Ya le extrajeron las balas de la cabeza a la joven atacada por su expareja, pero sigue en terapia intensiva, revela su madre

El médico señaló que la joven está en constante monitoreo y valoración debido a su delicado estado de salud, para ver si tiene alguna evolución.

“En estos momentos no presenta mejoría, tiene una evolución que es desfavorable. El pronóstico es reservado, corre mucho riesgo su vida” , aseveró.

El profesional además señaló que el proyectil que ingresó a la cabeza de la víctima es invasivo y ponen en riesgo las acciones motoras del cerebro.

“ El impacto ingresa y daña todo lo que es el órgano que se va a encontrar que son las porciones del cerebro , entonces, como viene con un impacto fuerte, empieza a dañar distintas partes, distintas zonas porque causa un rebote”, dijo.

Sobre el caso

Durante la mañana del viernes, se conoció que Iván Suárez disparó a una mujer de 19 años en la cabeza , la cual era su pareja, mientras que, tras el hecho, el sospechoso se dio a la fuga.

La víctima fue encontrada acostada sobre una cama y recibió en el lugar atención por una ambulancia de Bomberos. Luego fue trasladada hasta un hospital para recibir atención. Posteriormente se confirmó que la joven tenía un orificio de entrada del proyectil, más no de salida, por lo que seguía con la bala dentro.

Durante la intervención policial se evidenciaron dos casquillos de arma de fuego calibre 22, que fueron considerados como elementos importantes para la investigación.

MIRA AQUÍ: Hombre que disparó a su concubina de 19 años fue denunciado por violación por la misma víctima

Poco después se conoció que el acusado de 39 años había sido visto portando un arma de fuego con la cual posteriormente se atrincheró en plena vía pública de la zona del Plan Tres Mil en la capital cruceña.

Al verse acorralado por la Policía, el sujeto terminó disparándose, por lo que tuvo que ser llevado de emergencia a un hospital donde fue ingresado a terapia intensiva, sin embargo, debido a la gravedad de su estado terminó perdiendo la vida durante las primeras horas del sábado.",https://unitel.bo/noticias/seguridad/no-tiene-una-evolucion-favorable-corre-riesgo-su-vida-revela-medico-sobre-la-joven-herida-de-bala-en-la-cabeza-AO22867205
Unitel,2026-08-16,Sociedad,Emiten alerta naranja por fuertes vientos y posibles nevadas en cinco departamentos,"El Servicio Nacional de Meteorología e Hidrología emitió una alerta de prioridad Naranja ante el pronóstico de vientos moderados, temporalmente fuertes, de dirección noroeste, con velocidades de entre 60 y 90 kilómetros por hora.

El fenómeno se registrará desde este domingo 16 hasta el lunes 17 de agosto de 2026, afectando principalmente a las provincias Andrés Ibáñez, Warnes, Ichilo, Sara y Obispo Santistevan, además del oeste de Chiquitos, el sur de Guarayos y Ñuflo de Chávez, y el centro de Cordillera.

MIRA AQUÍ: Senamhi alerta lluvias y nevadas: Potosí es el departamento más afectado

Pero las condiciones climáticas adversas también alcanzarán a otras regiones del país, donde el Senamhi pronostica nevadas débiles , temporalmente moderadas, desde la noche del lunes 17 hasta la noche del martes 18 de agosto, en los departamentos de Cochabamba, La Paz, Oruro, Potosí y Tarija.

Asimismo, se prevén vientos moderados , temporalmente fuertes, de dirección oeste-noroeste, desde este domingo 16 hasta el jueves 20 de agosto, en Cochabamba, La Paz, Oruro, Potosí y Tarija.

MIRA AQUÍ: ¡Por una noble causa!, se realizó la carrera en apoyo a los bomberos voluntarios

Se recomienda a la población mantenerse atenta a los comunicados oficiales y tomar las previsiones necesarias , especialmente en las zonas donde se esperan fuertes ráfagas de viento y nevadas.",https://unitel.bo/noticias/sociedad/emiten-alerta-naranja-por-fuertes-vientos-y-posibles-nevadas-en-cinco-departamentos-JO22864904
Unitel,2026-08-16,Mundo,Flávio Bolsonaro y Lula da Silva abren la campaña en sus cunas políticas con foco en la seguridad,"El mandatario brasileño, Luiz Inácio Lula da Silva, y el senador Flávio Bolsonaro, principal candidato de la oposición, arrancaron este domingo la campaña para las elecciones presidenciales de octubre en sus respectivas cunas políticas, con la promesa de combatir el crimen organizado.

Ambos candidatos eligieron lugares cargados de simbolismo para dar el pistoletazo de salida a sus 45 días de campaña.

Lula, en busca de su cuarto mandato no consecutivo con 80 años dio su primer mitin en el Estadio Municipal Primero de Mayo, en São Bernardo do Campo, a las afueras de São Paulo, donde se forjó como sindicalista y lideró manifestaciones masivas en la dictadura militar (1964-1985).

El abanderado del Partido de los Trabajadores (PT) reunió a miles de militantes en un acto teñido de rojo, en el que se recordó su lucha obrera y el legado social de sus gobiernos.

MIRA AQUÍ: Perú aprueba subsidio de entre 15 y 20% para el combustible para sectores focalizados

Flávio Bolsonaro, primogénito del expresidente ultraderechista Jair Bolsonaro, optó por el bastión político de su familia, la ciudad de Río de Janeiro, donde concentró a unos cientos de seguidores en la orla de la playa de Copacabana con banderas brasileñas y algunas de Estados Unidos.

El senador compareció con un chaleco antibalas por debajo de una camiseta amarilla con el mensaje: “Mi partido es Brasil”.

Todos los sondeos indican que el próximo jefe de Estado de la mayor economía latinoamericana se decidirá entre Lula y Flávio por un estrecho margen.

El último de la firma demoscópica Quaest, publicado el viernes, reflejó un empate técnico en una eventual segunda vuelta, con Lula con el 43% de los apoyos y Flávio, con el 40%. Un 4% se declara indeciso.

La otra decena de candidatos inscritos en la Justicia Electoral no llegan al 5 % de las intenciones de voto.

Lula vuelve a sus orígenes

Lula quiso dar una demostración de fuerza en São Bernardo do Campo. Su Partido de los Trabajadores (PT) organizó caravanas de militantes desde distintos puntos del país y prácticamente llenó el estadio de Vila Euclides, según constató EFE.

Después de los discursos de sus principales aliados, el antiguo tornero mecánico habló durante cerca de 40 minutos, en los que destacó su trayectoria personal, las iniciativas sociales de sus gobiernos y algunas promesas.

“Mientras esté vivo, n o me permitiré dejar de luchar y permitir que la derecha” vuelva a gobernar, enfatizó.

Por otro lado, prometió luchar contra los feminicidios y combatir el crimen organizado golpeando sus finanzas y capturando a sus líderes. Brasil es el cuartel general de dos de las principales bandas suramericanas: Primeiro Comando da Capital (PCC) y Comando Vermelho (CV).

El antiguo sindicalista evitó valorar las interferencias de Estados Unidos en el proceso electoral y se limitó a decir que no permitirá a EE.UU. ni a ninguna otra potencia aprovecharse de las enormes reservas de minerales críticos que atesora Brasil.

Pese a lanzar críticas veladas, tampoco mencionó por su nombre a Jair Bolsonaro ni al hijo mayor de este.

Flávio carga contra Lula y defiende a su padre

Una estrategia radicalmente distinta a la de Flávio, que arremetió duramente contra el actual gobernante.

Subido a un tráiler en Copacabana, el senador dedicó casi todo su primer discurso de campaña a atacar a Lula, quien a su juicio representa “el camino de las tinieblas”.

Lo acusó de endeudar a las familias, generar millonarias pérdidas en las empresas públicas y ser blando en el combate al narcotráfico.

También denunció que “la corrupción llegó al despacho del presidente”, en alusión a las investigaciones contra Marco Aurélio Ribeiro, ex jefe de gabinete personal de Lula.

”¡Lula es el moroso de la esperanza!”, exclamó el abanderado del Partido Liberal (PL) ante sus seguidores, la mayoría vestidos con los colores verde y amarillo de la bandera brasileña.

MIRA AQUÍ: Europa se debate con los incendios, que castigan con dureza a Bélgica

Como contrapunto, Flávio prometió bajar la mayoría penal a los 16 años, castración química para los pederastas, condenas de, “como mínimo”, ocho años de cárcel para los “ladrones de celulares” y tratar a las bandas narcotraficantes como “terroristas”, en línea con el Gobierno de Donald Trump.

Además, aseguró ser “el único” que puede sentarse con Estados Unidos y China para cerrar acuerdos comerciales.

Igualmente, defendió el legado de su padre Jair, actualmente inhabilitado, condenado por la Corte Suprema y en prisión domiciliaria por tramar un golpe de Estado contra Lula tras perder las elecciones de 2022.

Para despedirse, Flávio pronunció uno de los lemas más conocidos de su padre: “Brasil por encima de todo y Dios por encima de todos”.",https://unitel.bo/noticias/mundo/flavio-bolsonaro-y-lula-da-silva-abren-la-campana-en-sus-cunas-politicas-con-foco-en-la-seguridad-MO22867830
Unitel,2026-08-16,Agencias,Resultados del domingo en el Masters 1000 y WTA 1000 de Cincinnati,"Cincinnati, Estados Unidos, 16 Ago 2026 (AFP) -

Resultados de los partidos jugados este domingo en la cuarta jornada del Masters 1000 y WTA 1000 de Cincinnati:

- Hombres (Masters 1000)

Segunda ronda

Christopher O'Connell (AUS) derrotó a Casper Ruud (NOR/N.11) 7-5, 1-2 y abandono

Daniil Medvédev (RUS/N.4) a Marco Trungelliti (ARG) 6-4, 7-5

Michael Zheng (USA) a Ugo Humbert (FRA/N.24) 6-4, 6-3

João Fonseca (BRA/N.23) a Botic van de Zandschulp (NED) 6-4, 7-6 (7/2)

- Mujeres (WTA 1000)

Segunda ronda

Wang Xinyu (CHN) derrotó a Donna Vekic (CRO/N.31) 3-6, 6-1, 6-4

Sára Bejlek (CZE) a Barbora Krejcíková (CZE/N.23) 7-6 (7/5), 6-4

Madison Keys (USA/N.20) a Daria Snigur (UKR) 4-6, 6-3, 6-3

Janice Tjen (INA/N.32) a Viktorija Golubic (SUI) 7-6 (10/8), 5-7, 7-5

Mirra Andreeva (RUS/N.5) a Oleksandra Oliynykova (UKR) 6-1, 6-0

Iga Swiatek (POL/N.7) a Emiliana Arango (COL) 6-3, 6-0

Elena Rybakina (KAZ/N.2) a Taylor Townsend (USA) 6-3, 6-4

bds/raa/dam/",https://unitel.bo/noticias/agencias/resultados-del-domingo-en-el-masters-1000-y-wta-1000-de-cincinnati-BO22868292
Unitel,2026-08-16,Seguridad,Viceministro: El crimen transnacional se apoderó de las fronteras por años de abandono,"El viceministro de Seguridad Ciudadana, Rodolfo Montero, advirtió este domingo que el crimen transnacional aprovechó el “abandono de las fronteras” durante anteriores gobiernos para instalar sus actividades ilícitas en el país.

“Durante muchos años, hubo un abandono de las fronteras y actualmente, llegamos a una situación en la que grupos del crimen organizado se disputan nuestro territorio como si fuera de ellos; esto no puede continuar así”, afirmó la autoridad a Erbol.

MIRA AQUÍ: Justicia libera al último detenido por incautación de 189 kilos de oro en Viru Viru

La implementación del “Plan Fronteras Seguras” se da con el objetivo de “ recuperar el control del territorio y devolver la paz social y tranquilidad a poblaciones fronterizas”.

El jueves pasado se realizó el acto de lanzamiento en Guayaramerín, Beni, una de las regiones priorizadas por la presencia de organizaciones delictivas.

Montero explicó que el plan contempla cuatro ejes: coordinación binacional, intercambio de información para inteligencia preventiva , colaboración en la persecución de bandas delincuenciales y capacitación permanente de efectivos policiales.

MIRA AQUÍ: Sale a la luz el video que muestra a delincuente ingresando por el techo a una joyería para robar

El viceministro aclaró que la coordinación con policías de países vecinos no implica cesión de soberanía. “Los policías del lado boliviano están bajo el mando de un superior boliviano y lo mismo pasa en lado brasileño”, precisó.",https://unitel.bo/noticias/seguridad/viceministro-el-crimen-transnacional-se-apodero-de-las-fronteras-por-anos-de-abandono-EO22867355
Unitel,2026-08-16,Farándula,“He decidido ponerle fecha final al proyecto Luis Vega”: el artista anuncia los tres últimos conciertos de su carrera,"Luis Vega, uno de los artistas más representativos de Bolivia, anunció que le pondrá fin a su carrera por problemas personales que está atravesando. En el video anunció las fechas de sus tres últimos conciertos.

“He decidido ponerle fecha final al proyecto Luis Vega”, anunció el cruceño a través de un video compartido en redes sociales.

A sus 33 años sorprendió a sus seguidores con un emotivo video al anunciar su retiro de la música y al informar que concluirá su proyecto a “ Puro papel y lápiz ”.

El artista habló de la crisis creativa que enfrenta y reconoció que actualmente no tiene energía para escribir ni para disfrutar de los proyectos que antes lo motivaban. A pesar de tener conciertos programados fuera del país, aseguró que emocionalmente no se siente bien.

”Estoy perdiendo días valiosos con mis hijos, e stoy perdiendo a mi esposa de a poco, porque ya no soy la misma persona. Me estoy perdiendo a mi mismo, siento que me he convertido en alguien distinto en quien alguna vez aspiré a ser”, señaló.

MIRA AQUÍ: Luis Vega conquista nuevos escenarios, el artista boliviano anuncia gira de conciertos en EEUU

El cantante confesó que desde hace meses enfrenta una fuerte depresión , situación que incluso lo llevó a recurrir a medicamentos para poder realizar sus actividades.

“ Estoy atravesando desde hace meses una depresión muy fuerte . No tengo ganas de hacer nada, me siento triste, mal, sin fuerza. No disfruto mis conciertos ”, expresó con evidente emoción.

Vega explicó que durante los últimos años se concentró en crecer profesionalmente y ayudar a otras personas, pero dejó de lado su propio bienestar. “ Me preocupé por crecer , por ayudar a otra gente, dejé de preocuparme por mí. Me siento muy deprimido”, señaló.

Ante esta situación, el artista crruceño tomó una decisión que marcará un antes y un después en su carrera. “Es tiempo de frenar porque, si no, me voy a estrellar y voy a acabar muy mal”, afirmó.

MIRA AQUÍ: “Si no te gusta mi canción, te pago”, el reto de Luis Vega en Chile

En ese sentido, anunció que pondrá fecha al cierre del proyecto artístico de Luis Vega y que se despedirá de los escenarios con tres conciertos especiales en 2027: el 18 de abril en Cochabamba, el 25 de abril en Santa Cruz y el 1 de mayo en Trinidad.

“ Es tiempo que el proyecto Puro Papel y Lápiz concluya , cierre una etapa. He decidido que me voy a dedicar netamente a mi familia , esposa e hijos”, anunció.

Finalmente, aseguró que quiere despedirse “ a lo grande ” y preparar algo especial para quienes lo acompañaron durante su trayectoria. Entre lágrimas, agradeció a sus seguidores por el cariño y el apoyo recibido, dejando claro que esta decisión representa el cierre de una importante etapa de su vida.",https://unitel.bo/noticias/farandula/he-decidido-ponerle-fecha-final-al-proyecto-luis-vega-el-artista-anuncia-los-tres-ultimos-conciertos-de-su-carrera-NO22868063
Unitel,2026-08-16,Economía,Primero será la gasolina y luego el diésel: Gobierno anuncia abastecimiento gradual y sectores exigen soluciones,"Las filas por combustible continúan en todo el país y sectores y dirigentes advierten que no hay miras de una solución en el corto plazo. El conflicto, que ya lleva meses con el diésel, se agravó esta semana con la escasez de gasolina, lo que generó largas filas de motorizados en los surtidores.

El Comité Pro Santa Cruz anunció que sostendrá una reunión con el presidente de YPFB para abordar la falta de carburante. El objetivo es hallar una solución y, sobre todo, conocer la situación real del abastecimiento de combustibles en el país.

Por su parte, el ministro de Desarrollo Productivo, Óscar Mario Justiniano, reconoció la preocupación que genera la crisis, no solo en el sector productivo sino en toda la población .

MIRA AQUÍ: “La gente no puede seguir así”: Velasco dice que avanzará “con o sin decreto” en la importación de combustible en alianza público - privada

Afirmó que desde YPFB se comprometieron a “ ir regulando el abastecimiento, primero de gasolina y posteriormente de diésel” .

“Para nosotros, lo esencial es que el presidente de Yacimientos se comprometió de que desde el día de ahora y paulatinamente iba a empezar a abastecer ya de gasolina , posteriormente en el tema diésel”, señaló Justiniano.

MIRA AQUÍ: “Ya no se aguanta más”: Cívicos cruceños se reunirán el lunes con el presidente de YPFB por crisis de combustible

Durante la semana, el ministro de Economía, José Gabriel Espinoza, descartó que la escasez se deba a falta de divisas . “Los recursos están”, sostuvo, y apuntó que son fallas en la logística de YPFB las que ocasionan la falta de carburante.",https://unitel.bo/noticias/economia/primero-sera-la-gasolina-y-luego-el-diesel-gobierno-anuncia-abastecimiento-gradual-y-sectores-exigen-soluciones-HO22867743
Unitel,2026-08-16,Agencias,Artículo,"Hamás dice que pidió a la Junta de Paz que ""obligue"" a Israel a aceptar plan para Gaza

str-mib/vl/vel/lb",https://unitel.bo/noticias/agencias/articulo-MO22868602
Unitel,2026-08-16,Insólito,"“Perdón, no tenía para comer”: anciano fue sorprendido robando alimentos en supermercado","El hecho ocurrió en un supermercado de San Pedro de Jujuy, Argentina donde efectivos policiales intervinieron a un adulto mayor de 73 años que intentaba retirarse del lugar con alimentos escondidos entre su ropa.

“ Perdón , hijo , no tenía para comer ”, señaló el hombre entre lágrimas.

MIRA AQUÍ: Joven muere en accidente de tránsito cuando regresaba del velorio de su hermana

➡️ Un jubilado robó una bandeja de carne en un supermercado El gerente no lo denunció porque le pidió disculpas: ""No tengo nada para comer"", le dijo pic.twitter.com/2P6VkP5QkU

E l gerente del supermercado fue convocado por la Policía para realizar la denuncia correspondiente. Sin embargo, tras conocer la situación del adulto mayor y escuchar sus motivos, decidió no denunciarlo y solo le pidió que se retirara del lugar.

MIRA AQUÍ: ¡Sorprendente! Mujer se convierte en madre por primera vez a sus 62 años

El caso generó conmoción por la situación de vulnerabilidad que atravesaba el hombre y por la decisión del establecimiento de optar por la comprensión antes que por una denuncia, este caso fue compartido por diferentes medios internacionales.",https://unitel.bo/noticias/insolito/perdon-no-tenia-para-comer-anciano-fue-sorprendido-robando-alimentos-en-supermercado-FO22867332
Unitel,2026-08-16,Agencias,Un enfrentamiento entre Los Lobos y Los Choneros deja cuatro muertos en Ecuador,"Quito, 16 ago (EFE).- Una serie de ataques perpetrados la madrugada de este sábado en distintos domicilios de la provincia tropical de Los Ríos, en Ecuador, dejó cuatro personas asesinadas, entre ellas un menor de edad, en hechos que, según las primeras investigaciones policiales, estarían relacionados con una represalia entre las bandas criminales Los Choneros y Los Lobos.

Según las declaraciones a los medios del coronel de la Policía Jorge Borja, los atacantes llegaron inicialmente a una vivienda, donde mediante intimidaciones obtuvieron de un menor de edad información sobre el paradero de una de las víctimas.

Con esos datos, los agresores se trasladaron hasta otro domicilio, donde localizaron y asesinaron a un hombre en presencia de uno de sus familiares.

Posteriormente se dirigieron a otra vivienda, donde ejecutaron a otras dos personas, entre ellas un menor de edad, y finalmente se desplazaron hasta un cuarto domicilio para asesinar a la última víctima.

""Tenemos cuatro víctimas, todas ellas se presume que pertenecen a Los Lobos"", señaló la portavoz policial, quien añadió que detrás de los asesinatos estarían presuntos integrantes de Los Choneros.

Según las primeras indagaciones, el múltiple crimen habría sido cometido como represalia después de que a uno de los presuntos integrantes de Los Choneros le robaran una motocicleta.

La Policía maneja como hipótesis que las cuatro víctimas habrían estado implicadas en ese robo, por lo que los integrantes de la banda rival habrían emprendido una acción de venganza contra ellas.

De acuerdo con la información preliminar de la Policía, una de las cuatro víctimas registraba antecedentes penales.

El suceso ocurrió al sur de la provincia de Los Ríos, cerca de la frontera con Guayas, una de las provincias más afectadas por la actividad de los grupos criminales.

Los Lobos y Los Choneros son las dos bandas criminales más grandes y activas de Ecuador, un país que atraviesa la peor crisis de seguridad y violencia desde hace varios años. EFE

af/seo",https://unitel.bo/noticias/agencias/un-enfrentamiento-entre-los-lobos-y-los-choneros-deja-cuatro-muertos-en-ecuador-DO22868748
Unitel,2026-08-16,Insólito,Una mujer millonaria pagó para ser protagonista de su serie y besar 60 veces a su actor favorito,"Una inversionista china, cuya identidad no ha sido revelada, pagó para la producción de una serie de más de 50 episodios, para tener el papel principal y eligió personalmente al actor Zhong Yufei, de 23 años, para que sea su pareja romántica.

Según Meng Xing, directora de la serie, la mujer interpretó a una princesa , mientras que Yufei encarnó a un príncipe .

El detalle que más llamó la atención fue otra de las exigencias de la inversora: incorporar más de 60 escenas de besos en casi todos los capítulos, según infobae.

MIRA AQUÍ: Juicio por un vestido de 15 años: Una mamá pagó miles de dólares a una diseñadora y no quedó como esperaba

Sin embargo el rodaje comenzó a complicarse cuando el actor habría denunciado que algunas de las escenas sobrepasaron sus límites, entre daños en sus labios, lo que generó un conflicto en torno a las condiciones en las que se filmaron determinadas secuencias.

Pero el problema continuó una vez finalizada la producción, la plataforma que adquirió la serie habría decidido eliminar más de 20 escenas de besos e intimidad por considerarlas demasiado extremas.

A los cuestionamientos por las escenas se sumó una disputa económica por 30.000 yuanes, equivalentes a unos 4.200 dólares , que la inversionista se negaba a pagar porque habían eliminados las escenas.

MIRA AQUÍ: Joven muere en accidente de tránsito cuando regresaba del velorio de su hermana

De esta manera lo que había comenzado como el proyecto audiovisual privado de una millonaria terminó convertido en una producción marcada por las denuncias sobre los límites de las escenas románticas, modificaciones posteriores y una suma económica.",https://unitel.bo/noticias/insolito/una-mujer-millonaria-pago-para-ser-protagonista-de-su-serie-y-besar-60-veces-a-su-actor-favorito-JN22855639
Unitel,2026-08-16,Sociedad,El exministro Medinaceli publica carta para defenderse en libertad y luego la borra; le responden que es cínico,"Mauricio Medinaceli, exministro de Hidrocarburos, publicó una carta en redes sociales en la que pidió defenderse en libertad por el caso denominado ‘gasolina basura ’ en el que se investiga el daño en motorizados por el combustible importado por el Estado.

La exautoridad cumple detención domiciliaria por este caso que aún está en investigación y su pedido provocó rechazo entre algunas actuales autoridades como por ejemplo el diputado Rolando Pacheco, que cuestionó que Medinaceli ni quisiera fue enviado a la cárcel.

MIRA AQUÍ: Justicia libera al último detenido por incautación de 189 kilos de oro en Viru Viru

La exautoridad recibió detención domiciliaria el 31 de julio, además de una fianza de Bs 100.000.

La carta de Medinaceli es dirigida a autoridades del Estado y asegura que no busca privilegios, sino que se respete la presunción de inocencia y el derecho a la defensa.

Además, destaca que Medinaceli se presentó de forma voluntaria ante las autoridades y mostró su predisposición para someterse al debido proceso.

La misiva fue borrada de la cuenta de Medinaceli a las horas de ser publicada.

No obstante, Pacheco consideró que el Gobierno liderado por Rodrigo Paz coordina con la justicia en alusión a Medinaceli y su arresto domiciliario.

MIRA AQUÍ: Senamhi alerta lluvias y nevadas: Potosí es el departamento más afectado

“Si en Bolivia existiera justicia , este hombre debería estar en la cárcel resarciendo los daños. Tiene el descaro todavía de decir de que quiere libertad”, sostuvo.

En criterio de Pacheco, la exautoridad debe tener una sentencia ejecutoriada, al igual que otros “100 funcionarios investigados”.",https://unitel.bo/noticias/sociedad/el-exministro-medinaceli-publica-carta-para-defenderse-en-libertad-y-luego-la-borra-le-responden-que-es-cinico-HO22867761
Unitel,2026-08-16,Mundo,Perú destinará 31 millones de dólares en subsidios al combustible tras alza de precios,"El Gobierno de Perú aprobó este sábado la asignación de hasta 105 millones de soles (31 millones de dólares) para financiar subsidios a transportistas de pasajeros y carga nacional y también a operadores del transporte regular de Lima y la provincia vecina del Callao para mitigar el impacto del incremento del precio de los combustibles.

Este sábado, la presidenta, Keiko Fujimori, anunció un subsidio focalizado en el precio de los combustibles, de entre 15 y 20%, para transportistas, incluidos mototaxistas y fluvial, como medida extraordinaria ante el incremento de los precios de diése l y gasolinas, que generó una paralización del transporte en la región selvática de Ucayali.

En un comunicado, el Ministerio de Economía y Finanzas detalló este sábado que esta medida extraordinaria es temporal, ya que regirá tres meses, y servirá para garantizar la continuidad de los servicios públicos de transporte terrestre y mitigar el impacto del incremento del costo de los combustibles sobre los pasajes , fletes y costos logísticos.

MIRA AQUÍ: Europa se debate con los incendios, que castigan con dureza a Bélgica

La política, establecida mediante un decreto de urgencia, contempla dos mecanismos diferenciados, el Mecanismo de Estabilidad del Transporte para Asegurar la Continuidad Operativa a nivel Nacional (META-Nacional) y el META-Lima y Callao.

«No vamos a hacer subsidios de amplio espectro, hemos optado por subsidios focalizados», señaló en el comunicado el ministro de Economía y Finanzas, Elmer Cuba, al explicar que la intervención busca atender directamente a los sectores de transporte más expuestos al incremento del precio de los combustibles.

Asimismo, Cuba explicó que estas medidas permitirán que el apoyo llegue directamente a los transportistas que cumplen las condiciones establecidas, garantizando una asignación focalizada y transparente de los recursos públicos.

“Estamos haciendo un esfuerzo fiscal focalizado. Los recursos públicos deben llegar a quienes realmente los necesitan y cumplen las condiciones para recibir este apoyo. Por eso, la medida cuenta con mecanismos de identificación, validación y control que aseguran que el subsidio llegue directamente al transportista”, sostuvo.

El META-Nacional está dirigido a los transportistas del servicio público de transporte terrestre regular de personas de ámbito nacional, regional y provincial, así como a los transportistas del servicio de transporte público terrestre de mercancías.

MIRA AQUÍ: Le robaron la camioneta al hijo de un intendente de Argentina y sospechan que fue trasladada a Bolivia

El subsidio será equivalente a cuatro soles (1,20 dólares) por cada galón de diésel B5 o diésel B20 de uso vehicular adquirido.

El beneficio se calculará sobre el volumen de combustible adquirido y deberá estar sustentado mediante comprobantes de pago emitidos por proveedores con inscripción vigente en el registro estatal de hidrocarburos.

Mientras que para los operadores del servicio público de transporte regular autorizados por la Autoridad de Transporte Urbano para Lima y Callao (ATU), el decreto de urgencia establece un mecanismo diferenciado , que toma como base el kilometraje recorrido y validado mediante el Sistema Integrado de Control y Monitoreo (SICM).

El subsidio será de 0,50 soles por kilómetro para ómnibus, 0,40 soles para minibuses y 0,30 soles para microbuses, durante tres meses.

Para financiar ambas medidas, el decreto de urgencia autoriza transferencias de partidas por hasta 60 millones de soles para el META-Nacional y 45 millones de soles para el META-Lima y Callao, con cargo a los recursos de la Reserva de Contingencia del Ministerio de Economía y Finanzas.",https://unitel.bo/noticias/mundo/peru-destinara-31-millones-de-dolares-en-subsidios-al-combustible-tras-alza-de-precios-KO22869056
Unitel,2026-08-16,Mundo,Intensas lluvias provocan tres muertes e inundaciones en Venezuela,"Fuertes lluvias en Caracas causaron la muerte de tres personas, entre ellas dos adolescentes, además de inundaciones que arrastraron vehículos, informaron autoridades el domingo.

El paso de la onda tropical número 37 por el norte de Venezuela trajo en la noche del sábado lluvias torrenciales y descargas eléctricas, según el servicio nacional de meteorología Inameh.

“Se registró un hecho en el cual menores de edad del sexo femenino fueron arrastradas por una corriente de agua”, dijo el comandante general de los Bomberos de Caracas, Pablo Antonio Palacios Salazar.

MIRA AQUÍ: Europa se debate con los incendios, que castigan con dureza a Bélgica

Al llegar los bomberos al municipio Libertador (centro-oeste) para atender la emergencia “ya se encontraban las autoridades competentes resguardando ambos cuerpos sin vida ”, agregó Palacios en Telegram.

También una mujer de 49 años, aún sin identificar, murió debido a la caída de un muro en el mismo municipio.

Mientras que en el municipio Sucre (este), al menos 30 viviendas quedaron anegadas.

Las torrenciales lluvias que cayeron entre la noche del sábado y el domingo tumbaron árboles que destruyeron las carpas donde duermen las personas que quedaron sin vivienda tras los terremotos del 24 de junio.

MIRA AQUÍ: Terremoto de magnitud 6,1 impacta cerca de Vanuatu, en el Pacífico sur

Bomberos y funcionarios de Protección Civil quitaron troncos y ramas de las carpas de los refugiados, que provienen de un conjunto de edificios multifamiliares de interés social en el centro de la capital.

“El desprendimiento provocó que parte del ramaje se posara sobre unas carpas que fungen como refugio y obstaculizó de manera temporal el tránsito vehicular”, informó el Cuerpo de Bomberos de Caracas en Instagram.",https://unitel.bo/noticias/mundo/intensas-lluvias-provocan-tres-muertes-e-inundaciones-en-venezuela-DO22869039
Unitel,2026-08-16,Farándula,¿Habrá colaboración? Los Kjarkas y Tupay reaccionan a los conciertos de Cazzu en Bolivia,"La argentina Cazzu tuvo tres presentaciones en Bolivia, en las que conquistó el corazón de los bolivianos al interpretar y bailar ritmos folclóricos nacionales. Tras sus conciertos, los Kjarkas y Tupay realizaron publicaciones en alusión a la artista .

La primera presentación de Cazzu fue el 6 de Agosto, precisamente en el aniversario de la fundación de Bolivia. La argentina fue un suceso cuando interpretó Munasquechay de los Kjarkas en quechua, provocando el delirio de sus fans.

También provocó con Negrita, composición de Tupay para Los Kjarkas.

MIRA AQUÍ: Cazzu sorprendió al lucir un anillo con bolivianita durante su concierto en La Paz

“Con todo el respeto y amor que les tengo, yo no me podía quedar con las ganas de hacer esto”, señaló Cazzu en La Paz, se quitó un poncho y comenzaron a sonar los tambores de Negrita de los Kjarkas.

La argentina no solo disfrutó cantando este tema, también lo bailó provocando el delirio de sus fanáticos.

Tras esas presentaciones a través de una de las páginas de Los Kjarkas se destacó las interpretaciones de la música boliviana que realizó la artista argentina.

“Cazzu esperemos algún día compartir escenario, la música no tiene fronteras ni tiempos. Gracias por visitar nuestro hermoso país bendiciones para ti y tu hermosa hija”, escribieron desde la página Los Kjarkas – Chila Jatun, compartiendo además un video de la artista.

También se pronunció desde la fanpage de Tupay, Edwin Castellanos, uno de los integrantes de este dúo boliviano que compone e interpreta música nacional

“Agradecer a Cazzu por la interpretación de Negrita , una canción que compusimos con Fernando Torrico hace muchos años para nuestros hermanos Kjarkas y fue un suceso, fue un éxito muy grande como otras canciones”, señaló Castellanos.

MIRA AQUÍ: “Te amo Bolivia”: Cazzu comparte los momentos más emotivos de su paso por el país

Si bien ni Los Kjarkas, tampoco Tupay anunciaron, de momento, un acercamiento con Cazzu para concretar alguna colaboración, los fanáticos de la argentina señalan que sería una gran oportunidad para vivir algo inédito.

“Sería épico verlos compartiendo escenario, o por qué no hacer una colaboración ya q ella es fans de ustedes”, escribió Rihan DGarcez en Facebook.",https://unitel.bo/noticias/farandula/habra-colaboracion-los-kjarkas-y-tupay-reaccionan-a-los-conciertos-de-cazzu-en-bolivia-LO22869471
Unitel,2026-08-16,Seguridad,"Registran un incendio en el cerro Cota, en medio de la peregrinación por la Virgen de Urkupiña","Un incendio forestal se registra en la zona del Cerro de Cota, en el municipio de Quillacollo , Cochabamba, lugar donde este domingo se realizan las actividades por la Festividad de la Virgen de Urkupiña y que amenaza con alcanzar una vivienda.

De acuerdo con la información preliminar, el siniestro inició en unos pastizales, por causas que aún se desconocen, sin embargo, en cuestión de minutos este se expandió y descontroló.

MIRA AQUÍ: Miles de devotos peregrinaron hacia el Calvario de la Virgen de Urkupiña con fe y esperanza

El hecho se registró en el Cerro Cota, donde se encuentra el Calvario de la Virgen de Urkupiña, lugar donde este domingo se registró la peregrinación y donde cientos de personas se encontraban participando de la Fiesta de la Integración.

El fuego comenzó a expandirse por el lugar llegando incluso a amenazar con alcanzar a una vivienda que se encontraba por el lugar, mientras que pobladores intentaban controlar las llamas con ayuda de agua y arrojando arena.

Asimismo, las personas que habían llegado a la zona por la Festividad de Urkupiña también se alarmaron por la situación, por lo que rápidamente se apresuran a mover sus vehículos que estaban estacionados cerca del lugar para evitar que sean afectados por el incendio.

MIRA AQUÍ: “No tiene una evolución favorable, corre riesgo su vida”, revela médico sobre la joven herida de bala en la cabeza

Hasta cerca de las 15:00 horas se conoce que el fuego permanecía activo, mientras se aguardaba la llegada de Bomberos para que ayuden a controlarlo.

Se espera conocer un informe en relación a este hecho en las próximas horas donde se aclare las causas que pudieron provocar el inicio del incendio.",https://unitel.bo/noticias/seguridad/registran-un-incendio-en-el-cerro-cota-en-medio-de-la-peregrinacion-por-la-virgen-de-urkupina-GO22868619
Unitel,2026-08-16,Política,Gobierno enfrenta renuncias en Cultura y Educación: se alejaron dos viceministros y el director de Secundaria en tres días,"Tres viceministros presentaron su renuncia en los últimos días, en medio de diferencias con la visión del Gobierno sobre políticas en Cultura y Educación. El primero fue Andrés Zaratti Chevarría (Culturas) y luego lo hicieron Juan Carlos Pimentel y Edgar Cadima, que trabajaban en el Ministerio de Educación.

En una carta dirigida al presidente Rodrigo Paz, Zaratti indicó que su gestión fue asumida con “recursos extremadamente limitados, debilidades institucionales y numerosos problemas estructurales acumulados ”, agravados por la crisis económica y política.

MIRA AQUÍ: Andrés Zaratti presenta renuncia “irrevocable” al Viceministerio de Culturas y Folklore

Presentó su renuncia irrevocable al cargo de viceministro de Culturas y Folklore el pasado miércoles.

Mientras que en el Ministerio de Educación también hubo dos bajas. El viceministro de Educación Regular, Juan Carlos Pimentel, y el director general de Educación Secundaria, Edgar Cadima, presentaron sus cartas de renuncia ante el ministro Erick Sanjinés, quien aceptó su alejamiento.

MIRA AQUÍ: Renuncian el viceministro de Educación Regular y el director de Educación Secundaria

Ambas autoridades adujeron supuestos desacuerdos con la actual malla curricular y su salida se conoció el viernes.

Repercusiones

La diputada del PDC, Catherine Pinto, señaló que “se necesita una reestructuración” y afirmó que “ la educación es un tema muy serio, y muy pocos quieren asumirlo ”.

“Los maestros del área rural son los primeros que han saltado, pues igual están en contra” de la Ley Avelino Siñani , indicó Pinto al agregar que para ello se necesita gente que “realmente esté comprometida” con el trabajo, que “es 24/7”.

Por su parte, el diputado de Unidad Nacional, Alejandro Reyes, fue más crítico al señalar que la malla curricular se tiene que cambiar considerando que “ la Avelino Siñani y todo lo que ha hecho el masismo con ideología en los colegios ya no puede ir más ”.

Las tres renuncias se dan en una semana y exponen tensiones internas en torno a las políticas culturales y educativas del Gobierno, particularmente respecto a la implementación de la malla curricular y la Ley Avelino Siñani.",https://unitel.bo/noticias/politica/gobierno-enfrenta-renuncias-en-cultura-y-educacion-se-alejaron-dos-viceministros-y-el-director-de-secundaria-en-tres-dias-NO22869114
Unitel,2026-08-16,Economía,“Ya no se aguanta más”: Cívicos cruceños se reunirán el lunes con el presidente de YPFB por crisis de combustible,"El Comité Pro Santa Cruz anunció una reunión para este lunes con el presidente de YPFB, Sebastián Daroca , para buscar alternativas urgentes ante la crisis de combustible que afecta al país. El encuentro está previsto para las 09:00.

Según informó el vicepresidente de la institución, Agustín Zambrana, tuvo una conversación con el Ejecutivo de la empresa estatal en la que le habría confirmado su presencia la presencia en instalaciones del Comité.

El dirigente cívico cuestionó la falta de respuestas del Gobierno y advirtió que la situación energética derivó en un colapso de los sectores productivos. “ Vamos a tomar una decisión, ya no aguantamos más, hemos sido pacientes ”, señaló.

MIRA AQUÍ: Gobierno anuncia abastecimiento paulatino de gasolina y diésel desde este fin de semana

“Dijimos que había una crisis energética, ¿recuerdan? Y nos dijeron que estábamos locos, que éramos muy radicales, que no estábamos siendo pacientes. Pues esa crisis energética se está convirtiendo, como dijo nuestro presidente cívico, (Stello) Cochamanini, se está convirtiendo en una Bolivia de colapso. Están colapsando todos los sistemas de producción de trabajo”, afirmó Zambrana.

Zambrana indicó que en la reunión participarán los cuatro bloques regionales, representantes de provincias, municipios y sectores productivos del departamento.

MIRA AQUÍ: “La gente no puede seguir así”: Velasco dice que avanzará “con o sin decreto” en la importación de combustible en alianza público - privada

Bolivia atraviesa una escasez de diésel y gasolina. En Santa Cruz y en el resto del país, los conductores reportan filas de varias horas e incluso días para cargar combustible en las estaciones de servicio.

El Comité espera que el presidente de YPFB informe este lunes “la verdad de qué está pasando” con el abastecimiento.",https://unitel.bo/noticias/economia/ya-no-se-aguanta-mas-civicos-crucenos-se-reuniran-el-lunes-con-el-presidente-de-ypfb-por-crisis-de-combustible-MO22867579
Unitel,2026-08-16,Política,"Velasco por combustible: “tenemos que solucionar nuestros problemas desde Santa Cruz, no podemos esperar al Gobierno”","El gobernador de Santa Cruz, Juan Pablo Velasco, se refirió a la crisis de abastecimiento de combustible que hay en el país y afirmó que su gestión continuará buscando alternativas para garantizar el suministro de diésel y evitar que sectores como el agro y otras actividades productivas se vean afectados.

“Nosotros tenemos que solucionar nuestros problemas, desde Santa Cruz para Santa Cruz, no podemos esperar el ritmo del Gobierno, de YPFB (Yacimientos Petrolíferos Fiscales Bolivianos)”, consideró a su llegada al departamento después de visitar Cochabamba.

MIRA AQUÍ: “Pedimos disculpas”: la respuesta del ministro de Hidrocarburos por las filas que llevan semanas en los surtidores

Destacó que se buscará la forma legal para la importación de combustible en medio de una crisis que golpea al departamento cruceño y que ha provocado largas filas en los surtidores.

“Buscamos que los transportistas puedan trabajar, no pueden vivir en sus camiones y eso es lo que vamos a hacer”, insistió.

Velasco señalaba este fin de semana que las personas no pueden seguir esperando y que avanzará en la importación de combustible “con o sin decreto” en una alianza público privada.

MIRA AQUÍ: Paz promulga ley que autoriza programa agrícola sustentable para familias rurales por más de $us 24 millones

“No vamos a esperar que las cosas sigan empeorando, lo vamos a hacer de manera autónoma. Estamos confiados y ya sabemos cómo hacerlo, así que solo es cuestión de tiempo para que Santa Cruz pueda importar su propio combustible”, declaró durante su participación en los actos religiosos en devoción a la Virgen de Urkupiña en Cochabamba, según ANF.

Por otro lado, calificó como un buen comienzo la aprobación de importación para una planta de Cuatro Cañadas, Santa Cruz. Aunque aclaró que el departamento requiere alrededor de 1,5 millones de litros de diésel por día para cubrir su demanda.",https://unitel.bo/noticias/politica/velasco-por-combustible-tenemos-que-solucionar-nuestros-problemas-desde-santa-cruz-no-podemos-esperar-al-gobierno-GO22868943
Unitel,2026-08-16,Seguridad,Despliegan 900 policías en el límite con Perú por el Plan Frontera Segura,"Alrededor de 900 policías se encuentran desplegados en la frontera con Perú como parte del Plan Frontera Segura , lanzado por el presidente Rodrigo Paz en Guayaramerín, informó el comandante departamental de la Policía de La Paz, Juan Sotopeña.

Explicó que hace dos meses se crearon los Comandos de Policía de Frontera en el departamento, con el objetivo de reforzar el control en los municipios limítrofes, que serán fortalecidos dentro del nuevo programa que fue lanzado esta semana por el Gobierno .

”Tenemos uno que está en el norte, con base en Caranavi, el centro, que está en Achacachi y el otro, el sur, que está en Desaguadero ”, detalló Sotopeña.

Los tres comandos ya cuentan con personal y equipamiento básico y, a partir del lanzamiento del Plan frontera Segura estima que en los próximos días se hará el refuerzo de estos comandos.

“ Tenemos 900 policías distribuidos en todo lo que significa en nuestros municipios que tenemos en frontera con el país de Perú”.

MIRA AQUÍ: Viceministro: El crimen transnacional se apoderó de las fronteras por años de abandono

El Plan “Frontera Segura” busca fortalecer la seguridad en las zonas limítrofes y combatir delitos como el contrabando , el narcotráfico y la trata de personas.

Su lanzamiento oficial fue el pasado jueves, en Guayaramerín, Beni, donde participaron el presidente Rodrigo Paz y autoridades brasileñas.

MIRA AQUÍ: Justicia libera al último detenido por incautación de 189 kilos de oro en Viru Viru",https://unitel.bo/noticias/seguridad/despliegan-900-policias-en-el-limite-con-peru-por-el-plan-frontera-segura-EO22869782
Unitel,2026-08-16,Seguridad,Vecinos de la Radial 26 reportan balacera en la zona norte de la capital cruceña,"Una nueva balacera fue reportada la noche del sábado en la radial 26, zona norte de la capital cruceña . De acuerdo a vecinos, se oyeron disparos cerca a las 23:00.

MIRA AQUÍ: “No tiene una evolución favorable, corre riesgo su vida”, revela médico sobre la joven herida de bala en la cabeza

El hecho generó temor entre los habitantes del sector, quienes por miedo no habrían acudido a una estación policial para formalizar la denuncia.

El nuevo hecho con armas de fuego se registra en medio de una ola de violencia en el departamento cruceño, donde en las últimas semanas se han denunciado sicariatos y disputas entre organizaciones criminales.

MIRA AQUÍ: Justicia libera al último detenido por incautación de 189 kilos de oro en Viru Viru

Aunque, no se descarta que la supuesta balacera esté relacionada con peleas entre pandillas , situación que ya se habría registrado anteriormente en esta zona de la capital.

Se espera que en las próximas horas las autoridades policiales y de la Fiscalía se refieran a esta denuncia hecha por los vecinos de la zona norte de la ciudad.",https://unitel.bo/noticias/seguridad/vecinos-de-la-radial-26-reportan-balacera-en-la-zona-norte-de-la-capital-crucena-PP22870348
Unitel,2026-08-16,Insólito,Muere creadora de contenido paranormal y sus seguidores lo atribuyen a la destrucción de una ‘figura religiosa’,"La muerte de Jiang Xiaorou , una reconocida influencer de contenido paranormal de apenas 24 años, generó conmoción entre sus seguidores y abrió una serie dudas y cuestionamiento en las redes sociales.

T ras conocerse la muerte de Jian Xiaorou en un acciente , miles de internautas rescataron un video grabado aproximadamente un año atrás, en el que la creadora destruyó una representación de Guanyin, la venerada figura budista asociada con la compasión y conocida popularmente como la Diosa de la Misericordia.

Jiang habría realizado la acción como parte de un desafío destinado a poner a prueba las creencias paranormales y cuestionar las supersticiones. Frente a su audiencia, incluso aseguró que la idea del castigo divino era falsa, según Rating Cero.

MIRA AQUÍ: Juicio por un vestido de 15 años: Una mamá pagó miles de dólares a una diseñadora y no quedó como esperaba

Tras su trágico final, algunos usuarios comenzaron a relacionar su muerte con aquel episodio y a sostener la teoría de que la influencer habría sufrido las consecuencias por haber destruido un elemento considerado sagrado.

La coincidencia genera versiones y comentarios sobre maldiciones y supuestas consecuencias sobrenaturales por manipular objetos religiosos con fines de entretenimiento.

MIRA AQUÍ: Joven muere en accidente de tránsito cuando regresaba del velorio de su hermana

Sin embargo hasta el momento no existe evidencia que demuestre que su fallecimiento tenga alguna relación con aquel desafío. Las versiones sobre un supuesto “ castigo ” son parte de las especulaciones difundidas por usuarios en redes sociales.",https://unitel.bo/noticias/insolito/muere-creadora-de-contenido-paranormal-y-sus-seguidores-lo-atribuyen-a-la-destruccion-de-una-figura-religiosa-OO22867779
Unitel,2026-08-16,Seguridad,"Un joven es encontrado con un cuchillo clavado en la cabeza y está consciente, señala testigo","Un joven de nombre José fue encontrado con un cuchillo clavado en la cabeza en Villa Salomé (La Paz). Un vecino que lo auxilió, informó la víctima estaba corriendo como tratando de escapar de alguien.

El vecino cuenta que llamó a la Policía, pero nadie contestaba. Afortunadamente, un minibús que pasaba por la zona permitió que se suba para trasladarlo a un centro de salud.

MIRA AQUÍ: Sale a la luz el video que muestra a delincuente ingresando por el techo a una joyería para robar

El vecino agregó que incluso el establecimiento de salud estaba cerrado, motivo por el que tuvieron que trasladar a la víctima a otro centro de salud.

El vecino contó que antes de llegar a alguna posta, los encontró la Policía y trasladaron al afectado al hospital de Clínicas y comenzaron las investigaciones.

El joven que fue víctima del ataque, para sorpresa de quienes lo vieron en ese estado, está consciente. El hombre que lo encontró aún está en shock. Por su lado, los pasajeros de aquel minibús documentaron lo ocurrido en medio del asombro.

MIRA AQUÍ: Viceministro: El crimen transnacional se apoderó de las fronteras por años de abandono

José es el nombre del joven que aún tiene un cuchillo incrustado en la cabeza. Cuando llegó al hospital logró dar los datos de su familia; sin embargo, aún no se sabe que pasó, si fue un asaltado o quedó en esta condición por alguna pelea en medio del consumo de bebidas

El afectado es estudiante de enfermería y tiene 20 años. Sus seres queridos piden justicia que los responsables de este hecho sean encarcelados. Entre tanto esperan que esta lesión en la cabeza no deje secuelas en el este joven que tiene toda una vida por delante.",https://unitel.bo/noticias/seguridad/un-joven-es-encontrado-con-un-cuchillo-clavado-en-la-cabeza-y-esta-consciente-senala-testigo-BP22870144
Unitel,2026-08-16,Política,“Estamos peor que en el gobierno de Luis Arce”: Vocero de Libre cuestiona la gestión de Rodrigo Paz,"Para el vocero de Libre, Luis Vásquez, la situación de Bolivia está peor que en la del gobierno de Luis Arce. Señala que se está viviendo una “tormenta de problemas” y le plantea al gobierno de Rodrigo Paz debatir para encontrar una solución.

“Hay bronca en la gente y tiene razón para estar molesta. Estamos peor que con el gobierno de Arce”, manifestó Vásquez, durante una entrevista con Amalia Pando.

MIRA AQUÍ: “La gente no puede seguir así”: Velasco dice que avanzará “con o sin decreto” en la importación de combustible en alianza público - privada

Agregó que a las filas por combustibles que están desde hace semanas en los surtidores de Bolivia se suma la “ crisis económica y la inflación”, los problemas con el narcotráfico, las bandas internacionales del crimen organizado la corrupción, entre otros.

“Estamos en un momento en que todo se te viene encima, es una tormenta de problemas”, señaló Vásquez.

En ese marco, Vásquez señala que el Gobierno no tiene un acuerdo interino para enfrentar los problemas que se presentaron y le plantea un debate para encontrar soluciones.

MIRA AQUÍ: Cívicos convocan al presidente de YPFB “para que explique” el desabastecimiento de combustible

“Salvemos a Bolivia, estamos dispuestos a trabajar. Si el Gobierno quiere debatir, vamos a debatir, por ahí nos convencen ellos o nosotros los convencemos de nuestra propuesta”, señaló.

Vásquez asegura que a Libre no le interesa ninguna retribución, y reitera que es necesario un plan para enfrentar la situación por la que atraviesa Bolivia.",https://unitel.bo/noticias/politica/estamos-peor-que-en-el-gobierno-de-luis-arce-vocero-de-libre-cuestiona-la-gestion-de-rodrigo-paz-BP22871462
Unitel,2026-08-16,Seguridad,Pelea de pandillas con machetes genera zozobra en la avenida Virgen de Luján,"Un a pelea entre dos grupos de pandillas la noche del sábado generó zozobra y miedo entre los vecinos del barrio San Jorge, ubicado en la avenida Virgen de Luján, en el 7mo anillo de la zona este de la capital cruceña.

De acuerdo a datos preliminares, el enfrentamiento se registró en una plaza principal de la zona. Ambas facciones se atacaron con armas punzocortantes cortas y machetes .

Vecinos del sector lograron grabar el momento en que los jóvenes se amenazaban y generaban violencia en la zona. Incluso, se observa como hay personas que están dentro de domicilios, que tienen que resguardarse para evitar ser víctimas de la delincuencia.

MIRA AQUÍ: Vecinos de la Radial 26 reportan balacera en la zona norte de la capital cruceña

“Corrimos todos a meternos. Da mucho miedo porque pelean aquí en la plaza y uno no puede salir”, relató una vecina del barrio.

Piden mayor seguridad

Los vecinos del barrio San Jorge aseguraron que la zona no es segura y que estas peleas se dan por disputa de territorio. Además, pidieron mayor presencia policial y mejor iluminación en el sector, ya que existen callejones oscuros donde estos grupos suelen enfrentarse.

MIRA AQUÍ: “No tiene una evolución favorable, corre riesgo su vida”, revela médico sobre la joven herida de bala en la cabeza

Guadalupe Areruma, vicepresidenta del barrio San Jorge, indicó que los vecinos viven atemorizados y exigen a las autoridades intervenir antes de que ocurra una tragedia.

Hasta el cierre de este reporte, la Policía no se pronunció sobre este nuevo hecho de violencia ocurrido en la capital cruceña.",https://unitel.bo/noticias/seguridad/pelea-de-pandillas-con-machetes-genera-zozobra-en-la-avenida-virgen-de-lujan-HP22870869
Unitel,2026-08-16,Seguridad,El joven con un cuchillo clavado en la cabeza estudia enfermería y su familia pide justicia,"José es el nombre del joven que fue hallado corriendo con un cuchillo incrustado en su cabeza en La Paz. Él está internado en un hospital y su familia pide que se esclarezcan las condiciones en las que se registró esta grave lesión.

El afectado es estudiante de enfermería y tiene 20 años. Estaba consciente cuando llegó al hospital y logró dar los datos de sus familiares, que piden que los responsables de este hecho sean encarcelados. Entre tanto esperan que esta lesión en la cabeza no deje secuelas.

José fue hallado la madrugada de este domingo corriendo por las calles de la zona de Villa Salomé en La Paz, donde un vecino decidió ayudarlo y lo trasladaron hasta un establecimiento de salud.

MIRA AQUÍ: Sale a la luz el video que muestra a delincuente ingresando por el techo a una joyería para robar

El hombre llamó al 110, línea de la Policía; sin embargo, no logró comunicarse rápidamente por lo que decidió pedir ayuda a un minibús.

Después de recorrer al menos dos establecimientos de salud, según el vecino que ayudó, el afectado fue internado en el Hospital de Clínicas y se aguarda un pronunciamiento médico para conocer el estado de salud del joven.

MIRA AQUÍ: Despliegan 900 policías en el límite con Perú por el Plan Frontera Segura

Por su lado, la Policía indaga si esta persona fue atracada o si esta grave lesión fue producto de una riña o pelea en la calle.",https://unitel.bo/noticias/seguridad/el-joven-con-un-cuchillo-clavado-en-la-cabeza-estudia-enfermeria-y-su-familia-pide-justicia-CP22870727
Unitel,2026-08-16,Seguridad,Reportan un incendio forestal en la zona sur de La Paz,"Este domingo por la noche se reportó un incendio forestal en la zona sur de La Paz. En una fotografía tomada desde Achumani, se puede observar el fuego.

MIRA AQUÍ: Pelea de pandillas con machetes genera zozobra en la avenida Virgen de Luján

Se conoce que un equipo de bomberos se traslada hasta el lugar para combatir el fuego.

Bomberos voluntarios informaron que un contingente de bomberos de la Policía se encontraba sofocando el fuego que estaba en el lugar.

MIRA AQUÍ: Vecinos de la Radial 26 reportan balacera en la zona norte de la capital cruceña

Hasta las 20:30 de este domingo todavía no había un reporte oficial de bomberos, pues se encuentran trabajando para sofocarlo.",https://unitel.bo/noticias/seguridad/reportan-un-incendio-forestal-en-la-zona-sur-de-la-paz-HP22872014
Unitel,2026-08-16,Seguridad,Fiscalía realizó 37 observaciones a la denuncia contra más de 150 exautoridades por el caso hotel Las Américas,"La Fiscalía Departamental de Santa Cruz observó con 37 puntos la denuncia presentada el 11 de agosto por tres personas procesadas durante el gobierno de Evo Morales por los hechos del caso Hotel Las Américas ocurridos en abril de 2009.

El Ministerio Público instó a los denunciantes para subsanar las observaciones. La denuncia fue interpuesta contra 153 personas por presuntos crímenes de lesa humanidad relacionados con este hecho.

MIRA AQUÍ: Denuncian a 153 exautoridades por el caso hotel Las Américas: Exministros de Evo y exfiscales están entre los demandados

Alfredo Saucedo, de la parte denunciante, informó que la resolución de observación está firmada por la fiscal de materia Patricia Villarroel Cáceres.

“37 puntos que está observando. No le puedo decir específicamente, porque es una resolución de 4 hojas, que identifiquemos cómo los detuvieron a los que asesinaron en el hotel Las Américas, cómo los asesinaron y cuál es la participación de cada uno de los denunciados”, detalló ante los medios.

MIRA AQUÍ: Viceministro: El crimen transnacional se apoderó de las fronteras por años de abandono

Saucedo aclaró que la denuncia “no ha sido admitida, pero tampoco ha sido rechazada” , debido a que se trata de presuntos crímenes de lesa humanidad. “Porque no puede el Ministerio Público rechazar una denuncia de crímenes de lesa humanidad”, afirmó.

Se resaltó que el declarar inadmisible una denuncia no cierra el caso definitivamente.",https://unitel.bo/noticias/seguridad/fiscalia-realizo-37-observaciones-a-la-denuncia-contra-mas-de-150-exautoridades-por-el-caso-hotel-las-americas-IP22871018
Unitel,2026-08-16,Farándula,"La historia de Luis Vega, el artista que convirtió las vivencias de sus fans en canciones","Luis Esteban Solíz Flores, más conocido como Luis Vega , nació el 2 de diciembre de 1992 y tiene 33 años. Durante su infancia vivió en el barrio Guapurú del Plan 3000 , en Santa Cruz de la Sierra, donde comenzó a construir el camino que años después lo llevaría a los grandes escenarios.

Su primera gran experiencia televisiva llegó en 2016, cuando formó parte de Star Academy , concurso de talentos emitido por la red Unitel, que ofrecía a sus participantes una formación integral en canto, baile, expresión corporal y habilidades escénicas.

En la primera edición del programa, su hermano David Soliz se consagró como ganador. Motivado por ese logro familiar, un año después Luis decidió asumir el desafío y participar en la segunda temporada, donde consiguió llegar hasta la segunda posición.

MIRA AQUÍ: “Hagamos Historia”: Luis Vega dará su primer concierto en un estadio y participarán invitados especiales

Tras su paso por la televisión, Luis Vega se dedicó durante años a interpretar covers, hasta que encontró una fórmula que marcaría un antes y un después en su carrera : comenzó a componer canciones inspiradas en historias reales que sus seguidores le enviaban a través de las redes sociales.

Bajo el concepto “Puro Papel y Lápiz”, sus composiciones comenzaron a ganar popularidad en TikTok y rápidamente se volvieron virales.

Lo que empezó como una manera creativa de contar las experiencias de otras personas terminó convirtiéndose en el impulso que necesitaba para dar a la fama. Con el crecimiento de su popularidad llegaron también los grandes escenarios.

En 2024 protagonizó su primer concierto en un estadio. El evento fue denominado “Hagamos Historia” y se realizó en el recinto deportivo del club Real Santa Cruz.

Este momento quedó marcado por una propuesta muy especial. En medio de la multitud, Luis Vega le pidió matrimonio a Nathalia Calvimonte , con quien ya está casado.

MIRA AQUÍ: Luis Vega anuncia su primer Tour internacional en Chile

Su carrera continuó expandiéndose más allá de Bolivia, en 2026 anunció su primer tour internacional por Chile y posteriormente llevó su música hasta Estados Unidos, consolidando así una nueva etapa en su trayectoria artística.

Su experiencia, conocimiento y trayectoria en el mundo artístico también lo llevaron a ocupar el lugar de jurado en “ Yo Me Llamo Bolivia ”, emitido por UNITEL, donde compartió sus conocimientos y criterio musical con los participantes del reconocido programa de imitadores.

Además de su faceta como cantante, compositor y jurado, Luis Vega también tiene un importante rol familiar: es padre de tres niños y comparte su vida con Nathalia Calvimonte.

MIRA AQUÍ: Luis Vega conquista nuevos escenarios, el artista boliviano anuncia gira de conciertos en EEUU

La historia de Luis Vega refleja una carrera construida paso a paso, entre esfuerzo, creatividad y una particular capacidad para convertir las historias de la gente en canciones.",https://unitel.bo/noticias/farandula/la-historia-de-luis-vega-el-artista-que-convirtio-las-vivencias-de-sus-fans-en-canciones-FO22869158
Unitel,2026-08-16,Sociedad,Tome previsiones: Pronostican calor extremo y frío en Santa Cruz para la semana que inicia,"Santa Cruz está a horas de ingresar a la tercera semana de agosto y El Señor del Clima, Luis Alpire, emitió el pronóstico de cómo estarán las condiciones climáticas en los siguientes días.

Alpire, comenzó explicando que la semana arrancará con altas temperaturas y fuertes vientos en todo el departamento; sin embargo, el martes en la mañana ingresará un frente frío que se quedará por varios días.

MIRA AQUÍ: Miles de devotos peregrinaron hacia el Calvario de la Virgen de Urkupiña con fe y esperanza

“( El calor) esto servirá como antesala al ingreso de un frente frío (del martes) de mediana intensidad acompañado de precipitaciones diversas, lo que incidirá en un descenso sustancial de las condiciones del ambiente”, detalla el informe de Alpire.

El agrometeorólogo señaló que el ambiente frío prevalecerá inicialmente hasta la madrugada del viernes 21 de agosto, cuando reingresarán las corrientes del norte y volverán a subir las temperaturas.

“¡Una semana de puros contrastes: iniciamos con calor e intensas ráfagas del norte y concluimos la semana con tiempo frío y fuerte viento del sur!”, sostuvo.

MIRA AQUÍ: Se forman promontorios de basura en las vías de La Paz y contenedores rebalsan con desechos

Temperaturas por zona

En la provincia Andrés Ibáñez y el norte integrado , la mínima será de 12 grados (°C) y la máxima de 31. Mientras que se espera que las ráfagas de viento superen los 70 kilómetros por hora (Km/hr). Se esperan lluvias.

En los Valles Cruceños esta semana se registrarán vientos que oscilarán entre los 30 y 70 kilómetros por hora. Mientras que la temperatura oscilará entre 5 °C y 28 ° C. También se esperan lluvias.

En Cordillera la temperatura oscilará entre 9 y 35 °C y los vientos que pueden alcanzar los 75km/hr y también pronostican lluvias.

MIRA AQUÍ: ¡Por una noble causa!, se realizó la carrera en apoyo a los bomberos voluntarios

Por último, en la Chiquitania se esperan lluvias débiles y vientos que podrían alcanzar los 70 km/hr. Mientras que la temperatura oscilará entre 13 y 39 grados.",https://unitel.bo/noticias/sociedad/tome-previsiones-pronostican-calor-extremo-y-frio-en-santa-cruz-para-la-semana-que-inicia-GP22871421
Unitel,2026-08-16,Política,Libre dice que el Gobierno busca “comprar” con “pegas” votos en la Asamblea Legislativa,"En medio del tratamiento de la ley de inversiones que se encuentra en una comisión de Diputados, el vocero de Libre, Luis Vásquez Villamor, denunció que el Gobierno busca “comprar” a legisladores para aprobar los proyectos de ley que anunció hace días.

“Rodrigo (Paz) puede querer comprar un voto, comprar otro voto (en la Asamblea Legislativa Plurinacional), lo cual está mal ética y moralmente hablando”, señaló Vásquez en una entrevista con Amalia Pando.

MIRA AQUÍ: “Estamos peor que en el gobierno de Luis Arce”: Vocero de Libre cuestiona la gestión de Rodrigo Paz

El representante de Libre especificó que cuando habla de “comprar” se refiere al ofrecimiento de “pegas” en instituciones estatales para que formen parte del bloque del gobierno en la ALP.

“Esto se ha venido dando con una regularidad impresionante durante los últimos meses”, manifestó Vásquez.

Si bien cuestionó el alejamiento de Branko Marinkovic y de Ernesto Suárez de la bancada de Libre, señaló que lo importante es ocuparse de los graves problemas que enfrenta Bolivia y le planteó al Gobierno debatir la situación para buscar una solución.

MIRA AQUÍ: Gobierno enfrenta renuncias en Cultura y Educación: se alejaron dos viceministros y el director de Secundaria en tres días

“Si el Gobierno quiere debatir, vamos a debatir, por ahí nos convencen o nosotros a ellos”, manifestó.

Vásquez agregó que este lunes Jorge Tuto Quiroga presentará un proyecto de reformas a la Constitución como una medida que tiene por objetivo encontrar una solución a los problemas que atraviesa el país.",https://unitel.bo/noticias/politica/libre-dice-que-el-gobierno-busca-comprar-con-pegas-votos-en-la-asamblea-legislativa-HP22872588
Unitel,2026-08-16,Economía,Caos en surtidores: Se forman hasta tres filas por combustible en medio de la desesperación de conductores,"Con el paso de los días la escasez de combustible está provocando desesperación entre los conductores, que incluso forman tres filas en los surtidores. Esta situación también está dificultando el tránsito en avenidas troncales.

Imágenes de Unitel captaron la situación en un surtidor entre cuarto y quinto anillo de la Doble Vía La Guardia, en Santa Cruz de la Sierra, donde se ve tres filas que cubren varias cuadras y dejan solo un carril de circulación en esta zona que conecta a la capital cruceña con municipios vecinos.

MIRA AQUÍ: Gobierno dice que está dispuesto a ayudar al gobernador Velasco para importar combustible en alianza con privados

Esta situación refleja la crisis que se registra a nivel nacional por la escasez de combustible.

Un conductor contó que está haciendo fila desde el viernes y hasta este domingo no logró cargar combustible. “ Nosotros nos sentimos aquí incómodos y estamos todavía con la carga ”, sostuvo.

Un conductor lamentó que en vez de reducir las filas, estas van aumentando cada día.

Un conductor que, estaban al final de la fila contó que espera por lo menos cinco horas.

“Todo el día estamos esperando que nos carguen, qué mal este Gobierno que no se preocupe de la ciudadanía”, sostuvo.

MIRA AQUÍ: Primero será la gasolina y luego el diésel: Gobierno anuncia abastecimiento gradual y sectores exigen soluciones

En el resto del país

La ciudad de Cochabamba enfrentó un fin de semana largo con filas por combustible. Los transportistas lamentaron las horas que deben pasar en la espera.

Un conductor lamentó que deben estar en la fila tanto en el municipio en el que viven como en el de destino.

“No podemos dormir en la noche por miedo a los maleantes que nos roban los accesorios de los vehículos”, lamentó.

La escasez de combustible igual afectó a los conductores de buses interdepartamentales, que aseguraron operan al 50%.",https://unitel.bo/noticias/economia/caos-en-surtidores-se-forman-hasta-tres-filas-por-combustible-en-medio-de-la-desesperacion-de-conductores-PP22872278
Unitel,2026-08-16,Seguridad,"Guayaramerin, la frontera asediada por el crimen mira con esperanza el plan Frontera Segura entre Bolivia y Brasil","El brutal asesinato de un extranjero en Guayaramerín ha marcado un antes y un después en este municipio fronterizo. La población está atemorizada por el crimen organizado que se campea por la zona.

El brasileño de nombre Gabrielsinho fue asesinado con 82 disparos en el cuerpo, una mujer lo acompañaba recibió seis balazos; sin embargo, logró sobrevivir y desde entonces no se supo nada más de ella.

“Hay miedo, hay temor por nuestra propia vida , de nuestros familiares, de nuestros hijos”, señaló un pobladores de Guayaramerín, que pidió mantener en reserva su identidad.

Muchos pobladores señala que este hecho hizo evidente que Guayaramerín se convirtió en refugio de sicarios brasileros vinculados al narcotráfico.

MIRA AQUÍ: Viceministro: El crimen transnacional se apoderó de las fronteras por años de abandono

“Criminales y inescrupulosos han aprovechado esta condición que tiene Guayaramerín para constituir el país en refugio de criminales”, señaló Jorge Chávez, director de Relaciones Internacionales de la Gobernación de Beni.

Aquellos hechos que parecían aislados como la desaparición de motos, robo de autos y asaltos cobraron sentido. La gente vive con miedo y se vieron obligados a cambiar sus rutinas.

“Antes dejábamos las puertas abiertas, ahora no puede dejar su moto porque el rato menos pensado aparece su ‘dueño‘ y de ahí hay que pagarle a esa misma persona para poder recuperar”, señaló una mujer que pidió reserva en su identidad.

Hablar de narcotráfico y contrabando se hizo normal en esta tierra por las noches, las calles de este municipio son tomadas por vehículos sin placas y otros con identidad brasilera.

Pero el narcotráfico y el sicariato no son los únicos problemas que dejan en zozobra a Guayaramerín. La explotación ilegal se oro es otro dolor de cabeza en el departamento beniano.

Existen denuncias de que hay empresas extranjeras que utilizando el denominativo de supuestas cooperativas explotan el mineral de manera ilegal.

Aparentemente, esto también vinculado al crimen organizado mediante el lavado de dinero

“Está habiendo explotación de oro, p ero en lugares un poco más alejado como Cachuelas Esperanza. Han visto llegar extranjeros”, declaró otra fuente que pidió reserva.

Desafortunadamente, el crimen organizado tiene facilidades para operar en esta frontera, así lo pudo evidenciar UNITEL. En el lado brasileño existe escaso control para las empresas que ingresan a ese país, en Bolivia la situación es peor, el control es nulo.

“Una vez a la semana está Migración con la Policía. El saldo de los días, de los meses, no se ve la presencia, el control de ninguna naturaleza”, declaró una de la personas en reserva.

Los botes pasan las 24 horas del día por el río Mamoré con mochilas que nadie revisa. La gente dice que podrían llevar armas, droga, minerales y nadie se daría cuenta.

Los ingresos legales son los puertos, pero la frontera alcanza los 1.300 kilómetros, en su extensión, hay zonas que solo son conocidas por los lugareños que ofrecen el servicio de ‘Peque peques’.

“Aquellas personas que pertenecen a estos carteles, conocen otras vías, donde hay transitabilidad, quienes aprovechan la hora y el día y la no presencia policial para ingresar al país”, dijo David Bernal, comandante de la Policía en Beni.

La armada dice que realizan controles, pero no alcanza los objetivos que quisieran. Hay instituciones que no acompañan su trabajo como Migración, Aduana y la ABT.

“Tal vez había que reforzar un poquito a las otras instituciones para que también puedan colaborar. En todo esto del trabajo de la de la seguridad de frontera”, declaró Edgar Zenteno, capitán de navío.

GUAYARAMERÍN MIRA CON ESPEANZA

“Fortalecer entre instancias nacionales, pero también en este caso con el Brasil, una relación estrecha para que nuestras sociedades, nuestras comunidades, nuestras ciudades estén más seguras”, declaró Rodrigo Paz, durante el lanzamiento del plan Frontera Segura en Guayaramerín.

Este plan comenzó incrementando el número de policías de 60 a 200 que en coordinación con autoridades de Brasil realizarán operativos en el Río Mamoré, identificarán puntos estratégicos para la lucha contra el crimen organizado y otros.

MIRA AQUÍ: “No tiene una evolución favorable, corre riesgo su vida”, revela médico sobre la joven herida de bala en la cabeza

“Comandante general de la Policía Federal de Brasil que va a trabajar conjuntamente nuestro comandante general de la Policía Boliviana. Dentro de un mes evaluaremos los objetivos que hemos alcanzado”.

La Policía está preparada para enfrentar a delincuentes armados y entrenados para matar.

“Es triste decir esto, pero nuestra policía va en condiciones, realmente en cuanto a la calidad de las armas, la potencia del fuego en condiciones inferiores”, dijo el ministro de Gobierno, Marco Oviedo.

No obstante, la gente en Guayaramerin ve una esperanza y pide que los operativos sean constantes e indefinidos. Esperan que el turismo se reactive y genere fuentes de empleo.",https://unitel.bo/noticias/seguridad/guayaramerin-la-frontera-asediada-por-el-crimen-mira-con-esperanza-el-plan-frontera-segura-entre-bolivia-y-brasil-PP22873048
Unitel,2026-08-16,Seguridad,Buscan por cielo y tierra a fiscal que se internó en el bosque tras sobrevivir a un accidente aéreo en Beni,"La Fuerza Aérea Boliviana (FAB) intensificó los trabajos de búsqueda del fiscal Juan Benjo Huchani Alpire a tres días del accidente aéreo en el que falleció el piloto de la aeronave.

De acuerdo al informe de la FAB, la quinta Brigada Aérea, la Institución Militar Aérea ha movilizado aeronaves C-206 , un helicóptero EC-145, tecnología de drones y personal especializado de SAR FAB por tierra en la zona de Cachascani, en Beni.

Cabe recordar que eran cuatro las personas que estaban en la aeronave que se accidentó el viernes, el piloto y tres fiscales, entre los que estaba Juan Benjo Uchani.

Cuando fueron rescatados los dos fiscales y se recuperó el cuerpo del piloto fallecido, se reportó que Uchani salió de la aeronave en busca de ayuda , desde entonces no ha podido ser ubicado.

MIRA AQUÍ: “No tiene una evolución favorable, corre riesgo su vida”, revela médico sobre la joven herida de bala en la cabeza

“El fiscal se encuentra inubicable tras internarse en la vegetación en busca de ayuda luego del siniestro aéreo de una avioneta C-172 matrícula CP-928 registrado el pasado viernes 14 de agosto”, detalla el informe de la FAB.

La aeronave en la que viajaba el fiscal sufrió un accidente, cuyas circunstancias aún son investigadas por las autoridades. En este hecho, falleció el piloto de la aeronave mientras que otras dos personas resultaron heridas . El cuarto ocupante de la avioneta era el fiscal que tras el accidente está desaparecido.

MIRA AQUÍ: Despliegan 900 policías en el límite con Perú por el Plan Frontera Segura

En el informe de la FAB se detalla que se dispuso la utilización de medios de alta precisión y personal altamente calificado en tareas de Búsqueda y Rescate SAR FAB para hacer frente a las complejas condiciones geográficas del sector boscoso.

“En la zona de Cachascani se realizó el desembarco estratégico de tropas de rescate, pertrechos y logística esencial para sostener las operaciones terrestres.

Además, se destaca que se incorporó tecnología de drones de última generación para trabajar en la zona, “que se caracteriza por una densa cobertura vegetal con senderos, cañadones y claros que resultan inaccesibles para las patrullas a pie o las aeronaves de ala fija”, detalla el informe.",https://unitel.bo/noticias/seguridad/buscan-por-cielo-y-tierra-a-fiscal-que-se-interno-en-el-bosque-tras-sobrevivir-a-un-accidente-aereo-en-beni-OP22872905
Unitel,2026-08-16,Economía,El diésel para grandes consumidores pasa a valer Bs 18 por litro y el precio se calculará cada día,"Este domingo por la noche, el Gobierno publicó el Decreto Supremo 5676 con el que autoriza la comercialización de diésel a un precio referencial inicial de Bs 18 para grandes consumidores, eliminando de esta manera la subvención para este sector.

Según el decreto, el objetivo es disminuir la carga fiscal asociada al costo de las importaciones de combustible por parte de YPFB.

MIRA AQUÍ: Caos en surtidores: Se forman hasta tres filas por combustible en medio de la desesperación de conductores

La norma especifica que autoriza a YPFB la comercialización de diésel a ‘clientes directos’ y a ‘grandes consumidores’ (Gracos) a un precio referencial.

Mientras que a las estaciones de servicio les autoriza la comercialización de diésel de YPFB a los denominados ‘usuarios directos’ también al precio referencial.

“Para los demás consumidores, se mantienen invariables los precios”, señala este decreto supremo..

Fuente: Decreto Supremo N.º 5644.

.¿QUÉ ES EL PRECIO REFERENCIAL?

La norma establece en una de sus disposiciones transitorias que el precio referencial inicial es de Bs 18 por litro de diésel, incluye los costos de importación y los impuestos de comercialización.

MIRA AQUÍ: Gobierno dice que está dispuesto a ayudar al gobernador Velasco para importar combustible en alianza con privados

Además, señala que el Ministerio de Hidrocarburos está encargado de diseñar una metodología para definir el precio del diésel, mientras aquello ocurra el precio referencial es de Bs 18.

“El ente regulador (ANH) establecerá y publicará en su página institucional diariamente el precio referencial del diésel, aplicando la metodología aprobada por el Ministerio de Hidrocarburos y Energías”, establece este decreto.",https://unitel.bo/noticias/economia/el-diesel-para-grandes-consumidores-pasa-a-valer-bs-18-por-litro-y-el-precio-se-calculara-cada-dia-JP22873930
Visión 360,2026-08-16,•Fútbol Boliviano,Nacional vuelve a sonreír luego de tres fechas y derrota 2-0 a ABB,"Nacional volvió al triunfo después de tres fechas consecutivas sin ganar y lo hizo por 2-0 ante ABB en partido disputado en el estadio Víctor Agustín Ugarte.

El cuadro dirigido por Eduardo Villegas respira luego de jornadas complicadas en las que no pudo sumar unidades y con su dirigencia presionando a jugadores y cuerpo técnico para subir en la tabla de posiciones.

Un golazo de Schneider Peña salvó los primeros cuarenta y cinco minutos que fueron aburridos por la imprecisión que mostraron ambos elencos en el campo de juego.

El local está lejos del nivel que lo llevó el año pasado a ganar el segundo campeonato del año y el elenco paceño mostró poco en juego ofensivo para intentar llegar a la igualdad antes del descanso.

Hasta el minuto 18, el juego fue centralizado con escasas llegadas en ambas porterías.

Maximiliano Núñez de Nacional probó de media distancia y luego llegó la jugada del gol con un pase del colombiano Tommy Tobar para Schneider Peña, que clavó el balón en el ángulo derecho del arquero Jairo Cuéllar, que se equivocó en la jugada previa en la salida (21’)

Tuvieron que pasar 21 minutos en el encuentro para que reaparezca Nacional con otro disparo de Peña y, en el otro arco, el goleador Juan Fajardo elaboró una jugada individual en la que pudo llegar a la igualdad antes de la conclusión de esta etapa.

Ante una intensa lluvia se jugó la parte complementaria. Mejoró un poco ABB, que se adueñó del control del balón ante un cuadro local que retrocedió para cuidar la ventaja y de cuando en cuando salía en contragolpe.

La escasa afición que llegó al escenario potosino pedía más juego ofensivo a su equipo, ya que jugaba con el peligro de sufrir la igualdad.

Lo mejor de esta etapa llegó entre los 27 y 30 minutos. Primero, el colombiano Fajardo se perdió el empate con un remate que por poco se le mete en el arco defendido por Galindo; el local respondió con un ingreso de Baldomar y ABB volvió a perderse el gol con un remate de Perozo que pegó en el palo.

La tranquilidad llegó a Nacional con el tanto conseguido por Mirko Tomianovic en 32 minutos ante una mala salida del rival. La hinchada potosina respiró aliviada ya que la visita estaba a punto de conseguir el empate.

Los potosinos escalan ahora a la décima posición con 18 unidades, en el inicio de la segunda rueda serán locales ante Independiente.",https://www.vision360.bo/noticias/2026/08/16/63058-nacional-vuelve-a-sonreir-luego-de-tres-fechas-y-derrota-2-0-a-abb
Visión 360,2026-08-16,•Fútbol Boliviano,Real Potosí consigue un empate con sabor a triunfo ante el líder Always Ready en El Alto,"Sports 360 / La Paz

Real Potosí consiguió un punto de oro en el estadio Municipal de El Alto, empató a un gol con el líder del torneo, Always Ready, y acabó la primera rueda en el quinto lugar de la tabla de posiciones de la Liga de la División Profesional 2026.

Por lo que hizo el Lila a lo largo del encuentro, aunque empezó metido en su arco, la igualdad es un resultado justo. También porque a partir del minuto 73 jugó con 10 hombres por la expulsión de Fran Supayabe, aunque la inferioridad numérica nunca se notó en el campo de juego.

El Millonario perdió la oportunidad de aumentar su ventaja sobre sus perseguidores en la tabla de posiciones, pero igual terminó ganando la primera rueda del torneo con autoridad.

Con el empate, Always sumó 34 puntos; Bolívar lo escolta con 30; The Strongest ocupa el tercer lugar con 27, y un peldaño más abajo aparecen Guabirá y Real Potosí con 24; pero el equipo de Montero aparece en la cuarta colocación porque ganó más partidos (siete contra seis).

Cerca del minuto 70, aunque los motivos no se conocieron con certeza, el cotejo estuvo detenido por casi 15 minutos, tras la expulsión de Supayabe. Por los gestos que hizo el árbitro Charles Terrazas, fue porque el jugador de Real se excedió en los reclamos después de una falta a Darío Torrico.

A partir de esa situación hubo discusiones entre jugadores, también intervinieron los cuerpos técnicos y el clima de tensión se trasladó hasta las tribunas entre los hinchas de ambos clubes.

Por ese motivo, el árbitro adicionó 20 minutos inicialmente y después otros tres más.

Los dos goles del partido llegaron en la segunda parte, después de que los atacantes aprovecharon errores de sus rivales.

Always Ready se adelantó en el marcador con un gol de Enrique Triverio a los 53 minutos. El atacante conectó de derecha a un metro del arco, después de que Richet Gómez la bajó de cabeza.

En la jugada previa, en su afán de apurar el juego, el mediocampista Boris Condori se apresuró al cobrar un tiro libre, perdió la pelota, lo que derivó en un ataque del local y un posterior tiro de esquina.

La igualdad se produjo en el minuto 90, después de que Jefferson Rivas aprovechara una indecisión de Edisson Restrepo. El atacante del equipo potosino le ganó la posición al zaguero y, a la salida de Alain Baroja, se la tocó por arriba.

El local empezó dominando el partido; fue el que más cerca estuvo de anotar, también fue el que tuvo más la posesión del balón, pero el visitante se paró bien en su poblada última línea (cinco hombres) y de cuando en cuando salió de contra y llevó peligro.

A la visita le costó pararse en el campo, pero cuando lo hizo también llevó peligro a la portería contraria y en la segunda parte adelantó sus líneas, le jugó de igual a igual al líder y terminó llevándose un empate que dejó sabor a victoria.",https://www.vision360.bo/noticias/2026/08/16/63052-real-potosi-consigue-un-empate-con-sabor-a-triunfo-ante-el-lider-always-ready-en-el-alto
Visión 360,2026-08-16,•Fútbol Boliviano,"Arrascaita: “El arbitraje deja muchísimo que desear, pero muchísimo que desear”","Sports 360 / La Paz

El técnico y los jugadores de The Strongest fueron autocríticos tras la derrota del sábado con Guabirá en Montero (3-1), asumieron que el desperdiciar tantas oportunidades claras de gol fue el principal motivo para el mal resultado, pero también criticaron la actuación del juez.

“Los principales responsables somos nosotros por no concretar las oportunidades que tuvimos; creo que generamos muchísimas chances de gol y no las concretamos”, reconoció Jaime Arrascita.

El mediocampista, sin embargo, también se refirió al primer penal en favor de Guabirá que cobró el juez Cristian Condori y que derivó en el segundo tanto.

“El arbitraje deja muchísimo que desear, pero muchísimo que desear, la verdad. Nos cobra un penal que para mí no es. No  volví a ver (las imágenes), pero estoy ahí cerca de la jugada y no es penal”.

En la acción a la que hace referencia Arrascaita, el arquero atigrado Rodrigo Banegas sale a cortar un ingreso de Luciano Ursino y lo primero que hace es sacarle el balón con las manos, luego el rival se queja de un golpe que no existió.

La jugada fue analizada por el VAR, pero en ningún momento contradijo la decisión del árbitro, que tampoco se acercó a la pantalla para corroborar su decisión, a pesar de los reclamos de los atigrados.

La segunda pena máxima para el equipo de Montero, solo unos minutos después, no deja dudas porque existió una falta de Adrián Jusino en contra del atacante Pedro Cabral.

Al margen de esa situación, Arrascaita también se refirió a una maniobra polémica en los primeros 45 minutos.

“Ya en el primer tiempo no nos cobra un penal. Por lo menos ir a ver al VAR para ver (lo que pasó), sacarse las dudas para luego tomar una decisión. La verdad nos deja mucho, muchísimo que desear”, insistió respecto de la actuación de Condori.

Lo que queda, dijo, “es poner el pecho a las balas, trabajar de la mejor manera, trabajar el triple, porque esto (el torneo) todavía es largo”.

Pese a que el Tigre ha quedado relegado en la tabla de posiciones, ahora ocupa el tercer lugar con 27 unidades, seis menos que el líder Always Ready (33), que en la tarde de este domingo puede estirar su ventaja, y a tres de Bolívar (30); el cuerpo técnico y los jugadores no bajan los brazos y confían en que se puede recuperar terreno.",https://www.vision360.bo/noticias/2026/08/16/63001-arrascaita-el-arbitraje-deja-muchisimo-que-desear-pero-muchisimo-que-desear
Visión 360,2026-08-16,•Fútbol Boliviano,Sao Paulo no puede de local y sale silbado por su afición antes de recibir a Bolívar,"El Sao Paulo, que será rival de Bolívar el martes, volvió a fallar en el campeonato Brasileirao al igualar el sábado por la noche a un gol por lado con el Coritiba, en condición de local. Su técnico, Dorival Junior,

El tricolor acumula nueve partidos sin victoria en la competición nacional. Tras el encuentro, el entrenador Dorival Júnior expresó su frustración y preocupación por lo que muestra su plantilla.

“Los aficionados cumplieron con su parte, y lo hicieron muy bien. Nosotros volvimos a fallar. Tenemos que asumir la responsabilidad de todo esto; no tiene sentido poner excusas”, subrayó el DT.

Dorival admitió que tiene una deuda con la hinchada del Sao Paulo y anotó que, a partir del juego con Bolívar, tiene confianza en la levantada de su elenco.

""Tengo una deuda con los aficionados, y soy consciente de ello, pero estamos trabajando duro para revertir esta situación. Y los aficionados saben que hay alguien aquí muy preocupado por lo sucedido, pero también muy seguro de que puede cambiar en cualquier momento"", dijo Dorival.

El técnico reconoció que el Sao Paulo tiene un desequilibrio en la cancha que se debe en gran medida a la falta de consistencia.

“Esta falta de criterios termina por desestabilizar a cualquier profesional. Y esto ha estado ocurriendo con mucha frecuencia. Dejamos ir a 12 jugadores que estaban aquí y llegaron cinco. Estamos empezando con una reestructuración dentro de una competición y es complicado”.

Sao Paulo y Bolívar igualaron a un gol por lado en el partido de ida que se jugó la pasada semana en el estadio Hernando Siles; los brasileños necesitan vencer por cualquier resultado para clasificar a cuartos de final; si se repite el marcador la serie se definirá por tiros penales.",https://www.vision360.bo/noticias/2026/08/16/62995-sao-paulo-no-puede-de-local-y-sale-silbado-por-su-aficion-antes-de-recibir-a-bolivar
Visión 360,2026-08-16,•Fútbol Boliviano,Always Ready busca cerrar su mejor primera rueda desde su retorno,"Always Ready busca cerrar esta tarde la primera rueda del campeonato todos contra todos con números de campeón. El CAR recibirá la visita de Real Potosí, que es una de las revelaciones de la temporada. El partido arrancará a las 15:00 en el estadio Municipal de Villa Ingenio.

Pase lo que pase en el escenario alteño, los millonarios ya se adjudicaron en la pasada jornada la primera vuelta, ya que con los 33 puntos que tienen, son inalcanzables para sus inmediatos perseguidores.

El elenco dirigido por Mauricio Soria puede cerrar esta tarde su mejor primera rueda desde que retornó a la primera división en 2019. En la temporada pasada, con Julio Baldivieso como DT, llegaron a 34 puntos que hoy serían superados y pondrían a los alteños como firmes candidatos para llegar al bicampeonato consecutivo.

Por el lado de los lilas, en su retorno a primera tienen una campaña sorprendente, ya que los 23 puntos acumulados los tienen en zona de clasificación a un premio internacional para el próximo año.

“Always Ready es un equipo diseñado para ganar títulos, pero a nosotros nos agarra en un buen momento y será un compromiso lindo para jugar”, apuntó el técnico de Real, el colombiano Flabio Torres.

El cierre de la fecha 15 tendrá este domingo dos encuentros más; en la Villa Imperial, el urgido Nacional Potosí recibirá a ABB desde las 17:15.

Los potosinos vienen de una serie de resultados negativos que a inicios de la semana hicieron “tambalear” en el cargo a Eduardo Villegas, quien recibió la confianza de la dirigencia para continuar en el cargo, pero todos aguardan que ante ABB se pueda volver a sumar de a tres.

Nacional se ubica en el puesto 13 con 15 unidades y su rival le lleva un punto de ventaja en la tabla del certamen.

La primera rueda se cierra en el estadio Patria (19:30) con el choque entre Independiente y GV San José.

Los capitalinos llegan de un resonante triunfo ante The Strongest en La Paz (2-1), con el que ascendieron a la mitad de la tabla con 19 unidades, pero esta noche pueden seguir escalando si se quedan con la victoria en la Capital. Juan Pablo Grass continía como DT interino en ese plantel.

El GV San José se encuentra en las tres últimas posiciones de la competición con 12 unidades y está en la lucha por salir de la zona roja del descenso.",https://www.vision360.bo/noticias/2026/08/16/62887-always-ready-busca-cerrar-su-mejor-primera-rueda-desde-su-retorno
Visión 360,2026-08-16,•Patrocinadas,HUAWEI y la USFA inauguran ICT Academy para impulsar la formación tecnológica en Bolivia,"Huawei Bolivia y la Universidad Privada San Francisco de Asís (USFA) consolidaron una cooperación académica con la incorporación de la casa de estudios a la Huawei ICT Academy, iniciativa que amplía las oportunidades de preparación de estudiantes y docentes frente a los nuevos escenarios de la transformación digital.

Durante el acto, el rector de la Universidad Privada San Francisco de Asís, MSc. Jorge Dorado Quiroga, destacó la importancia de brindar a los universitarios acceso a los avances que están transformando distintas áreas profesionales. “Queremos que nuestros estudiantes en La Paz y en Bolivia tengan acceso a estas nuevas tecnologías y puedan beneficiarse de las oportunidades de aprendizaje que ofrecen”, afirmó. La autoridad universitaria manifestó además su interés en que estos conocimientos puedan extenderse progresivamente a las distintas carreras, considerando el impacto creciente de la inteligencia artificial y otras herramientas emergentes.

La apuesta de la USFA incorpora también un componente eminentemente práctico. La universidad adquirió tres laboratorios Huawei destinados a sus sedes de La Paz, El Alto y Tupiza, con el propósito de complementar la enseñanza académica mediante el uso directo de equipamiento tecnológico. Estos ambientes permitirán desarrollar ejercicios y proyectos en condiciones más próximas a aquellas que los estudiantes encontrarán posteriormente en el ámbito profesional.

Las Huawei ICT Academies forman parte de un ecosistema creado por la compañía para vincular a las instituciones de educación superior con conocimientos, herramientas y soluciones utilizadas actualmente en el sector TIC. Esta red tiene presencia en más de 170 países, reúne a más de 1.500 academias, cuenta con más de 3.000 docentes certificados y capacita anualmente a más de 60.000 talentos digitales.

En Bolivia, este modelo continúa ampliando su alcance en la educación superior. Actualmente, 18 universidades del país forman parte de la red Huawei ICT Academy, generando nuevas posibilidades de especialización para estudiantes y docentes. La incorporación de la USFA se suma así a una comunidad académica que apuesta por una preparación vinculada con las competencias requeridas en el entorno digital.

La visión que orienta este programa parte de una premisa expresada por Huawei: el talento es el motor del progreso. Bajo este enfoque, la compañía no limita su trabajo al desarrollo de soluciones de vanguardia, sino que promueve mecanismos para que universidades, profesores y alumnos tengan acceso a contenidos especializados, herramientas de aprendizaje, prácticas y rutas de acreditación profesional.

A través de la Huawei ICT Academy, la comunidad universitaria puede acceder a contenidos relacionados con Inteligencia Artificial, Cloud Computing, Internet de las Cosas (IoT), 5G, redes y ciberseguridad, entre otros campos que hoy forman parte de los procesos de digitalización de empresas e instituciones. El objetivo es que los conocimientos impartidos mantengan una conexión directa con las tendencias y requerimientos del sector.

Otro componente importante son las certificaciones profesionales Huawei, reconocidas internacionalmente, mediante las cuales los participantes pueden acreditar competencias en diferentes áreas de las Tecnologías de la Información y la Comunicación. Estas credenciales representan un respaldo adicional para quienes buscan proyectarse profesionalmente dentro de un entorno cada vez más especializado.

Los laboratorios complementan este modelo mediante espacios seguros de práctica, donde los estudiantes pueden experimentar, manipular equipamiento, diseñar infraestructura de redes, realizar ejercicios de ciberseguridad, detectar errores y plantear soluciones antes de enfrentarse a situaciones reales de trabajo. De esta manera, el conocimiento adquirido en aula encuentra una aplicación concreta durante el proceso educativo.

En el marco de la inauguración de la Huawei ICT Academy, se desarrollaron dos charlas especializadas dirigidas a estudiantes y docentes. La primera, “Inteligencia Artificial en la Industria”, abordó la influencia de esta tecnología en distintos procesos productivos y profesionales. La segunda, “Romper Límites en un Mundo Digital: La Sinergia del Éxito – Habilidades Técnicas y Blandas”, se enfocó en la importancia de integrar competencias técnicas con habilidades como la comunicación asertiva, el liderazgo, la escucha activa, la creatividad, el trabajo en equipo y la resolución de conflictos.

La inauguración de la Huawei ICT Academy en la USFA abre una nueva etapa de colaboración entre ambas instituciones, integrando educación superior, experiencia empresarial, especialización y aplicación práctica. La iniciativa contribuye a preparar profesionales con mayores herramientas para participar activamente en los procesos de innovación y digitalización que atraviesa Bolivia.",https://www.vision360.bo/noticias/2026/08/16/63022-huawei-y-la-usfa-inauguran-ict-academy-para-impulsar-la-formacion-tecnologica-en-bolivia
Visión 360,2026-08-16,•Seguridad,“La historia del general Zúñiga no ha terminado”: el exgeneral habla de la Presidencia y asegura que hay cansancio de los políticos,"El exgeneral y excomandante del Ejército Juan José Zúñiga reapareció en una entrevista tras salir de la cárcel para cumplir detención domiciliaria. Habló de varios temas, entre ellos de Evo Morales, de quien dijo que “es un gran líder”, y de su aspiración política o sueño de llegar a la Presidencia de Bolivia.

“El pueblo está cansado de los mismos partidos, de los mismos politiqueros...para mí la solución es un militar”, aseguró el militar dado de baja, y seguidamente complementó que “es un sueño, hay que soñar” con ser presidente de Bolivia.

Vestido de uniforme, aparece en la entrevista concedida al programa Que no te la cuenten , donde —según el adelanto difundido la mañana de este domingo— aborda una variedad de temas, como su participación en lo que se denominó “el golpe de Estado fallido”, por el cual es procesado.

Lee también: “Me tenían como un trofeo político”, Zúñiga vuelve a casa y pide “justicia independiente” para sus camaradas

Zúñiga es el principal acusado de la acción militar del 26 de junio de 2024, cuando llevó hasta la plaza Murillo a un grupo de militares fuertemente armados y tanquetas con la intención, según las investigaciones, de dar un golpe de Estado al entonces presidente Luis Arce.

En la noche de ese 26 de junio fue detenido y poco después fue enviado a la cárcel. Permaneció en el centro penitenciario de El Abra, en Cochabamba, y el 17 de julio de este 2026 se benefició con detención domiciliaria en la ciudad de La Paz.

“La historia del general Zúñiga aún no termina”, aseguró, y consideró en el ámbito político que “la patria necesita de un nuevo proyecto político de reconstrucción” porque hay cansancio en la sociedad hacia los políticos tradicionales, por lo que ve a un militar como una alternativa.

Lee también: 26J: Las víctimas civiles no se presentan al juicio y abogado de Zúñiga apuntala la tesis de la emboscada a los militares

“Es un sueño. Hay que soñar”, respondió ante la consulta sobre si perfila la posibilidad de llegar a ser presidente de Bolivia. Añadió que está capacitado para asumir la más alta investidura del país, porque “no necesitas ser muy iluminado, necesitas tener vocación de servicio”.

También habló de Morales, quien se encuentra desde noviembre de 2024 atrincherado en el Chapare para evitar su captura. “Evo Morales hoy es un gran líder, una gran parte de la gente lo quiere mucho”, afirmó.",https://www.vision360.bo/noticias/2026/08/16/63040-la-historia-del-general-zuniga-no-ha-terminado-el-exgeneral-habla-de-la-presidencia-y-asegura-que-hay-cansancio-de-los-politicos
Visión 360,2026-08-16,•Internacional,El Barcelona y el Manchester City llegan a un principio de acuerdo para el traspaso de Rodri,"Barcelona / EFE

El Barcelona y el Manchester City han llegado a un principio de acuerdo para el traspaso del centrocampista internacional español Rodrigo Hernández 'Rodri' al club catalán, según ha podido saber EFE de fuentes cercanas a la negociación.

El Barça, que firmará a Rodri un contrato por cuatro temporadas, espera hacer oficial el fichaje la próxima semana, una vez las tres partes completen toda la documentación necesaria para cerrar la operación.

Por tanto, el Balón de Oro del último Mundial, de 30 años, jugará hasta 2030 en el equipo azulgrana que, según diversos medios, pagará al City por su traspaso unos 65 millones de euros, más otros 5 millones en variables.

El internacional español no entró este domingo en la lista para el partido de la Community Shield (Supercopa de Inglaterra) que los de Enzo Maresca perdieron por 3-0 ante el Arsenal. El jugador se sometió a una operación de espalda hace varias semanas, a su regreso del Mundial, y continúa en rehabilitación, por lo que ya se sabía que no sería convocado para el duelo contra los 'Gunners' que da el pistoletazo de salida a la temporada en Inglaterra.

El FC Barcelona habría trasladado una nueva oferta cifrada entre los 60 y los 80 millones de euros que pedía el Manchester City, que ya había rechazado dos pujas anteriores que rondarían los 50 y los 60 millones, informan diversos medios.

Según esas mismas fuentes, el City estaría interesado en la incorporación del internacional argentino Enzo Fernández, actualmente jugador del Chelsea, con cuyo entorno habría estado en contacto en las últimas horas.

Aunque su futuro parecía dirigirse hacia el Real Madrid, Rodri dio a principios de agosto el visto bueno para que el Barcelona negociase su fichaje con el club inglés. Si bien la prioridad del Barça era reforzar la delantera, como ha venido insistiendo públicamente el entrenador Hansi Flick, en las oficinas del Spotify Camp Nou vieron una oportunidad de mercado en el jugador madrileño, de 30 años, que terminaba contrato el próximo verano con su actual club.

Flamante campeón del Mundial con España y MVP del torneo, al centrocampista le convenció el proyecto deportivo azulgrana, del que ya forman parte ocho de sus compañeros en la selección (Joan Garcia, Eric García, Pau Cubarsí, Gavi, Dani Olmo, Pedro González 'Pedri', Ferran Torres y Lamine Yamal).

Rodri, Balón de Oro en 2024, es considerado uno de los mejores jugadores del mundo en su posición y su llegada reforzará la medular, una parcela que el Barcelona parecía tener bien cubierta con hasta siete jugadores: Pablo Páez Gavira 'Gavi', Pedro González 'Pedri', Fermín López, Marc Casadó, Dani Olmo, Marc Bernal y Frenkie de Jong.

El jugador neerlandés, sin embargo, sufre una rotura del ligamento lateral interno de la rodilla derecha que le obligará a estar de baja durante las próximas semanas —no se ha concretado el tiempo esperado de la recuperación— mientras sigue un tratamiento conservador.",https://www.vision360.bo/noticias/2026/08/16/63070-el-barcelona-y-el-manchester-city-llegan-a-un-principio-de-acuerdo-para-el-traspaso-de-rodri
Visión 360,2026-08-16,•Internacional,"Cristiano: ""Probablemente, este será mi último año en el fútbol""","Lisboa / EFE

""Probablemente, este será mi último año en el fútbol"", confesó Cristiano Ronaldo en una entrevista publicada este domingo por la revista estadounidense Vogue, a la que le aseguró que quiere dejar ""un legado espectacular"".

Cristiano, de 41 años, habló con la revista de moda junto con su esposa, la modelo hispano-argentina Georgina Rodríguez, con motivo de su reciente boda, y también abordó su futuro tras colgar las botas, afirmando que ya tiene ""todo planeado"".

""Ya tengo todo mi futuro planeado. Tengo tantas cosas con las que mantenerme ocupado que es difícil destacar solo una. Como el fútbol puede dejar un gran vacío, hay que ocupar el tiempo de diversas formas, no solo de una"", dijo el delantero portugués, en alusión a sus diversos negocios.

Algunos de ellos incluyen el sector hotelero, las clínicas de implantes capilares, el agua embotellada y los medios de comunicación.

""Y también divertirme más, viajar más, ver y jugar al pádel, que me gusta mucho, y seguir disfrutando de lo que he conseguido. De lo que hemos conseguido. Al fin y al cabo, han sido 25 años de mucho sacrificio"", añadió el exjugador del Real Madrid.

Cristiano Ronaldo se encuentra actualmente en Arabia Saudí, donde juega en el Al Nassr, y recientemente disputó su sexto y último Mundial con la selección de Portugal, en el que llegó a octavos de final, en los que el combinado luso cayó eliminado ante España.",https://www.vision360.bo/noticias/2026/08/16/63025-cristiano-probablemente-este-sera-mi-ultimo-ano-en-el-futbol
Visión 360,2026-08-16,•Internacional,Arsenal consiguió su primer título de la temporada,"Arsenal le ganó 3-0 a Manchester City en la Community Shield 2026. El noruego Martin Odegaard coronó la goleada con una bonita definición dejando en el suelo al italiano Gigio Donnarumma, en el inicio de la 2da etapa.

Arsenal golpeó otra vez en una de las primeras acciones del segundo tiempo, a los 48 minutos, y amplió la diferencia gracias a Martin Odegaard. La jugada nació por la banda izquierda, donde Christos Tzolis volvió a ser determinante con un centro rasante y venenoso que atravesó el área del Manchester City.

El capitán noruego leyó a la perfección la acción, anticipó en la zona del punto penal y quedó cara a cara con Gianluigi Donnarumma.

En la primera jugada del partido, un gol de Calafiori abre la cuenta para Arsenal ante Manchester City

Con mucha calma, Odegaard amagó ante la salida del arquero italiano, lo dejó en el suelo y luego definió sin oposición hacia el arco vacío.

Este 3-0 final representa un golpe muy duro para el conjunto de Enzo Maresca, en su debut oficial como DT del City.

Con este resultado, Arsenal consiguió el primer título de la temporada 2026-27, en el inicio de la 9na campaña bajo el mando de Mikel Arteta.",https://www.vision360.bo/noticias/2026/08/16/62998-arsenal-consiguio-su-primer-titulo-de-la-temporada
Visión 360,2026-08-16,•Internacional,"El Real Madrid ya colocó el nombre de ""Bernabéu"" en la fachada de su estadio","Madrid / EFE

El Real Madrid continúa con la remodelación de su estadio y desde este domingo ya puede verse en su fachada el nombre de 'Bernabéu', cuyas letras han terminado de colocar los operarios durante estos días, a falta de la instalación del escudo del club.

Las obras comenzaron en mayo de 2019 y, algo más de siete años después de su inicio, desde el Paseo de la Castellana en Madrid ya puede leerse el apellido del expresidente (1943-1978) que da nombre al coliseo blanco, a falta de instalar el escudo de la entidad, lo que se llevará a cabo durante la próxima semana.

Lo más llamativo de esta denominación es que desaparece el nombre completo, 'Santiago Bernabéu', tal y como lucía anteriormente en honor al que fue presidente del Real Madrid, quien inauguró en diciembre de 1947 el Nuevo Estadio de Chamartín y que asistió a otro bautismo en 1955, cuando la Asamblea General de Socios decidió que el recinto luciese su nombre ""como reconocimiento a su labor"".

Ahora, debido a razones comerciales y a la imagen de la marca madridista, solo queda el apellido.

Por otra parte, el estadio luce un diseño vanguardista, muy distinto al anterior, debido a la nueva estructura de su exterior formada por bandas de acero y líneas variables que permitirá iluminar y proyectar imágenes al exterior.

Los aficionados acudirán al estadio por primera vez en esta nueva temporada el 26 de agosto para ver el partido de LaLiga EA Sports 2026-2027 que el Real Madrid jugará contra la Real Sociedad, correspondiente a la primera jornada del torneo, que los merengues disputarán después de la segunda “sábado 22 visitará al Espanyol”.",https://www.vision360.bo/noticias/2026/08/16/62992-el-real-madrid-ya-coloco-el-nombre-de-bernabeu-en-la-fachada-de-su-estadio
Visión 360,2026-08-16,•Opinión,Hospitales públicos: ¿quién evalúa a los médicos?,"La discusión sobre la calidad de la salud pública boliviana suele comenzar por el lugar equivocado. Hablamos de hospitales deteriorados, falta de medicamentos, equipos que no funcionan y presupuestos insuficientes. Todo eso importa, por supuesto. Pero hay una pregunta que suele quedar en segundo plano: ¿qué calidad tiene quien diagnostica, decide, opera, prescribe y finalmente atiende al paciente? Un hospital puede tener recursos limitados, pero la calidad profesional sigue siendo decisiva.

El médico y el personal de apoyo son quienes tienen el contacto más directo con el paciente. Sin embargo, cuando se habla de mejorar la salud pública, la discusión suele concentrarse en edificios, ambulancias, equipos y dinero, y mucho menos en lo que ocurre dentro de los consultorios y quirófanos. ¿Cómo sabemos quién está haciendo bien su trabajo? ¿Quién necesita actualizar sus conocimientos? ¿Y qué ocurre cuando un profesional deja de estar a la altura de las responsabilidades que tiene?

Bolivia tiene universidades públicas y privadas cuestionadas por la calidad de su formación, además de planes de estudio, prácticas y procesos de titulación que también han sido observados. Obtener un título, por sí solo, no garantiza que un médico esté adecuadamente preparado. Pero después aparece un vacío todavía mayor. ¿Quién evalúa al médico diez, veinte o treinta años después de recibir su título? La medicina cambia constantemente. Aparecen nuevos tratamientos, tecnologías, protocolos y conocimientos. El título acredita una formación determinada, pero no garantiza que esa competencia permanezca intacta durante toda una vida profesional.

Durante el gobierno de Evo Morales también surgieron cuestionamientos sobre la formación de estudiantes enviados a Cuba para estudiar medicina, particularmente respecto de la duración y los contenidos de esos estudios. Más allá de esa controversia, debería existir una regla sencilla y aplicable a todos: todo médico debe demostrar conocimientos y competencias, sin importar dónde estudió ni qué institución le otorgó el título. El Estado no debería confiar únicamente en credenciales institucionales o políticas, sino en resultados profesionales verificables.

Entonces surge otra pregunta: ¿los hospitales públicos saben realmente qué tan bien están atendiendo a sus pacientes? No basta con informar cuántas personas fueron atendidas. También sería necesario saber cuántos diagnósticos fueron oportunos, cuánto se cumplen los protocolos, qué resultados tienen los tratamientos, cuáles son las complicaciones, qué reclamos se repiten y qué errores aparecen con mayor frecuencia. Sin esa información, hablar de calidad termina siendo una discusión basada principalmente en percepciones, experiencias individuales y denuncias.

Pero crear una oficina para evaluar médicos tampoco garantiza mejores profesionales. Un examen puede medir conocimientos y una auditoría detectar irregularidades, pero ninguno captura por completo la capacidad profesional. El conocimiento médico está distribuido entre pacientes, colegas, hospitales y profesionales. Ninguna autoridad central puede conocer por sí sola toda esa realidad.

La auditoría médica no debería aparecer únicamente ante una denuncia o un hecho de repercusión pública. Su función debería ser aprender de los errores. Ante un resultado adverso habría que preguntar qué ocurrió, si se aplicó el protocolo, si existían medicamentos y equipos adecuados, si hubo coordinación y qué cambios pueden evitar que vuelva a ocurrir. Una auditoría que solamente busca culpables llega tarde.

También habría que revisar cómo ingresan los nuevos médicos al sistema público. Una evaluación nacional podría ofrecer información comparable sobre conocimientos y competencias, no para reemplazar a las universidades, sino para detectar debilidades y elevar el estándar de la educación universitaria en el área de médicina.

Aquí aparece una pregunta más incómoda: ¿quién controla a los que controlan? Cada nuevo sistema de evaluación necesita funcionarios y procedimientos, y puede terminar produciendo informes y estadísticas que no mejoran la atención. Si se premia solamente atender más pacientes, podemos celebrar la cantidad mientras la calidad queda relegada. Una burocracia puede medir mucho y saber muy poco.

El problema se vuelve más delicado cuando aparece la política. Si el acceso y la permanencia en cargos médicos responden a favoritismos y no al mérito, se debilitan los incentivos para la excelencia y se perjudica al paciente. Por eso, la permanencia en el sistema público debería depender de evaluaciones objetivas y periódicas de conocimientos y desempeño. La evaluación debe reemplazar al padrinazgo político como criterio de confianza.

El Estado debe proteger al paciente ante la enorme asimetría de información, pero regular no significa mejorar. Un mal resultado no siempre implica incompetencia médica: pueden existir falta de medicamentos, equipos defectuosos, sobrecarga laboral o mala organización. Sin embargo, las deficiencias institucionales tampoco justifican la negligencia profesional. La evaluación debe distinguir claramente las responsabilidades del médico y de la institución.

Por eso, la salud pública boliviana necesita algo más que aumentar controles. Necesita información útil, incentivos adecuados y consecuencias claras. El buen profesional debe ser reconocido, quien necesita mejorar debe capacitarse y las deficiencias graves deben producir decisiones. Las universidades deberían conocer el desempeño de sus egresados y los hospitales aprender de sus errores.

La pregunta inicial debe cambiar. Ya no basta preguntar quién controla al médico después de obtener su título. Hay que preguntar qué incentiva al médico a seguir siendo un buen médico durante toda su carrera y quién controla a quienes lo evalúan. Esto obliga a mirar menos los organigramas y más los resultados. La calidad no aparece porque una autoridad la ordene, sino cuando existen conocimiento, responsabilidad, información y consecuencias.",https://www.vision360.bo/noticias/2026/08/16/62980-hospitales-publicos-quien-evalua-a-los-medicos
Visión 360,2026-08-16,•Opinión,¿Qué es esto del “riesgo país”?,"Un colega al que aprecio y respeto mucho, me refregó los datos difundidos por el Ministerio de Economía acerca del descenso en “riesgo país” de Bolivia. Sobre todo, porque el indicador evaluaba el riesgo país de Bolivia en 407 puntos básicos, inferior a Argentina y Ecuador, dos economías que han estado en el centro del debate sobre dolarización. Me lo envió como un argumento en contra de esta opción, que hemos venido planteando junto a otros economistas.

El argumento era forzado. Argentina no ha dolarizado, como ofreció el Presidente Milei, y más bien está promoviendo la competencia monetaria aunque con muchas restricciones para que ella sea completamente libre. Ecuador sí está dolarizado y su “riesgo país” es superior al nuestro de acuerdo a la información difundida. ¿Tiene eso algo que ver con el uso del dólar como moneda corriente en el país? El otro dato publicado en la misma nota dice que no: El Salvador también tiene una economía dolarizada y el riesgo país es 131 puntos menos que el boliviano.

El riesgo país, en realidad, refleja un conjunto mucho más amplio de variables que el valor de la moneda en uso, y concentra su atención fundamentalmente en la capacidad y voluntad de pago que tiene el gobierno con respecto a los bonos soberanos que emite para obtener deuda de inversionistas internacionales. En otras palabras, califica la solvencia del Estado, no el desempeño de la economía real de un país.

Los 407 puntos básicos medidos por JP Morgan representan el rendimiento que deberían esperar los compradores de bonos del Tesoro boliviano por encima de los bonos del Tesoro de los Estados Unidos, que sigue siendo el parámetro frente al cual nos medimos. Es decir, que si un bono a 10 años del Tesoro de los Estados Unidos ofrece un interés del 4,6% anual, el de Bolivia a ese mismo plazo debería ofrecer al menos 8,607%. Estop es así porque los que compran los bonos perciben que el gobierno americano es mejor pagador que el boliviano. Y eso tiene que ver con la capacidad que tienen los gobiernos de extraer sosteniblemente recursos de sus economías, la estabilidad y fortaleza de sus instituciones, y su disposición a cumplir sus obligaciones con el exterior.

Por lo tanto, el riesgo país mide la manera en que los inversionistas perciben el riesgo de prestarle recursos de libre disponibilidad al Estado.

Lo que no mide ese indicador es el riesgo de invertir en la economía real de un país. Este riesgo depende de muchos otros factores y en algunos casos podría incluso ir a contrapelo del riesgo soberano. Por ejemplo, un país con cargas impositivas muy elevadas puede tener un Estado muy solvente y pagar puntualmente sus deudas, pero generando un entorno desfavorable para la inversión.

Aquí es donde la cuestión de la dolarización se hace compleja.

Podría suponerse que en una economía dolarizada el Estado, que cobra impuestos y servicios en dólares, podría disponer más fácilmente de esa moneda para cubrir sus obligaciones. Pero esto no depende de cuán abundante o fácil de obtener sea una moneda en la economía, sino de cuánto le queda al gobierno después de cumplir sus obligaciones con proveedores, servidores públicos y acreedores. O sea, depende de que tenga o pueda tener superávit.

En una economía no dolarizada el Estado tiene que adquirir dólares en el mercado, o captarlos presionando a los exportadores. Si es un Estado serio que respeta la propiedad de sus ciudadanos, lo hará buscando también tener el superávit necesario que le permita pagar las deudas que adquiera. Pero en esa economía el Estado tiene un arma secreta que de hecho utiliza con frecuencia: la emisión monetaria. Puede emitir billetes propios para comprar los dólares que necesita para pagar su deuda afuera. Esto presiona sobre el mercado, aumenta el precio del dólar y también el precio de otros productos, generando inflación. Así, la inflación resulta siendo un sustituto perverso de los impuestos, que extrae valor de la economía real para respaldar la solvencia del Estado. La tentación de utilizar este mecanismo, que al mismo tiempo le permite al Estado bajar el costo de sus deudas internas, contraídas en moneda local que se desvaloriza, es muy grande y difícil de eludir. La dolarización le pondría un freno a ese procedimiento, que es arbitrario y ruin con las personas.

En síntesis, la dolarización es una opción que afecta de manera desigual al Estado y a la población. Reduce fuertemente la discrecionalidad del Estado y le obliga a tener un comportamiento más riguroso y prudente. Por el otro lado, protege los ahorros de la gente y le permite calcular sus actividades y su futuro con mayor tranquilidad.

Quienes promovemos la dolarización pensamos más en la economía de la gente que invierte, ahorra y trabaja, que en la economía del Estado. El “riesgo país” medido por JP Morgan debería importarnos menos que el riesgo inflación o pobreza medido por los bolsillos de los campesinos, transportistas o maestros.",https://www.vision360.bo/noticias/2026/08/16/62977-que-es-esto-del-riesgo-pais
Visión 360,2026-08-16,•Opinión,La polémica que despertó el hambre por la lectura,"El caminar por la vida siempre es un aprendizaje. Por tanto, de cada hecho político, social, cultural, literario, religioso, hay que sacar lecciones importantes y aprender para pisar fuerte en el presente y afrontar el futuro.

De forma permanente somos protagonistas de las noticias y cuando nos afectan o nos crea curiosidad, afrontamos la participación a través del ejercicio de la libre expresión y opinión.

Dos hechos contrarios, separados y adversos entre sí, encarnaron en una gran parte de la sociedad cruceña y la gente dio rienda suelta a sus expresiones y creatividad a través de las redes sociales: el churrasco de los fraternos que tuvieron a una modelo desnuda de su presa y la polémica en torno a un libro sobre el modelo económico de desarrollo de Santa Cruz, que fuera cuestionado por quienes no leyeron una sola página del mismo y por sus defensores.

Lo importante de esta segunda polémica es que se impulsó la ruta de la lectura y de los libros, como una instancia importante para la formación del pensamiento crítico en todo el país, que tanta falta nos hace, y que debe ser alimentado y desarrollado por el sistema educativo y universitario.

La modelo desnuda bajo el acoso y el manoseo de los fraternos y las controversias del libro “Santa Cruz SA, el agronegocio y el mito empresaria”, nos revela que hay una sociedad activa, inquieta, atenta a los movimientos de sus actores, aunque muchas veces esa sociedad se inclina hacia lo malo, hacia lo que destruye, hacia el show, hacia el circo. ¿Una sociedad enferma?

La modelo fue el tema de los grupos de WhatsApp, de las reuniones sociales, memes, fotografías, videos, chistes. La gente dio rienda suelta a sus prejuicios, alegrías, deseos reprimidos, etc.

¿Por qué el ser humano es propenso a pensar y hacer el mal, qué razones habrá en su interior para estar pendiente de las malas noticias, de los desastres, de los chismes, ¿mucho más ahora que al instante se conocen o se difunden la muerte, el odio, las violencias, la sangre? ¿Por qué la destrucción, las violencias, los odios llamaban más la atención de los ciudadanos?

¿Es cualidad del ser humano demostrar sus dimensiones hacia la banalidad, la superficialidad y los chismes?

Son temas profundos para toda sociedad, a los cuales hay que dar respuestas, pero desde los niveles de la razón, el pensamiento, el debate no de las superficialidades ni chismeríos, que es lo que abundan hoy en día, gracias a que las redes sociales han impulsado mucho más el ejercicio de las libertades de expresión y de opinión.

Lo bueno de la polémica en torno a un libro es que todos nos declaramos lectores. Por lo menos por curiosidad. Un impulso a la lectura. Un aliento para la vida de los libros, hoy acosados por la IA, las redes sociales, el internet que nos facilitan mucho cualquier pedido que queramos.

La lectura es tan imprescindible en las familias, que el escritor Elias Canetti, decía que el mejor lugar para la formación de los hijos es la biblioteca.

Más allá de los discursos incendiarios contra el libro Santa Cruz SA, cuyos críticos se animaron a lanzar sus dardos, sin haber leído un solo capítulo del mismo, que a la vez fuera confrontado por los otros críticos, los que dicen haber leído el libro o por lo menos tienen posiciones contrarias a los otros, hay que destacar el interés y las declaraciones de todos por la lectura

Por la polémica, el libro se está vendiendo como pan caliente y salchipapa. Bien.

Es aliciente observar y leer tantos comentarios, a favor y en contra, alrededor de un libro lo hayan leído o no. Pero he ahí la importancia de uno de los productos que no tiene fecha de caducidad, como es el libro, que perdurará por siempre.

Las redes sociales han explotado con expresiones de todo calibre y creatividad de los mortales y todo a causa de un solo libro, el mejor invento de la humanidad, decía Borges.

Mucho más cuando se viene acercando el ladrón de libros a Santa Cruz, que durante muchos años aún no ha sido detenido ni procesado y sigue cometiendo sus fechorías a lo largo y ancho de Bolivia, de modo que esta polémica, controversias, opiniones buenas y malas, han reafirmado que un libro siempre será un buen compañero para cualquier viaje que uno se anime a hacer.

El poeta Paul Celan nos decía “Ve con el brillo de la lectura…Es la barricada…” Claro que sí encontrar en los libros y en la lectura esa luz brillante y una barricada contra la intolerancia, la ignorancia, los miedos, las violencias y las mentiras.

El poeta crueño y editor de libros nos lanza esta reflexión: ""No siempre los aplausos injustos y emotivos del vulgo, son merecidos y necesarios. Eso sucede, a veces con el: Épater le bourgeois, una expresión francesa que significa «escandalizar, impactar o dejar atónito al burgués» (a la clase media convencional, respetable y tradicional). Su objetivo es provocar, romper las reglas y desafiar la moral, el buen gusto o las buenas costumbres de la sociedad bienestante. ¿Cómo se aplica? Adoptando actitudes extravagantes, bohemias o provocadoras. Defendiendo opiniones extremas o escandalosas solo para sacudir la modorra mental del ciudadano común y corriente. Creando arte o literatura deliberadamente extraño, grotesco o transgresor”.

¡Arriba cruceños hagamos historia…...a leer se ha dicho....!",https://www.vision360.bo/noticias/2026/08/16/62974-la-polemica-que-desperto-el-hambre-por-la-lectura
Visión 360,2026-08-16,•Opinión,A puerta cerrada: así se evalúan a los Embajadores que representarán a Bolivia,"Luego de nueve meses sin designaciones de embajadores, el Ejecutivo propuso finalmente dos nombres: José Luis Lupo, como representante ante la OEA y Luis Fernando Camacho, como embajador de Bolivia en Paraguay.

Ambos comparecieron ante la Comisión de Política Internacional del Senado. A la salida,  se abstuvieron de declarar ante la prensa, argumentando que la sesión era reservada.

El episodio plantea una reflexión que trasciende a los dos candidatos. La interrogante es: ¿resulta razonable, lógico y prudente, aprobar Embajadores en un proceso reservado?

En el caso de Lupo y Camacho, ambos son figuras públicas. Sus trayectorias son conocidas, consecuentemente la sociedad tiene elementos para juzgar la pertinencia, o no, de su nominación y posterior aprobación.

Pero ¿qué ocurriría, en el caso, de un candidato sin exposición pública, sí su evaluación, además, se desarrolla íntegramente bajo reserva? La ciudadanía desconocería, cuál es su formación, experiencia y méritos. En síntesis, su  idoneidad para el cargo de Embajador. Sería, en términos simples, el nombramiento de un ilustre desconocido.

Eso no es un asunto menor. Ser embajador constituye una de las mayores honras y  responsabilidades que puede asumir un ciudadano. Se trata de representar a Bolivia y defender los intereses nacionales.

Por ello, la nominación presidencial y la posterior intervención del Senado en su aprobación no deberían entenderse como un simple trámite administrativo burocrático. Existe una responsabilidad constitucional de control político y, sobre todo, de verificación de su formación  y experiencia, de quien será investido con la representación del Estado.

En ese marco, la participación del Senado en el proceso carecería de sentido si se limita a convalidar la decisión del Ejecutivo. Aprobar es una potestad, rechazar, también; y para ejercer ambas responsablemente se necesita un verdadero examen de idoneidad.

Sin embargo,  históricamente, ese mandato se ha convertido en un procedimiento mecánico. Llega un nombre, se presenta el candidato en sesión reservada, se elabora un informe y el Pleno levanta la mano y lo aprueba.  Por ello, Bolivia ha tenido embajadores de los más diversos.

Un caso de rechazo excepcionalmente ocurrió en 2008, cuando el Senado rechazó la nominación de un representante de Bolivia ante Naciones Unidas.

El  Reglamento de la Cámara de Senadores establece que el verdadero examen debería producirse, en la Comisión de Política Internacional. Así, recibida la propuesta presidencial, corresponde a ellos revisar los antecedentes del candidato, verificar el cumplimiento de las disposiciones legales y reglamentarias, evaluar su formación y experiencia, conocer los planes y objetivos de su misión y, finalmente, emitir un informe recomendando la aprobación o el rechazo de la nominación.

Aquí aparece una cuestión jurídica relevante. El Reglamento establece expresamente que la decisión del Pleno se adopta en sesión reservada y mediante escrutinio, pero el artículo 169 no dispone expresamente que la comparecencia del candidato ante la Comisión tenga ese mismo carácter. Consecuentemente, no es jurídicamente correcto extender automáticamente la confidencialidad del Pleno al procedimiento de la Comisión.

La evaluación del candidato debería ser pública. La sociedad, por transparencia, debe poder conocer su trayectoria, formación, experiencia y, sobre todo, la evaluación que hacen los miembros de la Comisión para recomendar que se considera que está capacitado, o no, para representar al país.

Otra cosa son los contenidos específicos del plan de la misión. El candidato está obligado a explicar ante la Comisión cuáles serán sus objetivos diplomáticos, comerciales o políticos. En pero, determinados aspectos pueden involucrar información sensible, posiciones que se sugiera que el Estado adopte o asuntos cuya divulgación pueda perjudicar los intereses nacionales. Esa parte, sí puede justificar una sesión reservada.

La solución, entonces, no es eliminar la reserva. Es delimitarla. La confidencialidad debe ser sobre aquello que realmente requiere protección y no convertirse en una regla general que impida a la ciudadanía conocer la evaluación realizada.

En varios países, un procedimiento abierto al público,  en determinadas etapas ya es practicado. La evaluación de candidatos a cargos diplomáticos combina  publicidad con mecanismos de confidencialidad. En EEUU, por ejemplo, la comparecencia y el examen ante el Comité de Relaciones Exteriores es en audiencia pública.

Al final, se trata de evaluar al candidato en un proceso público, permitiendo no sólo que exista información suficiente para que la sociedad conozca la calidad profesional de quienes serán enviados al exterior; sino también la pertinencia de la evaluación.

La reserva en la votación del Pleno del Senado, pretende justificarse con el argumento de que esta modalidad protege la libertad de los legisladores. Evita que los senadores sean sometidos a presiones externas. Ese argumento es débil y no convence.

El Senado, por tanto, tiene una responsabilidad que va más allá de levantar la mano para aprobar nombres. Su Reglamento le ordena verificar formación, experiencia y conocer los planes y objetivos de misión. Ese mandato debería traducirse en un verdadero examen de idoneidad.

Bolivia necesita menos discrecionalidad política y más evaluación; menos secretismo innecesario y más transparencia; y reserva únicamente allí donde los intereses del Estado realmente la exijan.

La diplomacia exige discreción. La democracia exige transparencia. El desafío es saber dónde termina una y comienza la otra.",https://www.vision360.bo/noticias/2026/08/16/62878-a-puerta-cerrada-asi-se-evaluan-a-los-embajadores-que-representaran-a-bolivia
Visión 360,2026-08-16,•Mundo,EEUU revela acuerdo para que México le compre drones y antidrones para combatir a carteles,"EFE / Ciudad de México

El embajador de Estados Unidos en México, Ronald Johnson, reveló este domingo que ambos países firmaron un acuerdo que permitirá a México adquirir drones y sistemas contra aeronaves no tripuladas, a costos competitivos, para combatir al crimen organizado.

En un mensaje en redes sociales, Johnson publicó que esta semana el secretario del Ejército de aquel país, Daniel Driscoll, y la Secretaría de la Defensa Nacional de México ""firmaron una declaración de intención para fortalecer nuestras capacidades estratégicas y operativas mediante la innovación en defensa y nuevas tecnologías"".

Esto permitirá, dijo, a la Defensa de México, ""acceder al mercado digital del Ejército de Estados Unidos para adquirir sistemas aéreos no tripulados y sistemas contra aeronaves no tripuladas a costos competitivos"".

Además, dijo que esta tecnología ""fortalecerá nuestra capacidad para combatir a los carteles"" y hacer frente a los retos de seguridad bilaterales.

En un segundo mensaje, Johson indicó este domingo que la cooperación bilateral en materia de seguridad, impulsada por el presidente de Estados Unidos, Donald Trump, y la mandataria mexicana, Claudia Sheinbaum, envía un mensaje claro a los delincuentes: ""serán capturados y rendirán cuentas"".

Esto al informar que ""en tan solo un día, autoridades estadounidenses devolvieron a México a tres fugitivos buscados en el país"": un integrante del Cartel Jalisco Nueva Generación (CJNG), buscado por un delito relacionado con armas de fuego en el estado de Guanajuato; un fugitivo buscado por homicidio en Zacatecas, y un tercero buscado por fraude.

El pasado jueves, el Gobierno de Estados Unidos reanudó por completo sus actividades oficiales en el estado de Michoacán, tras evaluar las condiciones de seguridad y las medidas desplegadas por México, poniendo fin a la suspensión que afectó a los inspectores encargados de certificar las exportaciones de aguacate.

Ese mismo día, Johnson reconoció al Gobierno mexicano, “particularmente a su Gabinete de Seguridad”, por las acciones y la coordinación que hicieron posible la reanudación total, según un comunicado difundido en sus redes sociales.",https://www.vision360.bo/noticias/2026/08/16/63067-eeuu-revela-acuerdo-para-que-mexico-le-compre-drones-y-antidrones-para-combatir-a-carteles
Visión 360,2026-08-16,•Mundo,Cali avanza en la recuperación de cuerpos una semana después del devastador terremoto,"EFE / Cali / Colombia

Una semana después del potente terremoto de magnitud 7,4 que estremeció a Colombia y que deja cerca de 300 muertos, decenas de rescatistas de varios países trabajan sin descanso para tratar de recuperar los cuerpos de las personas que murieron bajo toneladas de escombros en Cali, que junto con Pereira fue de las ciudades más afectadas.

En Cali, capital del departamento de Valle del Cauca, los equipos de emergencia trabajan en turnos que pueden extenderse hasta 24 horas para atender los puntos más críticos de la ciudad, donde 46 edificios han sufrido colapso total y otros 534 tienen orden de evacuación, según el balance de las autoridades.

Uno de los principales puntos de trabajo es el conjunto residencial Torres del Limonar, donde los organismos de socorro concentran esfuerzos para completar la recuperación de tres cuerpos de víctimas atrapadas entre toneladas de escombros.

En este lugar trabajan de manera coordinada bomberos de Cali, Bogotá y Jamundí, integrantes de los grupos de rescate de la Armada y la Policía, así como equipos especializados de las Fuerzas de Defensa de Israel que llegaron a la ciudad para apoyar las labores de búsqueda, ingeniería y salvamento.

En Torres del Limonar ya han sido recuperados 25 cuerpos y los equipos de emergencia localizaron otros tres fallecidos, cuya extracción está prevista para antes de que termine la jornada.

Una vez finalice esta fase, las autoridades procederán con la remoción de toneladas de escombros para avanzar en la recuperación y estabilización de la zona.

Entre los dramas que deja esta tragedia está el del periodista Carlos Aponte, quien perdió a sus padres, una sobrina y dos mascotas.

""Estamos trabajando en tres lugares: aquí en Torres del Limonar, en el Hospital Universitario del Valle y en el edificio Vanessa con labores de ingeniería, salvamento e inteligencia"", señaló el mayor Roni Kaplan, portavoz de las Fuerzas de Defensa de Israel a EFE.

Lee también: De la fiesta a la solidaridad, el cambio del Festival Petronio Álvarez por el terremoto

En el edificio Vanessa, agregó, los especialistas apoyan a las autoridades para determinar con precisión la ubicación de los cuerpos antes de la intervención de las grúas y la maquinaria pesada.

""Nos vamos a quedar el tiempo que sea necesario para los rescates y seguiremos con las autoridades locales con el objetivo de seguir trabajando en la etapa de reconstrucción de la ciudad"", afirmó.

Después de más de 140 horas de operaciones, las autoridades consideran que la emergencia entra en una nueva etapa, en la que el objetivo pasa progresivamente de la búsqueda y rescate a la recuperación de los lugares afectados y la remoción de escombros.

""Hay que agradecer a la comunidad siempre porque fueron claves para esta operación de rescate. Después de seis días y más de 140 horas ya estamos terminando operaciones de recuperación de personas y avanzaremos en el tema de recolección de escombros”, dijo a EFE Milton Castrillón, vocero de la Alcaldía de Cali.

El funcionario agregó que ahora continuarán las labores de recuperación de los sitios afectados y el acompañamiento a las familias que perdieron a sus seres queridos.

El terremoto también ha dejado un desafío económico de grandes proporciones para la ciudad.

El alcalde de Cali, Alejandro Eder, calculó que ""para estabilizar la situación actual y para reconstruir a Cali de manera resiliente"", serán necesarios 10 billones de pesos (unos 3.200 millones de dólares) en tres años.

El mandatario propuso la creación de un mecanismo excepcional de financiación, similar al Fondo para la Reconstrucción y Desarrollo Social del Eje Cafetero (Forec), creado tras el terremoto de 1999, con el propósito de concentrar recursos de diferentes fuentes y destinarlos a la recuperación de Cali y otras zonas afectadas del suroeste colombiano.

Según Eder, la propuesta fue presentada al Gobierno nacional durante la visita del presidente Abelardo de la Espriella a la ciudad, el pasado viernes.

""Al presidente le planteamos que necesitamos 10 billones de pesos y le presentamos el detalle. Yo le dije que desde Cali estamos listos a aportar el primer billón de pesos. Ya lo aportamos, ya nos comprometimos"", sostuvo.

Mientras continúan las labores de recuperación, los organismos de socorro mantienen desplegados sus equipos en las zonas más afectadas, con la prioridad de completar la extracción de las víctimas y comenzar una nueva fase de intervención sobre las estructuras dañadas.",https://www.vision360.bo/noticias/2026/08/16/63064-cali-avanza-en-la-recuperacion-de-cuerpos-una-semana-despues-del-devastador-terremoto
Visión 360,2026-08-16,•Mundo,"De la fiesta a la solidaridad, el cambio del Festival Petronio Álvarez por el terremoto","EFE / Cali / Colombia

Donde estos días debían sonar las marimbas, los cununos y los tambores del Pacífico, ahora se escuchan cajas que se abren, bolsas que se clasifican y camiones que cargan alimentos rumbo a las zonas más afectadas por el terremoto que golpeó a Cali y buena parte de Colombia el pasado lunes.

La Ciudadela Alberto Galindo estaba preparada para recibir este fin de semana, con puente festivo incluido, la trigésima edición del Festival de Música del Pacífico Petronio Álvarez, uno de los acontecimientos culturales más importantes de Cali, pero la fiesta fue suspendida y cambió las tarimas de baile por estanterías, mercados, agua, alimentos y toneladas de donaciones destinadas a las familias damnificadas.

""Esta ciudadela, que estaba preparada para recibir a miles de visitantes, hoy se convierte en un espacio de solidaridad. Aquí hemos recibido ayuda humanitaria de diferentes lugares del mundo; por ejemplo, más de 10 toneladas provenientes de El Salvador, enviadas por el presidente Nayib Bukele"", señaló el alcalde de Cali, Alejandro Eder.

La transformación del espacio ocurrió después del terremoto de magnitud 7,4 que sacudió la región el 10 de agosto y que deja hasta este domingo en esta ciudad, capital del departamento de Valle del Cauca, 123 personas fallecidas.

Además hay 111 personas desaparecidas, 88 rescatadas y 1.485 heridas en la ciudad por esta tragedia que también deja 46 edificaciones con colapso total, 35 con colapso parcial y 2.391 con daños estructurales, mientras que para 534 se emitió orden de evacuación.

En Cali, tercera ciudad de Colombia, con unos 2,4 millones de habitantes, ya se han retirado más de 18.000 toneladas de escombros, según datos de la Alcaldía.

La Ciudadela Alberto Galindo estaba llamada a ser este fin de semana, como todos los años en estas fechas, el corazón de la fiesta del Pacífico. Allí se esperaba la llegada de por lo menos 800.000 personas durante tres días para disfrutar de agrupaciones musicales, gastronomía, artesanías y expresiones culturales que durante cada edición convierten a Cali en una vitrina de las raíces del Pacífico colombiano.

Ahora, más de 1.200 voluntarios se distribuyen en tres turnos para mantener activo el centro de acopio y garantizar que la ayuda recibida pueda ser organizada y despachada a quienes la necesitan en Cali y en municipios vecinos.

En los últimos tres días, la Alcaldía ha recibido además el apoyo de más de 3.000 voluntarios en diferentes jornadas de recepción, clasificación y distribución de donaciones.

En la ciudadela también se preparan kits alimentarios que posteriormente son enviados a las zonas donde las familias perdieron sus viviendas o enfrentan dificultades para acceder a alimentos y productos básicos.

""Estamos hablando de 80.000 personas potencialmente damnificadas. Esto, más o menos, significa el 15 % de la población caleña afectada"", señaló la gerente de Proyectos Estratégicos de Cali, Mabel Lara.

La magnitud de la emergencia ha obligado a mantener una respuesta que ya entra en una etapa de recuperación, mientras continúan las labores de búsqueda, rescate, evaluación de daños y atención de las familias.

En paralelo, la Alcaldía de Cali avanza en el Registro Unifamiliar de Emergencias (RUFE), con el que busca establecer con mayor precisión quiénes son los damnificados y cuáles son sus necesidades. Hasta el sábado habían sido censadas 3.120 familias.

El alcalde también solicitó al Ministerio Público un acompañamiento especial y preventivo para vigilar la atención de la emergencia y el manejo de los recursos y donaciones recibidas, con el fin de ""tener la absoluta certeza de que están llegando donde tienen que llegar en el tiempo que es"", afirmó Eder.

Así, la Ciudadela Alberto Galindo vive una escena que nadie había previsto para esta fecha: en vez de celebrar tres décadas del Petronio Álvarez entre música, gastronomía y cultura, Cali recibe allí alimentos, agua y esperanza.

Lee también: 'Ayuda, SOS', el mensaje de campesinos colombianos damnificados por el terremoto

Las mismas estructuras que estaban listas para celebrar la identidad del Pacífico son ahora utilizadas para responder a una de las mayores emergencias que ha enfrentado la ciudad.

Por unos días, la fiesta quedó en pausa. La solidaridad ocupó su lugar.",https://www.vision360.bo/noticias/2026/08/16/63061-de-la-fiesta-a-la-solidaridad-el-cambio-del-festival-petronio-lvarez-por-el-terremoto
Visión 360,2026-08-16,•Mundo,"Violencia, abusos y pobreza: ""emergencia nacional"" que afecta a niños y jóvenes hondureños","EFE / Tegucigalpa / Honduras

Ser niño y joven en Honduras se convirtió en ""un riesgo"" ante el aumento de la violencia y los abusos, en un contexto de pobreza, exclusión educativa y trabajo infantil que organizaciones defensoras de los derechos humanos califican de ""emergencia nacional"" por la falta de protección estatal.

""Ser niño y ser joven es un riesgo, es un peligro. Están expuestos a diferentes vulnerabilidades, pero sobre todo a una vulnerabilidad generada desde el mismo Estado"", afirmó a EFE el coordinador de la Red de Instituciones por los Derechos de la Niñez (Coiproden), Wilmer Vásquez.

La violencia estructural, señaló Vásquez, se traduce en ""desigualdad, pobreza, miseria, exclusión, desplazamiento forzado por violencia, migración"", abandono escolar, trabajo infantil, abuso sexual y embarazos adolescentes.

En los últimos días, Honduras ha registrado varias muertes violentas de menores, entre ellas la de un estudiante de 16 años raptado el 5 de agosto al salir de clases y hallado muerto a tiros esa misma noche en un populoso barrio de Tegucigalpa, la capital del país.

Entre enero y julio de 2026, al menos 363 menores y jóvenes murieron de forma violenta en el país, un 13 % más que las 321 víctimas registradas en el mismo periodo de 2025, según Coiproden.

Vásquez lamentó que estas muertes ocurran ""a vista y paciencia"" de la sociedad y de un Gobierno que ""pareciera no importarle"", al no destinar los recursos necesarios para su protección.

Honduras, dijo, es una de las naciones con ""mayor cantidad de políticas públicas"" y reformas legales, pero también ""uno de los países que menos aplica las leyes y mucho menos implementa las políticas de Estado"" a favor de la niñez y la juventud.

""Mientras la justicia sea selectiva, mientras la impunidad sea una política de Estado, mientras la corrupción prevalezca en el país, (...) las víctimas seguirán siendo la niñez, la juventud y los grupos que han estado en una situación de muchísima vulnerabilidad históricamente en Honduras"", enfatizó.

Por su parte, la coordinadora de la Defensoría de la Niñez del Comisionado Nacional de Derechos Humanos (Conadeh), Cándida Maradiaga, advirtió a EFE de que el país afronta una ""emergencia nacional"" ante el repunte de muertes y abusos.

""Cada tres horas un niño o una niña es víctima de violencia sexual en el país"", una situación que evidencia la desprotección que enfrenta la niñez hondureña, precisó.

Según el Conadeh, unos 1.330 menores murieron de forma violenta entre 2020 y junio de 2026 (uno cada 43 horas).

Además, la crisis se agrava con más de un millón de niños fuera de las aulas, medio millón en trabajo infantil, 20.000 en situación de calle y 25.000 embarazos adolescentes anuales.

""Hâ€‹ay una situación de desprotección. Consideramos que las instituciones que tienen la responsabilidad de fortalecer los mecanismos de prevención deben de sentarse, revisar bien el contexto en el que la niñez está viviendo actualmente y tomar las medidas previsorias para evitar que más niños y niñas sigan siendo víctimas de la violencia"", subrayó la defensora.

Maradiaga instó a las autoridades a fortalecer y dotar de presupuesto las políticas públicas de protección y prevención de la violencia, además de atender el riesgo de reclutamiento de menores por maras, pandillas y estructuras del crimen organizado.

""Muchas veces utilizan a los niños y niñas menores de 18 años para que se involucren en actividades delictivas o participen en sus organizaciones criminales"", sostuvo.

El reclutamiento forzado, añadió, sigue siendo una ""tarea pendiente"" para el Estado, ante la falta de programas y estrategias suficientes para prevenirlo.

Según la organización humanitaria Casa Alianza, el reclutamiento forzado de menores de edad por parte de estructuras criminales continúa siendo una de las principales expresiones de violencia contra la niñez en Honduras y una de las causas más relevantes del desplazamiento forzado interno.

Aunque no existen estadísticas oficiales sobre este fenómeno, organizaciones defensoras de los derechos humanos alertan de que el crimen organizado y las pandillas o maras están reclutando a menores de edad, aprovechando su condición de inimputabilidad penal.",https://www.vision360.bo/noticias/2026/08/16/63046-violencia-abusos-y-pobreza-emergencia-nacional-que-afecta-a-ninos-y-jovenes-hondurenos
Visión 360,2026-08-16,•Mundo,Al menos 10 muertos y varios heridos al volcar un autobús en la sierra de Río de Janeiro,"EFE / Río de Janeiro / Brasil

Al menos 10 personas murieron y varias resultaron heridas tras volcar un autobús a la altura de la ciudad de Petrópolis, en la sierra del estado brasileño de Río de Janeiro, informaron este domingo fuentes oficiales.

El siniestro ocurrió sobre las 04.30 hora local (07.30 GMT) de este domingo en una carretera que conecta Brasilia con Río de Janeiro, según señaló la Policía Federal de Carreteras (PRF, por sus siglas en portugués) en un comunicado.

El autobús era de la empresa Estrela Guia Turismo y transportaba a 47 personas, de acuerdo con las autoridades.

El vehículo salió de Belo Horizonte y se dirigía al turístico barrio carioca de Copacabana, pero se salió de la vía mientras bajaba la sierra y volcó cerca del arcén, en una zona con vegetación.

Según medios locales, ocho de las víctimas mortales son mujeres y otra es un menor de edad.

Dos personas se encuentran en estado grave y otra docena sufrió heridas consideradas ""moderadas"" y fue trasladada a hospitales de la región, de acuerdo con el Cuerpo de Bomberos de Río.

El alcalde de Petrópolis, Hingo Hammes, lamentó lo sucedido e informó en un comunicado que puso en marcha una ""gran operación de socorro"" para atender a las víctimas.

Estrela Guia Turismo, la empresa que operaba el autobús, prestó solidaridad a las víctimas y aseguró estar colaborando con las autoridades brasileñas para esclarecer las causas del accidente.",https://www.vision360.bo/noticias/2026/08/16/63043-al-menos-10-muertos-y-varios-heridos-al-volcar-un-autobus-en-la-sierra-de-rio-de-janeiro
Visión 360,2026-08-16,•Mundo,Dos muertos y cuatro heridos en un incendio en la isla de Salamina en Grecia,"EFE / Estambul / Turquía

Un incendio declarado este domingo en la isla de Salamina en Grecia ha causado al menos dos muertos, mientras otro incendio en la misma isla, a escasa distancia de Atenas, también se expande con rapidez, informa hoy la prensa griega.

El primer fuego se declaró sobre las 14.45 (11.45 gmt) en la zona de Peristeria, en la punta meridional de la isla, que tiene unos 15 kilómetros de diámetro y se halla separada de Atenas apenas por un brazo de mar de pocos cientos de metros de ancho.

Quince minutos más tarde, otro fuego se expandió en la zona de Selinia, en la parte oriental de la isla, a unos ocho kilómetros de distancia de Peristeria, informa el diario Kathimerini.

Durante la labor de extinción en Peristeria, los bomberos encontraron dos cuerpos sin vida en la zona, de uso residencial y forestal mixto, donde se originó el fuego, acorde a un comunicado de los servicios antiincendio, citado por el diario.

Además, los bomberos trasladaron a centros de atención primaria a cuatro heridos, cuyo estado no reviste gravedad y se ha iniciado la evacuación de los bañistas de esta popular zona de playas.

Varias embarcaciones están disponibles para una posible evacuación de los residentes por mar.

Unos 260 bomberos trabajan en los dos frentes con medio centenar de vehículos, asistidos por diez aviones y ocho helicópteros, según informaron las autoridades griegas.

Los fuertes vientos racheados dificultan la labor de extinción en la isla, con un terreno de boscosas colinas que superan los 300 metros de altura.",https://www.vision360.bo/noticias/2026/08/16/63037-dos-muertos-y-cuatro-heridos-en-un-incendio-en-la-isla-de-salamina-en-grecia
Visión 360,2026-08-16,•Mundo,"Flávio Bolsonaro sale al ataque contra Lula y promete llamar ""terroristas"" a los narcos","EFE / Río de Janeiro / Brasil

El senador brasileño Flávio Bolsonaro, hijo del expresidente Jair Bolsonaro, inició este domingo su campaña para las elecciones presidenciales de octubre con duros ataques hacia el actual mandatario y aspirante a la reelección, Luiz Inácio Lula da Silva, y prometió tratar a los narcotraficantes como ""terroristas"".

""¡Lula es el moroso de la esperanza!"", exclamó el abanderado del Partido Liberal (PL) ante centenas de seguidores en la playa de Copacabana, en la turística ciudad de Río de Janeiro, bastión político de su familia.

Flávio, primogénito del exmandatario Jair Bolsonaro (2019-2022), acusó a Lula de ""endeudar"" a los brasileños, ""pelear con países que están a 10.000 kilómetros de distancia"", generar pérdidas millonarias a las empresas públicas y dejar de lado la lucha contra el crimen organizado.

Lee también: Lula lanza su campaña con un discurso enfocado en la seguridad y los programas sociales

""En el actual Gobierno, los fusiles siguen entrando por la frontera con Bolivia, al igual que las drogas, que van a parar a Río y al Amazonas. No tiene control, o está aliado con el crimen organizado o es muy incompetente"", declaró.

""Voy a recuperar la soberanía de Brasil. Voy a tratar a (las bandas) PCC (Primeiro Comando da Capital), Comando Vermelho (CV) y a las milicias (paramilitares) como organizaciones terroristas"", prometió, en línea con el presidente estadounidense, Donald Trump.

En este contexto, se posicionó como el candidato que enfrentará el sistema político ""podrido"" de Brasilia y adelantó que, si gana los comicios, aplicará un ""tijeretazo"" para reducir impuestos, burocracias y cargos de confianza en la Administración.

""Soy el único candidato que tiene credibilidad para rescatar la credibilidad de Brasil ante el mundo"", aseguró.

Durante su discurso también defendió con vehemencia el legado de su padre Jair, actualmente inhabilitado, condenado por la Corte Suprema y en prisión domiciliaria por tramar un golpe de Estado contra Lula tras perder las elecciones de 2022.

También, afirmó que el exmandatario es un ""hombre honesto"" que ""nunca fue una amenaza para la democracia, sino todo lo contrario, fue el último obstáculo para que el país no se convirtiera en una dictadura"".

Flávio, abogado de 45 años, abrió su campaña sobre un tráiler en la playa de Copacabana. El senador apareció poco antes del mediodía mascando chicle y vestido con una camiseta amarilla que llevaba el mensaje ""Brasil es mi partido"" en letras verdes.

Por debajo llevaba un chaleco antibalas debido a las múltiples amenazas de muerte que viene recibiendo, de acuerdo con sus asesores.

Según el último sondeo, publicado el viernes por la firma Quaest, el aspirante del PL parte con una ligera desventaja con respecto a Lula, que hoy empezó su campaña también en su cuna política, el municipio de São Bernardo do Campo, a las afueras de São Paulo.

Sin embargo, en una eventual segunda vuelta, ambos aparecen empatados técnicamente, ya que Lula obtendría un 43 % y Flávio, un 40 %.

El senador estuvo acompañado por su candidato a vicepresidente, el exfiscal Alfredo Gaspar, su esposa Fernanda Bolsonaro y por diversos correligionarios, que reivindicaron el legado del Gobierno de Jair Bolsonaro (2019-2022), atacaron a la izquierda ""asquerosa"" y defendieron los valores de la familia tradicional.",https://www.vision360.bo/noticias/2026/08/16/63034-flavio-bolsonaro-sale-al-ataque-contra-lula-y-promete-llamar-terroristas-a-los-narcos
Visión 360,2026-08-16,•Mundo,Lula lanza su campaña con un discurso enfocado en la seguridad y los programas sociales,"EFE / São Paulo / Brasil

El presidente brasileño, Luiz Inácio Lula da Silva, lanzó este domingo durante un acto multitudinario en São Paulo su campaña para la reelección, con un discurso enfocado en el combate a la violencia de género y al crimen organizado, y la promesa de continuar con los programas sociales.

""En mi cuarto mandato quiero terminar con algunos de los dilemas de nuestro país"", afirmó Lula, de 80 años, frente a miles de simpatizantes reunidos en el estadio municipal de Vila Euclides, lugar en el que encabezó las históricas huelgas sindicalistas en plena dictadura militar.

Mientras hablaba, resonaba en un estadio casi lleno el grito que siempre acompaña los actos del líder progresista: “Olé, olé, olé, olé, Lula, Lulaaa”.

A dos meses de las elecciones, el presidente recordó hitos de su trayectoria política y lo que considera son los logros de su actual Administración, como la creación de 10 millones de empleos formales en tres años y medio, y la ampliación de los programas sociales.

""¿Qué futuro quieres para el pueblo brasileño si no inviertes en salud, educación, vivienda...?"", se preguntó, en referencia a los gobiernos de derecha que lo precedieron.

Pese a lanzar críticas veladas, no mencionó por su nombre al exmandatario ultraderechista Jair Bolsonaro (2019-2022) ni al hijo mayor de este, el candidato presidencial Flávio Bolsonaro, su principal rival en los comicios de octubre.

En cuanto a la seguridad, una de las principales preocupaciones de la población, Lula enfatizó la necesidad en perseguir a los líderes de las facciones y no a cualquier simple integrante.

""Es quitándoles el dinero que vamos acabar con el crimen organizado"", declaró.

Acompañado por su esposa, la primera dama, Rosângela ‘Janja’ da Silva, Lula también hizo hincapié en la lucha contra la violencia machista.

""No es posible no poder acabar con esa violencia"", afirmó, antes de llamar a los hombres a tratar a sus parejas como ""compañeras"" y no como ""servidoras o esclavas"".

Tampoco faltó, como ha sido habitual en sus últimos actos, una defensa de la soberanía brasileña frente a las presiones de potencias extranjeras.

En ese sentido, reafirmó la importancia de que Brasil sea capaz de extraer y procesar por sí mismo los minerales críticos.

""No quiero a EE.UU., ni a Rusia, ni a China, ni a nadie... Nosotros vamos a explotar los minerales críticos en beneficio del pueblo brasileño"", dijo, entre los aplausos de los asistentes.

En el acto dominó un ambiente festivo, con samba, bailes de hip hop y cientos de asistentes vestidos de rojo, el color del Partido de los Trabajadores de Lula.

Con todo, las últimas encuestas colocan a Lula y a Flávio Bolsonaro en empate técnico, con un 43 % de las intenciones de voto para el primero y 40 % para el segundo.",https://www.vision360.bo/noticias/2026/08/16/63031-lula-lanza-su-campana-con-un-discurso-enfocado-en-la-seguridad-y-los-programas-sociales
Visión 360,2026-08-16,•Mundo,"'Ayuda, SOS', el mensaje de campesinos colombianos damnificados por el terremoto","EFE / Ansermanuevo/ El Cairo / Colombia

Una bandera blanca que dice 'Ayuda, SOS', colgada en una casa ubicada en una zona rural del municipio de Ansermanuevo, alerta de un problema que viven campesinos afectados por el terremoto de magnitud 7,4 del pasado lunes: la falta de ayuda y el temor de que sus viviendas se derrumben.

Campesinos de las localidades de Ansermanuevo y El Cairo, ubicadas en el departamento de Valle del Cauca (suroeste), dicen a EFE que ninguna autoridad ha ido a hablar con ellos tras el sismo y solo han recibido ayudas humanitarias de personas que pasan por la carretera que une a estas dos poblaciones.

La situación es más grave aún porque algunos de ellos, a pesar de tener su casa en condiciones precarias luego del temblor, se rehúsan a abandonar sus hogares hasta recibir atención de las autoridades locales.

Milton Puentes Barahona vive con su esposa y su hijo en una casa del sector Los Mudos, de la vereda (aldea) Las Brisas de Ansermanuevo, e instaló la bandera con el mensaje 'Ayuda, SOS' porque necesitan ""ayuda"" para solucionar el problema que les dejó el terremoto.

Hay techos caídos en varias zonas de la casa y algunas partes del cielorraso colgando, pero la familia Puentes no se mueve hasta que vaya una autoridad y les dé una razón sobre si se pueden quedar o no.

""La casa quedó prácticamente destruida, al 100 %"", dice a EFE Puentes, quien añade que sintieron muy fuerte el terremoto: ""Fue una cosa aterradora"".

Su casa, además de ser su vivienda, es su sustento económico porque allí tienen un lugar para la pesca deportiva y hospedaje para los viajeros que van desde Ansermanuevo hasta Argelia o El Cairo, los municipios más cercanos a este lugar.

""Pasan carros y nos dan una libra de arroz, es lo único que por ahí hemos recibido (...) Pero necesitamos hojas de zinc (láminas metálicas para techos), material para volver a hacer un techo de nuevo"", añade el hombre.

Su hijo Óscar, sin embargo, es consciente de que el concepto de un ingeniero es clave para saber si se pueden quedar allí o no.

En el Parador La Ribera, ubicado también en una zona rural de Ansermanuevo, las palabras ""Peligro"" y ""Precaución"" están escritas en color rojo en cada una de las paredes exteriores.

El edificio está a punto de caerse porque según su propietaria, Johanna Castañeda, la tierra los sacudió a ella y otros cinco familiares que estaban en la casa. Tuvieron que salir corriendo en el momento del terremoto hasta llegar a una imagen de la Virgen María que tienen a unos metros de la casa, donde vieron su mundo caer.

""Ahí todos nos abrazamos esperando que pasara este susto (...) Gracias a Dios, que nos dio otra segunda oportunidad de vida"", cuenta Castañeda a EFE.

La mujer, que no puede ocultar la tristeza que supone haberlo perdido casi todo durante el sismo, relata que esos letreros de ""Peligro"" los pusieron ellos porque, hasta el momento, no ha ido ninguna autoridad a revisar si la casa debe ser demolida o no.

""A las autoridades les pedimos que vengan y nos hagan el favor y miren el terreno, que vengan a la zona rural porque la verdad por acá no se ha manifestado nadie"", explica.

Quienes vivían en el Parador La Ribera se están quedando en la casa de unos familiares en el municipio de Cartago, ubicado a poco más de una hora de lo que era su hogar, pero todos los días deben subir hasta el parador para que no les roben lo poco que les quedó.

En la otra cara de la moneda están las autoridades que, como revela a EFE el alcalde encargado del vecino municipio de El Cairo, Carlos Alberto Correa, están desbordadas por la atención que deben dar a los habitantes de las zonas urbanas, que quedaron bastante afectadas por el sismo.

""En la zona rural no hemos hecho el censo, solamente en este momento hacemos censo en la zona urbana"", expresa Correa.

Sin embargo, el alcalde explica que por el momento están enviando ayudas humanitarias para los campesinos de su municipio y confía que, más temprano que tarde, puedan ir a evaluar la situación de las casas rurales.

Mientras tanto, los campesinos siguen pidiendo ayuda y se mantienen en la incertidumbre sobre lo que pueda pasar con sus negocios, que como sus vidas quedaron paralizados por tiempo indefinido.",https://www.vision360.bo/noticias/2026/08/16/63028-ayuda-sos-el-mensaje-de-campesinos-colombianos-damnificados-por-el-terremoto
Visión 360,2026-08-16,•Mundo,El líder supremo talibán rechaza ceder ante Occidente a cambio de reconocimiento,"EFE / Kabul / Afganistán

El líder supremo de los talibanes, Hibatullah Akhundzada, afirmó este domingo desde su bastión en Kandahar que el anterior Gobierno afgano tenía reconocimiento porque no controlaba su país, y aseguró que su régimen no cederá ante quienes rechazan la ley islámica.

""El Gobierno anterior, que no controlaba ni los distritos, tenía el reconocimiento internacional. Hoy que un solo Emirato gobierna todo Afganistán, no nos reconocen formalmente. Pero no tenemos enemistad ni amistad arbitraria con nadie, todo es según el Libro de Dios"", dijo el líder en un discurso multitudinario, difundido en audio por el portavoz talibán Hamdullah Fitrat.

El máximo mandatario afgano pronunció este discurso durante una asamblea pública en la provincia de Kandahar, considerada el feudo religioso del movimiento en el sur del país, en el marco de las celebraciones del quinto aniversario de la toma de Kabul en 2021.

En un discurso de más de media hora, el emir arremetió contra las potencias extranjeras por la falta de legitimidad internacional otorgada a su gobierno. ""Los infieles invirtieron enormes recursos pensando que no podríamos gobernar"", afirmó.

""Con quienes eran enemigos del Libro de Dios y no aceptaban la Sharia, nosotros tampoco teníamos alianza. Este es el sistema de Dios, somos musulmanes y creyentes, hemos dado sacrificios por esta religión y estamos dispuestos a seguir dándolos. ¡Estamos listos para el martirio y para la muerte!"" proclamó Akhundzada ante la audiencia.

El líder supremo presumió de un control interno férreo y negó cualquier fisura dentro del Ejecutivo talibán. ""Hoy en Afganistán, lo digo como líder, no hay nadie en todo el sistema, desde los ministros hasta los funcionarios locales, que haya cuestionado o presentado objeciones contra una sola orden emitida por mí"", aseveró.

Según sostuvo, la aplicación del sistema teocrático ha permitido proteger ""el honor, la propiedad y la sangre de la gente"", garantizando que ""nadie pueda matar a otro, ni oprimir a otro, ni deshonrar a otro"".

Finalmente, dirigió un mensaje de gratitud hacia las filas talibanes: ""Agradezco profundamente estos sacrificios y el fervor de todos vosotros. Todos sois mi ejército, mis soldados y mis hijos"".

El líder supremo mantiene un aislamiento extremo y apenas emite mensajes de forma ocasional, habitualmente limitados a discursos escritos con motivo de las festividades religiosas u otras fechas especiales.

Akhundzada reside en Kandahar, considerada el verdadero centro de poder y bastión ideológico del movimiento talibán. Desde allí maneja las directrices del país bajo un férreo velo de misterio: no existen registros de vídeo ni fotografías recientes de sus apariciones, y las asambleas a las que acude presencialmente se celebran bajo estrictas medidas de seguridad.",https://www.vision360.bo/noticias/2026/08/16/63019-el-lider-supremo-taliban-rechaza-ceder-ante-occidente-a-cambio-de-reconocimiento
Visión 360,2026-08-16,•Mundo,"Más de medio centenar de muertos, 135 heridos y 5.000 evacuados por el terremoto indonesio","EFE / Yakarta / Indonesia

Las autoridades de Indonesia elevaron este domingo a 53 el número de muertos y a 135 el de heridos tras el fuerte terremoto de magnitud 7,7 que el sábado sacudió la costa de la isla de Flores, al este del archipiélago, que ha obligado a evacuar a 5.000 personas, mientras las autoridades continúan las labores de rescate.

La Agencia de Gestión de Desastres Local (BPBD, por sus siglas en indonesio) reportó en su último balance 53 fallecidos, con víctimas mortales en los distritos de Manggarai (25), Manggarai Oriental (20), Sikka (4), Ende (2), Nagekeo (1) y Manggarai Occidental (1).

Además, 135 personas resultaron heridas en estas localidades, con más de medio centenar en estado grave, indicó la BPBD, que no informó sobre desaparecidos entre los escombros.

""El impacto ha sido significativo"", indicó en un comunicado el gobernador provincial, Emanuel Melkiades Laka Lena, quien aseguró que ""muchos ciudadanos han fallecido o resultado heridos; viviendas e instalaciones públicas han sufrido daños; y las actividades comunitarias se han visto interrumpidas"".

""Nos estamos enfocando en la búsqueda y evacuación de las víctimas, los servicios de salud, el suministro de artículos de primera necesidad y refugios, y la restauración del acceso al transporte y la infraestructura afectados"", agregó.

Más de 5.000 vecinos de Flores permanecen desplazados, al tiempo que las autoridades siguen recopilando y verificando los datos sobre las personas evacuadas, algunas en centros de evacuación públicos y otras alojadas en casa de familiares o conocidos.

Mientras continúan las labores de rescate, ""satisfacer las necesidades básicas y proporcionar suministros en los centros de evacuación es ahora una prioridad"", dijo en un comunicado el jefe de información de la BPBD, Berton SP Panjaitan.

El portavoz señaló que los supervivientes, ubicados en polideportivos y otros ""puntos de evacuación"", ""necesitan urgentemente"" bienes de primera necesidad como tiendas de campaña, arroz, medicamentos, mantas, agua potable y generadores.

Entre los desplazados se encuentra Charles, vecino de Nagekeo, localidad próxima al epicentro, cuya vivienda resultó gravemente dañada por el fuerte temblor. ""Tengo miedo de volver, pero tengo que hacerlo"", confiesa a EFE desde un polideportivo después de inspeccionar el estado de su casa.

Charles ha regresado al refugio temporal por ""temor a que se produzca otro terremoto o un tsunami"", ya que vive con su mujer y sus dos hijos ""muy cerca del mar"".

El terremoto, que tuvo lugar cerca de las 06:00 de la mañana del sábado hora local (22:00 GMT del viernes) con el epicentro unos 62 kilómetros al noroeste de Ende, la ciudad más poblada de Flores, causó también graves daños materiales en la isla. De un total de 995 réplicas, 46 fueron percibidas por la población.

Según el último balance de la BPBD, 154 viviendas sufrieron daños graves, 49 daños moderados y 38 daños menores, aunque en comunicados previos la agencia había situado en más de un millar el número de edificios afectados.

Por su parte, el presidente del país, Prabowo Subianto, transmitió en sus redes sociales ""condolencias por la tragedia del terremoto ocurrido en (la provincia de) Nusa Tenggara Oriental"".

En respuesta a la creciente magnitud del desastre, el gobierno provincial está tramitando un decreto para declarar el estado de emergencia en la región durante los próximos 14 días, con el objetivo de coordinar la ayuda con las autoridades centrales. Medidas similares también han sido adoptadas oficialmente en los distritos y ciudades afectadas.

Se calcula que unos dos millones de personas viven en la isla de Flores, con Ende y Maumere entre sus principales ciudades.

Indonesia, vasto archipiélago en vías de desarrollo de más de 17.000 islas, se encuentra en el llamado 'Anillo de Fuego del Pacífico', una zona de intensa actividad sísmica y volcánica debido a la convergencia de varias placas tectónicas. EFE",https://www.vision360.bo/noticias/2026/08/16/63016-mas-de-medio-centenar-de-muertos-135-heridos-y-5000-evacuados-por-el-terremoto-indonesio
Visión 360,2026-08-16,•Mundo,León XIV pide el cese de la violencia contra la población civil palestina en Cisjordania,"EFE / Ciudad del Vaticano

El papa León XIV reclamó este domingo el cese de la violencia contra la población civil palestina en Cisjordania y urgió a la comunidad internacional a progresar hacia la solución de dos estados para una paz justa y duradera.

""Reitero mi llamamiento para que cesen los repetidos actos de violencia contra la población civil palestina en Cisjordania"", dijo el pontífice tras el tradicional rezo del Ángelus, que este domingo presidió desde el palacio pontificio de Castelgandolfo.

Además pidió ""urgentemente"" a la comunidad internacional ""que garantice el progreso hacia la solución de dos Estados para una paz justa y duradera"".

Las palabras de Robert Prevost llegan en un contexto de repunte de la violencia de colonos israelíes asentados en Cisjordania contra comunidades palestinas.

Lee también: Kushner llega a Egipto para abordar el plan de Gaza de Trump en medio de reuniones con Hamás

Ya a finales del mes de julio, Naciones Unidas advirtió de una peligrosa escalada en esta zona, mientras que la Oficina de Derechos Humanos expresó también alarma por el aumento de los asentamientos, los llamados al castigo colectivo y las amenazas de convertir el territorio en otra Gaza.

Precisamente, este domingo el patriarca latino de Jerusalén y máxima autoridad católica en Tierra Santa, el cardenal Pierbattista Pizzaballa, ofició una misa en Taybeh, el último pueblo completamente cristiano de Cisjordania ocupada, donde reafirmó el compromiso de la Iglesia con sus fieles frente a los crecientes ataques de colonos israelíes.",https://www.vision360.bo/noticias/2026/08/16/63013-leon-xiv-pide-el-cese-de-la-violencia-contra-la-poblacion-civil-palestina-en-cisjordania
Visión 360,2026-08-16,•Mundo,Kushner llega a Egipto para abordar el plan de Gaza de Trump en medio de reuniones con Hamás,"EFE/ El Cairo / Egipto

Jared Kushner, yerno y asesor del presidente estadounidense, Donald Trump, llegó este domingo en una visita no anunciada a Egipto y se reunió con el presidente de ese país, Abdelfatah al Sisi, en una jornada en la que se intensificaron los contactos con Hamás para la aplicación del plan de 15 puntos de Trump, una hoja de ruta que Israel rechazó.

Kushner se reunió en la ciudad mediterránea de Al Alamein con Al Sisi en presencia del ministro egipcio de Exteriores, Badr Abdelaty, y del jefe de la Dirección General de Inteligencia, Hasan Rashad, quien horas antes había recibido a una delegación del movimiento palestino Hamás encabezada por su líder, Jalil al Haya, informó el portavoz de la Presidencia egipcia, Mohamed al Shenawy, en un comunicado.

La reunión se centró en la situación en Gaza y en los esfuerzos para avanzar en la aplicación del acuerdo de alto el fuego alcanzado durante la Cumbre de Paz de Sharm el Sheij, celebrada en octubre de 2025.

Durante el encuentro, Al Sisi subrayó la necesidad de que todas las partes cumplan sus obligaciones en virtud de la tregua, de acuerdo con la nota, en la que no se hizo referencia a la negativa de Israel al plan de Trump.

Esta reunión se produjo después de que Al Haya se reuniera con Rashad para abordar ""las formas de completar la implementación de las resoluciones"" de la cumbre de Sharm el Sheij, así como el plan de 15 puntos presentado por Trump para poner fin a la guerra en Gaza e iniciar la reconstrucción del enclave palestino.

De acuerdo con fuentes no identificadas citadas por la cadena saudí Al Arabiya, Kushner se reunirá también con Al Haya, así como con el representante de la Junta de Paz que supervisa el alto el fuego, Nickolay Mladenov, y representantes de los países mediadores, en un encuentro centrado en ""avanzar en la implementación del plan de Trump más que renegociar sus términos"".

La delegación de Hamás reafirmó durante su reunión con Rashad su compromiso con el plan estadounidense, que contempla entre sus principales puntos la retirada israelí de la Franja de Gaza, el desarme del movimiento islamista y de otros grupos armados y la transferencia del control civil del enclave a un comité de gobernanza nacional.

La posición de Hamás mantiene como una de sus principales exigencias la retirada de las tropas israelíes de Gaza antes de proceder al desarme y reclama el fin de los ataques israelíes, después de que, según su líder, más de 1.200 personas hayan muerto en el enclave desde el alto el fuego de octubre de 2025.

Israel, por su parte, insiste en mantener a su Ejército en Gaza hasta conseguir el desarme total de Hamás, una de las principales diferencias que dificultan la aplicación de la hoja de ruta estadounidense y la consolidación del alto el fuego.

Los contactos de este domingo se producen después de que Catar, uno de los principales mediadores, lamentara la semana pasada que Israel siga ""dilatando"" la aplicación de la tregua y reclamara a la comunidad internacional que ejerza presión para que se cumpla el acuerdo.",https://www.vision360.bo/noticias/2026/08/16/63010-kushner-llega-a-egipto-para-abordar-el-plan-de-gaza-de-trump-en-medio-de-reuniones-con-hamas
Visión 360,2026-08-16,•Sociedad,De los libros a la cosecha: el éxodo de miles de jóvenes bolivianos que buscan en Chile las oportunidades que Bolivia les niega,"Por Jorge Quispe, Sumando Voces

El despertador de Juan David no suena a las seis de la mañana en una ciudad boliviana, sino a las 5:30 en el norte chileno, entre el frío cordillerano y el cansancio acumulado en la cosecha de frutas. “Si tú quieres ganar plata, desayunas, haces tu bolo de coca y te entras a trabajar… tu vida está enfocada solo en el trabajo”, relata en un video que circula vertiginosamente en TikTok, la red social que hoy funciona como el nuevo mapa de ruta para miles de jóvenes bolivianos que migran ya no solo desde La Paz y El Alto, sino desde Santa Cruz, Pando, Cochabamba, Tarija y otras ciudades.

Como Juan David, una marea de  jóvenes cruza las fronteras empujados por una realidad nacional asfixiada por la crisis económica, la conflictividad política y social —marcada por tensiones, protestas, bloqueos y dificultades para entablar diálogos— y una crisis climática que se cierne como una de las principales amenazas para el bienestar.

“Este dinero sí vale. Estuvo buena la cosecha, 80 ‘luquitas’ hasta mediodía. 80 lucas son como 800 bolivianos», cuenta Juan David en el TikTok. Bolivia los educa en escuelas y universidades, pero no logra retenerlos. Desde la perspectiva del sociólogo y especialista en migraciones, Alfonso Hinojosa, Chile se ha convertido en un destino que atrae masivamente a la fuerza laboral boliviana debido a la abismal diferencia en el poder adquisitivo de sus salarios frente a la crisis interna y las escasas oportunidades labores que el país les puede ofrecer.

Se forman en el territorio nacional, pero la falta de oportunidades y las persistentes tensiones político-sociales les empujan a la migración tentados por un empleo mejor remunerado.

Más de la mitad de quienes deciden cruzar la frontera tienen entre 18 y 29 años, dice el investigador. Y los efectos del cambio climático en las zonas rurales son otro factor determinante para expulsar a los jóvenes.

Hinojosa sentencia con crudeza: «Hoy en día, Chile representa para Sudamérica el Estados Unidos (para los migrantes). En términos adquisitivos, lo que ahí ganas tiene valor en tu tierra». Pero advierte el alto costo de esto: «Bolivia forma talento humano en la escuela y la universidad y lo pierde al no darle opciones laborales. Se está yendo nuestro motor productivo, el factor humano más importante está generando riqueza para otros países».

El futuro se cocina a fuego lento

Sin embargo, para muchos, la promesa de un emprendimiento o un título universitario choca con la urgencia de sobrevivir. Esa es la historia de Yasiel, una joven profesional de 27 años, quien culminó sus estudios de medicina en Bolivia y hoy despacha platos como cocinera en Calama, al norte de Chile, antiguo territorio boliviano.

“Llegué hace un año y siete meses, por referencia de una prima que también está acá. Me contrataron para lavar vajilla, luego pasé a ayudante de cocina y ahora me confiaron la cocina. Necesitaba dinero y tenía dos opciones: quedarme en Bolivia y trabajar dos años para reunir la plata o venir aquí para lograrlo en menos tiempo”, cuenta a Sumando Voces vía teléfono. Su meta inicial era clara: reunir los recursos necesarios para pagar el internado hospitalario. Sin embargo, el contraste salarial y laboral terminó por abrirle los ojos: mientras un médico de base en Bolivia percibe unos 5.000 bolivianos, Yasiel —quien ya aprendió a cocinar platillos chilenos como el ajiaco—, gana 8.000 bolivianos líquidos mensuales, sin gastar en arriendo ni comida, logrando una estabilidad que su tierra natal le negó.

Por el momento, ella ahorra para volver a la patria y terminar el internado, pero luego de titularse pretende ejercer en Chile. Otros centenares se dedican también al oficio de la construcción y la minería, donde la mano de obra boliviana es muy cotizada.

“Aquí he hallado muchísimas más opciones, ya tengo una identificación temporal que me permite trabajar de manera legal. Al menos para los varones hay muchísimo trabajo y ellos pueden llegan a ganar el equivalente a 15.000 bolivianos al mes como albañiles y en las mineras. Se mueven en la modalidad del 15/15: 15 días de trabajo intensivo y 15 de descanso”, relata.

Sus comensales son, en su mayoría, obreros de faena y mineros, pero también camioneros. “Me he encontrado y he conocido jóvenes bolivianos de todo lado: Santa Cruz, Pando, Oruro, Chuquisaca y Tarija, no solo La Paz”, dice.

En temporada alta, Yasiel llega a preparar comida para unas 280 personas cada día y en periodos menos movidos, para 50, pero sus ingresos son los mismos. “Se respetan las ocho horas de trabajo; si pones más tiempo te pagan horas extra”, afirma.

Cada semana y a través del TikTok, las empresas chilenas anuncian cupos para la cosecha de frutas y otras labores, el mensaje está dirigido en particular a los jóvenes bolivianos, quienes formaron redes no solo comunicarse sino también para protegerse entre ellos.

«No se puede pensar un migrante hombre o mujer sin la dependencia de este aparato, sin celular. No solo por factores de comunicación familiar, sino porque es un instrumento a partir del cual consiguen empleo y también una herramienta para defenderse», apunta Hinojosa. Uno de los riesgos en la migración es caer en manos de los «coyotes» o traficantes de personas, pero los jóvenes tejieron redes para protegerse de ellos.

Cultivando oportunidades en Bolivia

Julio Jordán, cientista político y técnico del programa Fuerza Joven de la organización Solidar Suiza, advierte sobre el impacto de la informalidad y la precarización laboral como otro de los factores. «A nivel general la tasa de informalidad laboral es del 85% y la tasa de informalidad juvenil es del 96,2%. Uno de cada 10 jóvenes cuenta con un trabajo formal y los que tienen trabajo están en condiciones precarias, sin salarios dignos», sostiene.

Jordán considera también que los 51 días de bloqueos «definitivamente han afectado a la generación de oportunidades de empleo. Varias empresas han cerrado y aquellos jóvenes que emprendían han tenido que cerrar y hasta reprogramar sus deudas».

Esa vulnerabilidad golpea de manera crítica a las  jóvenes embarazadas y madres. «Las jovencitas están con una situación marcada por el cuidado de los hijos, la necesidad de generar ingresos, acceso restringido a una educación formal, muchas de ellas no culminan ni el bachillerato y existe una desigualdad de género y dependencia económica».

Frente a este panorama, el programa Fuerza Joven de Solidar Suiza trabaja activamente en 20 municipios de Bolivia, buscando impulsar el empleo y autoempleo digno mediante la capacitación de habilidades y la entrega de capital semilla a jóvenes emprendedores para contrarrestar la falta de alternativas locales.

De la graduación a la cosecha y las nuevas rutas del éxodo

El éxodo no distingue carreras ni orígenes regionales; la desesperación ha transformado incluso la logística del transporte. Si antes los buses con migrantes partían casi exclusivamente desde El Alto, La Paz y Oruro, ahora lo hacen de forma continua y directa desde Santa Cruz y Cochabamba, con servicios exclusivos y directos hasta Santiago de Chile, Arica, Iquique, Calama y otras ciudades.

El rostro de esta urgencia lo dibujan también jóvenes como Laura Sony, como se identifica en TikTok, quien recuerda con nostalgia cómo se graduó junto a su amiga en febrero de 2026 tras cuatro largos años de esfuerzo académico, solo para encontrarse, en marzo de ese mismo año, con los dedos entumecidos cosechando cilantro y cebollines en los campos chilenos.

«No hemos encontrado trabajo. Ella (su amiga) trabajando en la cosecha del cilantro y yo trabajando en cosecha de cebollines. ¿Qué vamos a hacer? Así es la vida», relata Laura en su cuenta de TikTok.

Ellas cambiaron los libros por las tijeras de cosecha o poda, las escaleras y los canastos para recolectar las frutas.

A pesar de la crudeza del paisaje, los temporeros  bolivianos —como les conocen ahora— trabajan bajo la lluvia e incluso ignoran feriados patrios como el 6 de Agosto, cosechando sin pausas mandarinas y otras frutas. El propósito colectivo se mantiene intacto: salir adelante, enviar dinero y no regresar con las manos vacías. La otra estrategia según Hinojosa es trabajar tres meses y volver con el dinero reunido a Bolivia.

Cifras récord y el nuevo motor del norte

Esta migración masiva, no solo de bolivianos, ha reconfigurado los balances regionales. Datos oficiales del Servicio Nacional de Migraciones de Chile revelan que la tendencia que venía gestándose desde antes de 2023 se consolidó de forma absoluta en el primer semestre de 2026: el 70% de las personas que tramitaron permisos laborales en ese periodo fueron bolivianos (84.717 de 121.977), desplazando por completo a la población venezolana, amparados por la gratuidad de la Visa Mercosur.

De hecho, los propios empleadores agilizan los trámites para los permisos de trabajo mientras los jóvenes hacen maletas en Bolivia. Esta “facilidad” es otro gancho para dejar el país y tomar las oportunidades que acá no hallan.

Este flujo masivo se traduce también en el soporte de miles de hogares en Bolivia. Según registros difundidos por el diario La Razón y respaldados por cifras del Banco Central de Bolivia (BCB), los envíos de remesas desde Chile se duplicaron entre 2019 y 2023, pasando de 159,30 millones a 312,97 millones de dólares, posicionando al vecino país como el epicentro de un soporte económico que sostiene a familias enteras mientras el motor productivo de Bolivia continúa vaciándose de su juventud

«En Chile consigues dinero, pero el trabajo también te quita momentos que jamás regresan. Cambias la familia por la soledad. Tu cuerpo se acostumbra al dolor, a dormir poco y comer rápido, pero tu corazón nunca se acostumbra a estar lejos de los que amas», confía otro joven al narrar su experiencia en la cosecha de frutas en Chile a través del TikTok.

En los reportajes anteriores de esta serie hemos mostrado cómo el campo alimenta a la ciudad y la ciudad sostiene al campo; el transportista conecta territorios; cuando hay conflictos, una familia es capaz de arropar a otras. Ahora, miles de jóvenes bolivianos muestran sus ansias de prosperidad y su valioso aporte al sostén de sus familias desde el exterior. ¿Qué tendría que cambiar en Bolivia para que el deseo de salir adelante no les obligue a cruzar una frontera?",https://www.vision360.bo/noticias/2026/08/16/63073-de-los-libros-a-la-cosecha-el-exodo-de-miles-de-jovenes-bolivianos-que-buscan-en-chile-las-oportunidades-que-bolivia-les-niega
Visión 360,2026-08-16,•Sociedad,Bolivia celebra el Día de San Roque con ceremonias de bendición y homenajes a los perros,"EFE / La Paz / Bolivia

Decenas de perros y sus ""humanos"" llenaron este domingo la iglesia de Jesús del Gran Poder, en la ciudad de La Paz, para participar en una misa en la que recibieron la bendición en ocasión del Día de San Roque.

La iniciativa surgió de la Alcaldía de La Paz y de la iglesia para agasajar a las mascotas, y los organizadores invitaron a algunos vecinos que se encargaron de convocar a otros.

El sacerdote Saúl Mamani dijo a EFE que el cuidado y la protección de las familias hacia los animales ""va creciendo en estos años"" por lo que la celebración de la misa es una muestra de cercanía con los feligreses y sus mascotas.

""Es la primera actividad que se realiza en el santuario y hay que ir incentivando a las familias, a los dueños de los cachorritos para que los protejan y los cuiden, y no los dejen en la calle en el invierno, son parte de nosotros, de nuestro caminar"", indicó el sacerdote.

Los fieles llevaron a sus perros con sus mejores galas como vestidos vistosos en el caso de las hembras, sacos de colores y una que otra camisa en el caso de los machos para escuchar la misa.

Ch’apis, como se llama en Bolivia a los perros pequeños y con abundante pelo ensortijado parecidos al bichón maltés, pequineses albinos, chow chow, y otros perros mestizos participaron en la ceremonia religiosa.

Algunos permanecieron en el regazo de sus dueños, pero otros traviesos se soltaron de ellos para caminar a sus anchas por la parroquia mientras se celebraba la misa.

Karina Uruchi llevó a su cachorro a la misa ""por invitación del padre"" y afirmó que es una alegría porque ahora ""las mascotas son más valoradas que antes"".

""Son más cuidados más protegidos, antes no era así, ahora los animalitos son todo para nosotros"", sostuvo.

Algunos vecinos llevaron a la iglesia cuadros con las fotos de sus mascotas ya fallecidas para que también reciban la bendición respectiva.

""He traído a mis dos perritas, Pelusa y Candy, las dos han sido parte importante de mi vida, las he amado, las he cuidado, ellas me han dado mucho amor, me han hecho conocer lo que es la responsabilidad y lo que es el amor"", dijo emocionada Norma Mercado, que llevó las fotografías de sus dos cachorras.

Aconsejó a todas las personas que tienen mascotas ""que las amen porque ellas tienen sentimientos como nosotros"".

Al igual que en la iglesia de Jesús del Gran Poder, hubo homenajes y actividades, por ejemplo la Policía organizó una caminata masiva de las mascotas con sus ""humanos"" que recorrió en la zona sur de la ciudad de La Paz.

Otras instituciones y albergues abrieron una jornada de adopción para las mascotas"".

La tradición de celebrar una misa y bendecir a los perros y otras mascotas por San Roque nació en la parroquia Cuerpo de Cristo, en la ciudad boliviana de El Alto, desde hace más de una década por iniciativa del sacerdote alemán Sebastián Obermaier.",https://www.vision360.bo/noticias/2026/08/16/63055-bolivia-celebra-el-dia-de-san-roque-con-ceremonias-de-bendicion-y-homenajes-a-los-perros
Visión 360,2026-08-16,•Sociedad,"A una semana de basura en las calles de La Paz: trabajadores ven avances, pero amenazan con un paro total","Diferentes calles y avenidas de la ciudad de La Paz continúan con promontorios de basura acumulada desde hace varios días, con el riesgo que esto representa para la salud pública. Los trabajadores de La Paz Limpia mantienen paralizada su labor a la espera de una nueva reunión con el alcalde César Dockweiler para este lunes y la atención plena de una de sus principales demandas.

Una de las peticiones centrales atendidas fue el establecimiento de la metodología y los valores preliminares para el ajuste derivado del incremento de los precios de los hidrocarburos; sin embargo, los ejecutivos de la firma se negaron a firmar los documentos planteados.

El Decreto Supremo 5660 autoriza a las alcaldías el ajuste de precios en los contratos de servicios de aseo urbano, considerando únicamente los componentes de combustible diésel y gasolina, de acuerdo con la variación demostrada mediante informe técnico, financiero y legal de la entidad contratante.

Lee también: Sin solución al conflicto con La Paz Limpia, personal municipal saldrá en la madrugada a recoger la basura con 20 volquetas

El dirigente de los trabajadores de La Paz Limpia, Fermín Fernández, confirmó a la red BTV que hay una atención del 50% de las demandas, luego de haberse alcanzado un acuerdo para ajustar el contrato de aseo urbano por el incremento de los combustibles tras el retiro de la subvención.

“Mis compañeros ya han salido en un 50% a trabajar; también mañana, si se concluye todo, saldríamos a trabajar en la noche al 100%”, pero “de no llegarse a un acuerdo, estaremos parando mañana en la noche con el 100% de los trabajadores”, advirtió.

Lee también: La Paz Limpia suspende el recojo de basura y la Alcaldía activa equipos municipales

Los trabajadores, en línea con la demanda de los ejecutivos de La Paz Limpia, exigen un ajuste en el contrato más allá del combustible, puesto que ven un riesgo de cierre o paralización de la empresa por falta de liquidez financiera ante los costos que representó el último incremento salarial.

“Hemos quedado en un cuarto intermedio para tratar el tema del incremento salarial. La empresa está cumpliendo con el incremento salarial, ha cumplido con el ajuste de Bs 2.650 a Bs 3.300, el cual todos los trabajadores perciben; pero también tenemos el temor de que ya no pueda subsistir con el incremento que nos ha hecho”, explicó.

Según la Alcaldía, se prevé continuar de inmediato con la contrastación documental de facturación y estados financieros para avanzar hacia la suscripción de contratos modificatorios hasta el 28 de agosto, proyectando su vigencia para el 1 de septiembre de 2026.

Pese a los avances, persiste la acumulación de basura en distintos puntos de la ciudad de La Paz, creando focos de infección. Con este lunes se cumplen ocho días de la medida de presión de los trabajadores de la empresa encargada del aseo urbano.",https://www.vision360.bo/noticias/2026/08/16/63049-a-una-semana-de-basura-en-las-calles-de-la-paz-trabajadores-ven-avances-pero-amenazan-con-un-paro-total
Visión 360,2026-08-16,•Sociedad,El Inlasa cuenta con laboratorio de alta seguridad para vigilancia y crear vacunas sin riesgo de fuga de virus,"La madrugada de este domingo llegó a las instalaciones del estatal Instituto Nacional de Laboratorios de Salud (Inlasa) un moderno Laboratorio de Bioseguridad que permitirá diagnosticar, investigar y desarrollar vacunas y tratamientos contra patógenos peligrosos de forma segura, sin riesgo de fuga al medio ambiente; por ello, constituye una infraestructura clave en la vigilancia epidemiológica.

Se trata del Laboratorio BSL-3, una infraestructura diseñada para la manipulación y contención biológica segura de patógenos de alto riesgo, como el hantavirus, arenavirus, tuberculosis multidrogarresistente y agentes con potencial pandémico o de propagación rápida. Se invirtieron más de $us 815.000 en su compra, recursos provenientes de un crédito externo.

La ministra de Salud y Deportes, Marcela Flores, y la directora del Inlasa, Patricia Vacaflor, junto al resto del personal, recibieron en la madrugada de este domingo el equipamiento en las instalaciones del instituto. En breve será instalado para empezar a prestar más servicios con elevados estándares de seguridad biológica.

“Es un gran avance para el país, es un hito histórico contar con un laboratorio de este nivel de bioseguridad y sobre todo es el reconocimiento al esfuerzo, trabajo y dedicación que en 118 años el Inlasa ha dado por la salud pública de nuestro país. Estoy segura de que van a sacar el máximo provecho de este laboratorio, generando conocimiento, ayudando a prevenir enfermedades y haciendo vigilancia comunitaria activa”, destacó Flores.

En el instituto se realizan pruebas especializadas para la detección y vigilancia epidemiológica de enfermedades complejas o peligrosas como la rabia y el chagas; además, produce inmunobiológicos, como sueros y antídotos esenciales contra venenos de animales ponzoñosos, y realiza controles de calidad, inocuidad, investigación y capacitación.

Justamente, este equipamiento de vanguardia cuenta con capacidades principales orientadas a la vigilancia genómica, la investigación científica de alta contención y la respuesta rápida ante posibles brotes biológicos en el país.",https://www.vision360.bo/noticias/2026/08/16/63004-el-inlasa-cuenta-con-laboratorio-de-alta-seguridad-para-vigilancia-y-crear-vacunas-sin-riesgo-de-fuga-de-virus
