sitio_noticias,fecha,seccion,titular,cuerpo,url
La Razón,2026-08-03,Columnistas,El centralismo… pero ordenadito,"«Lo haremos de manera ordenada.» Confieso que la frase del presidente Rodrigo Paz me devolvió la tranquilidad. Porque durante la campaña electoral nos aseguró que la distribución de los recursos entre el Gobierno Nacional y las regiones sería una prioridad. Era uno de esos compromisos que despertaban esperanza en quienes, desde hace décadas, ven cómo el país produce riqueza en las regiones y la administra desde un escritorio en la Plaza Murillo.

Hoy descubrimos que aquella prioridad sigue vigente… Solo que ahora será «de manera ordenada.» Y en Bolivia, cuando un político agrega esa expresión, uno entiende que el calendario deja de ser administrativo para convertirse en político.

Después de todo, el centralismo no nació con este gobierno. Tiene prácticamente la misma edad que la República. Durante doscientos años Bolivia construyó un Estado donde las regiones generaban riqueza y el poder central decidía cuánto devolverles, cuándo devolverles… y, sobre todo, a quién devolverles.

Pasaron gobiernos conservadores y liberales; Pasaron militares y civiles; Pasó la revolución del 52; Pasó el neoliberalismo; Pasó el socialismo del siglo XXI; Cambiaron las banderas, los discursos y los colores partidarios.

Lo único que jamás cambió fue la extraordinaria facilidad con la que el poder central administró los recursos de todos los bolivianos… como si fueran propios.

Hubo gobiernos que administraron pobreza; Otros administraron abundancia.

Y algunos tuvieron el extraño talento de despilfarrar ambas.

Sin embargo, la historia también demuestra que cuando existe decisión política, las grandes transformaciones no necesitan una eternidad. Necesitan voluntad.

En agosto de 1993 asumió la Presidencia Gonzalo Sánchez de Lozada. Entre sus principales compromisos de campaña figuraba la descentralización del Estado y una distribución más equitativa de los recursos hacia los gobiernos locales.

No esperó la mitad de su mandato. No creó una comisión para estudiar el tema durante años. No anunció que primero debía hacerlo «ordenadamente».

Menos de un año después de asumir, en abril de 1994, promulgó la Ley de Participación Popular, la reforma de descentralización más importante de la historia republicana. Miles de municipios comenzaron a recibir recursos directamente, modificando para siempre la relación entre el Estado y las regiones.

Podrán discutirse muchas decisiones de aquel gobierno. Podrá cuestionarse su modelo económico. Podrán analizarse los errores que terminaron marcando su historia. Pero existe un hecho imposible de negar. Cuando prometió descentralizar recursos, cumplió.

La diferencia no estuvo en el discurso. Estuvo en el reloj. Las promesas políticas no envejecen por el paso del tiempo. Envejecen cuando empiezan a necesitar nuevas explicaciones. Y cuando una prioridad se convierte en un proceso «ordenado», los ciudadanos tienen todo el derecho de preguntarse si sigue siendo una prioridad… o si ya empezó a transformarse en una excusa.

Y es precisamente ahí donde aparece la inevitable comparación con el presente. Porque ahora el presidente Rodrigo Paz nos dice que acabará con el centralismo…pero de manera ordenada. Debo reconocer que esa palabra despertó mi imaginación.

Supongo que ya debe existir un cronograma cuidadosamente elaborado. Primero habrá que garantizar que el Gobierno Nacional conserve los recursos suficientes para gobernar con tranquilidad.

Después tocará fortalecer a aquellos departamentos donde políticamente siempre resulta conveniente mantener altos los niveles de popularidad.

Más adelante llegarán las carreteras, hospitales, puentes e inversiones estratégicas que, por una extraordinaria coincidencia, aparecerán cuando el calendario electoral empiece a acelerar el pulso de la política.

Luego veremos a gobernadores y alcaldes inaugurando obras y agradeciendo al Gobierno Nacional por recursos que, curiosamente, pertenecían desde siempre a los propios bolivianos.

Después llegará el turno de Beni y Pando, porque nadie podrá decir que el Gobierno abandonó a los departamentos históricamente olvidados.

Y entonces aparecerá la gran pregunta. ¿Santa Cruz? Bueno… Santa Cruz seguramente tendrá que esperar.

No porque produzca menos; No porque recaude menos; No porque tenga menos habitantes.

Todo lo contrario. Precisamente porque produce más. Porque aporta más. Porque concentra el mayor aparato productivo del país. Porque reúne el padrón electoral más grande de Bolivia. Y porque cualquier estratega político sabe que fortalecer económicamente a Santa Cruz antes de una elección nacional equivale a fortalecer a la región que probablemente definirá la elección del año 2030.

Los políticos no suelen temerles a las regiones pobres. Les temen a las regiones fuertes… Las regiones dependientes necesitan al poder y las regiones prósperas pueden discutirle el poder.

Y esa diferencia modifica completamente la forma de distribuir los recursos. Quizás por eso llevamos dos siglos escuchando exactamente el mismo libreto.

«No es el momento.» «Hay otras prioridades.» «Debemos actuar responsablemente.» «Necesitamos consensos.» «Lo haremos… de manera ordenada.»

Yo quiero creer que el presidente cumplirá su palabra. Porque Bolivia necesita romper definitivamente con doscientos años de centralismo.

Lo único que me preocupa es que, cuando las promesas empiezan a cambiar de explicación, normalmente también empiezan a cambiar de destino. Y la historia política boliviana tiene demasiada experiencia en convertir las prioridades nacionales en simples promesas electorales.

Ojalá esta vez sea diferente. Porque el centralismo nunca desapareció cambiando de discurso. Solo aprendió a reinventarse. Ahora, al parecer…lo hará ordenadamente.",https://larazon.bo/opinion/columnistas/2026/08/03/el-centralismo-pero-ordenadito/
La Razón,2026-08-03,Voces,9 meses y un partero,"El presidente número 68 de la República de Bolivia, ahora Estado Plurinacional asumió como gobierno el pasado 8 de noviembre de 2025, promoviendo desde su campaña un cambio inmediato del modelo económico y un cambio del modelo de Estado, abandonando de esta forma, y después de casi 20 años, el ya conocido modelo económico social comunitario productivo, consolidado por el MAS.

9 meses después (cual cruel anuncio de cesárea), empujados por los «53 días» de bloqueo criminal, este nuevo modelo ya quiere nacer, y para ello, no quedó otro remedio que tocar las puertas del FMI, quienes nos invitaron a pasar, ponernos cómodos y meterle un “brunch” mientras se viene el momento del parto, pero no sin antes pedirnos en la puerta, que nos saquemos los zapatos, colguemos el saco, dejemos el celular, y otros requisitos formales, conforme las normas de aquella casa multilateral.

El Fondo Monetario Internacional creado en 1945, bajo el acuerdo de Bretton Woods (post segunda guerra mundial) entró en operaciones en 1947 y tiene desde entonces el objetivo de estabilizar las economías en rojo y hacer que estás no «contagien» a sus vecinos y con ello impacten de manera negativa al resto del mundo. Bolivia desde su creación, recurrió a este fondo 18 veces, siendo la última vez el año 2003 bajo el gobierno de Gonzalo Sánchez de Lozada, desembolsando 147.6 millones de dólares, ante el compromiso de reducir el déficit fiscal, implementar un nuevo régimen tributario y aplicar una nueva ley de hidrocarburos.

Ahora en el 2026, más de 20 años después, Bolivia nuevamente toca las puertas de la multilateral, siendo esta vez el monto convenido de 1.900 millones de dólares, en su modalidad SAF (Servicio Ampliado del Fondo) para resolver problemas estructurales de balanza de pagos a mediano plazo; 3 años para su desembolso y/o ejecución, 10 años para su pago, estimando 4 años de periodo de gracia y una tasa de interés que puede variar entre 4-5% dependiendo el desempeño de su utilización. No será un solo desembolso, sino más bien, a partir del primero, cada 6 meses existirá una evaluación para ver si se logra el siguiente y así sucesivamente hasta completar el monto total.

Ahora bien, se estima (porque no se ha presentado el acuerdo de manera pública, pese a la solicitud generalizada de varios actores) que las condiciones del FMI parten de “acuerdos previos” y medidas de estabilidad económica (tal cual la receta) como, la unificación del tipo de cambio (ya realizado), ajuste fiscal (en proceso), modificar el régimen de subvenciones (ya realizado para los carburantes, no sabemos si entra o no tema energético o gas natural), reforma tributaria (sin modificar); fortalecimiento del sector financiero, como la independencia del BCB y el saneamiento de bancos (sin noticias al respecto); así como trabajar rápidamente en medidas de productividad y competitividad (sin noticias al respecto).

Y todo esto ¿para qué?, para lograr una sola palabra mágica: «estabilidad» traducida en el corto plazo, en contar con dólares frescos en el mercado, fortalecer las reservas del BCB para disminuir la presión cambiaria, contar con dólares para la acabar temporalmente las filas por combustible. Lo malo es que, si en 4 años no se generan los impactos positivos previstos, habremos comprado estabilidad en el presente a cambio de deuda en el futuro.

Los siguientes pasos son, la aprobación del crédito por la asamblea legislativa, que tiene ciertas particularidades en el presente, por el contexto político acaecido con la salida del ala de Doria Medina, y las observaciones que tiene Tuto al respecto. Pasa también por que dicho crédito entre a consideración del directorio del FMI, y pueda ser aprobado tal cual está planificado. Pero definitivamente pasa por aplicar acciones y medidas en paralelo que puedan capitalizar este préstamo, pues podemos tener dinero, mas no desarrollo en el mediano plazo.

La moraleja es, «el gobierno tuvo 9 meses para nacer y ahora le quedan 4 años para crecer».",https://larazon.bo/voces/2026/08/03/9-meses-y-un-partero/
La Razón,2026-08-03,Voces,Empresas públicas: es hora de tomar decisiones,"La entrada en vigencia de la Ley de Modificaciones al Presupuesto General del Estado 2026 abre una oportunidad que Bolivia no puede desperdiciar, es hora de tomar decisiones. La norma ordena evaluar técnicamente, en un plazo de 30 días, a las empresas públicas del nivel central y recomendar, en cada caso, su continuidad, reorganización, disolución o liquidación. No dispone cierres automáticos, pero obliga al Estado a enfrentar una realidad que durante años fue postergada: determinar cuáles empresas son estratégicas y sostenibles, cuáles pueden recuperarse y cuáles ya no justifican seguir consumiendo recursos públicos.

Bolivia tiene actualmente 67 empresas públicas. Según el último informe oficial de la Oficina Técnica para el Fortalecimiento de la Empresa Pública (OFEP), el conjunto de estas entidades acumula pérdidas por Bs 12.742,8 millones. Dentro de ese universo, 15 empresas consideradas críticas concentran pérdidas por Bs 5.177,1 millones y han comprometido más de Bs 26.530 millones en créditos, aportes de capital y donaciones.

Este proceso de evaluación no puede ser un trámite ni otro informe destinado nuevamente a archivarse. En 30 días se debe hacer una clasificación rigurosa con la información que ya existe: cuánto se invirtió, cuánto producen, cuánto deben, qué transferencias reciben y qué resultados entregan. Es imperativo y responsable realizar todo lo necesario para tomar decisiones.

El principio debe ser claro: el Estado no debe competir con el sector privado en actividades que los ciudadanos y las empresas pueden desarrollar eficientemente y bajo su propio riesgo. Su función es garantizar seguridad jurídica, infraestructura, servicios esenciales y reglas iguales para invertir, producir y generar empleo; no usar recursos públicos para desplazar a quienes arriesgan su patrimonio y aportan al desarrollo del país.

Un gran número de empresas estatales fueron creadas durante las gestiones del MAS. La gran mayoría nacieron de decisiones políticas, sin estudios serios de factibilidad ni un modelo sostenible, solo con un fin ideológico. Cuando una empresa gasta más de lo que genera y necesita transferencias permanentes, deja de ser herramienta de desarrollo y es una carga y endeudamiento para todos los bolivianos.

Esto no significa que el Estado deba retirarse de toda actividad empresarial. Bolivia puede conservar empresas estratégicas vinculadas a recursos naturales, energía, infraestructura crítica o servicios, pero lo estratégico no puede ser excusa para tolerar burocracia, corrupción, duplicación de funciones o pérdidas indefinidas. Una empresa pública estratégica debe actuar con visión empresarial: directorios profesionales, gerentes elegidos por mérito, auditorías externas, metas verificables y estados financieros públicos. Si requiere una subvención por cumplir una función social, esta debe ser excepcional, transparente y cuantificada; nunca una cobertura automática de ineficiencias.

La evaluación debe conducir a decisiones concretas. Las estratégicas y sostenibles deben continuar bajo una gestión eficiente. Las recuperables deben reestructurarse, reduciendo gastos, cargos innecesarios y filiales duplicadas. Las viables, pero no estratégicas, deben transferirse, concesionarse o abrirse a inversión privada mediante procesos públicos y competitivos: la alternativa a la ineficiencia estatal no puede ser la adjudicación discrecional o dirigida. Y las que no sean estratégicas ni viables deben cerrarse definitivamente.

Mantener una empresa deficitaria solo para evitar una decisión difícil aumenta sus deudas y encarece su liquidación futura. Cerrar, transferir o concesionar no es una consigna ideológica, sino una decisión responsable cuando el Estado no tiene razones para operar una actividad o ha demostrado que no puede administrarla eficientemente.

Bolivia necesita un Estado fuerte, pero no un Estado empresario en todos los sectores. Fuerte para regular, fiscalizar, prestar servicios esenciales y generar condiciones de inversión; estratégico donde corresponda y responsable con cada recurso público. El informe que emita OFEP debe publicarse íntegramente y que el Consejo Superior Estratégico de la Empresa Pública fundamente cada decisión que tome sobre el tema. Los ciudadanos que sostienen estas empresas con sus impuestos  y tienen derecho a saber cuáles rinden y cuáles no. No se trata únicamente de malos resultados contables: son recursos de todos los bolivianos que podrían destinarse a salud, educación, seguridad o infraestructura.",https://larazon.bo/voces/2026/08/03/empresas-publicas-es-hora-de-tomar-decisiones/
La Razón,2026-08-03,Columnistas,Iteración,"Tradicionalmente pensamos la diferencia como una variación o desviación de algo que debería ser idéntico: por ejemplo, “A” es diferente de “B” en tanto “B” no es idéntico a “A”, lo cual presupone que “A” y “B” son cosas ya identificadas —es decir, primero la identidad, y luego la diferencia. Pero si observamos cómo funciona una palabra —un enunciado—, esa jerarquía se invierte: ninguna palabra o enunciado podría funcionar como tal si no pudiera repetirse más allá de su contexto de origen. Esa posibilidad de repetición no es un accidente que le ocurra a la palabra o al enunciado desde afuera, sino la condición misma que los hace posibles. Y si la palabra depende estructuralmente de poder repetirse en contextos siempre nuevos, entonces lo que llamamos su «identidad», es decir, su sentido reconocible y estable, no puede ser un punto de partida, sino más bien un efecto: algo que se sostiene, de manera siempre provisional, gracias a esa misma repetición que en principio debería garantizarla.

Para pensar esto con más precisión demos un paso más: la repetición, que intuitivamente asociamos a replicar la identidad, nunca es idéntica; no se trata, entonces, de repetición, sino de iteración. Jacques Derrida hace derivar la palabra «iteración» del latín iter, «de nuevo», pero la vincula además con el sánscrito itara, «otro». La palabra combina así la idea de repetir o volver a decir lo mismo,  con la de alteridad: nunca es exactamente lo mismo. Cada vez que una palabra o un enunciado se repite, se inserta en un contexto distinto, incluso desligado de la intención de quien lo produjo originalmente, produce un efecto distinto. Por ejemplo, si escuchamos una canción muchas veces, cada repetición no es idéntica a la anterior, tanto porque cambia nuestra relación con la canción como porque algo se acumula, algo se transforma y ese injerto es lo que la hace, cada vez, un poco distinta de sí misma. No hay repetición idéntica; toda repetición es también una diferenciación. La repetición, entonces, no reproduce la identidad: es productiva, es iteración.

¿A qué se enfrenta esta manera de pensar la repetición? Al supuesto de que existiría un uso original, pleno, controlado por la intención, del cual los usos citados o repetidos serían solo copias derivadas y menos legítimas. Derrida invierte este argumento: si un enunciado funciona, es precisamente porque es citable, iterable, reproducible en contextos distintos del original.

Si la identidad no es posible como punto de partida, porque todo signo, palabra o enunciado está siempre expuesto a la alteridad de su propia repetición, ¿por qué entonces seguimos hablando de identidades, aunque sea como efectos siempre provisionales? Podríamos decir que las identidades son la expresión de una práctica de cuidado desesperado por controlar que la alteridad de la iteración no sea abundante, sino reconocible, por lo menos durante un tiempo: toda institución, todo texto que pretende fijar un sentido, trabaja precisamente para contener esa apertura que su propia repetibilidad no deja de introducir. Pero el tiempo es también variación: ninguna clausura de sentido es definitiva, porque la siguiente repetición —la siguiente lectura, la siguiente cita— siempre puede desplazar aquello que parecía fijado.",https://larazon.bo/opinion/columnistas/2026/08/03/iteracion/
La Razón,2026-08-03,Columnistas,Identidad y representación.  Una lectura del mundial de futbol 2026,"Pasado el mundial de Futbol 2026, catalogada como la peor en su historia. Se desarrolló en medio de escándalos dirigenciales, manipulación política de Estados Unidos y sus allegados, corrupción y violencia en los partidos, experimentos de nuevas reglas arbitrarias, formas racismos, entre otros.

Pero este mundial aportó con aspectos socioculturales en torno a la identidad y la re-presentación de los jugadores de varios países del mundo. ¿Cómo es aún el tejido imaginario de los países desde lo futbolístico? Aún pervive la idea de que Europa es “blanco”, es decir personas de color “blanco”. La masiva inmigración africana y de otros países al continente europeo, han configurado otras características sociales, que hoy están en la representación de algunos futbolistas. Estas personas de color o “negros”, han originado a establecer un término común, creo en el sentido de la presencia social y a nivel futbolístico, como “tienen sus negritos”.

En este mundial se vio a las selecciones de Inglaterra, Francia, España, Bélgica, entre otros, con varios jugadores de ascendencia africana y le han dado una perspectiva particular, pues su presencia configura una serie de características futbolísticas especiales.

Pero la presencia negra ha generado nuevas actitudes o extendidas en la dinámica societal, ahora en una competencia mundial del futbol. Recuerdo una frase de un ecuatoriano, “nuestra selección parece africano”, en términos de números indudablemente hay más negros que de otros sectores sociales en la selección citada. Pero la presencia negra no es pláceme en ciertas circunstancias. Para el caso ecuatoriano, cuando perdió con México (0-2), le cayeron con todo a los negros, incluido el racismo. Antes de ese encuentro eran vanagloriados, pero al perder fueron calificados de inútiles e incluso se dijo “estos millonarios están más preocupados en teñirse el cabello que jugar bien”. Pero ¿los negros no tienen derecho a no jugar bien?, si no lo hacen son los peores. Pero ¿será esta misma actitud con jugadores blancos? El penal errado por Messi, fue vista como “cualquiera se equivoca”.

Lo que está claro, el jugador negro no tiene derecho de errar, de perder. Esta es la actitud racializada que tiene la sociedad. Fue sugestivo oír a los “periodistas deportivos”, cuando ingresaba en los segundos tiempos, Lukaku, jugador de Bélgica y decían “ingresó la bestia”. Los negros aún son percibidos como la fuerza bruta y necesario para triunfar, pero no para perder. Incluso la frase “los negros juegan bien”, es una forma de pensar que sólo sirven para algún deporte y no para otras actividades de la vida. Reducir lo negro al campo deportivo sigue siendo formas de la mentalidad colonial, plenamente vigentes. También llama la atención ¿qué selecciones no tienen futbolistas negros? Croacia y Argentina, por ejemplo. Creo optaron por formas de exclusión muy sutiles, pero siguen siendo actos racistas. ¿Cómo opera esa exclusión sutil?

En toda esta práctica álgida ¿cuál es la situación identitaria de los futbolistas, hijos de los inmigrantes? En términos jurídicos, son originarios porque nacieron en un determinado lugar; pero el ser negros les expone que todavía son “los otros” y depende mucho de cómo se comportan. Es decir, hay una especie de identidad ambivalente. Es decir, la identidad de la nacionalidad, siempre está expuesta, al buen comportamiento y al triunfo, sino son sólo inmigrantes y de los peores. Las declaraciones del expresidente de España Mariano Rajoy, sintetiza esta forma de exclusión, racismo y desprecio a los negros: “una plantilla de altísimo nivel, pero sin franceses”.

Otro tema interesante que se masificó en los días del futbol mundial, los orígenes humildes y pobres de las familias inmigrantes de los futbolistas de élite. ¿Es una construcción necesaria del márquetin futbolístico? Una mayoría de estos jugadores, que ahora son multimillonarios, declaran provenir de difíciles situaciones económicas, incluida su parentela ¿Será cierto lo que expresan en las entrevistas?  Es posible en algunas o tal vez ¿es una manera de justificar la riqueza obtenida o para que no le cuestionen su entorno social y sus seguidores?

Pocos futbolistas han asumido la tarea social de retribuir, en alguna medida, esa riqueza obtenida, que es invertida en ayuda a sus congéneres, pero la gran mayoría, goza sin escrúpulos de ese patrimonio, generando una forma de vida señorial, con autos, aviones y casas de lujo. Lo que queda claro, los otrora pobres, reproducen el capitalismo del derroche y sin conciencia social.

Algún fanático se preguntaba en las redes sociales, en este mundial ¿no hubo futbolistas indios? Gran tema para seguir escribiendo sobre el futbol y sus vínculos sociales, pero también su estrecha relación con la empresa privada más masificadora, corrupta y la menos cuestionada como es la FIFA. Sapa pusi marawa muntiyal mat’aqirinakxa anatt’apxi. Qhipa maranakanxa khaysa afrika uksa wirinakawa purt’apxi iwrupa markaru. Jupanakaruxa janikiw sum yaqapkiti.",https://larazon.bo/opinion/columnistas/2026/08/03/identidad-y-representacion-una-lectura-del-mundial-de-futbol-2026/
La Razón,2026-08-03,"Bolivar, Fútbol profesional boliviano, Marcas",Bolívar recibirá este martes 11 a Sao Paulo y le visitará el 18,"Bolívar jugará el martes 11 de agosto ante el brasileño Sao Paulo en el Hernando Siles, mientras que la vuelta será el 18 en el Morumbí, ambos a las 20.30.

Las fechas, horas y estadios de esta llave corresponde a los octavos de final de la Copa Sudamericana 2026, con final en Barranquilla.

Sin embargo, antes la Academia deberá encarar dos partidos del torneo boliviano. Este miércoles 5 recibirá a Oriente Petrolero desde las 20.00.

Mientras que por la fecha 14, el sábado 8 visitará a Aurora en el Félix Capriles desde las 19.30, para luego encarar su cita internacional.

(03/08/2026)",https://larazon.bo/marcas/2026/08/03/bolivar-recibira-este-martes-11-a-sao-paulo-y-lo-visitara-el-18/
La Razón,2026-08-03,"Fútbol profesional boliviano, Marcas",Morales impulsa la compra del club San Antonio,"El expresidente de Bolivia, Evo Morales Ayma, anunció su intención de adquirir el club San Antonio de Bulo Bulo con el objetivo de que el club pase a representar a todo el Trópico de Cochabamba, conformado por las provincias Chapare, Tiraque y Carrasco.

‎‎Durante un acto público, Morales explicó que el proyecto contempla cambiar el nombre, el escudo y la indumentaria del club para fortalecer su identidad regional.

‎‎El exmandatario aseguró que las conversaciones con la dirigencia, liderada por Luis Tardío, avanzan favorablemente y podrían concluir en las próximas semanas.

TAMBIÉN PUEDE LEER:

Restrepo lamenta no corresponder con triunfo el apoyo de su afición

‎‎Según Morales, el propietario y dirigente del club expresó su conformidad con la iniciativa; además, confirmó que ambas partes ya sostuvieron reuniones para avanzar en el proceso.

‎‎También indicó que el proyecto fue presentado a dirigentes y alcaldes del Trópico cochabambino. Afirmó que la propuesta no recibió observaciones relevantes hasta el momento.

‎‎San Antonio disputa su tercera temporada en la División Profesional, aunque actualmente el equipo ocupa el decimotercer lugar con 13 puntos en el campeonato.

‎‎Además, recalcó que el conjunto cochabambino iniciará su participación en la Copa de la División Profesional, cuto campeón obtendrá un cupo para la próxima edición de la Conmebol Libertadores .

‎‎Si la operación se concreta, será la segunda vez que Morales participe en la conducción de un club profesional, ya que en 2022 lideró el proceso mediante el cual Palmaflor pasó a las Seis Federaciones del Trópico de Cochabamba. En esa etapa también promovió cambios en la identidad institucional.

‎‎Sin embargo, ese proyecto no tuvo el resultado esperado, porque a finales de 2023, el club descendió de la División Profesional y luego desapareció por problemas administrativos.

‎‎Por otra parte, Morales confirmó una nueva edición de la Copa Evo que se desarrollará en septiembre, torneo internacional juvenil reúne cada año a clubes de distintos países.",https://larazon.bo/marcas/2026/08/03/morales-impulsa-la-compra-del-club-san-antonio/
La Razón,2026-08-03,"Fútbol profesional boliviano, Marcas, The Strongest",Gian Zago asume en The Strongest hasta la llegada de su padre,"‎Gian Zago llegó a La Paz durante la madrugada de este lunes para asumir de forma interina la dirección técnica de The Strongest; mientras su padre, Antônio Carlos, resolverá asuntos personales en Brasil y se incorporará el miércoles.

‎El asistente técnico confirmó que dirigirá al Tigre junto a Juan Carlos Paz García frente a Nacional Potosí por la fecha 13 de la División Profesional el miércoles 5 de agosto.

‎

‎La llegada de Gian Zago marca el inicio del nuevo ciclo del cuerpo técnico brasileño; ya que la dirigencia Gualdinegra concretó el regreso de Antônio Carlos Zago tras cerrar las negociaciones.

TAMBIÉN PUEDE LEER:

Morales impulsa la compra del club San Antonio

‎

‎El presidente Daniel Terrazas había explicado que el entrenador reunía el perfil buscado por el club y destacó su conocimiento del fútbol boliviano y su experiencia en la institución.

‎

‎También recordó que Antônio Carlos Zago fue campeón en Bolivia; además, señaló que su contratación se ajusta al plan de austeridad económica que atraviesa The Strongest.

‎En sus primeras declaraciones, Gian Zago aseguró que él y su padre regresan motivados por el vínculo que mantienen con el club, como también recordó el respaldo recibido durante su anterior etapa.

‎

‎El asistente técnico afirmó que sienten que vuelven para concluir el trabajo iniciado, agradeció la confianza de la dirigencia y destacó su identificación con la institución.

‎

‎Gian Zago dejó claro que el principal objetivo será luchar por el campeonato; además aeguró que el equipo trabajará con esa mentalidad durante el resto de la temporada.

‎

‎También afirmó que la clasificación a la Conmebol Libertadores de la próxima temporada forma parte de las metas del cuerpo técnico en insistió en competir por los primeros lugares.

‎

‎Sobre su regreso, explicó que influyeron la calidad del plantel, el momento deportivo del equipo y el cariño que sienten por la institución.

‎

‎Consideró que The Strongest cuenta con futbolistas capaces de pelear el campeonato; además, expresó su confianza en alcanzar los objetivos trazados.

‎

‎Respecto a la situación económica e institucional, Gian Zago evitó profundizar, y señaló que su atención está centrada exclusivamente en el aspecto deportivo.

‎

‎Reiteró que el cuerpo técnico confía plenamente en el plantel; también afirmó que el grupo tiene condiciones para pelear por el título.

‎

‎Finalmente, envió un mensaje de optimismo a la hinchada aurinegra. Invitó a los aficionados a ilusionarse con esta nueva etapa del equipo.

‎

‎»Que se ilusionen. Vamos a pelear por muchas cosas este año», expresó. Además, aseguró que el cuerpo técnico llega con mucha ambición de conquistar títulos.

‎

‎Antônio Carlos Zago, de 57 años, y su equipo, iniciarán su segundo ciclo en The Strongest; ya que en su primera etapa dirigieron al plantel entre enero y abril de 2025.

‎

‎Durante ese periodo disputaron seis partidos, con un saldo de una victoria, dos empates y tres derrotas al frente del conjunto Gualdinegro.

‎

‎Posteriormente dirigió a Botafogo de Paraíba en la Serie C de Brasil; donde permaneció un mes y consiguió una victoria en seis compromisos.",https://larazon.bo/marcas/2026/08/03/gian-zago-asume-en-the-strongest-hasta-la-llegada-de-su-padre/
La Razón,2026-08-03,Economía y Empresa,"En julio, ocupación hotelera en La Paz llegó a 32,5%; sector percibe reactivación gradual","Tras los 53 días de bloqueo, el sector hotelero de La Paz alcanzó en julio una ocupación del 32,5%, por lo que observa una reactivación gradual tras los conflictos sociales registrados entre mayo y junio de este año, informó este lunes el vicepresidente de la Cámara Departamental de Hotelería de La Pa z, Omar Chuquimia.

“En julio, el año pasado teníamos un 40% de ocupación hotelera y este año hemos llegado a un 32,5%”, informó Chuquimia en BTV.

Asimismo, recordó que, en agosto de 2025, el sector hotelero de La Paz registró una ocupación del 42%, por lo que se espera que en agosto de este año ese nivel porcentual se mantenga o incremente por el feriado largo. En esta gestión, el jueves 6 y viernes 7 de agosto se suspenden las actividades públicas y privadas por determinación del Gobierno para incentivar el turismo en el país.

Lea más: Sector turístico prevé repunte de la actividad en las fiestas patrias

El sector “poco a poco se está reactivando”, afirmó.

En ese contexto, Chuquimia informó que, para el largo feriado, cada preparó una promoción con la finalidad de atraer visitantes y señaló que los destinos que esperan registrar un importante movimiento económico son Coroico, Caranavi, Copacabana, entre otro de La Paz y del resto del país.

Destacó, además, la fiesta del Gran Poder, que se realizó el fin de semana, pues promovió el desarrollo de la ciudad de La Paz. “Es temporada alta, pero tras los conflictos de a poco mejora la afluencia de turistas. El Gran Poder tiene un gran impacto en el turismo interno, se ha movido”, explicó y dijo que varios hoteles del centro paceño tuvieron mucho movimiento.

Demandó también a las autoridades trabajar para más promoción de la riqueza turística del país y evitar más conflictos sociales que ahuyentan a los visitantes.",https://larazon.bo/economia-y-empresa/2026/08/03/en-julio-ocupacion-hotelera-en-la-paz-llego-a-325-sector-percibe-reactivacion-gradual/
La Razón,2026-08-03,Nacional,Comandante de la Policía dice que aprehender a Evo Morales no es ‘prioridad’,"El comandante de la Policía Boliviana , Mirko Sokol, afirmó que la aprehensión de Evo Morales no es “prioridad” de su gestión y observó que los casos en contra del expresidente requieren tener más “solidez”.

“No es una prioridad dentro del cargo del comandante general. Hay más de 18.000 órdenes de aprehensión que no se han ejecutado. Tenemos muchos casos, para mí no es el caso más importante”, dijo Sokol en entrevista con el periodista José Pomacusi.

Asimismo, observó que el caso de trata y tráfico del que acusan a Morales, no esté bien sustentado. “Desde mi punto de vista no es el caso más importante, porque el proceso que tiene es por trata y tráfico, estupro, creo que no va bien el tema de las pruebas”, complementó.

Morales es investigado en el país por trata y tráfico de personas con agravante por haber mantenido una relación y haber embarazado a una joven menor de edad años atrás. Tiene una orden de aprehensión emitida hace meses y que aún no se ejecuta.

En ese contexto, explicó que la Policía debe ejecutar un análisis profundo para detener a Morales, pues existe información de que en el Chapare hay gente armada y un operativo tendría daños colaterales.

Lea más: Ahora, Evo niega haber pedido la renuncia de Paz durante los bloqueos

“Se lo puede detener, pero requiere análisis profundo. La información que se tiene que no está solo, hay información que hay gente armada, de otros países, tiene que validarse esa información. Porque estamos hablando de un operativo de aprehensión con la posibilidad de que existe intercambio de fuego, bajas y no es lo que queremos. Queremos que se cumpla la ley pero que no haya daños colaterales”, remarcó.

Respecto a la segunda orden de aprehensión que pesa sobre Morales por la investigación de los 53 días de bloqueo, Sokol dijo que se requiere una investigación y pruebas más “sólidas”.

“Imagínese un operativo de aprehensión, que lo lleva a un juzgado y lo liberen, no valdría la pena. Se necesita más solidez en el sistema de justicia”, explicó.

Morales es investigado por los delitos de alzamientos armados contra la seguridad y soberanía del Estado, terrorismo, atentado contra la seguridad de los medios de transporte, asociación delictuosa, instigación pública a delinquir y atentado contra la seguridad de los servicios públicos.

Sokol dijo que la Policía Boliviana no cuenta con el respaldo de la ley para ejecutar algunos operativos o para el uso de la fuerza. En ese contexto, anunció que presentaron un proyecto de ley.

“Nuestra normativa es frágil, nuestros servidores policiales se arriesgan a procesos en caso de que haya muertos. Estamos muy expuestos, precisamente estamos presentando ley de uso de la fuerza para tener el respaldo de la ley como en otros países”, complementó.",https://larazon.bo/nacional/2026/08/03/comandante-de-la-policia-dice-que-aprehender-a-evo-morales-no-es-prioridad/
La Razón,2026-08-03,Nacional,Diputado Pacheco fiscaliza controles de calidad del combustible en Chile,"El diputado de Alianza Popular Rolando Pacheco informó este lunes que realizó una inspección a la Terminal Marítima Sica Sica de Yacimientos Petrolíferos Fiscales Bolivianos (YPFB) Transporte S.A., en Arica, Chile, para verificar los controles de calidad que se aplican al combustible importado antes de su ingreso a Bolivia.

El legislador explicó que la visita tuvo el propósito de conocer cómo se ejecutan las pruebas al combustible y qué procedimientos respaldan su calidad antes del despacho hacia territorio boliviano.

Pacheco indicó que durante la fiscalización consultó a técnicos de YPFB si el combustible importado pasa por análisis de laboratorio, qué empresa realiza esas pruebas y dónde se encuentran los certificados que acreditan esos controles.

Sin embargo, afirmó que no obtuvo una respuesta clara a esas interrogantes.

Lea también: El Niño llega con toda su fuerza y se quedará hasta enero

«Los bolivianos merecen transparencia, respuestas claras y una gestión responsable sobre el abastecimiento de combustible», dijo el diputado.

De ese modo, anunció que solicitará explicaciones a los funcionarios competentes sobre los mecanismos de control de calidad del combustible importado y las causas de la escasez que continúa en el país.

Pues, en los últimos meses, la ciudadanía cuestionó al Gobierno la escasez de combustibles, particularmente de diésel. Aunque, la administración de Rodrigo Paz alegó que los carburantes ingresan en las cantidades que la población requiere.",https://larazon.bo/nacional/2026/08/03/diputado-pacheco-fiscaliza-controles-de-calidad-del-combustible-en-chile/
La Razón,2026-08-03,Mundo,Milei vuelve a acusar a Lula de ladrón y lo llama ‘corrupto’,"El presidente argentino, Javier Milei, calificó nuevamente a su homólogo brasileño, Luiz Inácio Lula da Silva, de «ladrón» y lo tildó también de «corrupto», días después de que una declaración similar desencadenara una crisis diplomática entre ambos países.

«Es un ladrón, es un corrupto, fue condenado por ladrón y corrupto, estuvo preso, por lo cual también es cierto lo de presidiario», expresó Milei sobre Lula durante una entrevista con la señal LN+.

«No sólo eso: lo liberaron por una falla del procedimiento, no por ser inocente. Por lo tanto es ladrón y es un corrupto», añadió, tras ser consultado sobre sus declaraciones de la semana pasada en São Paulo, que desataron un episodio de tensión entre ambos países.

Durante su discurso en la convención del Partido Liberal (PL) de Brasil en apoyo a la candidatura presidencial de Flávio Bolsonaro, el mandatario argentino calificó el pasado sábado a Da Silva de «ladrón», entre otros agravios que llevaron al dirigente brasileño a llamar a consultas a su embajador en Buenos Aires y convocar al embajador argentino en Brasilia.

Consultado por aquellas declaraciones, Milei insistió en que dijo la verdad y, preguntado por la agresividad de sus palabras, respondió: «Es mucho más leve decirle ladrón al ladrón que el propio acto de robar».

Lula pasó 580 días en prisión, entre 2018 y 2019, por causas relacionadas con la Operación Lava Jato, que más tarde fueron anuladas por el Supremo debido a irregularidades procesales y tras declarar parcial al juez que lo procesó.

Las declaraciones de Milei de este domingo se dieron poco después del lanzamiento de la candidatura del actual mandatario brasileño para los comicios presidenciales que se celebrarán en ese país en octubre, en los que Flávio Bolsonaro se perfila como su máximo rival.

Durante la entrevista, Milei se refirió a la posibilidad de «cambiarle el signo» político a Brasil, y subrayó que, desde su desembarco en la política argentina, buena parte de los gobiernos de la región han girado hacia la derecha: «Cuando yo arranqué esta carrera en el 2021, había un solo país azul y todo era rojo. Hoy es mayoritariamente azul y lo que pasa es que no se ve en el mapa porque Brasil está rojo».

Tras la crisis diplomática desatada por las palabras del presidente argentino en Brasil, su canciller, Pablo Quirno, intentó minimizar el episodio y afirmó que debe entenderse como parte de las diferencias políticas e ideológicas entre ambos gobiernos.

«No hay ninguna chance de que de nuestro lado se rompa la relación. Nosotros no lo llevamos al plano institucional», añadió Quirno.",https://larazon.bo/mundo/2026/08/03/milei-vuelve-a-acusar-a-lula-de-ladron-y-lo-llama-corrupto/
La Razón,2026-08-03,Economía y Empresa,Uso de billetera móvil se dispara 110% y desplaza a cheques y tarjetas,"El uso de la billetera móvil alcanzó Bs 58.181 millones entre enero y junio de 2026, lo que representa un crecimiento del 110% respecto al mismo periodo de 2025, cuando se registraron Bs 27.675 millones, según reporte del Banco Central de Bolivia ( BCB ).

Lo cierto es que la billetar móvil continúa ganando terreno en el sistema de pagos boliviano. Durante el primer semestre de 2026, el valor de las transacciones realizadas a través de este canal más que se duplicó, mientras que las operaciones con tarjetas electrónicas y cheques registraron una caída, reflejando un cambio en las preferencias de los usuarios hacia medios de pago digitales.

Los datos emergen del Boletín Mensual del Sistema de Pagos Nacional y Liquidación de Valores-Junio 2026 del ente emisor.

Este incremento evidencia una mayor adopción de pagos digitales por parte de hogares, comercios y empresas.

En contraste, las tarjetas electrónicas mostraron una leve contracción. El valor de las operaciones descendió 4%, al pasar de Bs 5.955 millones en el primer semestre de 2025 a Bs 5.733 millones en igual periodo de este año.

Lea: Gobierno prevé recibir hasta $us 1.200 millones para reforzar las RIN

La tendencia también se observa en el uso de cheques, cuyo valor negociado cayó 11%, desde Bs 99.860 millones hasta Bs 89.141 millones, confirmando la pérdida de protagonismo de este instrumento tradicional frente a alternativas de pago más ágiles y digitales.

Los datos reflejan la acelerada transformación de los hábitos financieros en Bolivia. La expansión de la billetera móvil responde a factores como la mayor penetración de teléfonos inteligentes, la facilidad para realizar pagos y transferencias en tiempo real y la creciente digitalización de los servicios financieros.

Si bien los cheques continúan movilizando el mayor volumen de recursos en términos absolutos, la fuerte expansión de la billetera móvil muestra que el sistema de pagos avanza hacia una mayor digitalización, impulsando transacciones más rápidas, accesibles y de menor costo para usuarios y comercios.",https://larazon.bo/economia-y-empresa/2026/08/03/uso-de-billetera-movil-se-dispara-110-y-desplaza-a-cheques-y-tarjeta/
La Razón,2026-08-03,Nacional,Gobernador Loza confirma asistencia a reunión con Gobierno y alista propuesta,"El gobernador de Cochabamba , Leonardo Loza, confirmó su presencia en la reunión de autoridades departamentales con el Gobierno el próximo miércoles 5 de agosto en la ciudad de Sucre y anunció que llevará una propuesta sobre el 50/50.

“Nosotros estamos llevando una propuesta como iniciativa desde la Gobernación, vamos a plantearle al Gobierno terminar con las delegaciones económicas, terminar de usar a las gobernaciones del país como si fuéramos sus cajeros, no somos boleteros ni cajeros, así que vamos a plantearle terminar con este tema de pagar de bono de vacunación, señaló Loza.

Sin embargo, el pago de bonos de vacunación y de prediarios ya se analiza en la Asamblea Legislativa mediante un proyecto de ley.

Lea más: Gobierno y regiones abren semana decisiva para definir el 50/50

“Después vamos a plantearle crear como un nuevo fondo, en base a los impuestos que percibe el Estado central, como nuevo fondo para los departamentos, en base a diferentes índices sociales, económicos, productivos, por supuesto, pobreza, así que esperemos que ese tipo de propuestas se comprendan”, remarcó.

Asimismo, Loza aseguró que presentará una propuesta concreta para la aplicación del 50/50 que será el eje central del encuentro en Sucre.

En criterio del gobernador cochabambino, la distribución económica en el país no puede condicionarse a las nuevas leyes “para enajenar nuestros recursos naturales”.

El miércoles en Sucre se reunirán los nueve gobernadores del país con autoridades de Gobierno.",https://larazon.bo/nacional/2026/08/03/gobernador-loza-confirma-asistencia-a-reunion-con-gobierno-y-alista-propuesta/
La Razón,2026-08-03,Economía y Empresa,Minería: Gobierno plantea reformas sobre el mercurio y minería ilegal,"La lucha contra la minería ilegal, la simplificación de los trámites para obtener derechos mineros y licencias ambientales, además del fortalecimiento de los controles sobre el uso de mercurio y la comercialización de minerales, forman parte de la estrategia de reformas que impulsa el Ministerio de Minería para reorganizar el sector.

Según una publicación de la Agencia De Noticias Ambientales, el ministro de Minería y Metalurgia , Marco Antonio Calderón de la Barca, señaló que uno de los principales objetivos es agilizar la otorgación de los Contratos Administrativos Mineros (CAM), considerados un requisito indispensable para brindar seguridad jurídica a las operaciones mineras.

Para ello, el Gobierno eliminó 11 resoluciones ministeriales que incorporaban requisitos adicionales a los establecidos en la Ley 535 e impulsa la digitalización de los trámites administrados por la Autoridad Jurisdiccional Administrativa Minera (AJAM), con la finalidad de reducir tiempos y facilitar la formalización de nuevos proyectos.

Lea: Minería insiste en que el diálogo para construir nuevo Código Minero sigue su curso

La autoridad explicó que la simplificación administrativa busca acelerar la aprobación de contratos sin modificar las exigencias legales, entre ellas la consulta previa y la posterior aprobación legislativa.

En materia ambiental, reconoció que persisten operaciones que funcionan sin licencia ambiental, por lo que el Ministerio plantea fortalecer los mecanismos de fiscalización y estandarizar los requisitos entre las instituciones encargadas de emitir estas autorizaciones.

Respecto a la trazabilidad de los minerales, Calderón indicó que el reciente decomiso de 189 kilogramos de oro con documentación falsificada en el aeropuerto de Viru Viru evidenció que los mecanismos de control para exportaciones funcionan; sin embargo, admitió que existen debilidades en el comercio interno.

Según explicó, el principal problema radica en que minerales de origen ilegal pueden mezclarse con producción legal en las comercializadoras, dificultando su identificación. Por ello, el Ministerio considera prioritario fortalecer la supervisión sobre estos intermediarios, considerados un punto crítico dentro de la cadena comercial.

Otro de los ejes de la política minera apunta a reducir el uso de mercurio en la minería aurífera, en cumplimiento del Convenio de Minamata.

El ministro señaló que Bolivia busca incorporar tecnologías utilizadas en países como Colombia y Ecuador, basadas en métodos gravimétricos que permiten recuperar oro sin emplear mercurio, especialmente en operaciones donde técnicamente sea viable.

Asimismo, reconoció la necesidad de reforzar la verificación en las explotaciones auríferas para detectar el uso ilegal de este insumo y coordinar acciones con la Aduana Nacional para combatir su ingreso por contrabando.

Calderón también advirtió que combatir la minería ilegal requiere mayores recursos tecnológicos y operativos.

El Ministerio plantea incorporar monitoreo satelital para detectar actividades ilegales de manera temprana; sin embargo, alertó que muchos de estos asentamientos presentan elevados niveles de riesgo por la presencia de personas armadas, lo que obliga a coordinar intervenciones con la Policía Boliviana y, cuando corresponda, con las Fuerzas Armadas.

Finalmente, sostuvo que el cumplimiento de compromisos internacionales, como el Convenio de Minamata, el Acuerdo de Escazú y la Decisión 774 de la Comunidad Andina, pasa por fortalecer la capacitación del sector, promover tecnologías limpias y mejorar la coordinación institucional para combatir la minería ilegal y avanzar hacia una actividad más formal, sostenible y competitiva.",https://larazon.bo/economia-y-empresa/2026/08/03/mineria-gobierno-plantea-reformas-sobre-el-mercurio-y-mineria-ilegal/
La Razón,2026-08-03,Nacional,‘Hay un ataque del delito al Alto Mando de la Policía’: Sokol afirma que buscan derrocarlo,"El comandante general de la Policía Boliviana, Mirko Sokol, afirmó que existe un ataque contra el Alto Mando de la institución y aseguró que el objetivo es desplazar a la actual dirección policial para favorecer intereses vinculados al delito.

En una entrevista en el pódcast del periodista Pepe Pomacusi, Sokol aseguró que las críticas y acciones en su contra trascienden su persona y apuntan a la política institucional que promueve la actual cúpula policial.

“Más allá de un ataque al comandante de la Policía, hay un ataque a la política que hemos estado entablando como Alto Mando”, afirmó.

Consultado sobre si detrás de esas acciones existe la participación de organizaciones delictivas, respondió de manera afirmativa y señaló que los cambios implementados dentro de la institución afectaron diversos intereses.

“Sí, yo creo que hemos afectado muchos intereses al cambiar la estructura”, dijo.

Lea también: En julio, ocupación hotelera en La Paz llegó a 32,5%; sector percibe reactivación gradual

Ante la consulta sobre si las mafias se encuentran detrás de esos hechos, Sokol respondió: “Exacto, las mafias ligadas al narcoterrorismo”. Agregó que esos grupos buscan que el cargo sea ocupado por “una persona funcional a sus intereses”.

El comandante también admitió que considera posible un atentado en su contra. “Sí, yo creo que sí”, respondió al ser consultado sobre la posibilidad de que intenten matarlo. No obstante, aseguró que cuenta con medidas de seguridad y que no actúa con temor.

“Tomamos medidas en temas de seguridad con el cuerpo de seguridad, pero no tenemos miedo”, señaló.

El periodista planteó la hipótesis de que tanto organizaciones delictivas como actores políticos podrían tener interés en apartarlo del cargo. Al respecto, Sokol afirmó que no descarta ninguna posibilidad.

“No descartamos nada. Yo creo que la gente se da cuenta y entiende de dónde vienen los ataques y sabe cuáles son los objetivos de los ataques”, indicó.",https://larazon.bo/nacional/2026/08/03/hay-un-ataque-del-delito-al-alto-mando-de-la-policia-sokol-afirma-que-buscan-derrocarlo/
La Razón,2026-08-03,Economía y Empresa,Reglamentan la importación y comercialización privada de diésel y gasolina,"La reglamentación para la importación y comercialización de diésel y gasolina ya está en vigencia. La Cámara Nacional de Comercio ( CNC ) informó que las empresas interesadas tendrán que tramitar la autorización mediante la Ventanilla Única de Comercio Exterior (VUCE).

La CNC comunicó a sus afiliados que el Ministerio de Hidrocarburos y Energías aprobó, mediante la Resolución Ministerial N° 128/2026, el Reglamento para la Autorización de Importación de Carburantes y No Carburantes destinados a la comercialización o al consumo propio.

De manera complementaria, la ANH puso en vigencia la Resolución Administrativa RAN-ANH-DJ-UGJN N° 0033/2026, que establece el procedimiento específico para la importación y comercialización de diésel y gasolina.

Consulte : Entra en vigencia el nuevo formulario para autorizar importación de combustibles

La nueva normativa establece que las personas naturales o jurídicas, públicas o privadas, deberán presentar su solicitud de autorización a través de la Ventanilla Única de Comercio Exterior (VUCE), bajo la modalidad de declaración jurada.

El trámite deberá incluir documentación legal y técnica, entre ella el acuerdo suscrito con YPFB cuando corresponda, la póliza de seguro de responsabilidad civil, certificados de calidad del combustible emitidos por el proveedor, la clasificación arancelaria NANDINA y datos sobre el origen del producto, volúmenes estimados de importación, rutas de ingreso, modalidad de transporte e infraestructura de almacenamiento y distribución.

La ANH verificará el cumplimiento de todos los requisitos antes de emitir la autorización.

Si la documentación presenta observaciones, el solicitante deberá corregirlas dentro del plazo previsto. De no hacerlo, la solicitud será rechazada y el procedimiento deberá iniciarse nuevamente.

La regulación dispone que el ente regulador tendrá hasta diez días hábiles para emitir la autorización, una vez presentada toda la documentación requerida.

El permiso podrá tener una vigencia de hasta dos años y especificará los productos autorizados, los volúmenes permitidos, el origen del combustible, las rutas de internación, las partidas arancelarias y el tipo de transporte habilitado.

En el caso de empresas que importen combustibles para consumo propio, la normativa establece que los productos solo podrán destinarse al uso autorizado y no podrán ser comercializados.

Asimismo, los operadores autorizados deberán reportar periódicamente a la ANH los volúmenes importados, comercializados o consumidos, además de presentar la documentación que certifique la calidad del producto.

La Cámara Nacional de Comercio también informó que la Aduana Nacional actualizó, desde el 27 de julio, el formulario de solicitud disponible en la plataforma de la VUCE..

Con esta actualización, las empresas interesadas deberán gestionar sus autorizaciones utilizando el nuevo formulario habilitado en la VUCE con las credenciales otorgadas por la Agetic.

La reglamentación representa un nuevo paso en la apertura de la importación privada de combustibles, una medida con la que el Gobierno busca ampliar la oferta de diésel y gasolina para atender la demanda del sector productivo y reducir los problemas de abastecimiento registrados en los últimos meses.",https://larazon.bo/economia-y-empresa/2026/08/03/reglamentan-la-importacion-y-comercializacion-privada-de-diesel-y-gasolina/
La Razón,2026-08-03,Nacional,Gobierno vuelve a prometer la captura de Evo y dice que es tarea ‘prioritaria’ tras declaraciones de Sokol,"El Gobierno volvió a asegurar este lunes que ejecutará la aprehensión del expresidente Evo Morales, luego de que el comandante general de la Policía Boliviana, Mirko Sokol, afirmara que ese operativo no constituye una prioridad de su gestión.

«El Gobierno ha definido como tarea prioritaria, escúchenme, prioritaria, detener a Evo Morales», dijo el ministro de Gobierno, Marco Antonio Oviedo, en contacto con los medios de comunicación.

Sokol, en una entrevista con el periodista José Pomacusi, señaló que la captura de Morales no representa el caso más importante para la Policía Boliviana. El jefe policial sostuvo que existen más de 18.000 órdenes de aprehensión pendientes de ejecución y consideró que el proceso por trata y tráfico de personas contra el exmandatario requiere mayor solidez en las pruebas.

Lea también: Comandante de la Policía dice que aprehender a Evo Morales no es ‘prioridad’

Morales enfrenta una investigación por trata y tráfico de personas con agravante y tiene una orden de aprehensión vigente desde hace varios meses, la cual aún no fue ejecutada.

Desde la emisión del mandamiento judicial, distintas autoridades del Gobierno anunciaron en reiteradas oportunidades que la captura del exmandatario se concretaría.

El propio ministro Oviedo afirmó en febrero que consideraría un fracaso de su gestión no ejecutar la orden de aprehensión y, desde entonces, reiteró en varias ocasiones que el operativo se realizaría. Sin embargo, hasta la fecha, la disposición judicial continúa pendiente de cumplimiento.",https://larazon.bo/nacional/2026/08/03/gobierno-vuelve-a-prometer-la-captura-de-evo-y-dice-que-es-tarea-prioritaria-tras-declaraciones-de-sokol/
La Razón,2026-08-03,Nacional,Manfred insta al Gobierno a ‘ponerse las pilas’ para afrontar la ola de violencia,"El alcalde de Cochabamba, Manfred Reyes Villa, instó este lunes al Gobierno de Rodrigo Paz a impulsar acciones concretas y rápidas para enfrentar la ola de violencia en el país.

“Yo creo que, hoy más que nunca, el Gobierno tiene que ponerse las pilas para poner orden en Bolivia y evitar esta situación que malogra la imagen nuestro país”, dijo en contacto con los medios de comunicación.

El país atraviesa por una ola que sacude a las fuerzas del orden y el propio Gobierno.

Con los dos asesinatos ocurridos el domingo subió a nueve la cifra de víctimas en ataques armados en menos de una semana. Cinco asesinatos se dieron en los municipios de San Ignacio de Velasco y San Matías; otros cuatro ocurrieron en Yapacaní y Santa Cruz de la Sierra.

Lea también: Comandante de la Policía dice que aprehender a Evo Morales no es ‘prioridad’

Para ello, se trasladó un contingente de 200 policías hasta Santa Cruz para reforzar la vigilancia en poblaciones fronterizas donde se registraron la mayoría de los crímenes.

La Policía reveló que la ola de violencia en la frontera se debe a la disputa entre el PCC y el Comando Vermelho por el control de una ruta de droga que atraviesa Bolivia hacia el exterior.

“Hay dos grupos, el PCC y el Comando Vermelho que hoy día están peleando un corredor por el cual los narcotraficantes sacan droga hacia el exterior. Esto no va a quedar así”, dijo el ministro de Gobierno, Marco Antonio Oviedo.",https://larazon.bo/nacional/2026/08/03/manfred-insta-al-gobierno-a-ponerse-las-pilas-para-afrontar-la-ola-de-violencia/
La Razón,2026-08-03,La Revista,El Festival Internacional de Teatro de La Paz tiene todo listo para su lanzamiento oficial,"El Festival Internacional de Teatro de La Paz (FITAZ) 2026 tiene todo listo para su lanzamiento oficial, que se realizará el martes 11 de agosto a las 10.00 en el Palacio Chico.

Durante este evento, la organización presentará la programación completa de la decimoquinta edición del festival, que se extenderá del 30 de agosto al 7 de septiembre en los principales teatros de La Paz.

Asimismo, se adelantarán los nombres de las y los artistas y grupos nacionales e internacionales que participarán de las actividades.

Asimismo, se otorgarán los detalles del FITAZ en sus tres categorías.

FITAZ Wawas para el público infantil y familiar, el FITAZ Expandido que llevará a cabo distintos talleres, conversatorios y presentaciones de libros. Además de la novedosa extensión FITAZ Continúa que llevará la magia del teatro a los municipios de Coroico, Viacha y Copacabana.

La edición de este año de la FITAZ será un homenaje a Maritza Wilde, actriz, directora, dramaturga y gestora cultural fundadora del festival en 1999. Wilde falleció en agosto de 2025.

“La fecha de inauguración coincide con el aniversario de su partida, y la clausura, casi como una coincidencia, será el día de su cumpleaños”, señaló la organización.

Los organizadores señalaron que también se darán a conocer los detalles del reconocimiento póstumo que recibirá Maritza Wilde con la entrega del Premio Kusillo en la ceremonia inaugural del 30 de agosto.

El Festival Internacional de Teatro de La Paz – FITAZ es uno de los encuentros escénicos más importantes de Bolivia y un referente en el teatro latinoamericano.

Desde su creación, ha reunido a artistas, compañías y públicos, en un espacio de intercambio y celebración de las artes escénicas. Consolidando al teatro como una herramienta de encuentro, diálogo y transformación social.",https://larazon.bo/la-revista/2026/08/03/el-festival-internacional-de-teatro-de-la-paz-tiene-todo-listo-para-su-lanzamiento-oficial/
La Razón,2026-08-03,"Internacional, Marcas, Noticias",Fernando Nava viaja a Portugal para cerrar su fichaje por el CD Nacional,"El extremo boliviano Fernando Nava obtuvo la visa para ingresar a Europa y viajó a Portugal para concretar su incorporación al Clube Desportivo Nacional, equipo que competirá en la temporada 2026/27 de la Primeira Liga.

La llegada del futbolista se retrasó debido a trámites administrativos, pero una vez resueltos, emprendió viaje hacia la isla de Madeira, donde se someterá a los exámenes médicos de rigor. Si supera la revisión, firmará su contrato y será presentado oficialmente en los próximos días.

Nava llega procedente de Always Ready, club con el que disputó 15 partidos oficiales en la presente temporada, entre la Liga de la División Profesional y la Conmebol Libertadores, y marcó cinco goles. Su rendimiento también le permitió consolidarse como una convocatoria habitual de la selección boliviana dirigida por Óscar Villegas, con la que integró el plantel que disputó el Repechaje Intercontinental en marzo.

TAMBIÉN PUEDE LEER:

Gian Zago asume en The Strongest hasta la llegada de su padre

El atacante vivirá su primera experiencia en el fútbol europeo, respaldado por su proceso de formación en Brasil. Allí pasó por las divisiones Sub-20 de Santos FC y Athletico Paranaense antes de consolidarse en la División Profesional de Bolivia.

El histórico club de Madeira busca reforzar su ataque con la velocidad, el desequilibrio y la capacidad de desborde del futbolista boliviano.

Nava se perfila como una alternativa importante para el entrenador João Gião, cuyo principal objetivo será asegurar la permanencia y pelear por posiciones más altas en la Primeira Liga.

El debut oficial del CD Nacional en la Primeira Liga 2026/27 está programado para el lunes 10 de agosto, cuando visite al CD Santa Clara .",https://larazon.bo/lr-article/2026/08/03/fernando-nava-viaja-a-portugal-para-cerrar-su-fichaje-por-el-cd-nacional/
La Razón,2026-08-03,Sociedad,La Paz bajo alerta municipal debido a la alta radiación solar,"El Gobierno Municipal de La Paz emitió una alerta por radiación solar muy alta prevista para este lunes y martes.

Según los datos de la Dirección de Prevención de Riesgos y Resiliencia Urbana , el índice de radiación ultravioleta (UV) alcanzará un valor de 11, cifra que es considerada de muy alto riesgo.

El fenómeno se registrará desde las 11.00 hasta las 14.00, aproximadamente, por lo que desde la Dirección de Riesgos recomiendan reducir la exposición directa al sol y evitar actividades prolongadas al aire libre.

Los valores del índice ultravioleta se agrupan en cinco categorías principales: bajo (0-2), lo que significa un riesgo mínimo y no se necesita protección especial. Moderado (3-5), el riesgo de daño es moderado y se sugiere usar gafas de sol y protector solar.

El nivel alto (6-7), cuando se registra este es vital usar gorro, gafas de sol, ropa protectora y crema con factor solar. El rango muy alto (8-10) conlleva un riesgo muy alto de daño rápido en la piel. Se aconseja evitar estar al sol en las horas centrales del día. El nivel extremadamente alto (11+) significa un riesgo muy alto de daño rápido en la piel. Se sugiere evitar estar al sol en las horas centrales del día.

Lea también: El Niño llega con toda su fuerza y se quedará hasta enero

Para quienes realicen sus labores bajo la exposición del sol se exhorta a utilizar bloqueador solar, sombrero de ala ancha, gafas con protección UV y ropa que cubra la mayor parte de la piel para disminuir los efectos de la radiación.",https://larazon.bo/sociedad/2026/08/03/la-paz-bajo-alerta-municipal-debido-a-la-alta-radiacion-solar/
La Razón,2026-08-03,Economía y Empresa,Estudio de Cainco revela que rebaja de arancel beneficia de forma desigual a importadoras,"Un análisis del Centro Boliviano de Economía ( Cebec ) de Cainco concluye que la reducción de cinco puntos al Gravamen Arancelario (GA), dispuesta mediante el Decreto Supremo 5646, alivia el impacto del nuevo tipo de cambio, pero no genera el mismo efecto para todas las empresas importadoras.

El beneficio dependerá de la partida arancelaria de cada producto y del peso que tiene el costo del transporte en la operación, agrega el Cebec.

El estudio señala que la transición hacia un régimen cambiario más flexible elevó el costo de las importaciones al incrementar el valor en bolivianos sobre el cual se calcula el Gravamen Arancelario. Como respuesta, el Gobierno redujo temporalmente en cinco puntos porcentuales todas las alícuotas del GA hasta diciembre de 2027 y modificó la forma de calcular la base imponible, incorporando solo el 10% del costo del flete.

Sin embargo, el Cebec aclara que esta última medida no implica una reducción del costo logístico. Las empresas continúan pagando el flete completo; el cambio únicamente afecta el cálculo del tributo aduanero.

«Lo que cambió es únicamente la base sobre la que la aduana calcula el gravamen. Es un beneficio aduanero, no una rebaja logística. Y el seguro, además, se sigue computando al 100%», señala el informe del estudio.

Revise: Caneb identifica oportunidades para exportaciones bolivianas con aranceles de EEUU

De acuerdo con el análisis, el impacto de la medida depende de la combinación de tres factores: la alícuota arancelaria original del producto, el incremento del tipo de cambio y la participación del flete dentro de la base imponible.

El estudio concluye que las importaciones gravadas con aranceles de 10% y 5% siempre registrarán una disminución en el Gravamen Arancelario. En cambio, para mercancías con alícuotas de 15%, 20%, 30% o 40%, el resultado dependerá del peso que tenga el transporte dentro del costo de la operación.

Por ello, dos empresas pueden acogerse al mismo decreto y obtener resultados completamente distintos.

Como ejemplo, el Cebec plantea una importación en la que el flete representa el 10% de la base imponible.

En ese escenario, una mercancía que originalmente pagaba un arancel del 40% termina registrando un Gravamen Arancelario 25,8% mayor que antes del cambio cambiario.

En contraste, un producto con arancel del 15% reduce el gravamen 4,1% , mientras que otro gravado con una alícuota del 10% logra una disminución del 28,1% .

El estudio precisa que, pese a estas diferencias, la rebaja arancelaria sí evita que el impacto sea mayor. Sin las medidas adoptadas, el Gravamen Arancelario habría aumentado entre 20,4% y 54,5% adicionales, dependiendo del tipo de mercancía.

El análisis también advierte que los efectos no se limitan al pago de tributos.

En el corto plazo mejora el flujo de caja de las empresas, ya que disminuye el desembolso inicial por concepto de Gravamen Arancelario e IVA de importación. No obstante, el verdadero impacto sobre la rentabilidad solo se refleja cuando la mercancía se vende o se incorpora al proceso productivo.

El CEBEC sostiene que el principal desafío continúa siendo la evolución del tipo de cambio.

Mientras la reducción del Gravamen Arancelario es fija y estará vigente hasta finales de 2027, una nueva depreciación del boliviano volvería a encarecer las importaciones, el transporte, el seguro y los tributos asociados.

Por ello, recomienda que las empresas planifiquen sus operaciones considerando escenarios cambiarios, recalculen sus costos de reposición y evalúen cada importación según su subpartida arancelaria y estructura logística, ya que el efecto de la rebaja no es uniforme para todos los sectores ni para todos los productos.",https://larazon.bo/economia-y-empresa/2026/08/03/estudio-de-cainco-revela-que-rebaja-de-arancel-beneficia-de-forma-desigual-a-importadoras/
La Razón,2026-08-03,Economía y Empresa,Caneb alerta que cierre de paso entre Argentina y Chile encarece logística y retrasa comercio exterior,"La Cámara Nacional de Exportadores de Bolivia ( Caneb ) advirtió que el cierre del paso fronterizo Los Libertadores–Cristo Redentor, principal corredor terrestre entre Chile y Argentina generará conflictos para el comercio exterior boliviano.

Ese corredor continúa sin una fecha oficial de reapertura, situación que podría generar demoras en el transporte internacional, mayores costos logísticos y reprogramaciones en las entregas de mercancías.

De acuerdo con la alerta logística emitida por la entidad, el paso internacional permanece cerrado desde el 14 de julio, por lo que las operaciones de comercio exterior que utilizan esta ruta podrían verse afectadas mientras no se restablezca el tránsito.

«¡Alerta Logística Caneb! El paso internacional Los Libertadores–Cristo Redentor, entre Chile y Argentina, continúa cerrado y no cuenta todavía con una fecha oficial de reapertura», se lee en la publicación de la cámara.

La Caneb calificó el nivel de riesgo como medio , aunque precisó que el impacto dependerá de la ruta que utilice cada operador logístico.

Lea: Caneb prepara un mapa nacional para facilitar acceso a mercados internacionales

Entre las principales consecuencias figuran retrasos en los tiempos de entrega, desvíos hacia rutas alternativas, incremento en los costos de transporte y ajustes en la programación de los despachos internacionales.

Ante este escenario, la entidad recomendó a exportadores, importadores y operadores logísticos verificar con anticipación el estado del corredor y confirmar con las empresas transportistas la ruta prevista antes de autorizar cualquier despacho.

La organización recordó que una planificación anticipada permitirá reducir los riesgos asociados a eventuales cambios de itinerario y minimizar el impacto sobre las cadenas de suministro y el cumplimiento de contratos comerciales.

El corredor Los Libertadores–Cristo Redentor constituye uno de los principales pasos terrestres para el comercio entre los países del Cono Sur, por lo que su cierre representa un factor adicional de presión sobre la logística regional en un contexto de mayores costos de transporte y desafíos para el comercio exterior boliviano.",https://larazon.bo/economia-y-empresa/2026/08/03/caneb-alerta-que-cierre-de-paso-entre-argentina-y-chile-encarece-logistica-y-retrasa-comercio-exterior/
La Razón,2026-08-03,Mundo,Producción brasileña de petróleo y gas alcanza nuevo récord,"Brasil, octavo mayor productor mundial de crudo, extrajo en junio un promedio diario de 5,84 millones de barriles de petróleo y gas natural equivalente, un salto del 19,2 % con respecto al mismo mes de 2025 y un nuevo récord, informó este lunes la Agencia Nacional de Petróleo (ANP, regulador).

Además, la producción brasileña de hidrocarburos en junio fue en un 4,4 % superior a la de mayo, de acuerdo con el regulador.

Tanto la producción de petróleo como la de gas natural impusieron nuevos récords en junio, según los datos del organismo.

Tan solo de petróleo, la producción brasileña en junio fue de 4,47 millones de barriles diarios, un volumen en un 19,1 % superior al del mismo mes del año pasado y un 4 % mayor que el de mayo de este año.

Por su parte, la producción de gas natural en junio alcanzó igualmente un récord de 217,3 millones de metros cúbicos por día, con un salto del 19,7 % en la comparación interanual y un aumento del 5,5 % frente a mayo.

El 82 % de la producción brasileña de petróleo y gas natural en mayo, el equivalente a 4,79 millones de barriles diarios, fue extraído del presal, el horizonte de explotación ubicado en aguas muy profundas del océano Atlántico por debajo de una capa de sal de dos kilómetros de espesor.

Las gigantescas reservas del presal pueden colocar a Brasil entre los cinco mayores exportadores mundiales de hidrocarburos en 2030, según las proyecciones del regulador.

La producción en el presal en junio fue en un 24 % superior a la del mismo mes del año pasado y en un 4,2 % mayor que la de mayo.

El 98,1 % de la producción brasileña de petróleo, así como el 87,6 % de la de gas, provino de campos marítimos en junio.

La estatal Petrobras se mantuvo como la mayor productora del país al ser responsable por 5,1 millones de barriles diarios en junio, el 87 % de toda la producción brasileña, sumando los campos en que actúa individualmente y los que explota como operadora en consorcios.

Después se ubicaron la noruega Equinor (146.318 barriles diarios), la brasileña PRIO Tigris (99.392) y la francesa TotalEnergies (90.784).

Teniendo en cuenta la producción propia y asociada, es decir lo que le corresponde a cada petrolera que actúa en consorcios bien sea operadora o no, la líder es Petrobras, con una producción de 3,44 millones de barriles diarios, seguida por las multinacionales Shell (561.578 barriles diarios) y TotalEnergies (281.630) y por la china CNOOC (175.189).

Los datos de la ANP incluyen la producción de las 50 empresas que operan en Brasil y que explotan 275 áreas, 254 de las cuales en concesión.",https://larazon.bo/mundo/2026/08/03/produccion-brasilena-de-petroleo-y-gas-alcanza-nuevo-record/
La Razón,2026-08-03,La Revista,"‘Vuela, historias de sobrevivencia hechas cuento se presentará en la FIL","Mientras existan historias que contar, también habrá razones para seguir luchando. Bajo esa premisa, Conexión América Latina presentará el libro ‘Vuela’. Se trata de una publicación que convierte experiencias de sobrevivencia frente a la violencia, la explotación sexual, la trata y el tráfico de personas en relatos que invitan a la reflexión, la empatía y la esperanza. Además, se lanzará el podcast basado en la obra con nueve videos que combinan narración y animación.

El acto se realizará el miércoles 5 de agosto, a las 15.45, en la Sala 4 del Pabellón Rojo del Campo Ferial Chuquiago Marka, como parte de la 30.ª Feria Internacional del Libro de La Paz.

El encuentro contará con los comentarios de Magalí Chávez, Coordinadora País de ActionAid, y de la escritora y comunicadora Cecilia Terrazas. Ambas compartirán una reflexión sobre el valor de la literatura y el arte para visibilizar las historias de sobrevivencia y promover la prevención de las violencias.

En la actividad se obsequiarán ejemplares de los libros y se ofrecerá además una experiencia artística para toda la familia. El público podrá disfrutar de una lectura musicalizada de cuentos y la proyección de uno de los episodios del podcast audiovisual Vuela. Es una adaptación que combina narración oral, ilustración y animación.

«Vuela es una invitación a recorrer, a través de cuentos e ilustraciones, historias que conmueven, inspiran y nos recuerdan el poder de la palabra para abrir conversaciones necesarias”, explica Conny Toornstra, directora regional de Conexión América Latina. Será una oportunidad para descubrir un libro que une literatura, arte y esperanza».

Escrito por Cecilia De Marchi Moyano, Vuela reúne nueve relatos inspirados en historias de vida de sobrevivientes de Bolivia, Colombia y Guatemala. La colección está organizada en tres universos narrativos —fantasía, ficción y realismo— para abordar temas complejos desde una mirada cercana, respetuosa y esperanzadora.

Las ilustraciones son obra de Mariana Dotzauer Gumucio y Ada Esquirol Ríos, del estudio El Taburete. Ellas construyeron un lenguaje visual basado en metáforas e imágenes simbólicas que fortalecen la dimensión emocional de cada historia.

El universo narrativo de Vuela también dio origen a un podcast que combina narración oral, ilustración y animación. La producción audiovisual fue realizada por La Caraja, con animación de Santiago Suxo. Mientras que la interpretación de los relatos está a cargo de Mercedes Campos, Cintia Cortez, Miguel Vargas, Cecilia Terrazas y Mariana Sánchez, quienes dan vida a los personajes y emociones presentes en cada cuento. Los videos están disponibles en las plataformas digitales de Conexión LATAM.

Lea también: La Feria Internacional del Libro abre sus puertas con más de 500 actividades

Esta iniciativa forma parte del trabajo que desarrolla Conexión América Latina, con el apoyo de Down to Zero. Así, reafirma su compromiso de impulsar propuestas culturales y pedagógicas que contribuyan a la prevención de la violencia, la trata y el tráfico de personas y al fortalecimiento de entornos seguros para niñas, niños y adolescentes.",https://larazon.bo/la-revista/2026/08/03/vuela-historias-de-sobrevivencia-hechas-cuento-se-presentara-en-la-fil/
La Razón,2026-08-03,Economía y Empresa,Productores de La Asunta concretan su primera exportación de café a Corea del Sur,"La Asociación Integral de Productores Agroecológicos “El Mirador” (ASIPAEM) del municipio yungueño de La Asunta, concretó la exportación de 9.600 kilogramos de café verde oro de especialidad, hacia la República de Corea.

La operación comercial consiste en 316 sacos de café y con un valor facturado de $us 80.425, tiene como destino final la ciudad de Seúl, Corea del Sur, donde se comercializará por On The Plan Coffee Company, en coordinación con la empresa boliviana Guapa Coffee S.R.L.

Este envío representa la primera incursión de ASIPAEM en el mercado asiático, ampliando su presencia internacional y diversificando sus destinos de exportación, según un reporte de la empresa.

ASIPAEM ha mantenido durante los últimos cinco años relaciones comerciales sostenidas con mercados especializados de Europa, consolidando la calidad y competitividad de su producción bajo estándares internacionales.

Asimismo, informó que, con esta operación, la organización no solo fortalece su posicionamiento en el mercado europeo, sino que también logra acceder exitosamente a un nuevo segmento de consumidores en Asia, reconocido por sus altos estándares de calidad y trazabilidad.

La exportación resultó del proceso de fortalecimiento productivo, organizacional y comercial desarrollado en el marco del proyecto “Sistemas Agroecológicos Sostenibles en el Municipio de La Asunta”, financiado por la Unión Europea e implementado por la Oficina de las Naciones Unidas contra la Droga y el Delito (UNODC).

Lea más: Bolivia participará en Asu Coffee Fest de Paraguay

A través de esta iniciativa se promueve la transición hacia sistemas agroecológicos sostenibles y resilientes al cambio climático, fortaleciendo alianzas estratégicas que permitan a las organizaciones de productores acceder a mercados diferenciados y de mayor valor agregado.

El café exportado corresponde a la variedad Castillo, cultivado a 1.600 metros sobre el nivel del mar bajo prácticas agroecológicas y procesada mediante beneficio húmedo.

El lote alcanzó una calificación de 83 puntos, destacándose por sus notas sensoriales de almendra, nuez, miel y caramelo, complementadas con matices de manzanilla, durazno, linaza y cocoa, una acidez cítrica jugosa y un cuerpo medio cremoso, características altamente valoradas en mercados especializados.

Asimismo, ASIPAEM cuenta con importantes acreditaciones que respaldan su competitividad internacional, entre ellas la certificación Fairtrade (Comercio Justo), el cumplimiento de los requisitos del Reglamento Europeo sobre Productos Libres de Deforestación (EUDR) y un modelo de producción bajo enfoque agroecológico, reafirmando su compromiso con la sostenibilidad ambiental, económica y social.

La carga iniciará su recorrido desde El Alto, siguiendo la ruta logística Pisiga – Iquique – Chancay – Busan – Seúl, fortaleciendo la conexión de los productores de los Yungas con mercados internacionales de alta exigencia.",https://larazon.bo/economia-y-empresa/2026/08/03/productores-de-la-asunta-concretan-su-primera-exportacion-de-cafe-a-corea-del-sur/
La Razón,2026-08-03,Nacional,Joaquino propondrá al presidente Paz avanzar hacia un Estado federal,"De cara a la esperada reunión de gobernadores con el presidente Rodrigo Paz, el gobernador de Potosí, René Joaquino, anunció que planteará la construcción de un Estado federal durante la reunión que sostendrán este miércoles en Sucre, encuentro convocado para debatir cambios en la estructura del Estado y el acuerdo del 50/50.

Joaquino afirmó que el país necesita una transformación de fondo y aseguró que el federalismo constituye la principal propuesta que llevará la Gobernación de Potosí.

«El Presidente quiere propuestas para cambiar la estructura del Estado, algo significativo. Potosí ha sido muy claro, vamos a plantear la construcción de un Estado federal. Lo otro significa matices. Lo otro significa nada más mejorar algo de lo mal que está», dijo en Radio Fides.

Lea también: Reglamentan la importación y comercialización privada de diésel y gasolina

La autoridad departamental argumentó que Bolivia debe avanzar hacia un modelo federal y recordó que esa demanda forma parte de la agenda histórica del departamento.

«Bolivia tiene que encaminarse de manera decidida hacia el federalismo. Potosí, desde muchos años atrás, ha pedido un nuevo horizonte para el Estado boliviano», afirmó.

La reunión fue convocada por el presidente Rodrigo Paz y reunirá a los gobernadores del país para analizar propuestas de reforma estatal y la distribución de recursos mediante el acuerdo nacional del 50/50 para que cada departamento administre sus propios recursos.

La propuesta de Joaquino implicaría una modificación de la Constitución, ya que el actual modelo de organización territorial está definido en la Carta Magna vigente desde 2009.",https://larazon.bo/nacional/2026/08/03/joaquino-propondra-al-presidente-paz-avanzar-hacia-un-estado-federal/
La Razón,2026-08-03,Economía y Empresa,"La banca cubrió el 88% de la demanda privada de dólares, según gestor internacional de pagos","Según Nordex , la banca logró abastecer cerca del 88% de la demanda estimada de dólares para importaciones entre finales de junio y julio, dejando un déficit cercano a los $us 89 millones.

La oferta de divisas en el sistema financiero muestra señales de recuperación tras la implementación del nuevo régimen cambiario, aunque aún no alcanza a cubrir completamente las necesidades del sector privado.

La plataforma y gestora de pagos internacionales informó que, de acuerdo con su Sistema de Inteligencia Cambiaria, los bancos captaron aproximadamente $us 645,9 millones entre el 26 de junio y el 30 de julio, monto que representa la oferta efectiva que registra el sistema financiero durante ese período.

Para estimar la demanda, la firma utilizó el comportamiento histórico de las importaciones de junio y julio de 2023, 2024 y 2025, excluyendo combustibles y lubricantes bajo el supuesto de que esas compras son atendidas principalmente por el sector público.

Con esa metodología, Nordex calculó que la demanda privada de divisas alcanza $us 735,1 millones , lo que implica que la oferta bancaria cubrió cel 87,9% de las necesidades del sector importador.

Como resultado, la brecha pendiente se sitúa en aproximadamente $us 89,1 millones .

El análisis destaca que la disponibilidad de dólares mejoró durante las últimas semanas.

Al 20 de julio, la cobertura estimada apenas alcanzaba el 71,7% de la demanda y el déficit bordeaba los $us 148 millones . Diez días después, la cobertura aumentó hasta casi el 88% , mientras que la brecha se redujo en alrededor de $us 59 millones .

Para Nordex, estos datos muestran que la oferta de divisas comenzó a responder al nuevo esquema cambiario y que el mercado se encuentra más cerca del equilibrio que al inicio del régimen.

No obstante, la empresa aclara que se trata de una estimación y no de una conciliación exacta entre oferta y demanda, debido a que los pagos de importaciones pueden realizarse antes o después del ingreso de la mercadería al país y no todos los dólares captados por la banca se destinan exclusivamente al comercio exterior.

Ante un mercado que aún presenta presiones cambiarias, Nordex recomienda a las empresas evitar esperar un tipo de cambio específico para realizar sus pagos internacionales.

La firma sugiere trabajar con rangos de cotización previamente definidos, establecer un límite máximo para la compra de divisas, anticipar las fechas de pago y considerar posibles variaciones del dólar en la estructura de costos, las cotizaciones y la planificación financiera.

Según el análisis, aunque el mercado cambiario muestra una mejora respecto a las primeras semanas del nuevo régimen, la disponibilidad de divisas todavía no alcanza plenamente la demanda del sector privado, por lo que la gestión del riesgo cambiario continuará siendo un factor clave para los importadores bolivianos.",https://larazon.bo/economia-y-empresa/2026/08/03/la-banca-cubrio-el-88-de-la-demanda-privada-de-dolares-segun-gestor-internacional-de-pagos/
La Razón,2026-08-03,La Revista,"Juan Pablo Vargas presenta en la FIL La Paz ‘Cinco’, un libro-objeto","El escritor boliviano Juan Pablo Vargas Rollano presentará 01100011 01101001 01101110 01100011 01101111 ( cinco ), un libro-objeto de poesía que reúne cinco libros con cinco poemas cada uno dentro de una caja y convierte la forma material en parte activa de la lectura.

La obra está compuesta por hastío , encamotamiento , cyborg , beso y selfi . Cada libro propone una entrada distinta a una misma obra y no existe un orden obligatorio: el lector decide por dónde comenzar, qué relaciones establecer y cuándo regresar a lo ya leído.

El proyecto toma como referencia estructural las cinco Megillot de la tradición hebrea — Kohelet , Ruth , Cantar de los Cantares , Esther y Lamentaciones —, sin reproducirlas ni comentarlas de manera literal, sino entendiendo la creación literaria como ese canibalismo perpetuo entre los textos (del que hablaba Harold Bloom). Esas formas son desplazadas hacia una escritura contemporánea atravesada por el cuerpo, el deseo, la memoria, la espiritualidad, la tecnología, la sexualidad y la experiencia boliviana.

Uno de los cinco libros, beso , se despliega como un acordeón de más de dos metros. La caja, los colores, la grapa, el pliegue, la numeración y los movimientos físicos de abrir, elegir y desplegar forman parte de la escritura. El libro-objeto es un manifiesto ante la digitalización excesiva de la literatura, que busca que las palabras se escriban en la materialidad.

“En cinco, la lectura no consiste solo en avanzar página tras página. El lector abre, elige, despliega, cambia el orden y construye su propio recorrido. La forma material no acompaña al poema: también lo escribe”.

Lea también: ‘Vuela, historias de sobrevivencia hechas cuento se presentará en la FIL

La serie de lanzamiento reúne 300 ejemplares numerados. La preventa tiene un precio de Bs 120 hasta el 31 de julio. Desde el 1 de agosto, el precio oficial será de Bs 160 Bs.",https://larazon.bo/la-revista/2026/08/03/juan-pablo-vargas-presenta-en-la-fil-la-paz-cinco-un-libro-objeto/
La Razón,2026-08-03,"Internacional, Marcas",El Chelsea ficha a Jordan Henderson,"El Chelsea hizo oficial este lunes el fichaje de Jordan Henderson, de 36 años, que estaba libre desde que rescindiera la semana pasada su contrato con el Brentford.

El internacional con Inglaterra, que no jugó ni un minuto en el pasado Mundial, tenía un año aún de contrato con el Brentford, pero el club anunció el pasado miércoles su marcha cuando ya era un secreto a voces que firmaría con los ‘Blues’.

A sus 36 años, Henderson, que se fue del Liverpool en 2023 rumbo al fútbol saudí donde solo duró unos meses antes de firmar por el Ajax de Amsterdam, ficha por el Chelsea, en el intento del conjunto de Xabi Alonso de dotar de más experiencia a la plantilla. Su contrato dura hasta 2028.

TAMBIÉN PUEDE LEER:

Vozinha se declara ‘muy feliz’ de estar en Chile

«Tengo una gran admiración por el entrenador. Esta era una gran oportunidad que no podía rechazar. Estoy también impresionado con la propiedad del Chelsea y con su intención de conseguir éxitos y de ir en la dirección correcta. Para mí, ahora toca darlo todo desde el primer día, tanto dentro como fuera del campo, ayudar al resto de jugadores y al equipo», dijo Henderson.

El centrocampista es el quinto fichaje del Chelsea de Xabi Alonso tras Morgan Rogers, Maxence Lacroix, Danny Welbeck y Marco Palestra.",https://larazon.bo/marcas/2026/08/03/el-chelsea-ficha-a-jordan-henderson/
La Razón,2026-08-03,Economía y Empresa,Impuestos incorpora doble verificación para reforzar seguridad Virtual Tributaria,"El Servicio de Impuestos Nacionales ( SIN ) implementó un nuevo mecanismo de seguridad para el acceso a la Oficina Virtual Tributaria (OVT), con el objetivo de fortalecer la protección de la información y las operaciones digitales de contribuyentes.

La entidad informó que, desde el sábado 1 de agosto, el ingreso a la Oficina Virtual Tributaria incorpora un sistema de doble verificación que busca reducir los riesgos de accesos no autorizados y brindar mayor seguridad en las gestiones tributarias realizadas por internet.

Con el nuevo procedimiento, los usuarios tendrán que ingresar sus credenciales habituales y, posteriormente, validar un código de seguridad que será enviado al correo electrónico registrado en el sistema. Solo después de introducir ese código podrán acceder a la plataforma.

«Al ingresar con tus datos oficiales, el sistema enviará un código de verificación a to correo electrónico registrado que deberás introducir para ingresar. Esta medida permite mayor protección a tu información y operaciones tributarias», indica el comunicado del SIN.

Consulte: Impuestos aclara que no es necesario reactivar NIT para acceder al Alivio Tributario

Según el SIN, esta medida forma parte del proceso de fortalecimiento de sus servicios digitales y tiene como finalidad proteger la información tributaria de personas naturales y empresas, además de garantizar un acceso más seguro y confiable.

La administración tributaria recomendó a los contribuyentes verificar que su dirección de correo electrónico registrada se encuentre actualizada, ya que será el medio utilizado para recibir el código de autenticación cada vez que ingresen a la Oficina Virtual Tributaria.

Con esta actualización, el Servicio de Impuestos Nacionales refuerza la seguridad de sus canales digitales en un contexto de creciente digitalización de los trámites tributarios, buscando reducir los riesgos asociados a fraudes informáticos y proteger las operaciones realizadas por los contribuyentes.",https://larazon.bo/economia-y-empresa/2026/08/03/impuestos-incorpora-doble-verificacion-para-reforzar-seguridad-virtual-tributaria/
La Razón,2026-08-03,Economía y Empresa,Mercado primario de valores movió $us 37 MM para financiar a 7 empresas en julio,"Siete emisores de cuatro sectores económicos captaron recursos en el mercado primario de la Bolsa Boliviana de Valores ( BBV ) durante julio, según reporte institucional de la entidad a través de sus canales oficiales de difusión.

El mercado de valores boliviano movilizó $us 37 millones en operaciones del mercado primario durante julio de 2026, reflejando la continuidad del financiamiento empresarial a través de emisiones de valores, informó la BBV.

De acuerdo con el informe, las colocaciones las realizaron siete emisores pertenecientes a cuatro sectores económicos, lo que evidencia que empresas de distintas actividades continúan recurriendo al mercado bursátil para obtener recursos destinados a financiar sus operaciones y proyectos de inversión.

La BBV destacó que el mercado primario sigue consolidándose como un mecanismo que facilita el acceso al financiamiento, permitiendo a las empresas diversificar sus fuentes de recursos más allá del sistema financiero tradicional.

Las emisiones realizadas durante julio reflejan la confianza de las compañías en el mercado de valores como una herramienta para captar capital en un contexto en el que el acceso a financiamiento adquiere mayor relevancia para sostener inversiones, fortalecer capital de trabajo y desarrollar nuevos proyectos.

La entidad precisó que el monto negociado corresponde a las operaciones efectuadas entre el 1 y el 31 de julio de 2026 y que la conversión a dólares estadounidenses fue realizada utilizando el tipo de cambio oficial diario publicado por el Banco Central de Bolivia (BCB) vigente en la fecha de cada negociación.

Con estos resultados, la Bolsa Boliviana de Valores reafirma el papel del mercado de capitales como una fuente de financiamiento para el sector empresarial, en un escenario donde las compañías buscan alternativas para obtener recursos y mantener sus planes de crecimiento.

Al final de la nota de la BBV, se visualizan a los siete emisores: Jala Soft, Tigo, Operativo Avanza, terra Productivo, Farmacias Chávez, San Lucas y Toyosa.",https://larazon.bo/economia-y-empresa/2026/08/03/mercado-primario-de-valores-movio-us-37-mm-para-financiar-a-7-empresas-en-julio/
La Razón,2026-08-03,Economía y Empresa,"Cotización de minerales: el estaño abre agosto en $us 24,33 y el oro supera $us 4.000","El Ministerio de Minería y Metalurgia publicó la cotización oficial quincenal de minerales correspondiente a la primera quincena de agosto de 2026, en la que destaca la fortaleza del estaño y del oro en los mercados internacionales.

De acuerdo con el reporte de DAT Minero, elaborado con información de la London Metal Exchange (LME), el estaño inició el mes con una cotización de $us 24,33 por libra fina (LF), consolidándose como uno de los principales minerales de exportación del país.

Por su parte, el oro alcanzó los $us 4.053,54 por onza troy (OT), mientras que la plata se ubicó en $us 57,71 por onza troy, manteniendo niveles elevados en el mercado internacional.

Consulte: Oro supera los $us 4.000 y el estaño se valoriza en $us 23,80

Entre los metales base, el cobre registró un precio de $us 6,21 por libra fina, el zinc se cotizó en $us 1,65, y el plomo en $us 0,84 por libra fina.

En el caso de los minerales estratégicos, el antimonio alcanzó los $us 21.040 por tonelada métrica fina (TMF), mientras que el wolfram se situó en $us 60.663,60 por TMF, uno de los valores más altos del listado oficial. El bismuto, en tanto, registró una cotización de $us 12,56 por libra fina.

La actualización quincenal de estos precios constituye una referencia para el sector minero boliviano, ya que influye en las operaciones de comercialización, las regalías y los ingresos generados por la exportación de minerales. Según el Ministerio de Minería, las cotizaciones oficiales toman como referencia los valores internacionales de la London Metal Exchange.",https://larazon.bo/economia-y-empresa/2026/08/03/cotizacion-de-minerales-el-estano-abre-agosto-en-us-2433-y-el-oro-supera-us-4-000/
La Razón,2026-08-03,Sociales,Recepción en honor al Día Nacional de Suiza,"Ver toda la sección >

Ver toda la sección >

Ver toda la sección >

Ver toda la sección >

Ver toda la sección >

Ver toda la sección >

Ver toda la sección >

Ver toda la sección >

Ver toda la sección >

Ver todo el suplemento >

Ver todo el suplemento >

Ver todo el suplemento >

Ver todo el suplemento >

Ver todo el suplemento >

Ver todo el suplemento >

Ver toda la sección >

Ver toda la sección >

Ver toda la sección >

Ver toda la sección >

Ver toda la sección >

Ver toda la sección >

Ver toda la sección >

Ver toda la sección >

Ver toda la sección >

Ver todo el suplemento >

Ver todo el suplemento >

Ver todo el suplemento >

Ver todo el suplemento >

Ver todo el suplemento >

Ver todo el suplemento >

Jamil Mokhtar, Minna Mokhta, Amelia Mokhta y Maja Messmer.

Con motivo de conmemorar el aniversario nacional de Suiza , la embajadora de este país, Maja Messmer , ofreció una recepción en los predios de su residencia. En esta ocasión, la celebración fue concebida en un formato más íntimo, con el fin de fortalecer los vínculos entre la comunidad suiza residente en Bolivia, colaboradores y amigos cercanos de la embajada. “Existe un hermoso paralelismo entre ambas naciones. Suiza se fortalece en el respeto de sus cuatro regiones lingüísticas y culturales, y Bolivia destaca por la riqueza de su plurinacionalidad”, resaltó Messmer durante su discurso. Al concluir el acto central, los asistentes disfrutaron de gastronomía típica suiza, además de música tradicional de la nación europea interpretada por el compositor y arreglista boliviano Yuri Morales.

El comandante de la Policía dijo que el audio filtrado corresponde a una charla con estudiantes de la Escuela Superior...

La Razón, medio de comunicación digital líder en noticias de Bolivia y el mundo, conecta a su audiencia a través de todas las plataformas digitales. Con una sólida presencia en redes sociales, programas de streaming innovadores, y el revolucionario e-paper, nuestro periódico digital inteligente, ofrecemos información confiable, ágil y al alcance de todos.

Dirección: Colinas de Santa Rita s/n, Alto Auquisamaña (Galpón de La Razón) La Paz - Bolivia

Correo electrónico:

[email protected]

[email protected]

WhatsApp:

+591 67198163

+591 77220575

© 2021-2025 COMUNICACIONES EL PAÍS S.A ( Desarrollo web Arcadia SRL )",https://larazon.bo/sociales/2026/08/03/recepcion-en-honor-al-dia-nacional-de-suiza/
La Razón,2026-08-03,Nacional,"Maletas: Rojas tiene arresto domiciliario, pero seguirá recluida por otro proceso","La Justicia concedió este lunes arresto domiciliario a la exdiputada Laura Rojas dentro del proceso que enfrenta por el denominado caso Maletas, luego de que se cumpliera el plazo de 60 días de detención preventiva dispuesto al inicio de la investigación.

La decisión fue asumida por una juez cautelar, que determinó sustituir la detención preventiva por medidas sustitutivas, entre ellas el arresto domiciliario y el pago de una fianza de Bs 50.000, mientras el Ministerio Público continúa con las investigaciones por el presunto delito de legitimación de ganancias ilícitas.

La defensa de Rojas, según reportó Red Uno, había solicitado la modificación de la medida cautelar al considerar que ya se había cumplido el plazo inicialmente fijado por la autoridad judicial y que la exlegisladora podía afrontar el proceso bajo otras condiciones.

No obstante, la resolución no implicará su salida inmediata del penal de Palmasola, en Santa Cruz. Rojas continuará privada de libertad debido a que pesa en su contra una segunda detención preventiva, dictada en otra causa penal en la que es investigada por el presunto delito de tráfico de sustancias controladas.

De esta manera, aunque la medida cautelar fue flexibilizada en el proceso relacionado con el caso maletas, la exdiputada permanecerá recluida hasta que la autoridad judicial competente revise su situación jurídica en el segundo proceso.

El denominado caso maletas investiga presuntas operaciones vinculadas al movimiento irregular de dinero y posibles hechos de legitimación de ganancias ilícitas, un proceso que derivó en la detención preventiva de Rojas mientras se desarrollaban las investigaciones.

Con la nueva resolución, la exdiputada deja de estar detenida preventivamente por este caso específico, pero su situación legal sigue condicionada por la otra causa abierta en su contra.

En ese sentido, serán las futuras audiencias cautelares las que definan si podrá acceder a medidas sustitutivas también en el proceso por presunto tráfico de sustancias controladas o si continuará cumpliendo detención preventiva en el centro penitenciario.",https://larazon.bo/nacional/2026/08/03/maletas-rojas-tiene-arresto-domiciliario-pero-seguira-recluida-por-otro-proceso/
La Razón,2026-08-03,Economía y Empresa,Cadinpaz respalda el 50/50: Hay responsabilidades que se atenderán mejor,"El presidente de la Cámara Departamental de Industrias (Cadinpaz), Eduardo Iriarte, dijo que respalda la aplicación de una política 50/50 en el país, pues considera que se atenderán y administrarán mejor algunas responsabilidades que hoy en día recaen en el gobierno central.

En criterio de Iriarte, se “desburocratizará” la administración de varias responsabilidades y se facilitará la ejecución correcta

“Están pidiendo 50/50 y me parece a mí que ese tema es interesante y también deberían darles más facultades y responsabilidades a los gobiernos departamentales. Se desburocratizaría el aparato en general en el sentido que ahora todo está ejecutado por un gobierno central”, dijo Iriarte a La Razón.

Asimismo, consideró que, al tener mayores recursos económicos, los gobiernos departamentales asumirán también más responsabilidades, que se ejecutarán de forma más adecuada de acuerdo con la necesidad de cada departamento.

Lea más: Gobierno y regiones abren semana decisiva para definir el 50/50

“Cada departamento sabe lo que necesita y lo que quiere, no así el gobierno central. Por decirle mandan a hacer un hospital en Santa Cruz con el techo bajito porque es el diseño que hacen desde La Paz, cuando debería ser el techo más alto porque hace más calor, pero el diseño llegó así. Igual ocurre con una serie de cosas”, explicó.

Además, el presidente de Cadinpaz indicó que, con decisiones más horizontales, no de arriba abajo, los niveles responderán a las necesidades conociendo la realidad de donde viven. “Hay soluciones que se pueden dar mucho mejor de las que ahora”.

Durante un almuerzo con periodistas, Iriarte recordó que en el caso de La Paz, hace más de 10 años que el departamento “no ha gravitado para nada y ahora vemos una tónica distinta y en el tema municipal también, tenemos que dejar de lado los intereses y ponernos como paceños a pensar en una metropolización”.

En ese contexto, Iriarte planteó que La Paz y El Alto deben ir de la mano, “son dos hermanos siameses pero que ahora se dan la espalda, cuando deberían mirarse, comprenderse y ver cómo complementarse”.",https://larazon.bo/economia-y-empresa/2026/08/03/cadinpaz-respalda-el-50-50-hay-responsabilidades-que-se-atenderan-mejor/
La Razón,2026-08-03,"Internacional, Marcas",Jaume Cuéllar ficha por el Visakha FC de Camboya,"Jaume Cuéllar fue presentado oficialmente como nuevo jugador del Visakha FC, club que competirá en la temporada 2026/27 de la Cambodian Premier League.

Con 24 años, el atacante llega como agente libre tras finalizar su contrato con el CD Arenteiro de España.

En el club español disputó 38 partidos oficiales desde febrero de 2025. Además, marcó tres goles y aportó cuatro asistencias durante su etapa en la institución.

TAMBIÉN PUEDE LEER:

Fernando Nava viaja a Portugal para cerrar su fichaje por el CD Nacional

Nacido en Granollers, Barcelona, de padres bolivianos oriundos de Santa Cruz, inició su formación en Racing Blanenc.

Posteriormente, se incorporó a la cantera del FC Barcelona, donde completó gran parte de su proceso formativo.

En 2017, fichó por el SPAL de Italia, donde destacó por su capacidad goleadora en las divisiones juveniles.

Primero anotó 13 goles con la Sub-17 en la temporada 2017/18. Luego sumó otros 12 con la Sub-19 durante la campaña 2018/19.

Gracias a ese rendimiento, dio el salto al primer equipo del conjunto italiano. Debutó en la Serie A el 4 de diciembre de 2019, durante la victoria del SPAL frente al Lecce.

De esa manera, se convirtió en el primer futbolista boliviano en disputar un partido oficial en la máxima categoría del fútbol italiano.

En agosto de 2021, fichó por el CD Lugo de la Segunda División de España. Sin embargo, al no encontrar continuidad, pasó cedido en 2023 al FC Barcelona Atlètic para competir en la Primera Federación.

Posteriormente, regresó al CD Lugo. Más adelante, en febrero de 2025, salió a préstamo al CD Arenteiro, donde consiguió mayor regularidad.

Como resultado, sus actuaciones convencieron al club español, que extendió su permanencia durante la temporada 2025/26.

Ahora buscará relanzar su carrera con el Visakha FC, uno de los equipos protagonistas del fútbol camboyano, dirigido por el entrenador inglés Scott Cooper, con quien ya inició los trabajos de pretemporada.

El Visakha FC debutará en la Cambodian Premier League el próximo 6 de septiembre como local frente al Tiffy Army.

Además del desafío deportivo, el extremo boliviano afrontará su primera experiencia profesional en el fútbol asiático tras desarrollar toda su carrera en Europa.

El cambio de continente representa una oportunidad para recuperar protagonismo y volver a ser considerado para la selección boliviana.

Su última convocatoria con la ‘Verde’ se produjo para la Conmebol Copa América 2024, bajo la dirección del brasileño Antônio Carlos Zago.

Desde entonces, no volvió a ser citado y ahora espera que esta nueva etapa le permita competir nuevamente por un lugar en el equipo dirigido por Óscar Villegas.",https://larazon.bo/marcas/2026/08/03/jaume-cuellar-ficha-por-el-visakha-fc-de-camboya/
La Razón,2026-08-03,Sociedad,La Gobernación y Canotur lanzan plan para reactivar el turismo en La Paz,"Bajo el slogan ‘Conoce tu destino’, la Gobernación de La Paz y la Cámara Nacional de Operadores de Turismo (Canotur) lanzaron un plan para reactivar el turismo en el departamento.

La iniciativa está destinada a promover el turismo interno, dinamizar la economía regional y posicionar nuevamente al departamento como uno de los principales destinos turísticos de Bolivia.

Durante el acto de lanzamiento, el director de Turismo y Culturas de la Gobernación, Marco Mercado, recordó que la actividad turística ha sido una de las más golpeadas por los recientes conflictos sociales.

“El sector de turismo ha sido uno de los más afectados en la época de los últimos cincuenta días de bloqueos” afirmó.

El funcionario destacó que la Gobernación continuará respaldando las iniciativas que promuevan el desarrollo turístico del departamento.

“Hay que visibilizarlos, hay que fomentarlos también. Y, en esa línea el Gobierno Autónomo Departamental de La Paz, en uno de sus pilares, que es el pilar seis, hace énfasis en que hay que apoyar este tipo de iniciativas”, sostuvo.

La presidenta de Canotur La Paz, María Lourdes Benavides, destacó que la campaña representa un esfuerzo conjunto entre el sector público y privado. El objetivo es fortalecer la actividad turística.

“La Paz unifica esfuerzos público-privados para impulsar el turismo local, departamental y nacional a través de este programa que hemos definido como Conoce tu destino”, manifestó.

Asimismo, explicó que la iniciativa busca “poner en valor el patrimonio, fomentar el turismo interno, que es muy importante, y reactivar nuestra economía”. Anunció que el primer recorrido se desarrollará este fin de semana en la comunidad de Pongo y la Laguna Escondida, ubicada en el Parque Nacional Cotapata.

En representación de la comunidad de Pongo, Frank Quispe invitó a la población a descubrir los atractivos del lugar. En la oportunidad resaltó que el destino ha diversificado su oferta turística.

“Pongo no solamente es gastronomía, como todos tal vez lo conocemos por su deliciosa trucha. Ahora estamos impulsando también el turismo de aventura; tenemos ziplines y otras actividades más”, señaló.

En una nota institucional, la Gobernación explicó que la campaña contempla una agenda de recorridos por distintos municipios del departamento.

Lea también: Ratifican el feriado del 6 y 7 de agosto para impulsar el turismo y la reactivación económica

El propósito  es fortalecer el turismo interno, generar movimiento económico para operadores, emprendedores y comunidades. Asimismo, consolidar el trabajo conjunto entre la Gobernación de La Paz, el sector privado y las organizaciones locales para impulsar el desarrollo turístico del departamento.",https://larazon.bo/sociedad/2026/08/03/la-gobernacion-y-canotur-lanzan-plan-para-reactivar-el-turismo-en-la-paz/
La Razón,2026-08-03,Mundo,El Brent cae más de 7 % por posible solución entre EEUU e Irán,"El precio del barril de brent para entrega en octubre se desplomó este lunes un 7,05 %, hasta los 83,77 dólares al cierre del mercado de futuros de Londres, por las esperanzas de los inversores de que Estados Unidos e Irán renueven sus esfuerzos diplomáticos para poner fin a los ataques en Oriente Medio.

El crudo del mar del Norte, de referencia en Europa, cedió 6,35 dólares respecto a negociación del pasado viernes en el Intercontinental Exchange (ICE) londinense, la última para entrega en septiembre, cuando terminó en 90,12 dólares.

El brent inició la semana a la baja después de que el presidente estadounidense, Donald Trump, decidiera cancelar un «ataque masivo» inminente sobre Irán con vistas a llegar a un acuerdo con la república islámica que ponga fin al conflicto.

Este lunes, el jefe de la Casa Blanca advirtió a Irán de que tiene una «última oportunidad» para firmar un «buen» acuerdo que finalice la guerra, después de anunciar en la víspera que iban a reanudar las negociaciones de paz con Teherán -estancadas en medio de la reciente escalada de ataques-.

Sin embargo, desde Teherán han desmentido que estas conversaciones con Washington estén teniendo lugar y han dicho que por ahora solo dialogan con Omán sobre las garantías para el tránsito seguro por el estrecho de Ormuz, por donde antes del conflicto pasaba el 20 % del crudo mundial.

El director general de Tickmill, Joseph Dahrieh, aseguró este lunes en un comentario remitido a EFE que el hecho de que Trump se abstuviera de ordenar una nueva ronda de operaciones militares en Oriente Medio, así como el diálogo abierto sobre Ormuz, han «reforzado las esperanzas de una solución diplomática» entre los inversores.

«Es probable que los precios del petróleo sigan ligados al ritmo del progreso diplomático y al estado del transporte marítimo en la región. Una flexibilización continua en ambos frentes podría prolongar la caída, mientras que cualquier nueva tensión o interrupción del tráfico marítimo podría hacer que los precios repunten rápidamente», agregó Dahrieh.",https://larazon.bo/mundo/2026/08/03/el-brent-cae-mas-de-7-por-posible-solucion-entre-eeuu-e-iran/
La Razón,2026-08-03,"Fútbol profesional boliviano, Marcas, The Strongest",Adrián Jusino es baja en The Strongest para visitar a Nacional Potosí,"‎El defensor de The Strongest, Adrián Jusino, quedó descartado para visitar a Nacional Potosí este miércoles 5 de agosto por la fecha 13 de la División Profesional, luego de que fue sometido a una microcirugía en la uña de un pie y continúa en proceso de recuperación.

‎

‎La lesión ocurrió durante el empate 1-1 frente a Blooming, disputado el 26 de julio en Santa Cruz.

‎

‎Por esa dolencia, Jusino ya se perdió el encuentro ante Aurora del viernes 31 de julio y tampoco integrará la delegación que viajará a la Villa Imperial.

TAMBIÉN PUEDE LEER:

Gian Zago asume en The Strongest hasta la llegada de su padre

‎

‎El asistente técnico, Juan Carlos Paz García, confirmó que el defensor sigue en rehabilitación y que el cuerpo técnico esperará su evolución antes de su regreso, en declaraciones con los medios de comunicación, donde explicó el estado físico del jugador y las alternativas con las que cuenta el equipo.

‎

‎Ante su ausencia, explicó que The Strongest cuenta como alternativas como Martín Chatti, Pablo Pedraza y varios futbolistas juveniles como Yamil Portuncho o Dilan Saavedra, para reforzar la defensa.

‎

‎Paz García también confirmó que dirigirá el partido junto a Giancarlo Zago, mientras aguardan la llegada de Antônio Carlos Zago.

‎

‎El entrenador brasileño asumirá oficialmente la conducción del equipo una vez llegue al país para iniciar su segundo ciclo en el club.",https://larazon.bo/marcas/2026/08/03/adrian-jusino-es-baja-en-the-strongest-para-visitar-a-nacional-potosi/
La Razón,2026-08-03,Mundo,Junta de Paz: Ejército israelí se retirará de Gaza cuando Hamás se desarme,"La Junta de Paz, organización internacional impulsada por Donald Trump para la reconstrucción de Gaza, aseguró este lunes que la «retirada total» del Ejército israelí «más allá de la línea amarilla» en la Franja se producirá cuando el grupo islamista palestino Hamás se desarme por completo.

«Contrariamente a informes inexactos, cabe señalar que la retirada total de las Fuerzas de Defensa de Israel (FDI) más allá de la línea amarilla solo se producirá una vez que se complete el desarme, tal como Hamás se comprometió con los mediadores. Esto aplica tanto a las armas ligeras como a las pesadas, así como a los túneles», afirmó el organismo liderado por el diplomático búlgaro Nikolai Mladenov en su perfil de X.

La institución también informó que este lunes tuvo lugar una reunión entre Mladenov y el primer ministro israelí, Benjamín Netanyahu, en la que el futuro de Gaza se abordó de forma «constructiva y exhaustiva».

Asimismo, la Junta de Paz también detalló que comparte con Israel «una visión común» y un «objetivo claro e indiscutible»: «El desarme completo en la Franja y la transición de un régimen armado a una gobernanza civil».

Y, sin mencionar otros aspectos como la reconstrucción o una hipotética reparación para los más de 73.220 gazatíes muertos por fuego israelí desde octubre de 2023, añadió: «Lograrlo será un proceso que se definirá en la siguiente fase del trabajo».

Según el comunicado, la implementación estaría supervisada por la Fuerza Internacional de Estabilización y el Comité de Verificación de la Implementación, integrado por representantes de Estados Unidos y la Junta de Paz.

«El progreso continuo hacia la plena implementación depende de que cada parte cumpla con sus obligaciones conforme al marco acordado», señaló la nota.

El comunicado fue difundido un día después de que Mladenov criticara en su cuenta de X a Israel por continuar atacando la Franja de Gaza, acabando con la vida de al menos 28 palestinos, y después de que el jueves pasado Trump anunciara que había llegado a un «histórico» acuerdo con Hamás para su «desarme total».

Mientras tanto, este lunes un funcionario del Gobierno israelí en condición de anonimato aseguró a la prensa de su país que Israel «no se retirará de la línea actual en la Franja de Gaza» y «seguirá frustrando cualquier amenaza contra nuestros ciudadanos y soldados».

El periódico Haaretz ya informaba el domingo de que Israel había planteado objeciones a tres puntos del acuerdo para la segunda fase del plan de paz en Gaza: la falta de exigencia de la destrucción de las armas incautadas a Hamás; la participación de Catar y Turquía en el proceso de verificación y también pedía libertad de acción de su Ejército en las zonas transferidas a la Fuerza Internacional de Estabilización.

Por su parte, Hamás, que confirmó el acuerdo para su desarme tras el anuncio de Trump, ya advirtió días atrás que incluye «la obligación» de Israel de «retirarse de la Franja de Gaza». Además, ayer acusó al Gobierno de Netanyahu de atacar con más fuerza Gaza para torpedear el acuerdo.

En grupo islamista también mencionó la semana pasada otros requisitos para su desarme al completo, como «la reconstrucción, la garantía del derecho a la autodeterminación, el establecimiento de un Estado palestino independiente y la protección de los derechos de los ciudadanos» gazatíes.",https://larazon.bo/mundo/2026/08/03/junta-de-paz-ejercito-israeli-se-retirara-de-gaza-cuando-hamas-se-desarme/
La Razón,2026-08-03,Nacional,Rafael Arce es acusado formalmente por presunto enriquecimiento ilícito,"La Fiscalía presentó una acusación formal contra Rafael Ernesto Arce Mosqueira, hijo del expresidente Luis Arce, por el presunto delito de enriquecimiento ilícito de particulares con afectación al Estado, dentro de un proceso impulsado por el Ministerio Público tras una denuncia presentada por Héctor Arce Rodríguez.

La resolución conclusiva de acusación formal, a la que accedió La Razón, fue emitida el 29 de julio de 2026 por el fiscal de materia Miguel Ángel Cardozo Ramírez y presentada ante el Juzgado Quinto de Instrucción Penal Anticorrupción y Contra la Violencia hacia las Mujeres de La Paz, una vez concluida la etapa preparatoria de la investigación.

Según el documento, la Fiscalía sostiene que durante la investigación reunió suficientes elementos de convicción para sustentar la existencia del hecho investigado y la presunta participación de Rafael Arce como autor del delito previsto en el artículo 28 de la Ley N.º 004 Marcelo Quiroga Santa Cruz.

La resolución señala que los elementos recolectados serán presentados en un juicio oral, público y contradictorio para demostrar la existencia del presunto ilícito y la responsabilidad del acusado.

En la parte resolutiva, el Ministerio Público solicita que la causa sea radicada ante el tribunal competente y que, una vez desarrollado el juicio, se dicte sentencia condenatoria, con la imposición de la pena que corresponda conforme a la normativa vigente.

Asimismo, la Fiscalía pidió la incautación de la totalidad de los bienes inmuebles, vehículos y fondos existentes en las cuentas bancarias, tanto congeladas como no congeladas, registradas a nombre de Rafael Arce Mosquera, como parte de las medidas solicitadas dentro del proceso.

El documento también establece que el acusado fue notificado mediante edictos y adjunta un acta de incomparecencia, en aplicación del artículo 98 del Código de Procedimiento Penal.

Este proceso se originó a partir de la denuncia presentada por Héctor Arce Rodríguez y cuenta además con la participación del Viceministerio de Transparencia, Seguridad Jurídica y Derechos Humanos, dependiente del Ministerio de la Presidencia, en calidad de parte dentro de la causa.

Con la presentación de la acusación formal, el caso ingresa a una nueva etapa procesal, en la que la autoridad judicial deberá definir la radicatoria del expediente y la apertura del juicio oral para establecer la responsabilidad o inocencia del acusado.",https://larazon.bo/nacional/2026/08/03/rafael-arce-es-acusado-formalmente-por-presunto-enriquecimiento-ilicito/
La Razón,2026-08-03,Economía y Empresa,Conamype demanda al Gobierno tipo de cambio estándar,"La Confederación Nacional de la Micro y Pequeña Empresa (Conamype) expresó su preocupación por los efectos del nuevo esquema de tipo de cambio flexible sobre el sector productivo y pidió al Gobierno un tipo de cambio estándar.

La entidad aseguró que las micro y pequeñas empresas se encuentran entre las más afectadas por el encarecimiento del dólar y la incertidumbre cambiaria.

El presidente de Conamype, Edwin Fernández , sostuvo que, si bien el Gobierno busca estabilizar el mercado cambiario, la implementación de la medida debió estar precedida por acciones que garantizaran una mayor disponibilidad de divisas.

«La micro y pequeña empresa es uno de los sectores más golpeados con el tema del dólar flexible. Entendemos que el Gobierno quiere estabilizar la economía, pero primero debió preparar las condiciones y garantizar la existencia de dólares antes de lanzar la medida», afirmó.

El dirigente aseguró que la organización presentó un conjunto de iniciativas para apoyar al aparato productivo y espera una respuesta oficial sobre su viabilidad.

También lea: Privados proponen fijar el precio del gas en bolivianos para dar estabilidad a la industria

En ese sentido, pidió al Gobierno definir un precio de referencia que reduzca la incertidumbre en el mercado y elaborar una nueva estrategia económica para recuperar la estabilidad.

«El boliviano se ha depreciado y eso está generando inflación. Le pedimos al Gobierno una nueva estrategia que devuelva estabilidad económica al país», manifestó.

Fernández señaló que, mientras en otros mercados internacionales la moneda estadounidense registra una tendencia a la baja, en Bolivia ocurrió el fenómeno contrario, situación que —dijo— afecta los costos de producción y genera incertidumbre entre los actores económicos.

Aunque reconoció que en los últimos días el precio del dólar mostró una leve reducción, consideró que aún es prematuro hablar de una estabilización y atribuyó parte de la volatilidad a procesos especulativos.

El dirigente cuestionó que varias decisiones económicas adoptadas por el Ejecutivo tuvieran que corregirse posteriormente y afirmó que el Gobierno debe asumir mayores previsiones antes de implementar nuevas políticas.

Asimismo, sostuvo que Conamype participó en las mesas de diálogo convocadas por el Ejecutivo, pero lamentó que los encuentros no se traduzcan en compromisos concretos.

«Hemos asistido prácticamente a todas las reuniones a las que fuimos convocados, pero no existe un documento firmado donde el Gobierno se comprometa a atender las propuestas del sector», indicó.

El presidente de Conamype también advirtió que el incremento del tipo de cambio está presionando los precios internos y acelerando la inflación.

Finalmente consideró que, si bien existen algunos avances en el diálogo con las autoridades, estos son insuficientes y demasiado lentos frente a las necesidades del sector productivo, que continúa enfrentando mayores costos para importar insumos y mantener su actividad económica.",https://larazon.bo/economia-y-empresa/2026/08/03/conamype-demanda-al-gobierno-tipo-de-cambio-estandar/
La Razón,2026-08-03,La Revista,Festival de Cine en el Salar: Gobierno destaca a Uyuni como un destino para reactivar el turismo,"El Ministerio de Turismo, a través del Viceministerio de Fomento al Turismo Sostenible, destacó a Uyuni como un escenario activo para potenciar el turismo, luego del éxito del Primer Festival Internacional de Cine en el Salar.

El viceministro del área, Andrés Aramayo, participó de la actividad que tuvo lugar desde el 30 de julio al 2 de agosto.

El evento reunió a diferentes realizadores nacionales y extranjeros con una agenda que incluyó proyecciones de películas, conversatorios especializados y actividades culturales, impulsando el desarrollo de esta industria.

“En primera instancia, el festival promueve el talento nacional, fomentando nuestras culturas, las economías creativas y el potencial exportador que tenemos en esos servicios”, señaló Aramayo.

Asimismo, destacó que la actividad permitió que directores internacionales conozcan la belleza del Salar, lo que podría abrir la posibilidad de consolidar nuevas locaciones fílmicas.

“Así se podrían posicionar las obras bolivianas de más alto valor, que también forman parte de la estrategia de fomento al turismo cultural que tenemos”, aseguró.

Aramayo afirmó que esta primera versión del festival coloca a Bolivia en el mundo y trae el mundo a Bolivia, integrando las obras nacionales a la estrategia estatal de fomento al turismo cultural.

El funcionario también resaltó la importancia de la alianza estratégica con el sector privado para la organización del encuentro.

“Como entidad estatal rectora en turismo, estamos dando las condiciones para que la iniciativa privada se fortalezca y logremos la captación de mercados internacionales de alto valor a través de nuestros artistas”, señaló.

La entidad estatal destacó que la iniciativa consolida al Salar de Uyuni como un escenario clave para el crecimiento económico y cultural del país.

El festival finalizó con una premiación a los ganadores de un concurso realizado en el salar. El galardón principal, denominado Thunupa, fue otorgado al cortometraje “Mayu Ñawikuna”, mientras que el premio Azanaque se lo llevó la obra “Quki”.

Finalmente, la cartera de Estado reafirmó su compromiso de posicionar la riqueza natural y el talento boliviano ante los ojos del mundo.",https://larazon.bo/la-revista/2026/08/03/festival-de-cine-en-el-salar-gobierno-destaca-a-uyuni-como-un-destino-para-reactivar-el-turismo/
La Razón,2026-08-03,Economía y Empresa,Choferes se movilizarán una vez concluya el estado de excepción,"La Confederación Sindical de Choferes de Bolivia advirtió que convocará a movilizaciones nacionales una vez concluya el estado de excepción, ante el incumplimiento —asegura— de los compromisos asumidos por el Gobierno para normalizar el abastecimiento de combustibles y mejorar el estado de la red vial.

El dirigente del sector, Víctor Tarqui, afirmó que las autoridades se comprometieron a resolver la escasez de diésel en un plazo de 24 horas; sin embargo, sostuvo que el problema persiste y continúa. Afectando principalmente al transporte pesado y al servicio de buses interdepartamentales.

«Nos dijeron que en 24 horas iban a solucionar el problema del combustible. Lamentablemente, los compromisos han sido en vano y las autoridades no han cumplido», manifestó.

Tarqui explicó que el tema se analizó en un ampliado nacional del transporte pesado y del sector de buses que operan con diésel, donde también se evaluó el deterioro de las carreteras y el incumplimiento de los trabajos comprometidos por la Administradora Boliviana de Carreteras (ABC).

Según el dirigente, ambos factores incrementan los costos operativos del transporte y dificultan el normal desarrollo de las actividades del sector.

Revise: Transporte pesado reporta pérdidas de Bs 2 MM al día por la escasez de diésel

Como resultado del encuentro, las organizaciones del transporte resolvieron convocar a todas las federaciones y modalidades del autotransporte del país para definir medidas de presión, al considerar que el Ejecutivo no está atendiendo sus demandas.

«Una vez que se levante el estado de excepción no queda otra que tomar medidas totalmente contundentes, porque los compañeros no pueden trabajar», advirtió.

El dirigente sostuvo que las filas en los surtidores continúan evidenciando que el abastecimiento de combustibles aún no se ha normalizado, situación que, según dijo, agrava las pérdidas económicas del transporte y afecta la cadena logística del país.

Las declaraciones se producen en un contexto en el que distintos sectores productivos y empresariales advierten que la falta de diésel continúa elevando los costos de transporte, retrasando la distribución de mercancías y generando presión sobre la actividad económica nacional.",https://larazon.bo/economia-y-empresa/2026/08/03/choferes-se-movilizaran-una-vez-concluya-el-estado-de-excepcion/
La Razón,2026-08-03,Mundo,OIT: Fenómeno de El Niño afectaría el empleo en Latinoamérica,"El fenómeno climatológico de El Niño, que se extenderá hasta 2027 en las costas del Pacífico Tropical, podría afectar negativamente al empleo, reducir los ingresos y empeorar las condiciones laborales en América Latina y el Caribe, especialmente en los trabajadores informales y rurales, de acuerdo a una investigación publicada este lunes por la Organización Internacional del Trabajo (OIT).

El documento de la OIT explicó cómo la alteración en los patrones de precipitación asociada al fenómeno repercute sobre la agricultura, la pesca, la energía, la logística y otros sectores económicos, con posibles consecuencias sobre el empleo, la inseguridad alimentaria, el aumento de precios de alimentos y energía, así como un mayor riesgo de trabajo infantil.

La nota de políticas de la OIT, titulada ‘El Niño 2026-2027 y el mundo del trabajo en América Latina y el Caribe: una cadena causal desde el clima hasta el empleo y las instituciones laborales’, remarcó que este fenómeno representa un importante desafío para el empleo y el trabajo decente en la región.

El director regional adjunto de la OIT para América Latina y el Caribe, Fabio Bertranou, afirmó que «la magnitud de sus impactos dependerá de la capacidad de los países para anticiparse con instituciones laborales sólidas, sistemas de protección social y diálogo social que protejan a las personas más vulnerables».

En ese sentido, el estudio subrayó que los trabajadores informales, rurales y quienes realizan actividades al aire libre figuran entre los grupos más expuestos a la pérdida de ingresos, el deterioro de las condiciones laborales y los riesgos para la seguridad y la salud en el trabajo.

De tal forma, la investigación señala que mientras el Corredor Seco Centroamericano, el Caribe y el norte de Sudamérica enfrentarían principalmente sequías, déficit hídrico y olas de calor, la costa del Pacífico de Ecuador y Perú podría verse afectada por lluvias extremas e inundaciones, y el sudeste de Sudamérica por precipitaciones superiores al promedio y tormentas severas.

Estas diferencias se traducen en riesgos distintos para sectores como la agricultura, la pesca, la construcción, la logística, el transporte, el turismo y la generación de energía, apuntó el estudio de OIT.

Asimismo, indicó que la elevada informalidad laboral en la región incrementa la vulnerabilidad frente a estos fenómenos, pues casi la mitad de los trabajadores en América Latina y el Caribe se desempeñan en la economía informal, con acceso limitado a mecanismos de protección frente a crisis climáticas.

Por tal motivo, los impactos sobre el empleo y los ingresos podrían concentrarse precisamente en quienes cuentan con menos herramientas para enfrentarlos, alertó.

Entre las medidas prioritarias para enfrentar este panorama, la OIT identifica el fortalecimiento de los sistemas de protección social, la ampliación de la cobertura para trabajadores vulnerables, la inversión en infraestructura resiliente, el fortalecimiento de la seguridad y salud en el trabajo, el desarrollo de sistemas de alerta temprana y la promoción del diálogo social para acordar respuestas adaptadas a las necesidades de cada país y sector productivo.

Igualmente, invitó a mirar El Niño no solo como un fenómeno meteorológico, sino como un proceso cuyos efectos pueden propagarse desde el clima hasta el empleo y las instituciones laborales.",https://larazon.bo/mundo/2026/08/03/oit-fenomeno-de-el-nino-afectaria-el-empleo-en-latinoamerica/
La Razón,2026-08-03,"Internacional, Marcas","Gonzalo, traspasado al Fulham de Arbeloa","El Real Madrid ha confirmado oficialmente este lunes el traspaso del delantero Gonzalo García al Fulham inglés, que entrena el técnico español Álvaro Arbeloa y con el que ha firmado un contrato de cinco años que le vinculará a la entidad de Craven Cottage hasta el verano de 2031, con una opción del club para prorrogarlo por otros 12 meses.

Gonzalo, de 22 años, llegó al Real Madrid en 2014 con tan solo 10 años y ha formado parte del club blanco durante once temporadas. Con la camiseta del primer equipo Gonzalo ha ganado un Mundial de Clubes y una Liga.

Tras pasar una única temporada en las categorías inferiores del Real Mallorca, Gonzalo regresó al Real Madrid en 2019. Fue de vuelta en Madrid cuando comenzó a trabajar con Álvaro Arbeloa, que le ayudó a alcanzar un nuevo nivel, sobre todo en la temporada 2023/24, cuando sus 35 goles contribuyeron a que el equipo sub-19 lograra un triplete.

TAMBIÉN PUEDE LEER:

El Chelsea ficha a Jordan Henderson

Al año siguiente, Gonzalo dio el salto al Real Madxrid-Castilla para disputar un campaña en la que sumó 25 goles y 4 asistencias en 36 partidos.

Esa temporada también supuso su primer gol con el primer equipo del Real Madrid, que fue el de la victoria en los últimos minutos contra el Leganés en la Copa del Rey. Después destacó en el Mundial de Clubes con cuatro goles y una asistencia en Estados Unidos.

Gonzalo se había consolidado ya en el primer equipo del Bernabéu, marcando ocho goles y dando tres asistencias en 39 partidos con el Real Madrid la temporada pasada —la segunda mitad de la cual la disputó de nuevo a las órdenes de Arbeloa—.

Su momento más destacado fue la victoria por 5-1 sobre el Real Betis en la que anotó un triplete.

Además, Formó parte de la lista inicial de Luis de la Fuente, seleccionador español, para el Mundial, aunque no llegó a formar parte de la convocatoria definitiva. Debutó con la selección absoluta en uno de los partidos de preparación.

Antes de eso, Gonzalo había marcado seis goles en siete partidos con la selección sub-21, con la que lucía el dorsal número siete, el mismo que llevará aquí, en Craven Cottage.

«Gonzalo siempre ha representado de manera ejemplar los valores del Real Madrid. Nuestro club le agradece su compromiso y su entrega en todos estos años», señala el club en su web.

El Real Madrid, «que siempre será su casa, le desea a él y a su familia lo mejor en esta nueva etapa de su vida», agrega la entidad.

La operación podría alcanzar los 40 millones de euros e incluye una cláusula en la que el Real Madrid se reserva el 30 por ciento de los derechos del futbolista madrileño.

Gonzalo tiene el camino abierto para crecer como futbolista en la Premier League, siguiendo el mismo camino que su técnico, Álvaro Arbeloa, que regresó al Real Madrid tras destacar en el Liverpool con Rafa Benítez al frente.

El Fulham también ha anunciado el fichaje del madrileño y «se complace en anunciar el fichaje de Gonzalo García, procedente del Real Madrid, por una cantidad no revelada».

En declaraciones a la televisión del club inglés (FFCtv) tras la firma del contrato, Gonzalo afirma: «Estoy muy agradecido y muy contento de estar aquí. Tengo que dar las gracias a la directiva y a Arbeloa por la confianza que han depositado en mí, y estoy muy, muy ilusionado por empezar».

Tony Khan, copropietario del Fulham, señala: «Estoy encantado de dar la bienvenida a Gonzalo García al Fulham. Gonzalo es un joven delantero con mucho talento, y está deseando venir al Fulham y jugar en la Premier League».

«Todos creemos que Gonzalo será una incorporación fantástica para la plantilla y que demostrará ser un excelente jugador para el club bajo el liderazgo de Álvaro», agrega.",https://larazon.bo/marcas/2026/08/03/gonzalo-traspasado-al-fulham-de-arbeloa/
La Razón,2026-08-03,Mundo,Los incendios forestales se recrudecen en el oeste de Canadá,"Las autoridades canadienses ampliaron este lunes las órdenes de evacuación en el oeste del país ante el avance de varios incendios forestales que ya han obligado a unas 5.000 personas a abandonar sus hogares.

Las autoridades de la provincia de Columbia Británica, en el extremo occidental del país, ampliaron hoy las órdenes de evacuación de todos los residentes situados a unos 25 kilómetros al norte de la ciudad de Kelowna por el avance de un incendio en Quilpituk Creek, en las orillas del lago Okanagan.

Además, advirtieron a los habitantes de otras áreas cercanas que se preparen para abandonar la zona en las próximas horas si la situación no mejora, ya que los equipos de extinción se han enfrentado a vientos de 80 kilómetros por hora, con rachas de hasta 115 kilómetros por hora, que han dificultado las operaciones de los medios aéreos.

En total, unas 5.000 personas han sido evacuadas en la provincia en los dos últimos días por el avance de las llamas, en su mayoría a causa de un incendio de Bradley Creek, al norte de lago Okanagna, que fue descubierto el sábado y que hoy ya había consumido unas 2.600 hectáreas de bosque.

Según los datos del Sistema Canadiense de Información de Incendios Forestales, este lunes hay activos 787 fuegos en todo el país, tras la aparición de 15 nuevos incendios en las últimas 24 horas.

Los Territorios del Noroeste tienen 215 incendios forestales activos, mientras que Ontario suma 166, Columbia Británica 131 y Quebec 110.

Desde el inicio del año, Canadá ha sufrido ya 4.446 incendios forestales, que han quemado 3,8 millones de hectáreas de bosque.

En 2023, Canadá sufrió su peor temporada de incendios forestales, con 18,5 millones de hectáreas quemadas, más del doble que el anterior récord, registrado en 1995, cuando ardieron alrededor de 7,5 millones de hectáreas.

En 2025, la superficie quemada por las llamas ascendió a unos nueve millones de hectáreas.

En julio, el presidente de EE.UU., Donald Trump, amenazó a Canadá con nuevos aranceles por la contaminación causada en algunos estados de Estados Unidos por el humo de los incendios forestales.

Trump acusó a Canadá de «negligencia deliberada» por no gestionar de forma adecuada sus bosques y afirmó que los efectos del humo estaban costando a Estados Unidos miles de millones de dólares.",https://larazon.bo/mundo/2026/08/03/los-incendios-forestales-se-recrudecen-en-el-oeste-de-canada/
La Razón,2026-08-03,Economía y Empresa,"Política cambiaria, inversión y competitividad centran el foro económico de la CNC","La Cámara Nacional de Comercio ( CNC ) presentó este lunes el programa oficial de su Foro Económico que se llevará a cabo el martes en la ciudad de La Paz. La temáticas centrales serán Política cambiaria, inversión y competitividad.

La CNC reunirá a autoridades, organismos internacionales, analistas y representantes del sector privado en un foro económico que buscará analizar los principales desafíos de la economía boliviana, la política monetaria, las perspectivas de inversión y las oportunidades para fortalecer la competitividad empresarial.

La agenda contempla la participación de representantes del Gobierno, del Banco Central de Bolivia (BCB), del Banco Mundial, la CAF, la Cámara de Comercio de Bogotá y ejecutivos del sector empresarial, quienes abordarán temas relacionados con el crecimiento económico, el comercio exterior, el mercado laboral y la atracción de inversiones.

Uno de los espacios centrales del encuentro será la exposición del Ente Emisor sobre la orientación de la política económica y cambiaria, en un contexto marcado por ajustes en el mercado de divisas y la necesidad de fortalecer la estabilidad macroeconómica.

Vea también: CNC anuncia tercera versión de su Foro Económico para debatir los desafíos del país

Posteriormente, especialistas debatirán sobre política monetaria y desarrollo económico, con la participación de representantes del sistema financiero, la academia y analistas económicos.

El foro, en su tercera versión, también pondrá énfasis en la generación de empleo y la transformación del mercado laboral. En ese marco se presentará un estudio del Observatorio Nacional de Trabajo sobre la demanda de empleo remoto en Bolivia, un segmento que ganó relevancia dentro del mercado laboral nacional.

En materia de comercio e inversión, el programa incluye conferencias sobre internacionalización y comercio exterior, así como una exposición del economista país del Banco Mundial sobre planificación estratégica e inteligencia para la inversión. A ello se sumará un panel sobre entorno económico y competitividad empresarial, con representantes de la CAF, empresas privadas y organizaciones de desarrollo.

La jornada concluirá con un conversatorio entre economistas, organismos multilaterales y líderes empresariales para intercambiar criterios sobre las perspectivas económicas de Bolivia y la región, en un escenario donde el sector privado busca identificar oportunidades para impulsar la inversión, el empleo y el crecimiento sostenible.",https://larazon.bo/economia-y-empresa/2026/08/03/politica-cambiaria-inversion-y-competitividad-centran-el-foro-economico-de-la-cnc/
La Razón,2026-08-03,Economía y Empresa,Carine Clert asume la representación del Banco Mundial en Bolivia,"El Grupo Banco Mundial designó a Carine Clert como nueva Representante Residente en Bolivia, cargo desde el que dirigirá el programa de apoyo de la institución al sector público y privado.

El nombramiento surge en un momento en que el organismo administra una cartera activa cercana a $us 1.200 millones y prepara nuevas inversiones en infraestructura, energía, logística y agricultura.

La economista francesa reemplaza a Camille Nuamah y cuenta con más de 25 años de experiencia en desarrollo internacional, con trayectoria en América Latina, Europa, Oriente Medio y África.

Su llegada coincide con una etapa en la que el Banco Mundial mantiene siete operaciones de inversión en ejecución, enfocadas en protección social, transporte, desarrollo urbano, agricultura, energía y recursos hídricos. Además, dispone de $us 14 millones en recursos no reembolsables destinados a proyectos de género, medioambiente y empleo, mientras impulsa nuevas iniciativas relacionadas con corredores de transporte y logística, gas natural, energías renovables y cadenas de valor agrícolas.

El organismo también desarrolla estudios y asistencia técnica sobre temas macroeconómicos, pobreza, equidad, gobernanza y fortalecimiento del sector privado, con el respaldo de la Corporación Financiera Internacional (IFC) y el Organismo Multilateral de Garantía de Inversiones (MIGA).

Consulte: Tras acuerdo con el FMI, el Banco Mundial dice estar listo para profundizar alianza con Bolivia

Antes de asumir la representación en Bolivia, Clert estuvo a cargo de los programas del Banco Mundial en El Salvador y Costa Rica, donde administró una cartera superior a $us 3.600 millones en financiamiento para proyectos de infraestructura, energía, agricultura, turismo, vivienda, asociaciones público-privadas y acceso al crédito para micro, pequeñas y medianas empresas.

La nueva representante también ocupó cargos de liderazgo en las prácticas globales de Protección Social y Empleo y Desarrollo Humano del Banco Mundial. Es doctora en Política Social por la London School of Economics.

Con este nombramiento, el Grupo Banco Mundial busca fortalecer su cooperación con Bolivia en áreas estratégicas para el crecimiento económico, la inversión y el desarrollo sostenible, en un contexto en el que el país enfrenta desafíos para impulsar la productividad, atraer financiamiento y mejorar su infraestructura.",https://larazon.bo/economia-y-empresa/2026/08/03/carine-clert-asume-la-representacion-del-banco-mundial-en-bolivia/
La Razón,2026-08-03,Nacional,Los nueve gobernadores llegarán a Sucre para debatir con Paz la reforma del Estado y el 50/50,"Los nueve gobernadores del país confirmaron su asistencia a la reunión convocada por el presidente Rodrigo Paz, que se realizará este miércoles en la Casa de la Libertad, en Sucre, con el objetivo de debatir la propuesta del acuerdo nacional del 50/50 y posibles cambios en la estructura del Estado.

El jefe de Gabinete de la Gobernación de Chuquisaca, Juan Carlos Astroya, informó que el encuentro cambió de sede y tendrá lugar en la Casa de la Libertad, donde las autoridades departamentales y el Ejecutivo sostendrán un diálogo sobre la agenda planteada por el Gobierno.

Uno de los principales temas será la propuesta del 50/50, que plantea una nueva distribución de recursos hacia los gobiernos subnacionales.

Lea también: Reglamentan la importación y comercialización privada de diésel y gasolina

El presidente Paz afirmó que el debate trasciende el aspecto económico y busca impulsar una transformación del Estado con una visión de mediano y largo plazo. En ese marco, sostuvo que el país necesita superar el modelo centralista y construir acuerdos entre los distintos niveles de gobierno.

«Para eso se requiere una gran alianza por encima de intereses políticos», manifestó el mandatario.

El Gobierno también confirmó una reunión técnica previa para revisar las propuestas que presentarán las gobernaciones antes del encuentro con el Presidente.

Por su parte, el gobernador de Santa Cruz, Juan Pablo Velasco, expresó su expectativa de que esa instancia permita alcanzar consensos y facilite el desarrollo de la reunión entre el Ejecutivo y las autoridades departamentales.

El país atraviesa un momento complicado por la crisis económica, política e institucional.",https://larazon.bo/nacional/2026/08/03/los-nueve-gobernadores-llegaran-a-sucre-para-debatir-con-paz-la-reforma-del-estado-y-el-50-50/
La Razón,2026-08-03,Nacional,FFAA descartan militarización en San Matías y aseguran presencia permanente en las fronteras,"El comandante en jefe de las Fuerzas Armadas, Víctor Hugo Balderrama, afirmó este lunes que la presencia de efectivos militares en las zonas fronterizas, incluido el municipio cruceño de San Matías, responde a las tareas habituales de resguardo del territorio y no constituye un proceso de militarización.

«La presencia de nuestras unidades en la frontera es permanente. Siempre han estado nuestras unidades en la frontera; no se puede hablar de militarización», declaró la autoridad.

Balderrama explicó que las Fuerzas Armadas desarrollan operativos de forma coordinada con la Policía Boliviana para enfrentar actividades delictivas, en el marco del estado de Excepción que rige en el país desde el 20 de junio.

Lea también: Reglamentan la importación y comercialización privada de diésel y gasolina

En los últimos días, se registró una escalada de violencia registrada en San Matías, donde un ataque armado dejó cuatro personas fallecidas en una estancia. Días más tarde, el subteniente de la Policía Yerson Salazar murió durante un operativo de investigación y su cuerpo apareció calcinado y semienterrado.

El comandante en jefe señaló que las Fuerzas Armadas mantienen la misión de proteger a la población y resguardar la seguridad del Estado en coordinación con la Policía, especialmente en zonas de frontera.

En tan solo cinco días, nueve personas fueron acribilladas en el país. La Policía aseguró que se trata de una disputa entre los grupos brasileños Primeiro Comando da Capital (PCC) y el Comando Vermelho.

El ministro de Gobierno, Marco Antonio Oviedo, aseguró que ambos grupos criminales pelean por el control de un corredor utilizado para el tráfico internacional de drogas.",https://larazon.bo/nacional/2026/08/03/ffaa-descartan-militarizacion-en-san-matias-y-aseguran-presencia-permanente-en-las-fronteras/
La Razón,2026-08-03,Economía y Empresa,Doria Medina proyecta un superávit comercial gracias a la minería,"El empresario y líder político Samuel Doria Medina afirmó que el fuerte incremento en las exportaciones mineras impulsa el ingreso de divisas al país y estimó que Bolivia podría cerrar 2026 con un superávit comercial cercano a $us 3.000 millones.

El líder de Unidad Nacional aclaró que ello ocurrirá siempre que el Gobierno adopte medidas para canalizar esos recursos hacia la estabilización del mercado cambiario.

«Si el gobierno crea las condiciones financieras adecuadas, buena parte de estos recursos servirán a la estabilización del tipo de cambio y mejorarán las condiciones de importación de productos», puntualizó.

A través de una publicación en la red social X, Doria Medina señaló que el desempeño del sector minero durante el primer semestre del año estuvo marcado por un incremento interanual de 180% en las exportaciones de plata y de 175% en las de oro, lo que permitió que el valor total de las exportaciones creciera 55% respecto al mismo periodo de 2025.

Según el empresario, este dinamismo permitiría que el país exporte más de lo que importe durante la presente gestión, generando un superávit comercial de alrededor de $us 3.000 millones.

Consulte : El estaño abre agosto en $us 24,33 y el oro supera $us 4.000

La minería vuelve a traer dólares al país. En el primer semestre, un aumento interanual de 180% de la plata y de 175% del oro ha determinado que las exportaciones se eleven en 55% respecto al mismo periodo de 2025. Se puede estimar que este año tendremos un superávit comercial…

— Samuel Doria Medina (@SDoriaMedina) August 3, 2026

Doria Medina sostuvo que, si el Gobierno establece condiciones financieras adecuadas, una parte importante de esos ingresos en divisas podría contribuir a estabilizar el tipo de cambio, mejorar el acceso a dólares para las importaciones y facilitar la compra de productos estratégicos, especialmente combustibles.

Asimismo, consideró que el fortalecimiento de las exportaciones mineras podría convertirse en uno de los factores que impulsen la recuperación del crecimiento económico en 2027.

Las declaraciones se producen en un contexto en el que la minería se consolida como uno de los principales generadores de divisas para Bolivia, mientras el país busca fortalecer sus reservas internacionales y mejorar la disponibilidad de moneda extranjera para atender la demanda del sector productivo y comercial.",https://larazon.bo/economia-y-empresa/2026/08/03/doria-medina-proyecta-un-superavit-comercial-gracias-a-la-mineria/
La Razón,2026-08-03,Mundo,"Petro alerta de ‘toneladas de explosivos’ en Cali, donde jurará De la Espriella","El presidente saliente de Colombia, Gustavo Petro, alertó este lunes de la existencia de «decenas de toneladas de explosivos en Cali», capital del departamento del Valle del Cauca (suroeste), donde el presidente electo, Abelardo de la Espriella, tomará posesión este viernes.

«Sabemos de la existencia de decenas de toneladas de explosivos en Cali. Los grupos del narcotráfico quieren actuar de manera terrorista para dar la excusa de la conmoción interior», expresó el mandatario en un extenso mensaje publicado en X, sin dar detalles.

La conmoción interior es una figura prevista en la Constitución colombiana que permite al Gobierno dictar decretos para conjurar una perturbación grave del orden público por un máximo de 90 días.

La seguridad de la investidura de De la Espriella está a cargo de más de 11.000 miembros de las Fuerzas Militares y de Policía para prevenir cualquier incidente violento en Cali, situada en una región muy golpeada por el conflicto armado, principalmente por las disidencias de las antiguas FARC.

Petro, que no reconoce el triunfo electoral de De la Espriella pero le entregará el poder el 7 de agosto, también se refirió a las concentraciones convocadas por la oposición en Cali, Barranquilla y Bogotá con motivo de la investidura.

«El 7 de agosto, dadas las informaciones que disponemos, deben ser de mucha paz las concentraciones del pueblo en Cali, Barranquilla y Bogotá», escribió el mandatario, quien ejercerá una dura oposición a De la Espriella después de dejar el cargo y tomar unas vacaciones.

A medida que se acerca la posesión presidencial, Petro ha incrementado el tono combativo de sus publicaciones en redes sociales y ha criticado los anuncios del presidente electo, de quien asegura temer que derogue «por decreto las leyes de las reformas sociales por sorpresa».

En otro mensaje publicado este lunes, el mandatario pidió crear «guardias libertadoras», que definió como «formas de milicia popular» que deben actuar «en coordinación con el Ejército Nacional allí donde el Ejército decida cumplir con la orden constitucional de defender al pueblo».

Además, afirmó que estas organizaciones «solo obedecen órdenes de su comunidad en asamblea», que decidirá «si deben armarse o no, de acuerdo a la magnitud de la agresión».

Al acto de posesión, en el que De la Espriella prestará juramento como presidente de la República, que se celebrará el próximo 7 de agosto en la Arena USC de la Universidad Santiago de Cali y no en el Salón Elíptico del Capitolio Nacional, no asistirá ningún miembro del partido de Petro, el Pacto Histórico.

Están confirmadas en cambio la asistencia del rey Felipe VI de España, de los presidentes de Argentina, Javier Milei; Ecuador, Daniel Noboa; Paraguay, Santiago Peña; Costa Rica, Laura Fernández; Panamá, José Raúl Mulino; República Dominicana, Luis Abinader; Chile, José Antonio Kast, y Honduras, Nasry Asfura.

Igualmente estarán en Cali los vicepresidentes de El Salvador, Félix Ulloa, y de Guatemala Karin Herrera, así como el primer ministro de Curazao, Gilmar Pisa, y los cancilleres de Brasil, Mauro Vieira, y de Israel, Gideon Sa’ar, entre otros.",https://larazon.bo/mundo/2026/08/03/petro-alerta-de-toneladas-de-explosivos-en-cali-donde-jurara-de-la-espriella/
La Razón,2026-08-03,Nacional,Ministro: ‘Comando Vermelho y PCC se disputan un corredor para sacar droga’,"El ministro de Gobierno, Marco Antonio Oviedo, afirmó este lunes que las organizaciones criminales brasileñas Comando Vermelho y Primer Comando Capital (PCC) mantienen una disputa armada en territorio boliviano por el control de un corredor utilizado para el tráfico internacional de drogas.

La declaración surge en medio de la escalada de violencia registrada en la zona fronteriza de Santa Cruz con Brasil, particularmente en los municipios de San Matías y San Ignacio de Velasco, donde una serie de enfrentamientos, emboscadas y operativos policiales dejó al menos nueve personas fallecidas, entre ellas un subteniente de la Policía Boliviana.

«Es muy difícil combatir lo que estamos combatiendo. Hay dos grandes clanes delictivos de Brasil que se están enfrentando en Bolivia, que se están disputando un territorio en nuestra patria. El Comando Vermelho y el PCC hoy día se están disputando un corredor por el cual los narcotraficantes sacan droga al exterior», sostuvo Oviedo.

Los hechos de violencia comenzaron a intensificarse desde el pasado 30 de julio. En San Matías, un grupo armado emboscó a efectivos policiales durante un operativo, provocando la muerte del subteniente Aldo Terrazas e hiriendo a otros uniformados.

Posteriormente, las fuerzas del orden desplegaron un amplio contingente en la región para capturar a los responsables, entre ellos Adán Licer Olivera Barbery, alias «El Grillo», identificado como uno de los principales objetivos de la investigación.

En el marco de esas operaciones, la Policía localizó una pista clandestina, una aeronave presuntamente utilizada para actividades ilícitas y combustible de aviación, elementos que fortalecieron la hipótesis de que la zona era utilizada como parte de una ruta del narcotráfico hacia Brasil.

Paralelamente, en San Ignacio de Velasco también se reportaron hechos violentos vinculados con presuntas organizaciones criminales transnacionales, lo que motivó el reforzamiento de la presencia policial y militar en la región oriental.

Frente a este escenario, el ministro aseguró que el Gobierno mantendrá la ofensiva contra estas estructuras delictivas.

«Esto no se va a quedar así, lo vamos a combatir», advirtió.

Oviedo señaló que el Ejecutivo trabaja para fortalecer las capacidades operativas de la Policía Boliviana y mejorar la cooperación internacional en materia de inteligencia.

«Trabajamos con la Policía para darles mejores elementos, pero también conectándola con policías y sistemas de Inteligencia en el exterior», afirmó.

Las autoridades sostienen que los recientes hechos evidencian la presencia y el avance de organizaciones criminales transnacionales en la frontera con Brasil, por lo que anunciaron que los operativos continuarán hasta desarticular las redes vinculadas al narcotráfico y esclarecer los hechos de violencia registrados durante los últimos días .",https://larazon.bo/nacional/2026/08/03/ministro-comando-vermelho-y-pcc-se-disputan-un-corredor-para-sacar-droga/
La Razón,2026-08-03,Economía y Empresa,Cochabamba ultima detalles para la Feria Minera Industrial 2026 y su rueda de negocios,"La Feria minera Industrial de Cochabamba (Femic) 2026 reunirá a empresas proveedoras, exportadores, operadores mineros e inversionistas del 22 al 24 de octubre. El evento incluirá una rueda de negocios para fortalecer alianzas comerciales y promover el desarrollo del sector.

Un encuentro –que según los organizadores– cada año apunta a consolidarse como uno de los principales espacios de vinculación empresarial para la cadena productiva de la minería en Bolivia.

Asistirán proveedores, empresas, profesionales e instituciones vinculadas al sector con el objetivo de generar oportunidades de negocio, promover la innovación tecnológica y fortalecer la competitividad de la industria minera.

Uno de los principales atractivos de la feria será la Rueda de Negocios, programada para el 23 de octubre, donde empresas del rubro podrán establecer contactos comerciales, identificar nuevos proveedores y explorar oportunidades de inversión y cooperación.

Revise también: Cochabamba será sede de la primera feria minera Femic 2026

De acuerdo con la organización, la Femic 2026 busca convertirse en una plataforma para conectar a los diferentes actores de la industria, facilitar el intercambio de experiencias y presentar soluciones tecnológicas orientadas a mejorar la productividad y eficiencia de las operaciones mineras.

La feria también estará enfocada en impulsar el crecimiento de las empresas proveedoras de bienes y servicios para la minería, un segmento estratégico que genera encadenamientos productivos con la industria metalmecánica, el transporte, la construcción, los servicios especializados y el comercio.

El encuentro es organizado con el respaldo de Feicobol, Fepco, la Cámara Departamental de Minería de Cochabamba, Cámara de Exportadores de Cochabamba ( Cadexco ) y AXS Bolivia. Estas instituciones buscan promover un espacio de articulación entre el sector privado, operadores mineros e inversionistas.

En un contexto en el que la minería continúa siendo uno de los principales generadores de divisas para Bolivia, la realización de la Femic 2026 apunta a fortalecer el ecosistema empresarial del sector. Así como fomentar nuevas alianzas estratégicas y abrir oportunidades para la incorporación de innovación y tecnología en la actividad minera.",https://larazon.bo/economia-y-empresa/2026/08/03/cochabamba-ultima-detalles-para-la-feria-minera-industrial-2026-y-su-rueda-de-negocios/
La Razón,2026-08-03,Sociedad,Sarampión: Sedes La Paz dispone control del carnet de vacunación en terminales,"El Servicio Departamental de Salud (Sedes) de La Paz activó el Comité de Operaciones de Emergencia (COE) Salud en el que se dispuso el control del carnet de vacunación contra el sarampión en terminales terrestres y aeropuertos.

Esta medida busca evitar la propagación de la enfermedad, tras confirmarse un caso positivo en el departamento.

Según el reporte del Sedes, el COE congregó a coordinadores de redes de salud, directores de hospitales de segundo y tercer nivel e instituciones, para coordinar y definir acciones contra esta enfermedad viral.

Entre las principales determinaciones están: la aplicación de las medidas establecidas en el marco de la emergencia sanitaria, el apoyo coordinado de todos los niveles del sistema de salud y la redistribución de recursos humanos y logísticos.

Además del fortalecimiento de la vigilancia epidemiológica y control del carnet de vacunación en terminales terrestres y el aeropuerto.

También señalaron que se intensificarán la vacunación en establecimientos educativos y otros espacios de concentración de personas para contener la transmisión de la enfermedad.

El pasado miércoles, el Ministerio de Salud confirmó un caso positivo de sarampión en el departamento de La Paz, el cual se trataba de un estudiante bolivianos que retornó de una vacación en Perú.

Ante la emergencia, el Gobierno Municipal de La Paz activó de manera inmediata el protocolo epidemiológico de respuesta para evitar la propagación de la enfermedad y aseguró la disponibilidad de vacunas en los 67 centros de salud municipales y los cinco hospitales de segundo nivel.",https://larazon.bo/sociedad/2026/08/03/sarampion-sedes-la-paz-dispone-control-del-carnet-de-vacunacion-en-terminales/
La Razón,2026-08-03,Economía y Empresa,SIN flexibiliza facilidades de pago y evita sanciones por cuotas impagas de junio y julio,"El Servicio de Impuestos Nacionales ( SIN ) determinó flexibilizar, de manera excepcional, el régimen de facilidades de pago para evitar que los contribuyentes sean perjudicados por inconvenientes derivados de la modernización de su plataforma tecnológica.

Mediante la Resolución Normativa de Directorio (RND), la administración tributaria dispuso que las cuotas mensuales correspondientes a mayo, junio y julio de 2026 que no se cancelaron no se calificarán como «observadas», por lo que no activarán la causal de incumplimiento prevista en el reglamento de facilidades de pago.

La medida beneficia a los contribuyentes que mantienen planes de pago vigentes y responde a las dificultades ocasionadas por los trabajos de adecuación, validación y estabilización de la información en la Oficina Virtual Tributaria (OVT), proceso que limitó el normal cumplimiento de las obligaciones tributarias durante ese periodo.

Lea: Impuestos incorpora doble verificación para reforzar seguridad Virtual Tributaria

La nueva normativa establece que las cuotas pendientes de mayo, junio y julio deberán incorporarse y cancelarse en las cuotas posteriores del plan de pagos, sin que ello implique la pérdida del beneficio otorgado por el SIN.

En el caso de los contribuyentes cuya última cuota estaba programada para alguno de esos tres meses, la administración tributaria amplió el plazo hasta el 31 de agosto de 2026 para que puedan cancelar el saldo pendiente y regularizar su situación.

Con esta decisión, el SIN busca evitar que las fallas o ajustes técnicos en su plataforma digital deriven en sanciones o en la anulación de las facilidades de pago otorgadas a los contribuyentes.

La entidad sostuvo que la medida forma parte de su política de acompañamiento durante el proceso de modernización tecnológica y tiene como objetivo garantizar que la transición hacia servicios digitales más eficientes no afecte el cumplimiento voluntario de las obligaciones tributarias.

La flexibilización representa un alivio temporal para empresas y personas con planes de pago vigentes, al preservar la continuidad de estos acuerdos mientras concluye la estabilización de los sistemas informáticos del ente recaudador.",https://larazon.bo/economia-y-empresa/2026/08/03/sin-flexibiliza-facilidades-de-pago-y-evita-sanciones-por-cuotas-impagas/
La Razón,2026-08-03,Nacional,Brasil instalará una oficina permanente de su Policía Federal en Bolivia,"El Gobierno anunció este lunes que la Policía Federal de Brasil abrirá una oficina permanente en Bolivia para fortalecer la cooperación en inteligencia y las investigaciones contra organizaciones criminales.

La decisión es una respuesta a la escalada de violencia registrada en la frontera con el vecino país.

El ministro de Gobierno, Marco Antonio Oviedo, informó que la iniciativa permitirá un intercambio continuo de información entre ambos Estados y estará acompañada por el despliegue de efectivos bolivianos en territorio brasileño.

“Va a haber una oficina permanente de la Policía Federal en Bolivia, se va a instalar la Policía Federal. Va a haber Policía Boliviana en el Brasil para tener un flujo de inteligencia y de información continuo, y va a haber una tarea de apoyo logístico del gobierno brasilero a través de la Policía Federal”, señaló la autoridad.

Oviedo explicó que la decisión responde a los compromisos asumidos por el presidente Rodrigo Paz y su homólogo brasileño, Luiz Inácio Lula da Silva, durante la reunión bilateral que sostuvieron en abril, cuando ambos gobiernos acordaron profundizar la cooperación en seguridad fronteriza.

Como parte de esa estrategia, el ministro anunció que en las próximas dos semanas será presentado el plan «Fronteras Seguras», que contempla operativos coordinados entre Bolivia y Brasil para combatir el narcotráfico y otras actividades ilícitas en zonas limítrofes.

Las acciones estarán concentradas en municipios estratégicos como Cobija, Guayaramerín, San Matías y Puerto Suárez, identificados por las autoridades como corredores utilizados por organizaciones criminales para el tráfico de drogas y el ingreso de sicarios.

“Son puntos por los cuales sale la droga, ingresan los malhechores, y vamos a hacer un acto conjunto entre la Policía Boliviana y la Policía brasileña”, afirmó.

El anuncio se produce después de una serie de hechos violentos registrados en el departamento de Santa Cruz.

En apenas cinco días, nueve personas perdieron la vida en ataques ocurridos principalmente en San Matías y San Ignacio de Velasco, municipios fronterizos donde las autoridades intensificaron los operativos de seguridad.

Entre las víctimas figura un subteniente de la Policía Boliviana, quien murió mientras participaba en las investigaciones de los crímenes registrados en San Matías.

Tras ese hecho, la institución desplegó más de 200 efectivos para reforzar el control en esa región y posteriormente amplió los operativos hacia San Ignacio de Velasco.

El Gobierno atribuye esta ola de violencia a una disputa entre las organizaciones criminales brasileñas Primer Comando Capital (PCC) y Comando Vermelho, que, según las investigaciones, buscan controlar un corredor estratégico utilizado para sacar droga desde Bolivia hacia mercados internacionales.

Frente a ese escenario, el Ejecutivo considera que la coordinación permanente con la Policía Federal de Brasil será clave para fortalecer las labores de inteligencia y enfrentar el crimen organizado transnacional.",https://larazon.bo/nacional/2026/08/03/brasil-instalara-una-oficina-permanente-de-su-policia-federal-en-bolivia/
La Razón,2026-08-03,Nacional,"A diferencia de Sokol, Gobierno dice que la aprehensión de Evo sí es prioridad","El Ministerio de Gobierno reafirmó este lunes que la ejecución de la orden de aprehensión contra el expresidente Evo Morales constituye una «tarea prioritaria» para el Estado, en cumplimiento de las resoluciones judiciales y dentro del marco de la Constitución Política del Estado y la normativa vigente.

Así reaccionó la cartera de Estado en un comunicado oficial, luego que el comandante general de la Policía Boliviana, Mirko Sokol, señalara que la captura del exmandatario «no es una prioridad» para la institución policial y expresara observaciones sobre la fortaleza del proceso judicial.

Frente a esas declaraciones, la cartera de Estado ratificó que el Gobierno mantiene el compromiso de hacer cumplir las decisiones emitidas por las autoridades jurisdiccionales y recordó que ninguna persona está por encima de la ley.

«La ejecución de la orden de aprehensión constituye una tarea prioritaria para el Estado, en estricto cumplimiento de las resoluciones judiciales y del ordenamiento jurídico vigente», señala el comunicado difundido por el Ministerio de Gobierno.

La institución también sostuvo que las determinaciones judiciales deben ser ejecutadas «sin distinción, privilegios ni consideraciones de carácter político», en apego a los principios constitucionales y al Estado de derecho.

Asimismo, aseguró que cualquier acción destinada a hacer efectiva la orden de aprehensión será desarrollada con responsabilidad y dentro de los protocolos establecidos para preservar la seguridad ciudadana.

«Todas las acciones orientadas al cumplimiento de las resoluciones judiciales serán ejecutadas con responsabilidad, profesionalismo y proporcionalidad, preservando la seguridad de la población, el orden público y la paz social, y evitando cualquier escenario que ponga en riesgo la integridad de los ciudadanos o de los servidores públicos», añade el documento.

La posición oficial evidencia una diferencia con las declaraciones realizadas por Sokol, quien había señalado que la prioridad institucional se encontraba en la lucha contra el crimen organizado y que la captura de Morales no figuraba entre las acciones inmediatas de la Policía Boliviana.

Con el comunicado, el Ministerio de Gobierno ratificó que la orden judicial contra el exmandatario continúa vigente y que su cumplimiento forma parte de las prioridades del Ejecutivo.",https://larazon.bo/nacional/2026/08/03/a-diferencia-de-sokol-gobierno-dice-que-la-aprehension-de-evo-si-es-prioridad/
La Razón,2026-08-03,Mundo,Venezuela supera las 6.000 muertes por los dos terremotos,"El número de muertos en Venezuela por el devastador doble terremoto del pasado 24 de junio alcanzó los 6.125, tras sumar otros 579 fallecidos con respecto al balance anterior, según cifras publicadas este lunes por el presidente del Parlamento, Jorge Rodríguez.

Las autoridades no actualizaban ese número desde el pasado 24 de julio, cuando se cumplió un mes de los sismos de magnitud 7,2 y 7,5 ocurridos en la zona norte del país.

El también hermano de la mandataria encargada, Delcy Rodríguez, indicó que 60.992 personas han sido atendidas en hospitales.

El nuevo balance tiene un diseño distinto a los anteriores y excluye cifras como la de heridos, damnificados y edificios colapsados e incluye otras como la de viviendas entregadas, que son 287.

El «boletín informativo semanal» correspondiente a la «etapa de reconstrucción» señala también que 43.679 viviendas han sido evaluadas y que, de un total de 41.624, hay 9.866 «restringidas» y 6.433 en «alto riesgo».

En cambio, 25.325 de las viviendas afectadas son habitables, aseguró Rodríguez.

Además, 346.755 toneladas de escombros han sido recogidos, según el balance.

La ONG venezolana Provea exigió este lunes al Gobierno actualizar la cifra de fallecidos y la de desaparecidos, esta última congelada desde el 25 de junio, cuando las autoridades informaron de 157 personas sin localizar.

Iniciativas ciudadanas como ‘Desaparecidos Terremoto Venezuela’ han denunciado más de 29.000 personas en paradero desconocido y, según Provea, no hay «un registro público que respalde».

El Gobierno y un grupo opositor, que comenzaron el sábado un proceso de diálogo impulsado por Estados Unidos para una transición, se comprometieron a abordar esta semana en una reunión en Caracas la atención a las víctimas de los sismos, así como temas relacionados con la democracia y las garantías políticas.

El Banco Mundial estima en 19.600 millones de dólares los daños físicos directos y advirtió recientemente que una reconstrucción lenta podría frenar la recuperación económica del país petrolero durante la próxima década.",https://larazon.bo/mundo/2026/08/03/venezuela-supera-las-6-000-muertes-por-los-dos-terremotos/
La Razón,2026-08-03,Nacional,Zambrana le dice ‘sinvergüenza’ a Sokol por ser ‘selectivo’ con las capturas,"El vicepresidente del Comité Pro Santa Cruz, Agustín Zambrana, cuestionó este lunes al comandante general de la Policía Boliviana, Mirko Sokol, por sostener que la aprehensión del expresidente Evo Morales no constituye una prioridad para la institución y le exigió cumplir la orden judicial vigente.

El dirigente cívico afirmó que la Policía no puede decidir qué mandamientos judiciales ejecutar y cuáles postergar, al considerar que todos deben cumplirse conforme establece la ley.

“No sea sinvergüenza, comandante. Usted no puede ser selectivo con las órdenes de aprehensión, eligiendo cuál es de su preferencia para ejecutar. Usted tiene un mandato de ley, un mandato de justicia que le dice qué es lo que debe hacer”, manifestó Zambrana.

Asimismo, anunció que el Comité Pro Santa Cruz continuará impulsando acciones para exigir que se haga efectiva la captura del exmandatario.

“En los próximos días vamos a seguir presionando y utilizando todos los mecanismos que nos da el ordenamiento jurídico para exigir el cumplimiento de esa orden”, sostuvo.

Zambrana también aseguró que el Ministerio Público ya cumplió con las actuaciones que le corresponden dentro del proceso, al admitir la denuncia, tipificar los presuntos delitos, desarrollar la investigación e identificar al supuesto responsable.

En ese contexto, insistió en que ahora corresponde a la Policía ejecutar la orden de aprehensión emitida por la autoridad judicial.

“Por eso le digo: no sea sinvergüenza, comandante. Nos conocemos, es un pueblo chico, ya todos somos viejotes y peludos”, afirmó.

Las declaraciones del dirigente se producen después de que Sokol señalara que la captura de Morales no constituye una prioridad para la Policía Boliviana.

Posteriormente, el Ministerio de Gobierno emitió un comunicado en el que ratificó que la ejecución de la orden de aprehensión contra el expresidente es una «tarea prioritaria» del Estado y debe cumplirse en estricto apego a las resoluciones judiciales vigentes.",https://larazon.bo/nacional/2026/08/03/zambrana-le-dice-sinverguenza-a-sokol-por-ser-selectivo-con-las-capturas/
La Razón,2026-08-03,"Marcas, Polideportivo",Isabela Kilibarda destaca con sus triunfos en el Nacional,"La tarijeña Isabela Kilibarda destacó en el Campeonato Nacional Rápido y Blitz de ajedrez que se llevó adelante el fin de semana en Potosí, donde el Candidato a Maestro (CM) orureño Daniel Titichoca triunfó en el Rápido y el local Humberto Bracamonte venció en Blitz.

Entre sábado y domingo se disputó el torneo con la participación de 59 pensadores de diferentes partes del país que compitieron en el coliseo Ciudad de Potosí.

Kilibarda fue la más destacada por los dos primeros puestos que logró en la rama femenina.

TAMBIÉN PUEDE LEER:

Bolivia conquista dos títulos y tres subcampeonatos en Paraguay

El torneo Rápido se jugó a siete rondas de 10 minutos más cinco segundos de incremento por movimiento.

Hubo un empate en el primer puesto de damas a 4,5 puntos entre la tarijeña y la potosina Nicole Martínez, pero Isabela salió vencedora gracias al sistema de desempate.

El campeonato Blitz se disputó a nueve rondas de tres minutos más dos segundos de incremento por jugada.

Kilibarda acabó primera al lograr 6 puntos. Detrás de ella se ubicaron las potosinas Davinia Sustacha (5,5) y Nicole Martínez (5).

Titichoca se impuso en el Rápido Absoluto con 7 unidades. Completaron el podio el Maestro Fide (MF) potosino Fernando Bolaños (6) y Bracamonte (5,5).

Bracamonte fue el mejor del Blitz Absoluto (9), seguido por Bolaños y Titichoca (ambos con 7).",https://larazon.bo/marcas/2026/08/03/isabela-kilibarda-destaca-con-sus-triunfos-en-el-nacional/
La Razón,2026-08-03,Nacional,Conforman comité para frenar proyecto del Túnel del Aguaragüe,"La Asamblea del Pueblo Guaraní (APG) Zona Yaku-Igua conformó el Comité de Defensa del Aguaragüe, una instancia organizativa creada con el objetivo de frenar la ejecución del proyecto caminero del Túnel del Aguaragüe y exigir el respeto a las normas ambientales y territoriales. La determinación surge tras la promulgación del Decreto Supremo 5648 por parte del Gobierno nacional, que declara el túnel como una obra de prioridad nacional.

La nueva directiva está integrada por Roberto Torrez como presidente, Adela Cuéllar como vicepresidenta, Richard Caguay como secretario y Sandra Romero como responsable de Comunicación. Los dirigentes aclararon que el sector no se opone al desarrollo del Gran Chaco, pero exige que se garantice el derecho constitucional a la consulta previa, libre e informada, además de la protección de las recargas hídricas de la serranía.

Julián Pizarro, capitán grande zonal de la APG Yaku-Igua, expresó un abierto rechazo al decreto firmado el 6 de julio por el presidente Rodrigo Paz, al considerar que vulnera los derechos colectivos de las comunidades y pone en riesgo el ecosistema del Parque Nacional y Área Natural de Manejo Integrado Aguaragüe, según un reporte de Radio Soberanía Yacuiba.

«El Aguaragüe no es únicamente una serranía, es la fuente de vida de nuestros pueblos. Defenderlo es defender la vida, porque ahí nace el agua que abastece a comunidades, municipios y ecosistemas», afirmó Pizarro. En la misma línea, Torrez recordó los impactos socioambientales que dejó la actividad hidrocarburífera en comunidades como Sanandita y aseguró que no permitirán nuevas afectaciones al ecosistema.

El proyecto prevé la construcción de un túnel de 1.200 metros de longitud, con una inversión estimada de 50 millones de dólares, para conectar Yacuiba y Caraparí y consolidar un corredor bioceánico con Argentina y Paraguay.

Frente a la postura de la organización indígena, el presidente del Comité Cívico de Yacuiba, Gilberto Ponce, planteó al Gobierno nacional y a las autoridades subnacionales la apertura de un espacio de concertación con la APG.

Ponce propuso conformar una comisión técnica para evaluar la viabilidad del proyecto e incluso realizar una inspección al túnel de Incahuasi, con el fin de analizar alternativas de canalización hídrica que eviten impactos en la reserva.",https://larazon.bo/nacional/2026/08/03/conforman-comite-para-frenar-proyecto-del-tunel-del-aguarague/
La Razón,2026-08-03,Sociedad,Potosí: 86% de habitantes tienen plomo en sangre por minería en Cantumarca,"Un estudio clínico realizado a 126 pobladores en la comunidad de Cantumarca, en Potosí, reveló que el 86% de la población presenta niveles elevados de plomo en la sangre, atribuido principalmente a la actividad minera.

El curaj tata de la Nación Carangas Raúl Véliz señaló que esta crisis sanitaria se debe a la contaminación que esta actividad extractiva genera, además del abandono de los diques de colas de la zona, cuyo cierre estaba programado desde el año 2017 y que hasta la fecha permanecen sin clausurar, vertiendo residuos tóxicos al entorno.

“Los diques de cola de Laguna Pampa 1 y 2 ya han cumplido su tiempo. Tendrían que haberse cerrado el año 2017, pero hasta la fecha no lo han hecho, no hay esa voluntad, no hay autoridad que haga cumplir las fichas ambientales”, declaró la autoridad indígena en entrevista con radio Fides

Véliz denunció la inacción estatal frente a la contaminación que afecta la comunidad y a los pueblos originarios de la región. Asimismo, resaltó que no se trata de un hecho aislado, pues anteriormente se realizaron estudios anteriores en la comunidad con resultados igual de alarmantes.

“Nosotros ya hemos dicho que existe mucha contaminación minera, entonces esa es nuestra preocupación para nosotros como comunidad, como pueblos originarios”, enfatizó.

El curaj tata advirtió que la situación se agrava con el tiempo y que las autoridades competentes no toman medidas efectivas para revertir el daño ambiental y sanitario.

El dirigente exhortó a las empresas mineras responsables y al Gobierno nacional a asumir acciones para al cierre definitivo de los diques de colas que ya cumplieron su vida útil, además de solucionar el tema de las zonas contaminadas.",https://larazon.bo/sociedad/2026/08/03/potosi-86-de-habitantes-tienen-plomo-en-sangre-por-mineria-en-cantumarca/
La Razón,2026-08-03,Nacional,Gobierno y gobernadores preparan reunión para consensuar la agenda del 50/50,"El Gobierno nacional y los nueve gobernadores ultiman los preparativos para la reunión prevista este miércoles 5 de agosto en Sucre, donde se buscará consensuar una agenda de descentralización basada en la propuesta denominada 50/50, que plantea una redistribución de recursos económicos, competencias institucionales y responsabilidades entre el Gobierno central, las gobernaciones y los municipios.

El encuentro fue convocado por el presidente Rodrigo Paz, quien planteó avanzar hacia una reforma estructural que reduzca la burocracia estatal y permita fortalecer la capacidad de gestión de las regiones.

La iniciativa forma parte de uno de los principales compromisos políticos de su administración y pretende construir acuerdos con las autoridades departamentales para definir un nuevo modelo de administración pública.

Según información oficial, los nueve gobernadores confirmaron su participación en la reunión, mientras que sus equipos técnicos continúan elaborando propuestas que serán presentadas durante el encuentro.

La agenda contempla el análisis de mecanismos para redistribuir recursos, redefinir competencias y establecer nuevas formas de coordinación entre los distintos niveles del Estado.

El presidente reiteró en días recientes que el objetivo es construir una gran alianza nacional para «derrotar definitivamente al Estado tranca», en referencia a la burocracia que, según el Gobierno, ralentiza la ejecución de proyectos y limita las inversiones públicas y privadas en las regiones.

Como parte de las actividades previas, este martes se instalarán mesas técnicas en Sucre para analizar las propuestas departamentales antes del encuentro político entre el Ejecutivo y los gobernadores.

Desde Pando, la gobernadora Gabriela de Paiva adelantó que su departamento impulsará una propuesta orientada a lograr una distribución más equitativa de los recursos públicos, con énfasis en las necesidades de la Amazonía boliviana.

La autoridad también anunció que presentará planteamientos relacionados con la distribución de los ingresos tributarios.

En Cochabamba surgieron pedidos para que el gobernador Leonardo Loza socialice previamente la propuesta que llevará a Sucre.

El asambleísta departamental Edwin Jiménez solicitó que el documento sea remitido a la Asamblea Legislativa Departamental para su análisis antes de la reunión nacional.

En la misma línea, el presidente de la Brigada Parlamentaria de Cochabamba, diputado Israel Mérida, sostuvo que el encuentro representa una oportunidad para priorizar proyectos regionales y fortalecer la coordinación entre el Gobierno nacional y las entidades subnacionales.

«Es importante llevar insumos, llevar proyectos y una visión de las regiones», afirmó. Añadió que Cochabamba buscará incorporar en la agenda temas como la dotación de nuevos ítems para salud, la conclusión de la carretera Cochabamba-Beni y el fortalecimiento del proyecto Misicuni.

El legislador consideró que una coordinación permanente permitirá alinear las políticas públicas entre ministerios, gobernaciones y municipios, con el propósito de acelerar la ejecución de proyectos y responder de manera más eficiente a las demandas regionales.

La reunión de Sucre será el primer espacio formal de negociación entre el Gobierno y los gobernadores para definir el alcance del 50/50, una propuesta que aún deberá traducirse en reformas legales y acuerdos institucionales para su implementación .",https://larazon.bo/nacional/2026/08/03/gobierno-y-gobernadores-preparan-reunion-para-consensuar-la-agenda-del-50-50/
La Razón,2026-08-03,Nacional,Paz alista cambios en su gabinete; se prevé la posesión de una nueva autoridad,"El presidente Rodrigo Paz tiene previsto posesionar en las próximas horas a un nuevo integrante de su gabinete ministerial, en un acto que se desarrollará en la Casa Grande del Pueblo.

Según un reporte realizado desde puertas de Palacio por Unitel, la ceremonia estaba programada para realizarse entre las 18:30 y las 19:00 de este lunes.

De acuerdo con la información preliminar, el Gobierno no solo posesionaría a un nuevo ministro, sino que también realizaría cambios entre tres y cuatro carteras de Estado. Hasta el momento, el Gobierno no confirmó qué ministerios serán objeto de la reestructuración ni los nombres de las nuevas autoridades.

Se registró movimiento en Palacio Quemado.

Se espera que el presidente Paz brinde mayores detalles durante el acto de posesión.

Noticia en desarrollo…",https://larazon.bo/nacional/2026/08/03/paz-alista-cambios-en-su-gabinete-se-preve-la-posesion-de-una-nueva-autoridad/
La Razón,2026-08-03,Economía y Empresa,Gobierno advierte sanciones por cláusulas abusivas y apunta a depurar mercado inmobiliario,"Tras las mesas técnicas con el sector inmobiliario, los ministerios de Economía y de Desarrollo Productivo anunciaron controles para identificar empresas que incumplen la normativa y garantizar mayor protección a las familias que adquirieron terrenos mediante planes de pago.

En una conferencia de prensa conjunta, el ministro de Economía y Finanzas Públicas, José Gabriel Espinoza , afirmaron que el Ejecutivo identificará a los actores que no respetan las reglas del mercado y actuará conforme a la legislación vigente.

«Nuestra tarea como Gobierno es identificar a aquellos sectores, empresas o actores que no están cumpliendo, y en esos casos se aplicará toda la normativa correspondiente», señaló la autoridad.

Por su parte, el ministro de Desarrollo Productivo y Economía Plural, Oscar Mario Justiniano , sostuvo que las denuncias recibidas por Defensa del Consumidor evidencian que existe una amplia disposición de las familias para continuar pagando sus terrenos, pero advirtió que los contratos deben ofrecer condiciones que puedan cumplirse y respeten los derechos de los compradores.

Consulte también: Constructores advierten con paralizar actividades por alza del dólar y escasez de combustibles

Según explicó, las mesas técnicas permitieron constatar que muchas personas mantienen la voluntad de honrar sus compromisos financieros, reflejando la confianza en las empresas desarrolladoras formales. Sin embargo, también revelaron la existencia de numerosas irregularidades que, a criterio del Gobierno, deben ser corregidas para fortalecer la transparencia del mercado.

«Ahora bien, lo que también nosotros tenemos que manifestar a la población es de que dentro de lo que son todos los análisis que se han hecho, también hemos encontrado demasiadas irregularidades», indicó Justiniano.

Justiniano señaló que uno de los principales objetivos es diferenciar a las empresas que operan dentro del marco legal de aquellas que calificó como «piratas», que habrían ingresado al negocio inmobiliario para aprovecharse de compradores interesados en adquirir un lote para construir su vivienda.

En ese contexto, anunció que el Gobierno presentará en los próximos días informes con los resultados de las investigaciones realizadas por Defensa del Consumidor, instancia que revisa los contratos para verificar que estén libres de cláusulas abusivas.

La autoridad recordó que la existencia de un contrato no garantiza, por sí sola, que sus condiciones sean legales, razón por la cual el certificado de ausencia de cláusulas abusivas constituye un mecanismo de protección para los consumidores.

Asimismo, aseguró que el Ejecutivo trabaja en una «nueva arquitectura» regulatoria que permita ordenar el mercado inmobiliario, separar a las empresas formales de los operadores irregulares y fortalecer la seguridad jurídica tanto para las familias como para las compañías que cumplen la normativa.

Finalmente, Justiniano indicó que el presidente Rodrigo Paz Pereira instruyó hacer cumplir estrictamente la ley. «Lo que respete la normativa se respaldará; lo que no la respete enfrentará todo el peso de la ley en defensa de las familias bolivianas», afirmó.

Las medidas forman parte de una estrategia orientada a fortalecer la confianza en el mercado inmobiliario, un sector con fuerte incidencia en la inversión privada, el empleo y el acceso a la vivienda, en un contexto en el que el Gobierno busca mejorar las condiciones de protección para los consumidores sin afectar el desarrollo de las empresas que operan formalmente.",https://larazon.bo/economia-y-empresa/2026/08/03/gobierno-advierte-sanciones-por-clausulas-abusivas-y-apunta-a-depurar-mercado-inmobiliario/
La Razón,2026-08-03,Event,Real Potosí vs GV San José,"Ver toda la sección >

Ver toda la sección >

Ver toda la sección >

Ver toda la sección >

Ver toda la sección >

Ver toda la sección >

Ver toda la sección >

Ver toda la sección >

Ver toda la sección >

Ver todo el suplemento >

Ver todo el suplemento >

Ver todo el suplemento >

Ver todo el suplemento >

Ver todo el suplemento >

Ver todo el suplemento >

Ver toda la sección >

Ver toda la sección >

Ver toda la sección >

Ver toda la sección >

Ver toda la sección >

Ver toda la sección >

Ver toda la sección >

Ver toda la sección >

Ver toda la sección >

Ver todo el suplemento >

Ver todo el suplemento >

Ver todo el suplemento >

Ver todo el suplemento >

Ver todo el suplemento >

Ver todo el suplemento >

La Razón, medio de comunicación digital líder en noticias de Bolivia y el mundo, conecta a su audiencia a través de todas las plataformas digitales. Con una sólida presencia en redes sociales, programas de streaming innovadores, y el revolucionario e-paper, nuestro periódico digital inteligente, ofrecemos información confiable, ágil y al alcance de todos.

Dirección: Colinas de Santa Rita s/n, Alto Auquisamaña (Galpón de La Razón) La Paz - Bolivia

Correo electrónico:

[email protected]

[email protected]

WhatsApp:

+591 67198163

+591 77220575

© 2021-2025 COMUNICACIONES EL PAÍS S.A ( Desarrollo web Arcadia SRL )",https://larazon.bo/event/real-potosi-vs-gv-san-jose/
La Razón,2026-08-03,Event,Always Ready vs Bolívar,"Ver toda la sección >

Ver toda la sección >

Ver toda la sección >

Ver toda la sección >

Ver toda la sección >

Ver toda la sección >

Ver toda la sección >

Ver toda la sección >

Ver toda la sección >

Ver todo el suplemento >

Ver todo el suplemento >

Ver todo el suplemento >

Ver todo el suplemento >

Ver todo el suplemento >

Ver todo el suplemento >

Ver toda la sección >

Ver toda la sección >

Ver toda la sección >

Ver toda la sección >

Ver toda la sección >

Ver toda la sección >

Ver toda la sección >

Ver toda la sección >

Ver toda la sección >

Ver todo el suplemento >

Ver todo el suplemento >

Ver todo el suplemento >

Ver todo el suplemento >

Ver todo el suplemento >

Ver todo el suplemento >

La Razón, medio de comunicación digital líder en noticias de Bolivia y el mundo, conecta a su audiencia a través de todas las plataformas digitales. Con una sólida presencia en redes sociales, programas de streaming innovadores, y el revolucionario e-paper, nuestro periódico digital inteligente, ofrecemos información confiable, ágil y al alcance de todos.

Dirección: Colinas de Santa Rita s/n, Alto Auquisamaña (Galpón de La Razón) La Paz - Bolivia

Correo electrónico:

[email protected]

[email protected]

WhatsApp:

+591 67198163

+591 77220575

© 2021-2025 COMUNICACIONES EL PAÍS S.A ( Desarrollo web Arcadia SRL )",https://larazon.bo/event/always-ready-vs-bolivar-4/
La Razón,2026-08-03,Event,Oriente Petrolero vs Nacional Potosí,"Ver toda la sección >

Ver toda la sección >

Ver toda la sección >

Ver toda la sección >

Ver toda la sección >

Ver toda la sección >

Ver toda la sección >

Ver toda la sección >

Ver toda la sección >

Ver todo el suplemento >

Ver todo el suplemento >

Ver todo el suplemento >

Ver todo el suplemento >

Ver todo el suplemento >

Ver todo el suplemento >

Ver toda la sección >

Ver toda la sección >

Ver toda la sección >

Ver toda la sección >

Ver toda la sección >

Ver toda la sección >

Ver toda la sección >

Ver toda la sección >

Ver toda la sección >

Ver todo el suplemento >

Ver todo el suplemento >

Ver todo el suplemento >

Ver todo el suplemento >

Ver todo el suplemento >

Ver todo el suplemento >

La Razón, medio de comunicación digital líder en noticias de Bolivia y el mundo, conecta a su audiencia a través de todas las plataformas digitales. Con una sólida presencia en redes sociales, programas de streaming innovadores, y el revolucionario e-paper, nuestro periódico digital inteligente, ofrecemos información confiable, ágil y al alcance de todos.

Dirección: Colinas de Santa Rita s/n, Alto Auquisamaña (Galpón de La Razón) La Paz - Bolivia

Correo electrónico:

[email protected]

[email protected]

WhatsApp:

+591 67198163

+591 77220575

© 2021-2025 COMUNICACIONES EL PAÍS S.A ( Desarrollo web Arcadia SRL )",https://larazon.bo/event/oriente-petrolero-vs-nacional-potosi-4/
La Razón,2026-08-03,Columna,DAINIKA archivos,"Ver toda la sección >

Ver toda la sección >

Ver toda la sección >

Ver toda la sección >

Ver toda la sección >

Ver toda la sección >

Ver toda la sección >

Ver toda la sección >

Ver toda la sección >

Ver todo el suplemento >

Ver todo el suplemento >

Ver todo el suplemento >

Ver todo el suplemento >

Ver todo el suplemento >

Ver todo el suplemento >

Ver toda la sección >

Ver toda la sección >

Ver toda la sección >

Ver toda la sección >

Ver toda la sección >

Ver toda la sección >

Ver toda la sección >

Ver toda la sección >

Ver toda la sección >

Ver todo el suplemento >

Ver todo el suplemento >

Ver todo el suplemento >

Ver todo el suplemento >

Ver todo el suplemento >

Ver todo el suplemento >

""Lo haremos de manera ordenada."" Confieso que la frase del presidente Rodrigo Paz me devolvió la tranquilidad. Porque durante la ...

Existe una curiosa costumbre muy boliviana. Cada vez que una empresa funciona bien, aparece alguien convencido de que el mérito ...

Hay una nueva modalidad de investigación que parece estar ganando adeptos en algunas partes del mundo. Primero se convoca a ...

Un avance geopolítico vital fue reportado el viernes. El presidente de la Cámara Nacional de Comercio confirmó que, tras recientes ...

En el mundo debemos ser los únicos que bloquean sus carreteras y después nos preguntamos por qué nos dejan fuera ...

Por fin ocurrió. Después de años de crisis logísticas, de filas interminables en los surtidores, de carreteras saturadas, de costos ...

Qué significa medir la huella de carbono y entrar en la era del tren verde, que tanto hablan los entes ...

Creo que es bueno reflexionar sobre el reportaje “El destino del dinero: un circuito de fuga”, publicado por El País ...

Bolivia tiene una virtud extraordinaria que merece ser estudiada por las mejores universidades del mundo. No es el litio. No ...

Hay artículos que nacen para informar. Otros para investigar. Y algunos, los más curiosos, parecen escritos para que el lector ...

La diputada Lissa Claros, de la bancada de Libre, cuestionó la viabilidad de la propuesta gubernamental del 50/50 y aseguró...

La Razón, medio de comunicación digital líder en noticias de Bolivia y el mundo, conecta a su audiencia a través de todas las plataformas digitales. Con una sólida presencia en redes sociales, programas de streaming innovadores, y el revolucionario e-paper, nuestro periódico digital inteligente, ofrecemos información confiable, ágil y al alcance de todos.

Dirección: Colinas de Santa Rita s/n, Alto Auquisamaña (Galpón de La Razón) La Paz - Bolivia

Correo electrónico:

[email protected]

[email protected]

WhatsApp:

+591 67198163

+591 77220575

© 2021-2025 COMUNICACIONES EL PAÍS S.A ( Desarrollo web Arcadia SRL )",https://larazon.bo/columna/dainika/
La Razón,2026-08-03,Columna,DE FRENTE EN EL CH’AMAK PACHA 2 archivos,"Ver toda la sección >

Ver toda la sección >

Ver toda la sección >

Ver toda la sección >

Ver toda la sección >

Ver toda la sección >

Ver toda la sección >

Ver toda la sección >

Ver toda la sección >

Ver todo el suplemento >

Ver todo el suplemento >

Ver todo el suplemento >

Ver todo el suplemento >

Ver todo el suplemento >

Ver todo el suplemento >

Ver toda la sección >

Ver toda la sección >

Ver toda la sección >

Ver toda la sección >

Ver toda la sección >

Ver toda la sección >

Ver toda la sección >

Ver toda la sección >

Ver toda la sección >

Ver todo el suplemento >

Ver todo el suplemento >

Ver todo el suplemento >

Ver todo el suplemento >

Ver todo el suplemento >

Ver todo el suplemento >

Pasado el mundial de Futbol 2026, catalogada como la peor en su historia. Se desarrolló en medio de escándalos dirigenciales, ...

Hasta el hartazgo los empresarios y voceros del gobierno nos repiten que, en 53 días de bloqueos de caminos, se ...

En los últimos días de los 50 días de bloqueos volvió a aflorar un viejo problema, entre la Central Obrera ...

Los diferentes medios de comunicación, incluida las redes sociales, que informan y opinan críticamente lo que sucede con la realización ...

Son más de 30 días de bloqueos de caminos, encabezadas por la Central Obrera boliviana-COB y, particularmente de la Confederación ...

Días previos al arribo de la caminata, de casi un mes, de indígenas y campesinos desde el norte del país: ...

El pasado 9 de abril de abril, se recordó 74 años de la revolución nacional de 1952. Es la segunda ...

El pasado 1 de abril se inauguró hasta el 12, la III Feria Internacional del libro en la ciudad de ...

María Cristina Bubba Zamora —para sus amigos/as fue Cristina o Cristi— lamentablemente partió a la eternidad el pasado 27 de ...

Toda lucha social es una reivindicación política y siempre está acompañada de artistas comprometidos con la causa. Las creaciones artísticas ...

La Dirección General de Redes y Servicios de Salud señaló que adicionalmente hay más de 55 millones en proceso.

La Razón, medio de comunicación digital líder en noticias de Bolivia y el mundo, conecta a su audiencia a través de todas las plataformas digitales. Con una sólida presencia en redes sociales, programas de streaming innovadores, y el revolucionario e-paper, nuestro periódico digital inteligente, ofrecemos información confiable, ágil y al alcance de todos.

Dirección: Colinas de Santa Rita s/n, Alto Auquisamaña (Galpón de La Razón) La Paz - Bolivia

Correo electrónico:

[email protected]

[email protected]

WhatsApp:

+591 67198163

+591 77220575

© 2021-2025 COMUNICACIONES EL PAÍS S.A ( Desarrollo web Arcadia SRL )",https://larazon.bo/columna/de-frente-en-el-chamak-pacha-2/
La Razón,2026-08-03,Columna,PENSAR archivos,"Ver toda la sección >

Ver toda la sección >

Ver toda la sección >

Ver toda la sección >

Ver toda la sección >

Ver toda la sección >

Ver toda la sección >

Ver toda la sección >

Ver toda la sección >

Ver todo el suplemento >

Ver todo el suplemento >

Ver todo el suplemento >

Ver todo el suplemento >

Ver todo el suplemento >

Ver todo el suplemento >

Ver toda la sección >

Ver toda la sección >

Ver toda la sección >

Ver toda la sección >

Ver toda la sección >

Ver toda la sección >

Ver toda la sección >

Ver toda la sección >

Ver toda la sección >

Ver todo el suplemento >

Ver todo el suplemento >

Ver todo el suplemento >

Ver todo el suplemento >

Ver todo el suplemento >

Ver todo el suplemento >

Tradicionalmente pensamos la diferencia como una variación o desviación de algo que debería ser idéntico: por ejemplo, “A” es diferente ...

Los profesores de la universidad de Harvard, Steve Levitsky y Daniel Ziblatt, escribieron en 2018 un extenso libro titulado “Cómo ...

Según Maquiavelo, en su breve texto El Príncipe (1532), todos los estados, todos los dominios que han tenido y tienen ...

Gramsci introduce una distinción sencilla para hablar de hegemonía. Los dominantes ejercen fuerza y violencia frente a sus antagónicos y ...

El pasado 3 de junio se recordó doscientos dos años de la muerte de Franz Kafka, uno de los escritores ...

La escritora argentina Samanta Schweblin señala que las palabras tienen un poder de invocación tremendo, por ejemplo al decir “no ...

Cuando se proclama el fin de las ideologías o se dicen frases como “la ideología no da de comer”, se ...

¿Qué es una ley? Una respuesta sencilla señala que es una norma de carácter obligatorio dictada por una autoridad competente ...

Jacques Derrida en el  año 1997 nos brinda una hermosa conferencia titulada “El monolingüismo del otro”, en ella Derrida señala ...

Para Claude Lefort el Estado moderno se levanta sobre un olvido: hay una división primaria sobre la que se constituye ...

En medio de la expectativa del paquete de leyes estructurales, la Ley de Inversiones todavía se encuentra en análisis en...

La Razón, medio de comunicación digital líder en noticias de Bolivia y el mundo, conecta a su audiencia a través de todas las plataformas digitales. Con una sólida presencia en redes sociales, programas de streaming innovadores, y el revolucionario e-paper, nuestro periódico digital inteligente, ofrecemos información confiable, ágil y al alcance de todos.

Dirección: Colinas de Santa Rita s/n, Alto Auquisamaña (Galpón de La Razón) La Paz - Bolivia

Correo electrónico:

[email protected]

[email protected]

WhatsApp:

+591 67198163

+591 77220575

© 2021-2025 COMUNICACIONES EL PAÍS S.A ( Desarrollo web Arcadia SRL )",https://larazon.bo/columna/pensar/
La Razón,2026-08-03,League,Copa de la División Profesional 2026 archivos,"Ver toda la sección >

Ver toda la sección >

Ver toda la sección >

Ver toda la sección >

Ver toda la sección >

Ver toda la sección >

Ver toda la sección >

Ver toda la sección >

Ver toda la sección >

Ver todo el suplemento >

Ver todo el suplemento >

Ver todo el suplemento >

Ver todo el suplemento >

Ver todo el suplemento >

Ver todo el suplemento >

Ver toda la sección >

Ver toda la sección >

Ver toda la sección >

Ver toda la sección >

Ver toda la sección >

Ver toda la sección >

Ver toda la sección >

Ver toda la sección >

Ver toda la sección >

Ver todo el suplemento >

Ver todo el suplemento >

Ver todo el suplemento >

Ver todo el suplemento >

Ver todo el suplemento >

Ver todo el suplemento >

Ese corredor continúa sin una fecha oficial de reapertura, situación que podría generar demoras en el transporte internacional, mayores costos...

La Razón, medio de comunicación digital líder en noticias de Bolivia y el mundo, conecta a su audiencia a través de todas las plataformas digitales. Con una sólida presencia en redes sociales, programas de streaming innovadores, y el revolucionario e-paper, nuestro periódico digital inteligente, ofrecemos información confiable, ágil y al alcance de todos.

Dirección: Colinas de Santa Rita s/n, Alto Auquisamaña (Galpón de La Razón) La Paz - Bolivia

Correo electrónico:

[email protected]

[email protected]

WhatsApp:

+591 67198163

+591 77220575

© 2021-2025 COMUNICACIONES EL PAÍS S.A ( Desarrollo web Arcadia SRL )",https://larazon.bo/league/copa-de-la-division-profesional/
La Razón,2026-08-03,League,Liga de la División Profesional 2026 archivos,"Ver toda la sección >

Ver toda la sección >

Ver toda la sección >

Ver toda la sección >

Ver toda la sección >

Ver toda la sección >

Ver toda la sección >

Ver toda la sección >

Ver toda la sección >

Ver todo el suplemento >

Ver todo el suplemento >

Ver todo el suplemento >

Ver todo el suplemento >

Ver todo el suplemento >

Ver todo el suplemento >

Ver toda la sección >

Ver toda la sección >

Ver toda la sección >

Ver toda la sección >

Ver toda la sección >

Ver toda la sección >

Ver toda la sección >

Ver toda la sección >

Ver toda la sección >

Ver todo el suplemento >

Ver todo el suplemento >

Ver todo el suplemento >

Ver todo el suplemento >

Ver todo el suplemento >

Ver todo el suplemento >

Las inscripciones para participar están habilitadas mediante un código QR difundido en las redes sociales del Gobierno Autónomo Municipal de...

La Razón, medio de comunicación digital líder en noticias de Bolivia y el mundo, conecta a su audiencia a través de todas las plataformas digitales. Con una sólida presencia en redes sociales, programas de streaming innovadores, y el revolucionario e-paper, nuestro periódico digital inteligente, ofrecemos información confiable, ágil y al alcance de todos.

Dirección: Colinas de Santa Rita s/n, Alto Auquisamaña (Galpón de La Razón) La Paz - Bolivia

Correo electrónico:

[email protected]

[email protected]

WhatsApp:

+591 67198163

+591 77220575

© 2021-2025 COMUNICACIONES EL PAÍS S.A ( Desarrollo web Arcadia SRL )",https://larazon.bo/league/liga-de-la-division-profesional/
La Razón,2026-08-03,Season,2026 archivos,"Ver toda la sección >

Ver toda la sección >

Ver toda la sección >

Ver toda la sección >

Ver toda la sección >

Ver toda la sección >

Ver toda la sección >

Ver toda la sección >

Ver toda la sección >

Ver todo el suplemento >

Ver todo el suplemento >

Ver todo el suplemento >

Ver todo el suplemento >

Ver todo el suplemento >

Ver todo el suplemento >

Ver toda la sección >

Ver toda la sección >

Ver toda la sección >

Ver toda la sección >

Ver toda la sección >

Ver toda la sección >

Ver toda la sección >

Ver toda la sección >

Ver toda la sección >

Ver todo el suplemento >

Ver todo el suplemento >

Ver todo el suplemento >

Ver todo el suplemento >

Ver todo el suplemento >

Ver todo el suplemento >

Entre los bienes con mayor potencial se encuentran la quinua, chía, palmitos, textiles, prendas de alpaca, manufacturas de cuero, joyería,...

La Razón, medio de comunicación digital líder en noticias de Bolivia y el mundo, conecta a su audiencia a través de todas las plataformas digitales. Con una sólida presencia en redes sociales, programas de streaming innovadores, y el revolucionario e-paper, nuestro periódico digital inteligente, ofrecemos información confiable, ágil y al alcance de todos.

Dirección: Colinas de Santa Rita s/n, Alto Auquisamaña (Galpón de La Razón) La Paz - Bolivia

Correo electrónico:

[email protected]

[email protected]

WhatsApp:

+591 67198163

+591 77220575

© 2021-2025 COMUNICACIONES EL PAÍS S.A ( Desarrollo web Arcadia SRL )",https://larazon.bo/season/2026/
Red Uno,2026-08-03,Largas filas por diesel persisten en surtidores de cochabamba y afectan al transporte pesado e interdepartamental 202683191327,Largas filas por diésel persisten en surtidores de Cochabamba y afectan al transporte pesado e interdepartamental,"El inicio de una nueva semana en el departamento de Cochabamba mantiene una problemática recurrente en las estaciones de servicio: las extensas filas de vehículos en busca de combustible, con el diésel como el carburante más afectado.

Colapso vehicular en la avenida Ingavi

En arterias principales como la avenida Ingavi , el panorama refleja la magnitud del perjuicio para el sector del transporte pesado e interdepartamental. En el lugar se observa una doble fila de motorizados —tanto buses como camiones de gran tamaño— apostados a ambos lados de la vía a la espera de poder abastecerse.

Numerosos buses y camiones aguardan en los surtidores de la zona. En el carril opuesto se registra simultáneamente otra fila con el mismo perjuicio vehicular. La espera para adquirir diésel se prolonga por bastantes días , a diferencia de otros carburantes donde la fila suele reducirse a cuestión de horas.

Abastecimiento insuficiente y afectación laboral

Los volúmenes de combustible que llegan a los surtidores resultan insuficientes para cubrir la alta demanda de todo el parque automotor en espera. Esta situación altera de forma directa las rutas y cronogramas de los choferes:

""Estoy desde ayer en la noche, ayer en la tarde. Todos estamos perjudicados. A veces me toca a Sucre o a Santa Cruz, todo ese lado. Estamos destinados. Están destinados los turnos, pero no estamos correspondiendo porque no hay diésel"" , lamentó un conductor de un bus de transporte interdepartamental atrapado en la fila.

Los transportistas continúan a la espera de una solución estructural que regularice el suministro de diésel en el departamento, el cual sigue condicionando su normal actividad laboral.

Mira la programación en Red Uno Play",https://www.reduno.com.bo/noticias/largas-filas-por-diesel-persisten-en-surtidores-de-cochabamba-y-afectan-al-transporte-pesado-e-interdepartamental-202683191327
Red Uno,2026-08-03,Tendencias,¿Hackearon tu WhatsApp? Esto es lo que debes hacer en los primeros 10 minutos,"Las plataformas digitales concentran hoy valiosos volúmenes de datos personales, bancarios y conversaciones privadas de uso cotidiano. Esta acumulación de información sensible transforma a la red de mensajería en un blanco prioritario para los cibercriminales mediante técnicas de ingeniería social.

De acuerdo a Eset Latinoamérica, reconocer las señales de vulneración resulta fundamental antes de desplegar cualquier medida de contención en el dispositivo. La pérdida de acceso a la cuenta, el cierre repentino de sesión y los avisos de contactos sobre mensajes sospechosos confirman la intromisión.

Protocolo de reacción inmediata

Los diez minutos posteriores al incidente exigen la ejecución de un procedimiento metódico para mitigar los daños potenciales:

Acciones preventivas indispensables

Para blindar la plataforma frente a futuros ataques es imperativo reforzar los parámetros de configuración del sistema. El establecimiento de barreras de acceso adicionales y la precaución general reducen significativamente el margen de maniobra de los atacantes:

Soluciones de protección integral

Las herramientas antivirus y de ciberseguridad avanzadas complementan los hábitos digitales seguros al bloquear código malicioso en tiempo real. Contar con estas soluciones de protección especializada añade una capa defensiva robusta frente a intentos de suplantación de identidad y accesos no autorizados.

Mira la programación en Red Uno Play",https://www.reduno.com.bo/tendencias/hackearon-tu-whatsapp-esto-es-lo-que-debes-hacer-en-los-primeros-10-minutos-202683191141
Red Uno,2026-08-03,Deportes,¡Escándalo! Jugadores de Guabirá y Oriente protagonizan pelea en partido de la Liga Sub-15,"Guabirá y Oriente Petrolero protagonizaron un lamentable incidente el pasado domingo durante un partido correspondiente a la Liga Sub-15 del fútbol boliviano. Jugadores de ambos equipos se vieron involucrados en una pelea en pleno desarrollo del encuentro.

Un video difundido en redes sociales muestra el momento en que futbolistas de ambos planteles se enfrentan a golpes dentro del terreno de juego. En un primer momento, algunos compañeros intentaron separar a los involucrados, pero no lograron controlar la situación.

Minutos después, personal de seguridad ingresó al campo para intervenir y, tras varios intentos, consiguió restablecer el orden.

El incidente generó preocupación por tratarse de una competencia de fútbol formativo y podría ser analizado por los dirigentes de ambos clubes y las autoridades correspondientes.

En el plano deportivo, Oriente Petrolero se quedó con la victoria al imponerse por 5-1 en su visita a Montero.

Mira la programación en Red Uno Play",https://www.reduno.com.bo/deportes/escandalo-jugadores-de-guabira-y-oriente-protagonizan-pelea-en-partido-de-la-liga-sub-15-202683185839
Red Uno,2026-08-03,Se registra intenso movimiento policial en san ignacio de velasco tras recientes hechos fatales 202683185723,Se registra intenso movimiento policial en San Ignacio de Velasco tras recientes hechos fatales,"Un intenso movimiento policial se registra en el municipio de San Ignacio de Velasco tras los violentos acontecimientos que encendieron las alarmas de la población local.

“Es muy necesario fortalecer los efectivos que han estado durante estos últimos días en San Ignacio de Velasco y que sean destinados de manera permanente”, afirmó María René Álvarez, presidenta de la Asamblea Legislativa Departamental de Santa Cruz.

Exigencia de permanencia policial

Durante una reunión de emergencia, autoridades locales y líderes cívicos acordaron solicitar formalmente que los 200 uniformados desplegados no abandonen la zona. Esta presencia constante busca mejorar la capacidad de respuesta inmediata y prevenir que sigan ocurriendo lamentables hechos delictivos.

Debido a la ubicación estratégica del municipio, las instituciones acordaron implementar medidas estrictas para monitorear el flujo migratorio y empadronar los motorizados. El plan conjunto entre la Policía, la Alcaldía y el Comité Cívico facilitará la rápida identificación de vehículos sospechosos que circulen por el sector.

Tecnología para la vigilancia continua

La estrategia de seguridad también contempla la pronta instalación de cámaras de videovigilancia en puntos estratégicos de la ciudad. Estas herramientas tecnológicas permitirán un monitoreo permanente para prevenir delitos y apoyar las investigaciones ante situaciones de riesgo.

Las autoridades enfatizaron que la franja fronteriza requiere una atención prioritaria y un respaldo institucional sólido por parte del Gobierno central. Los representantes regionales concluyeron que solo con un control territorial efectivo se devolverá la tranquilidad a los habitantes ignacianos.

Mira la programación en Red Uno Play",https://www.reduno.com.bo/noticias/se-registra-intenso-movimiento-policial-en-san-ignacio-de-velasco-tras-recientes-hechos-fatales-202683185723
Red Uno,2026-08-03,Policia incauta 60 paquetes de cocaina y decomisa garrafas de glp sin documentacion en santa cruz 202683185345,Policía incauta 60 paquetes de cocaína y decomisa garrafas de GLP sin documentación en Santa Cruz,"El Comando Departamental de Policía de Santa Cruz informó sobre los resultados del Plan Halcón, un operativo destinado a combatir el crimen organizado y los delitos conexos en el departamento.

Las acciones fueron ejecutadas por efectivos policiales en coordinación con el Ministerio Público, la Fuerza Especial de Lucha Contra el Narcotráfico (Felcn) y la Dirección Departamental de Transparencia.

Como resultado de los operativos, las autoridades confirmaron el hallazgo de 60 paquetes que, tras la prueba de campo correspondiente, dieron positivo para clorhidrato de cocaína . El cargamento fue secuestrado y quedó bajo custodia de la FELCN para continuar con las investigaciones e identificar a los responsables.

Durante el mismo despliegue policial también fue intervenido un vehículo que transportaba 20 garrafas de Gas Licuado de Petróleo (GLP) sin que el conductor pudiera acreditar su legal procedencia.

Ante esta situación, el chofer fue aprehendido y puesto a disposición del Ministerio Público , mientras se iniciaron las investigaciones para establecer el origen del combustible y determinar si existe la comisión de otros delitos.

La Policía señaló que estos resultados forman parte de las acciones permanentes del Plan Halcón, orientadas a fortalecer la lucha contra el narcotráfico, el contrabando y otras actividades ilícitas que afectan la seguridad en el departamento de Santa Cruz.

Mira la programación en Red Uno Play",https://www.reduno.com.bo/noticias/policia-incauta-60-paquetes-de-cocaina-y-decomisa-garrafas-de-glp-sin-documentacion-en-santa-cruz-202683185345
Red Uno,2026-08-03,Alejandra bonifaz es posesionada como nueva viceministra de educacion alternativa y especial 20268318454,Alejandra Bonifaz es posesionada como nueva viceministra de Educación Alternativa y Especial,"El ministro de Educación, Erick Sanjinés Chávez , posesionó a Alejandra Bonifaz Beller como nueva viceministra de Educación Alternativa y Especial , en reemplazo de Sergio Caballero Vidal , quien ejercía el cargo de manera interina.

Del acto participaron el viceministro de Educación Regular, Juan Carlos Pimentel Castillo ; la viceministra de Educación Superior de Formación Profesional, Ana Cárdenas Angulo ; además de otras autoridades e invitados.

Compromiso con la inclusión

Durante la toma de juramento, Sanjinés destacó la responsabilidad que implica dirigir un área orientada a garantizar el acceso a la educación de sectores históricamente excluidos o en situación de vulnerabilidad.

“La Educación Alternativa y Especial es el espacio donde se refleja con mayor claridad nuestro compromiso con la equidad, la diversidad y la dignidad de cada persona”, afirmó el ministro.

La autoridad remarcó que desde esta instancia el Estado debe garantizar que nadie quede al margen del derecho a aprender, crecer y aportar al desarrollo del país.

Bonifaz convoca a trabajo conjunto

Tras asumir el cargo, Bonifaz reafirmó su compromiso de trabajar al servicio del sistema educativo boliviano y destacó que el Viceministerio tiene una misión “profundamente humana”.

Según dijo, el área debe abrir oportunidades educativas para quienes, por distintas circunstancias, interrumpieron su trayectoria educativa, además de garantizar una formación pertinente, inclusiva y de calidad para personas con discapacidad y estudiantes con talento extraordinario.

La nueva viceministra convocó a familias, maestros, organizaciones sociales, empresa privada, cooperación internacional y a la sociedad en su conjunto a asumir una responsabilidad compartida en favor de la educación boliviana.

Trayectoria profesional

Alejandra Bonifaz es licenciada en Educación Primaria y Economía , con una maestría en Desarrollo Educativo Internacional .

Cuenta con más de 20 años de experiencia en programas de educación alternativa, educación inclusiva, juventud y fortalecimiento de sistemas educativos en África, Asia y América Latina .

También ha dirigido iniciativas de cooperación internacional con gobiernos, organismos internacionales y actores locales para ampliar oportunidades educativas en poblaciones excluidas del sistema formal y en situación de vulnerabilidad.

De acuerdo con su perfil, brindó liderazgo técnico en más de 15 países , impulsando modelos de educación alternativa, formación laboral juvenil, inclusión y resiliencia educativa.

Mira la programación en Red Uno Play",https://www.reduno.com.bo/noticias/alejandra-bonifaz-es-posesionada-como-nueva-viceministra-de-educacion-alternativa-y-especial-20268318454
Red Uno,2026-08-03,Deudas en inmuebles alcaldia alerta sobre remates y cuentas congeladas conozca los plazos para regularizar su situacion 202683184023,¿Deudas en inmuebles? Alcaldía alerta sobre remates y cuentas congeladas; conozca los plazos para regularizar su situación,"La Administración Tributaria Municipal recordó que quedan pocas semanas para que los propietarios de inmuebles regularicen su situación fiscal. Un universo de 22 mil contribuyentes , cuyos registros se vieron beneficiados por ciertas irregularidades en recaudaciones de gestiones pasadas, tiene plazo hasta el 31 de agosto para realizar sus pagos pendientes.

El director de Recaudaciones, Carlos Verazain, explicó que la Alcaldía se encuentra procediendo al cobro de estos 22 mil casos bajo el amparo de una normativa especial de alivio tributario.

Descuentos vigentes y medidas drásticas desde septiembre

La normativa municipal vigente contempla un descuento significativo en intereses y multas para todos los contribuyentes que mantengan deudas en mora, beneficio en el cual también se encuentran comprendidos los casos observados.

Sin embargo, pasado el plazo establecido, la administración local endurecerá su posición:

Fecha límite: El periodo de gracia y condonación fenece improrrogablemente el 31 de agosto de la presente gestión.

Gestión de cobro coactivo: A partir del 1 de septiembre , la Administración Tributaria Municipal iniciará las acciones legales de cobro de deudas tributarias.

Sanciones y ejecuciones: Las medidas coactivas derivarán en el bloqueo de cuentas bancarias , la inscripción de hipotecas sobre los bienes y el eventual remate de bienes muebles e inmuebles pertenecientes a los deudores morosos.

Próximos anuncios sobre vehículos y patentes

Consultado sobre otros sectores tributarios, Verazain adelantó que las investigaciones internas vinculadas al rubro de vehículos y patentes concluirán en aproximadamente una semana más, fecha en la que se darán a conocer los datos oficiales a la población.

Desde el municipio instaron a la ciudadanía a aprovechar los incentivos vigentes antes de que concluya el mes de agosto para evitar drásticas afectaciones a su patrimonio familiar y comercial.

Mira la programación en Red Uno Play",https://www.reduno.com.bo/noticias/deudas-en-inmuebles-alcaldia-alerta-sobre-remates-y-cuentas-congeladas-conozca-los-plazos-para-regularizar-su-situacion-202683184023
Red Uno,2026-08-03,Tendencias,¿Usar gorra provoca calvicie? Esto es lo que dice la ciencia al respecto,"El desprendimiento diario de entre cincuenta y cien cabellos forma parte de un proceso biológico completamente normal. Sin embargo, la preocupación surge cuando el folículo no logra reponer dicha pérdida, alimentando creencias urbanas como el supuesto daño por el uso frecuente de accesorios en la cabeza.

La biología del folículo y la oxigenación

De acuerdo al medio Infobae, las investigaciones médicas confirman que cubrir la cabeza no asfixia el cuero cabelludo ni detiene el desarrollo biológico capilar. Esto se debe a que las raíces obtienen sus nutrientes y oxígeno vitales a través del flujo sanguíneo interno y no del aire exterior.

Muchas personas comienzan a utilizar complementos textiles justo cuando perciben una pérdida de densidad previa, generando una falsa relación de causa y efecto. Aunque el roce continuo con el tejido llega a desgastar la fibra visible, este choque mecánico jamás destruye la raíz ni genera calvicie permanente.

Factores de riesgo y hábitos de uso

Por otro lado, llevar prendas excesivamente apretadas puede desencadenar tensiones perjudiciales en la piel y debilitar la zona por tracción. A su vez, la acumulación de sudor, suciedad o humedad atrapada favorece infecciones que alteran el bienestar cutáneo.

Integrar este accesorio de forma adecuada brinda un escudo indispensable contra los efectos dañinos de la radiación ultravioleta y el polvo del ambiente. Para mantener un cuero cabelludo sano, resulta esencial priorizar telas respirables, mantener una limpieza periódica y no cubrirse el pelo mojado.

Las causas reales de la alopecia

La pérdida definitiva del cabello responde principalmente a condicionantes genéticos, desequilibrios hormonales, episodios severos de estrés o patologías específicas. Asimismo, el uso reiterado de peinados con tensión extrema o productos químicos agresivos son los verdaderos responsables de ocasionar cicatrices foliculares irreversibles.

Mira la programación en Red Uno Play",https://www.reduno.com.bo/tendencias/usar-gorra-provoca-calvicie-esto-es-lo-que-dice-la-ciencia-al-respecto-202683183459
Red Uno,2026-08-03,Bolivia registra 559 focos de calor este lunes beni concentra la mayor incidencia 202683182120,Bolivia registra 559 focos de calor este lunes; Beni concentra la mayor incidencia,"Bolivia registra 559 focos de calor este lunes 3 de agosto de 2026 , de acuerdo con la última actualización del Sistema de Información y Monitoreo de Bosques (SIMB) , emitida a las 18:05 .

El departamento de Beni concentra la mayor cantidad de focos de calor, seguido por La Paz y Santa Cruz , según el reporte satelital.

Yacuma encabeza el reporte por provincias

En el detalle por provincias, Yacuma , en Beni, lidera el registro nacional con 70 focos de calor . Le siguen Chiquitos , en Santa Cruz, con 61 , y General José Ballivián , también en Beni, con 53 .

Entre las provincias con mayor incidencia también figuran Inquisivi , con 38 ; Larecaja , con 35 ; Velasco , con 32 ; y Guarayos , con 29 .

Exaltación y San José, los municipios con más focos

A escala municipal, Exaltación encabeza el reporte con 58 focos de calor , seguido por San José , con 54 .

También aparecen entre los municipios con mayor registro Santa Rosa , con 29 ; Inquisivi , con 25 ; y San Ignacio de Velasco , con 24 .

Monitoreo satelital

Los focos de calor son anomalías térmicas detectadas por satélites y no necesariamente representan incendios activos. Sin embargo, sirven como alerta para identificar zonas con posible quema, chaqueo o riesgo de propagación, especialmente durante la época seca.

El reporte muestra una reducción frente a registros anteriores, aunque las autoridades mantienen el monitoreo en regiones vulnerables del oriente, la Amazonía y zonas de tierras altas.

Mira la programación en Red Uno Play",https://www.reduno.com.bo/noticias/bolivia-registra-559-focos-de-calor-este-lunes-beni-concentra-la-mayor-incidencia-202683182120
Red Uno,2026-08-03,Tendencias,VIDEO: ¡Insólito! Un guacamayo irrumpe en pleno partido y ataca a un futbolista,"Un insólito momento se vivió durante el partido entre Flamengo y Ceará por la Copa de Brasil Sub-15, cuando un guacamayo irrumpió en el campo de juego. El hecho ocurrió a los 17 minutos del primer tiempo y obligó a detener momentáneamente el encuentro.

En el video, que rápidamente se viralizó en redes sociales, se observa cómo el ave aparece de un momento a otro y vuela directamente hacia un futbolista de Flamengo que vestía la camiseta número 4, intentando atacarlo. El jugador logró esquivar al guacamayo mientras sus compañeros y el árbitro observaban sorprendidos la inusual escena.

Tras unos instantes, el ave abandonó el terreno de juego y el partido pudo reanudarse con normalidad. De acuerdo con los reportes, el incidente no dejó personas lesionadas y quedó como una de las imágenes más curiosas que ha dejado el fútbol brasileño en los últimos días.

Mira la programación en Red Uno Play",https://www.reduno.com.bo/tendencias/video-insolito-un-guacamayo-irrumpe-en-pleno-partido-y-ataca-a-un-futbolista-20268318191
Red Uno,2026-08-03,Tendencias,Cómo funciona una freidora de aire y qué cosas no se deben meter en 2026,"La masiva adopción de las freidoras de calor constante en los hogares modernos ha transformado significativamente los hábitos culinarios contemporáneos. Sin embargo, una gran parte de los usuarios ignora que este dispositivo opera como un horno de convección miniaturizado y no mediante inmersión oleosa.

Una resistencia integrada genera temperaturas elevadas mientras un potente turboventilador distribuye el flujo térmico de manera uniforme alrededor de los insumos. De acuerdo al medio Infobae, esta intensa deshidratación superficial es la responsable de lograr texturas crujientes con un uso mínimo de materia grasa.

Ingredientes y líquidos que amenazan el equipo

A pesar de su notable versatilidad diaria, existen ciertos alimentos cuya naturaleza física resulta completamente incompatible con este sistema de cocción rápida. Las mezclas líquidas y los rebozados húmedos no logran solidificarse a tiempo y terminan filtrándose por las rejillas inferiores.

De igual forma, las preparaciones ricas en caldos o quesos desprotegidos suelen salpicar hacia la resistencia superior por la fuerza del aire. Estas fallas no solo generan densas columnas de humo residual, sino que aumentan el riesgo de cortocircuitos severos.

Hojas livianas y granos: otros grandes enemigos

Las verduras de hoja delgada presentan un inconveniente técnico severo debido al escaso peso que poseen frente a las turbinas internas. El flujo saliente desplaza estos ingredientes hacia la zona de calefacción activa, provocando que se quemen en cuestión de segundos.

Por su parte, los granos secos como el arroz y las pastas requieren una inmersión acuosa prolongada que este aparato no puede suministrar. Intentar cocinar dichos productos sin hidratación previa únicamente resulta en preparaciones duras e ingeribles.

Buenas prácticas para prolongar la vida útil

Para maximizar los resultados gastronómicos, los expertos sugieren mantener siempre una separación adecuada entre cada una de las porciones. Sobrecargar la cesta interna impide la libre circulación del flujo calórico y deriva en cocciones heterogéneas.

Asimismo, la limpieza posterior de los componentes resulta fundamental para prevenir la acumulación progresiva de residuos grasos. Respetar los parámetros del fabricante garantizará una experiencia culinaria eficiente, segura y altamente duradera.

Mira la programación en Red Uno Play",https://www.reduno.com.bo/tendencias/el-error-que-muchos-cometen-con-la-freidora-de-aire-y-puede-arruinarla-20268318180
Red Uno,2026-08-03,Que venga todo lo mejor para el pais lupo se despidio del ministerio de la presidencia 202683225114,"""Que venga todo lo mejor para el país"": Lupo se despidió del Ministerio de la Presidencia","José Luis Lupo oficializó este lunes su salida del Ministerio de la Presidencia con una publicación en sus redes sociales, donde expresó su agradecimiento por la oportunidad de haber formado parte del Gobierno y destacó el trabajo realizado durante su gestión.

En el mensaje, Lupo agradeció al presidente Rodrigo Paz, por la confianza depositada en él para asumir una de las carteras más importantes del Ejecutivo.

""Quiero agradecer al Presidente Rodrigo Paz Pereira por la confianza depositada en mí durante estos meses al frente del Ministerio de la Presidencia, en una etapa crucial para Bolivia"", escribió.

Asimismo, extendió su gratitud a la ciudadanía por el respaldo recibido y reconoció el trabajo de su equipo.

Señaló que durante su gestión se impulsaron acciones para ""profesionalizar la administración pública, modernizar la capacidad de respuesta del Estado e impulsar políticas orientadas a mejorar la vida de cada boliviano"", asegurando que el diálogo, la transparencia y la gestión fueron los pilares de ese trabajo.

Lupo también aprovechó la publicación para desear éxito a Fernando Aramayo, quien asumirá el Ministerio de la Presidencia.

Finalmente, el exministro aseguró que fue ""un verdadero honor"" ejercer la responsabilidad y expresó su confianza en el futuro del país.

""Siempre he creído y sigo creyendo en el enorme potencial de nuestro país"" y concluyó deseando ""que venga todo lo mejor para nuestro hermoso país"".

Mira la programación en Red Uno Play",https://www.reduno.com.bo/noticias/que-venga-todo-lo-mejor-para-el-pais-lupo-se-despidio-del-ministerio-de-la-presidencia-202683225114
Red Uno,2026-08-03,Despliegan contingente policial en ascension de la frontera tras multiples hechos fatales 202683225015,Despliegan contingente policial en Ascensión de la Frontera tras múltiples hechos fatales,"Un masivo contingente policial arribó a la comunidad de Ascensión de la Frontera, en Santa Cruz, para iniciar operativos de alto impacto orientados a la localización de extranjeros vinculados al crimen organizado. La intervención se concreta cuatro días después del trágico asesinato de un subteniente de inteligencia de la fuerza del orden en esa misma zona.

Efectivos especializados en tareas de inteligencia y grupos de operaciones tácticas del Comando Departamental ya se encuentran desplegados sobre el terreno. Este contingente tiene la tarea prioritaria de desarticular células delictivas internacionales y devolver la estabilidad al territorio limítrofe.

Antecedentes de alerta en la región

Este fuerte despliegue se suma al tenso panorama que ya afrontaba el municipio de San Ignacio de Velasco tras recientes episodios violentos. La escalada delictiva en la franja fronteriza ha movilizado a diversos sectores regionales que demandan un frenado inmediato a la delincuencia organizada.

Mira la programación en Red Uno Play",https://www.reduno.com.bo/noticias/despliegan-contingente-policial-en-ascension-de-la-frontera-tras-multiples-hechos-fatales-202683225015
Red Uno,2026-08-03,Preocupacion en cochabamba por violencia escolar surgen nuevos videos de peleas entre estudiantes y la dde activa plan preventivo 202683223413,Preocupación en Cochabamba por violencia escolar: Surgen nuevos videos de peleas entre estudiantes y la DDE activa plan preventivo,"La alerta y la indignación crecen en la comunidad educativa cochabambina tras la circulación de un nuevo video en redes sociales que muestra un violento enfrentamiento entre estudiantes en las puertas de una unidad educativa fiscal, ubicada en la zona sur de la ciudad.

En las imágenes se observa a jóvenes de sexo femenino agrediéndose a golpes y jalones de cabello, mientras una multitud de compañeros las rodea, filma con sus celulares e incluso incentiva la violencia en lugar de intervenir. Este hecho se suma a otros dos casos similares registrados apenas la semana pasada en distintas zonas del municipio.

""Parece que se acostumbran a solucionar problemas con peleas""

Ante esta ola de agresiones, la Dirección Departamental de Educación (DDE) expresó su profunda preocupación por la frecuencia y normalización con la que los menores están recurriendo a la fuerza física.

""De verdad la preocupación es ahora bastante más grande para la Dirección Departamental de Educación. Toda vez de que es como si los estudiantes estuvieran acostumbrándose a solucionar sus problemas mediante peleas. Y esto hace que debamos trabajar mucho más todavía en las unidades educativas para que podamos cortar la violencia"", afirmó el director departamental de Educación, Edgar Veizaga .

Intervención de la Defensoría y llamado a los padres

Veizaga confirmó que la DDE coordinará acciones de forma inmediata con la Defensoría de la Niñez y Adolescencia para desplegar talleres preventivos y de resolución de conflictos dentro de los establecimientos escolares.

Asimismo, la autoridad hizo un llamado directo a las familias para que se involucren activamente en la conducta y vida cotidiana de sus hijos, remarcando que la prevención de la violencia debe comenzar en el hogar. La policía y la defensoria ya trabajan para identificar el colegio del hecho más reciente para tomar las medidas correspondientes.

Mira la programación en Red Uno Play",https://www.reduno.com.bo/noticias/preocupacion-en-cochabamba-por-violencia-escolar-surgen-nuevos-videos-de-peleas-entre-estudiantes-y-la-dde-activa-plan-preventivo-202683223413
Red Uno,2026-08-03,Investigan a dos policias por uso de vehiculo oficial en estado de ebriedad y portando armas 202683222929,Investigan a dos policías por uso de vehículo oficial en estado de ebriedad y portando armas,"La Fiscalía y la Felcc requisaron un vehículo en Montero, Santa Cruz, tras la aprehensión de dos policías que estaban en su interior.

Sobre este operativo, la Fiscalía informó que “se hace la intervención, la requisa acaba de terminar. Se encuentra un arma larga, una corta y chalecos de efectivos de la Felcn, hay bebidas alcohólicas también”.

Debido al mal uso de recursos públicos, el Fiscal acotó que “este caso va a ser derivado a Santa Cruz, creo que a la unidad anticorrupción porque son funcionarios públicos porque estaban haciendo mal uso de un bien del Estado, de un vehículo”. En este sentido, las autoridades señalaron que los indicios apuntan a que los sujetos utilizaron un automóvil oficial para consumir bebidas alcohólicas mientras estaban de servicio.

Sanciones y estado de ebriedad

A la espera de determinaciones procesales, la Fiscalía concluyó que “seguramente por la vía administrativa se va a sancionar. Son funcionarios que estaban de servicio, de turno y estaban aparentemente en estado de ebriedad. Son efectivos de la Felcn”.

Mira la programación en Red Uno Play",https://www.reduno.com.bo/noticias/investigan-a-dos-policias-por-uso-de-vehiculo-oficial-en-estado-de-ebriedad-y-portando-armas-202683222929
Red Uno,2026-08-03,vian a la carcel a los atracadores de casa de cambios en cochabamba cayeron con 112 paquetes de marihuana 202683222352,"Envían a la cárcel a los atracadores de casa de cambios en Cochabamba, cayeron con 112 paquetes de marihuana","La Fuerza Especial de Lucha Contra el Crimen (Felcc) asestó un duro golpe a la delincuencia tras la captura de los dos involucrados en el violento atraco a una casa de cambios registrado la semana pasada en la zona norte de la ciudad. Tras su audiencia de medidas cautelares, la justicia determinó la detención preventiva por tiempo indefinido de ambos sujetos en el penal de San Sebastián Varones.

Durante los operativos de allanamiento concretados el domingo, los efectivos policiales lograron el secuestro del arma de fuego empleada en el ilícito y dos motocicletas que utilizaban los antisociales para operar y darse a la fuga.

Sin embargo, el operativo dio un giro inesperado al encontrarse en posesión de los aprehendidos un cargamento de 112 paquetes de marihuana .

Proceso penal ampliado a la Felcn

Inicialmente, la persecución penal contra ambos sujetos se abrió bajo la tipificación de robo agravado , respaldada por los registros de cámaras de seguridad que evidenciaron la intimidación con arma de fuego y el arrebato del dinero.

No obstante, tras el hallazgo de la sustancia controlada, las investigaciones se extenderán al ámbito del narcotráfico a través de la Fuerza Especial de Lucha Contra el Narcotráfico (Felcn).

""El delito inicial fue el robo agravado debido a la intimidación y violencia con arma de fuego. Las evidencias materiales y las motocicletas los sindican directamente. Ahora, al estar en posesión de una gran cantidad de sustancias controladas, la unidad de narcóticos realizará las pesquisas correspondientes de manera paralela por ese delito"", confirmó el director de la FELCC, Erick Peralta .

Avanza la búsqueda por el crimen del librecambista en la Av. Ayacucho

En otro caso que mantiene en vilo a la capital cochabambina, la Felcc informó que existen ""buenos avances"" para dar con los responsables del asesinato de un librecambista registrado en la avenida Ayacucho.

Peralta precisó que, por estrategia investigativa y para evitar alertar a los sospechosos, los detalles se mantendrán bajo estricta reserva por el momento:

""Por razones obvias no vamos a dar detalles de la investigación. Estamos colectando la mayor cantidad de evidencias y en los próximos días se tendrán novedades de manera material y objetiva"".

Mira la programación en Red Uno Play",https://www.reduno.com.bo/noticias/envian-a-la-carcel-a-los-atracadores-de-casa-de-cambios-en-cochabamba-cayeron-con-112-paquetes-de-marihuana-202683222352
Red Uno,2026-08-03,Paz afirma que bolivia cerro el semestre con superavit pese a los bloqueos 202683213930,Paz afirma que Bolivia cerró el semestre con superávit pese a los bloqueos,"El presidente Rodrigo Paz Pereira afirmó que Bolivia cerró el semestre con superávit , pese a los bloqueos y conflictos registrados en las últimas semanas.

La declaración fue realizada durante el acto de posesión de Fernando Aramayo como nuevo ministro de la Presidencia y Héctor Huanca como ministro de Relaciones Exteriores, donde el mandatario también hizo referencia al proceso de reordenamiento del Ejecutivo.

Superávit pese a los bloqueos

Paz aseguró que, aun con las dificultades generadas por los bloqueos, el país logró superar los resultados del mismo semestre del año anterior.

“Este semestre, aún con los bloqueos, estamos con superávit. Este semestre, aún con los bloqueos, hemos superado al semestre del año pasado del gobierno anterior”, manifestó.

El mandatario señaló que el movimiento económico estaría en torno a $us 6.000 millones , aunque cuestionó que en la gestión pasada, sin bloqueos, el resultado haya sido negativo.

“El año pasado estábamos en comparación menos 500 millones de dólares y no tuvieron bloqueos”, sostuvo.

“Estamos ordenando la casa”

El presidente afirmó que estos resultados forman parte de un proceso de ordenamiento económico e institucional impulsado por su administración.

“Con todos los problemas que hemos tenido, estamos ordenando la casa y ya estamos en un superávit, empezando a construir un proyecto nacional, una visión nacional”, señaló.

Paz agradeció a los ministros que participaron en esta etapa de gobierno y también al nuevo gabinete que acompañará la siguiente fase de la gestión.

Anuncia nuevos informes

El jefe de Estado adelantó que durante esta semana se realizarán nuevos anuncios y confirmó que el 6 de agosto presentará el informe a la patria , donde se prevé que detalle los avances, desafíos y próximas medidas de su administración.

“Esto no se queda acá. Recién comienza esta transición, se va culminando y está empezando el proceso de la transformación”, afirmó.

Mira la programación en Red Uno Play",https://www.reduno.com.bo/noticias/paz-afirma-que-bolivia-cerro-el-semestre-con-superavit-pese-a-los-bloqueos-202683213930
Red Uno,2026-08-03,Economia,ANAPO aguarda la normalización del diésel tras convenio con el Gobierno,"El sector productivo mantiene la expectativa de que el suministro de diésel se normalice de manera paulatina a partir de este martes para evitar mayores pérdidas en el campo.

Sobre esta situación, el gerente general de Anapo, Jaime Hernández, sostuvo que “la distribución de diésel tiene que comenzar a partir del día de mañana, esperemos que entre mañana y el miércoles se pueda dar una mejora porque ya la situación es crítica”.

Gestiones de alto nivel para asegurar el combustible

Las dirigencias agropecuarias sostuvieron reuniones estratégicas en Santa Cruz con el Ministerio de Hidrocarburos, YPFB, ANH y Amdecruz para coordinar el envío prioritario a las zonas de mayor demanda.

""Hemos expresado como sector productivo la crítica situación, la desesperación que hay de pequeños, medianos y grandes, y vamos a seguir en esa coordinación porque creemos que debe ser una prioridad precisamente salvar la producción de alimentos para el país"", remarcó Hernández.

Para asegurar que los volúmenes comprometidos arriben a los surtidores, se activará un plan de supervisión. La Agencia Nacional de Hidrocarburos, YPFB y los gobiernos municipales ejecutarán controles diarios en las estaciones de servicio bajo el resguardo de la Policía Nacional y las Fuerzas Armadas.

Monitoreo constante al cumplimiento de las promesas

Las tareas de siembra, zafra y cosecha dependen del ingreso continuo de cisternas a las principales regiones productoras del oriente, de acuerdo a lo que remarcó el sector. En este sentido, la dirigencia reiteró que el retorno a la normalidad dependerá exclusivamente de que las autoridades cumplan con los volúmenes y tiempos de entrega acordados para abastecer a pequeños, medianos y grandes productores.

Mira la programación en Red Uno Play",https://www.reduno.com.bo/economia/anapo-aguarda-la-normalizacion-del-diesel-tras-convenio-con-el-gobierno-20268321333
Red Uno,2026-08-03,Economia,Sector denuncia que peligran 12 millones de toneladas de caña por la escasez de diésel,"En plena época de zafra, una severa escasez de diésel amenaza con paralizar la recolección de 12 millones de toneladas de caña que ya se encuentran listas en los campos, de acuerdo a lo que señala el sector. La situación es sumamente crítica para la economía regional, tal como advirtió uno de sus representantes detallando que “somos más de 8 mil familias cañeras, de donde generan 25 mil empleos directos, más de 120 mil empleos indirectos”.

Hasta la fecha, indican que han logrado concretar un 20% del trabajo planificado, dejando a la vista una parálisis masiva de maquinaria por la falta de carburante.

Al respecto, la dirigencia remarcó la gravedad del panorama señalando que “hay ya varios frentes de cosecha que están parados totalmente; si vamos a este paso, se va a quedar caña en campo peor que cualquier otro año”.

Red de pequeños productores en emergencia

La vulnerabilidad del sector se acentúa porque la mayoría son pequeños agricultores sin capacidad logística para trasladar cisterna propia a las plantas de suministro.

Ante la exigencia de entre 60 y 90 millones de litros de diésel para garantizar la campaña, el sector advirtió que “estamos en esa situación crítica ahorita de que de emergencia el sector, todo el sector cañero tiene que darnos resultados lo más antes posible, o si no, tomaremos medidas que aconsejen a este tipo de situación”.

Mira la programación en Red Uno Play",https://www.reduno.com.bo/economia/sector-denuncia-que-peligran-12-millones-de-toneladas-de-cana-por-la-escasez-de-diesel-20268321102
Red Uno,2026-08-03,Gobierno elimina dos ministerios planificacion y turismo 20268321024,Gobierno elimina dos ministerios: Planificación y Turismo,"El presidente Rodrigo Paz afirmó que el reordenamiento del Ejecutivo busca reducir burocracia y avanzar hacia un Estado “más inteligente, más eficiente, más transparente y más cercano a la gente”.

El presidente Rodrigo Paz Pereira anunció dos señales dentro del nuevo reordenamiento del Órgano Ejecutivo: la transformación del área de Turismo mediante la creación de una Agencia Nacional del Turismo, del Folclore y de la Gastronomía , y la eliminación del Ministerio de Planificación del Desarrollo .

El anuncio fue realizado durante el acto de posesión de Fernando Aramayo como nuevo ministro de la Presidencia y de Héctor Huanca como ministro de Relaciones Exteriores.

Eliminan el Ministerio de Planificación

En la misma línea, Paz confirmó la eliminación del Ministerio de Planificación del Desarrollo , como parte de una nueva composición del Ejecutivo.

“A su vez también se genera una decisión: se elimina el Ministerio de Planificación del Desarrollo bajo una visión de una nueva composición bajo otros ministerios”, indicó.

El presidente adelantó que brindará mayores explicaciones posteriormente sobre esta determinación y sobre el rol de las autoridades salientes.

Un Estado más eficiente

Paz defendió que el país no necesita una estructura estatal más grande, pero tampoco un Estado ausente, sino uno con mayor capacidad de respuesta.

“No se necesita un Estado más grande, tampoco se necesita un Estado ausente, se necesita un Estado más inteligente, más eficiente, más transparente y más cercano a la gente”, sostuvo.

Turismo pasará a una agencia nacional

Durante su intervención, Paz explicó que el Ministerio de Turismo dejará de funcionar como cartera ministerial, aunque una parte de sus competencias permanecerá dentro del Ejecutivo.

“El Ministerio de Turismo, si bien va a quedar parte de él en el Ejecutivo, se está creando una Agencia Nacional del Turismo, del Folclore, de la Gastronomía”, afirmó el mandatario.

Según el presidente, esta nueva instancia permitirá una relación más ágil entre el sector público y privado, además de facilitar la articulación nacional e internacional.

Busca reducir burocracia

Paz sostuvo que la estructura ministerial genera trámites y lentitud, por lo que una agencia permitiría responder de manera más rápida a las necesidades del sector turístico.

“La burocracia estatal de los ministerios no permite agilidad y la Agencia Nacional del Turismo, del Folclore, de la Gastronomía va a permitir que lo público y lo privado puedan incorporarse, puedan encontrarse”, señaló.

El mandatario remarcó que el objetivo es convertir al turismo, el folclore y la gastronomía en un engranaje con mayor impacto en la economía nacional.

Mira la programación en Red Uno Play",https://www.reduno.com.bo/noticias/gobierno-elimina-dos-ministerios-planificacion-y-turismo-20268321024
Red Uno,2026-08-03,Nacional,"Paz se queda con 12 ministerios: “No se necesita un Estado más grande, sino más eficiente”","El presidente Rodrigo Paz anunció una nueva etapa en su gestión con una reestructuración que deja al Gobierno con 12 ministerios. El mandatario afirmó que esta decisión forma parte de un proceso de transformación del Estado orientado a reducir la burocracia.

Durante el acto de posesión de los nuevos ministros de la Presidencia y Relaciones Exteriores, Paz señaló que el periodo inicial de su Gobierno estuvo enfocado en organizar la administración pública y que ahora comienza una fase de cambios estructurales.

“Hoy día cambiamos de etapa, ha comenzado un tiempo de transformaciones profundas. Siempre dijimos: primero vamos a ordenar la casa y después las instancias correspondientes”, manifestó Paz.

Explicó que, tras recibir un Gobierno con 21 ministerios, posteriormente reducidos a 17, su administración inició con 14 carteras y ahora avanzará hacia un gabinete conformado por 12 ministerios.

""El Gobierno central está dando señales claras de buscar un Estado no ausente, sino un Estado presente, eficiente y que vaya siendo el ejemplo de aquello que tiene que significar un mensaje a nivel de las regiones"", afirmó Paz.

Como parte de esta reorganización, el mandatario anunció la creación de la Agencia Nacional del Turismo, del Folclore y de la Gastronomía, instancia que tendrá la misión de articular el trabajo entre los sectores público y privado para agilizar la promoción turística .

“La burocracia estatal de los ministerios no permite agilidad y la Agencia Nacional del Turismo, del Folclore, de la Gastronomía va a permitir que lo público y lo privado pueda incorporarse, puedan encontrarse y también lo nacional e internacional”, reiteró.

Además, anunció la eliminación del Ministerio de Planificación del Desarrollo y señaló que sus funciones serán reorganizadas dentro de otras áreas del Gobierno.

El mandatario también destacó que no busca ampliar la estructura estatal, sino mejorar su funcionamiento. “No se necesita un Estado más grande, tampoco se necesita un Estado docente, se necesita un Estado más inteligente, más eficiente, más transparente y más cercano a la gente”, manifestó.

Finalmente, Paz aseguró que los cambios ministeriales forman parte de una planificación de Gobierno y no de decisiones momentáneas. “Estos cambios ministeriales forman parte de esa ruta, no son respuestas circunstanciales, son decisiones destinadas a preparar al gobierno para la etapa de transformaciones que comienza”, afirmó.

El presidente cerró su intervención señalando que su administración continuará con una agenda enfocada en la transformación del Estado, la apertura internacional y la recuperación económica del país.

Mira la programación en Red Uno Play",https://www.reduno.com.bo/nacional/paz-se-queda-con-12-ministerios-no-se-necesita-un-estado-mas-grande-sino-mas-eficiente-20268321014
Red Uno,2026-08-03,Rodrigo paz anuncia que jose luis lupo sera propuesto como representante de bolivia ante la oea 202683205037,Rodrigo Paz anuncia que José Luis Lupo será propuesto como representante de Bolivia ante la OEA,"En el marco del acto de posesión del nuevo titular de la cartera de la Presidencia, el mandatario Rodrigo Paz confirmó que solicitó formalmente al Senado la aprobación de la designación de José Luis Lupo Flores como nuevo representante permanente de Bolivia ante la Organización de los Estados Americanos (OEA).

El anuncio se dio al término de una etapa de 10 meses de gestión de Lupo al frente del Ministerio de la Presidencia —cargo que asumió el 9 de noviembre de 2025—, periodo en el que impulsó medidas para modernizar el aparato estatal, reducir trabas burocráticas y promover espacios de concertación social.

Reconocimiento al diálogo y gestión de crisis

Durante su intervención, el presidente Paz destacó el desempeño de la exautoridad, haciendo especial énfasis en su rol articulador durante los momentos de mayor tensión política y social registrados en el país.

En palabras del mandatario, Lupo lideró un proceso de pacificación fundado en el diálogo con diversos sectores y organizaciones sociale s, logrando resolver conflictos sin recurrir a la violencia ni lamentar pérdidas humanas.

""Usted ha demostrado un compromiso con el gobierno y con la patria (...) apostar por el diálogo como un instrumento que usted liderizó llevó a un resultado extraordinario: sin bajas, sin muertos, siendo un gobierno que sea parte de la solución y no de la confrontación"" , aseveró el presidente Paz al agradecer el trabajo desplegado por el exministro.

Asimismo, el Jefe de Estado expresó su confianza en que la Cámara de Senadores ratifique la propuesta legislativa para que el país cuente con un profesional de perfil técnico e internacional en el foro regional.

""Esperemos que aquello que hemos enviado para que nos pueda representar en la OEA, a través de la petición hecha al Senado, sea aprobado y Bolivia tenga un digno representante de nuestra democracia en la casa de la democracia"" , acotó el mandatario.

Un perfil de amplia trayectoria internacional

La postulación ante el organismo interamericano responde a la amplia experiencia de José Luis Lupo en el ámbito diplomático y de la banca multilateral. Además de haber ocupado carteras de Estado en administraciones previas (Informaciones, Desarrollo Económico, Hacienda, Gobierno y Presidencia), Lupo se desempeñó durante 25 años en instituciones internacionales como la Corporación Andina de Fomento (CAF) y el Banco Interamericano de Desarrollo (BID).

Al despedirse de la cartera ministerial, Lupo reafirmó su postura en favor del fortalecimiento institucional y la apertura internacional de Bolivia:

""Sigo creyendo que nuestro país tiene todas las condiciones para salir adelante si es capaz de construir acuerdos amplios, recuperar institucionalidad y vencer a la corrupción. Continuaré sirviendo al país desde donde me corresponda hacerlo"" , afirmó la exautoridad.

La designación de Lupo queda ahora a la espera del tratamiento y dictamen de la Cámara de Senadores para su posterior oficialización y toma de posesión ante la sede de la OEA en Washington D.C.

Mira la programación en Red Uno Play",https://www.reduno.com.bo/noticias/rodrigo-paz-anuncia-que-jose-luis-lupo-sera-propuesto-como-representante-de-bolivia-ante-la-oea-202683205037
Red Uno,2026-08-03,Un camion fuera de control choca contra tres autos y una moto dejando dos heridos y danos materiales de consideracion 202683204614,"Un camión fuera de control choca contra tres autos y una moto, dejando dos heridos y daños materiales de consideración","Un aparatoso accidente múltiple registrado sobre la avenida Guayacán, en la zona de Golondrinas (Cochabamba) , dejó un saldo preliminar de dos personas heridas y cuantiosos daños materiales. El hecho movilizó a efectivos de la Policía Boliviana, personal de tránsito y equipos de emergencia, quienes acudieron al lugar para socorrer a los afectados y despejar la vía.

De acuerdo con los primeros reportes y el testimonio de los testigos en la zona, un camión que circulaba desde las inmediaciones del túnel de El Abra perdió el control e impactó violentamente contra una motocicleta y varios vehículos que se encontraban en el trayecto.

""Como tres autos ha chocado. Ha impactado mi casa en la Guayacán, en Golondrinas. Impactó primero la moto y el auto. Y el auto que chocó impactó sobre mi casa, se vino contraruta y botó mi tinglado"" "", relató con preocupación un vecino afectado cuyo inmueble sufrió daños directos.

El impacto provocó una cadena de choques que involucró en total a tres automóviles, una motocicleta y el camión pesado . Producto de la colisión, el conductor de la moto y uno de los taxistas involucrados resultaron heridos, siendo evacuados de emergencia por el personal médico. En el lugar quedaron esparcidos cristales rotos, autopartes y escombros de gran consideración.

Por su parte, el chofer del camión implicado en el siniestro se pronunció en el lugar de los hechos y atribuyó el incidente a desperfectos mecánicos repentinos mientras realizaba maniobras en la zona.

""Yo estaba haciendo la fila para diésel [...] como en mi delante ha recorrido, ya había espacio, entonces ahí no se ha prendido el auto por falla mecánica, eso me sucedió. Pero ya lo estamos hablando con los propietarios de los autos y yo lo voy a solucionar"" , declaró el conductor.

Efectivos de la Unidad de Tránsito se constituyeron en el lugar para realizar las pericias técnicas de rigor, levantar los croquis correspondientes, organizar el tráfico vehicular que quedó congestionado y cuantificar de manera oficial los daños materiales en los motorizados y en la vivienda afectada.

Minutos más tarde, grúas de alto tonelaje arribaron a la avenida Guayacán para retirar los vehículos siniestrados y restablecer la circulación normal en la zona.

Mira la programación en Red Uno Play",https://www.reduno.com.bo/noticias/un-camion-fuera-de-control-choca-contra-tres-autos-y-una-moto-dejando-dos-heridos-y-danos-materiales-de-consideracion-202683204614
Red Uno,2026-08-03,Tendencias,Lo que nadie notó: Vozinha llegó a Chile con lentes de IA y este era el verdadero propósito,"La llegada del guardameta internacional Josimar José Évora Dias a la capital chilena captó de inmediato la atención mediática por un sofisticado accesorio tecnológico en su rostro. Conocido popularmente como Vozinha , el nuevo refuerzo de Colo Colo aterrizó luciendo los avanzados Ray-Ban Meta Gen 2 en su emblemático modelo Wayfarer.

De acuerdo al medio La Tercera, este dispositivo híbrido integra componentes de última generación gracias a su procesador Snapdragon AR1 Gen 1, una cámara de 12 megapíxeles y parlantes direccionales en las patillas. Adicionalmente, sus cristales con tecnología Transitions permiten que el lente óptico tradicional se oscurezca automáticamente según la intensidad de la luz solar.

Asistencia e inteligencia artificial

Más allá de reproducir música y gestionar llamadas telefónicas, las gafas incorporan el asistente Meta AI para responder consultas de voz e interpretar el entorno circundante. Esta herramienta destaca por su capacidad de traducir conversaciones en tiempo real, facilitando la interacción en diversos idiomas sin sacar el celular.

La segunda generación de este equipo logra grabar videos verticales en resolución 3K con estabilización avanzada e intuición de encuadre. Asimismo, el sistema duplica la autonomía de su predecesor al ofrecer hasta ocho horas continuas de uso alimentadas directamente desde su estuche cargador.

Disponibilidad en el mercado

Con un diseño exterior idéntico al de unas gafas convencionales, este modelo de oído abierto se encuentra oficialmente disponible en el comercio minorista nacional. Sus precios en tiendas chilenas fluctúan entre los 420.000 pesos (equivalente a Bs. 5.529,04) y 725.000 pesos (equivalente a Bs. 9544,18) según la configuración del cristal elegido.

Mira la programación en Red Uno Play",https://www.reduno.com.bo/tendencias/lo-que-nadie-noto-vozinha-llego-a-chile-con-lentes-de-ia-y-este-era-el-verdadero-proposito-202683204610
Red Uno,2026-08-03,Tendencias,La cena que promete un sueño profundo: ¿funciona realmente este truco de TikTok?,"Una nueva tendencia que se viraliza en TikTok plantea cambiar la hora de la cena para mejorar la calidad del sueño y favorecer la salud del organismo. El método, conocido como “early bird dinner” o “cena temprana”, consiste en realizar la última comida del día alrededor de las 17:00 o 18:00 horas, dejando un margen de varias horas antes de acostarse.

La propuesta no es nueva, pero ha ganado popularidad en redes sociales debido a testimonios de personas que aseguran dormir mejor, reducir molestias como el reflujo y sentirse con más energía al día siguiente. Sin embargo, algunos estudios científicos han comenzado a analizar si adelantar la cena realmente genera beneficios.

Una investigación publicada en 2021 encontró que las personas que cenaban cerca de las 18:00 horas, en comparación con quienes lo hacían alrededor de las 21:00, presentaban mejoras en el control de la glucosa y en la capacidad del cuerpo para utilizar carbohidratos y grasas como fuente de energía.

Además, un estudio realizado en 2023 señaló que quienes realizaban su última comida después de las 21:00 tenían un 28% más de riesgo de sufrir enfermedades cerebrovasculares frente a quienes cenaban antes de las 20:00. Los investigadores también observaron una relación entre retrasar la primera comida del día y un mayor riesgo cardiovascular.

Los expertos explican que cenar tarde puede alterar el ritmo natural del organismo, ya que el cuerpo comienza a prepararse para el descanso durante la noche. Comer cerca de la hora de dormir puede dificultar la digestión y afectar la calidad del sueño.

Entre otras recomendaciones para dormir mejor están mantener el dormitorio fresco, oscuro y silencioso, evitar el uso de pantallas al menos 30 minutos antes de acostarse y realizar actividad física con regularidad, aunque evitando entrenamientos intensos justo antes de dormir.

Mira la programación en Red Uno Play",https://www.reduno.com.bo/tendencias/la-cena-que-promete-un-sueno-profundo-funciona-realmente-este-truco-de-tiktok-202683203454
Red Uno,2026-08-03,Nacional,Gobierno hace cambios en su gabinete y posesiona a nuevas autoridades,"En un acto desarrollado en la Casa Grande del Pueblo, el presidente Rodrigo Paz posesionó la noche de este lunes a las nuevas autoridades que encabezarán las carteras de la Presidencia y de Relaciones Exteriores. Fernando Aramayo asumió como nuevo ministro de la Presidencia en reemplazo de José Luis Lupo, mientras que Héctor Francisco Huanca Gutiérrez tomó el liderazgo de la Cancillería en sucesión de Aramayo.

Perfil técnico y trayectoria internacional de Fernando Aramayo

El nuevo titular de la Presidencia es un especialista en Economía Política, Políticas Públicas y Gestión de la Cooperación Internacional que cuenta con más de 25 años de trayectoria profesional. Previo a esta designación, se desempeñó como ministro de Relaciones Exteriores e impulsó procesos estratégicos dentro de la administración pública.

A lo largo de su carrera institucional, ejerció como jefe de Política Económica en la oficina del PNUD en Bolivia y fue asesor de Democracia y Desarrollo para América Latina y el Caribe desde Nueva York. Asimismo, destacó por su labor como facilitador en hitos históricos del país, entre los cuales sobresalen la Asamblea Constituyente y el Censo de Población y Vivienda del año 2001.

Su experiencia técnica abarca trabajos de mediación y desarrollo institucional en diversos países de América Latina, África y Medio Oriente. Además, ha colaborado activamente con organismos multilaterales y agencias internacionales como la GIZ en materia de gobernanza democrática y construcción de paz.

Experiencia en derechos humanos y diálogo de Héctor Huanca

Por su parte, el nuevo canciller Héctor Francisco Huanca Gutiérrez ejercía anteriormente como viceministro de Gestión Consular e Institucional dentro del servicio exterior. Abogado de profesión y experto en Derechos Humanos, acumula 15 años de trabajo en la Defensoría del Pueblo atendiendo a poblaciones en situación de vulnerabilidad.

Huanca cuenta con especializaciones en transformación de conflictos sociales y facilitación del diálogo desarrolladas junto a la Cooperación Suiza. De igual forma, se ha desempeñado como asistente técnico e implementador de proyectos orientados a fortalecer el programa de Acceso a la Justicia en el territorio nacional.

Mira la programación en Red Uno Play",https://www.reduno.com.bo/nacional/gobierno-hace-cambios-en-su-gabinete-y-posesiona-a-nuevas-autoridades-202683203444
Red Uno,2026-08-03,Tendencias,¡Zzz en pleno set! Presentadora de televisión se queda dormida en vivo y las redes se encienden,"Las transmisiones en directo siempre están expuestas a imprevistos, pero lo ocurrido recientemente en el programa estadounidense Good Morning Memphis (FOX13) ha dado la vuelta al mundo. La presentadora Dominique Dillon protagonizó un incómodo y viral momento al quedarse profundamente dormida en plena emisión en vivo.

El incidente ocurrió cuando la cámara regresó de manera imprevista al estudio tras la finalización de un reporte exterior. En las imágenes se pudo ver a Dillon con los ojos cerrados y sosteniéndose la cabeza en el escritorio. Al percatarse de que estaba al aire, reaccionó de inmediato, mirando al vacío con una sutil sonrisa antes de que la producción lograra enviar un corte comercial, según publica RT .

La reacción del público: empatía ante el agotamiento matutino

Pese a lo bochornoso del momento, la reacción en las redes sociales no se hizo esperar, destacándose por la solidaridad de los televidentes. Lejos de las burlas, cientos de usuarios salieron en defensa de la comunicadora.

Los comentarios públicos no tardaron en señalar los exigentes y agotadores horarios que enfrentan los profesionales de la televisión matutina, quienes deben iniciar sus labores en la madrugada. Asimismo, muchos internautas recordaron y justificaron el cansancio de Dillon haciendo referencia a su rol personal como madre de dos hijos, evidenciando la dura carga de compaginar la vida familiar con turnos laborales tan extremos.

Mira la programación en Red Uno Play",https://www.reduno.com.bo/tendencias/zzz-en-pleno-set-presentadora-de-television-se-queda-dormida-en-vivo-y-las-redes-se-encienden-202683203110
Red Uno,2026-08-03,Hector huanca es posesionado como ministro de relaciones exteriores 202683202126,Héctor Huanca es posesionado como ministro de Relaciones Exteriores,"Héctor Francisco Huanca Gutiérrez fue posesionado como nuevo ministro de Relaciones Exteriores de Bolivia, durante un acto oficial en el que también asumió Fernando Aramayo Carrasco como nuevo ministro de la Presidencia.

Huanca reemplaza en la Cancillería a Aramayo, quien dejó el Ministerio de Relaciones Exteriores para asumir la cartera de la Presidencia, en reemplazo de José Luis Lupo .

Durante el acto, se anunció la posesión de ambas autoridades como parte de los cambios en el gabinete del presidente Rodrigo Paz Pereira .

Perfil profesional

El nuevo canciller es abogado especialista en Derechos Humanos y cuenta con una trayectoria de 15 años en la Defensoría del Pueblo de Bolivia , donde trabajó en la resolución de conflictos relacionados con poblaciones vulnerables, pueblos indígenas originarios, población LGBT y mujeres.

También se desempeñó como capacitador y conferencista en áreas vinculadas a derechos humanos, negociación, mediación y conciliación.

Experiencia en resolución de conflictos

Huanca es profesional en Transformación de Conflictos Sociales y fue facilitador del diálogo en la Defensoría del Pueblo y la Cooperación Suiza.

Además, trabajó como asistente técnico en planificación, seguimiento, implementación y monitoreo de proyectos de la Cooperación Suiza en Bolivia, dentro del programa Acceso a Justicia .

Cargos anteriores

Antes de asumir como canciller, Huanca ocupó diferentes responsabilidades vinculadas a la prevención y gestión de conflictos.

Fue jefe nacional de la Unidad de Conflictos de la Defensoría del Pueblo y también jefe de la Unidad de Prevención y Transformación de Conflictos .

El 25 de noviembre de 2025 fue posesionado como viceministro, cargo que ocupó antes de ser designado al frente del Ministerio de Relaciones Exteriores.

Cambio en la Cancillería

Con su posesión, Huanca asume la conducción de la política exterior boliviana en una etapa marcada por el desafío de fortalecer las relaciones internacionales del país y acompañar la agenda institucional del Gobierno.

Mira la programación en Red Uno Play",https://www.reduno.com.bo/noticias/hector-huanca-es-posesionado-como-ministro-de-relaciones-exteriores-202683202126
Red Uno,2026-08-03,Alcaldes del norte integrado amenazan con bloqueos por falta de diesel 202683201612,Alcaldes del Norte Integrado amenazan con bloqueos por falta de diésel,"Productores del Norte Integrado, junto a autoridades municipales de Fernández Alonso y Cuatro Cañadas, instalaron la tarde de este lunesuna protesta en instalaciones de YPFB para exigir la provisión de diésel.

El alcalde de Fernández Alonso, Eliazer Arellano, cuestionó la falta de abastecimiento y aseguró que el sector productivo atraviesa una situación crítica debido a las dificultades para acceder al combustible.

“El departamento no merece esto, los productores no nos merecemos esto. Ya un año seguimos haciendo cola en diésel. Sinceramente, nos fregaron al sector productivo”, manifestó Arellano.

La autoridad señaló que incluso los trabajos municipales se encuentran afectados por la falta de combustible. “No puedo arreglar un camino porque no tengo diésel, mi maquinaria parado lo tengo ahí en la alcaldía. Más de una semana estamos parados”, afirmó.

Por su parte, el alcalde de Cuatro Cañadas, Johan Bergen, indicó que la escasez de diésel está perjudicando la producción agrícola y el traslado de los productos hacia los mercados.

“No tenemos producción, no tenemos diésel para producir. Nuestra cosecha se está cayendo todo al suelo”, sostuvo Bergen, quien agregó que los transportistas también enfrentan problemas para movilizar la producción. “Cosechamos trigo, las transportistas tampoco tienen diésel para llevar nuestro grano”.

Ambas autoridades señalaron que agotaron las gestiones ante las instancias correspondientes y anunciaron que podrían asumir medidas de presión.

“Si no nos dan en 72 horas diésel, vamos a bloquear porque no nos queda otra salida más”, advirtió Bergen.

Los alcaldes remarcaron que la falta de combustible afecta directamente al sector productivo del Norte Integrado y pidieron al Gobierno garantizar el abastecimiento para evitar mayores perjuicios

Mira la programación en Red Uno Play",https://www.reduno.com.bo/noticias/alcaldes-del-norte-integrado-amenazan-con-bloqueos-por-falta-de-diesel-202683201612
Red Uno,2026-08-03,Economia,Dólar a la baja en Bolivia: El BCB fija la nueva cotización oficial para este martes,"La noche de este lunes 3 de agosto, el Banco Central de Bolivia (BCB) estableció de manera oficial el nuevo tipo de cambio para el dólar estadounidense, aplicando los lineamientos del esquema de dólar flexible . La nueva disposición monetaria regirá en todo el territorio nacional desde las 00:00 horas de este martes 4 de agosto de 2026 .

De acuerdo con el informe emitido por la entidad financiera matriz, la divisa extranjera se fijó en Bs 12,08 . Esta medida representa un ajuste respecto a la jornada de este lunes, cuando el Tipo de Cambio Oficial (TCO) se encontraba establecido en Bs 12,13 .

Con la implementación de este nuevo valor bajo el esquema flexible, el Banco Central busca dar continuidad a las directrices económicas vigentes para el mercado cambiario del país.

Mira la programación en Red Uno Play",https://www.reduno.com.bo/economia/dolar-a-la-baja-en-bolivia-el-bcb-fija-la-nueva-cotizacion-oficial-para-este-martes-20268320749
Red Uno,2026-08-03,Transporte pesado da 15 dias al gobierno para resolver falta de diesel 202683195930,Transporte pesado da 15 días al Gobierno para resolver falta de diésel,"El transporte pesado dio un plazo de 15 días al Gobierno para resolver el desabastecimiento de diésel y atender el mal estado de las carreteras, dos problemas que, según el sector, están frenando sus operaciones y generando pérdidas económicas.

Dirigentes transportistas señalaron que las autoridades no cumplieron los compromisos asumidos y advirtieron que, una vez que se levante el estado de excepción , asumirán medidas de presión.

“No queda otra situación que tomar medidas totalmente contundentes del sector del autotransporte, porque no pueden trabajar los compañeros”, señaló uno de los representantes.

Se declaran en quiebra

El representante del transporte pesado, Domingo Ramos , afirmó que el sector está cansado de “mendigar combustible” y anunció que, si no existe una respuesta en el plazo fijado, se declararán en quiebra nacional .

“Ustedes tienen 15 días para responder al sector del transporte pesado. Caso contrario, nosotros nos declaramos en quiebra nacional y no vamos a poder pagar peajes ni impuestos”, advirtió Ramos.

El dirigente aseguró que las reuniones y acuerdos previos con el Gobierno no tuvieron resultados concretos.

“No hemos avanzado ni siquiera al 10%. Hay respuestas, sí, leyes sí, pero no están en consenso, no están en funcionamiento”, cuestionó.

Filas por diésel reducen viajes

Según los transportistas, la falta de combustible redujo considerablemente la cantidad de viajes que realizaban cada mes.

Indicaron que antes un vehículo pesado podía trabajar al menos tres veces al mes, pero actualmente muchos no logran completar ni uno o uno y medio debido a las filas por diésel.

“Estamos totalmente afectados. Lamentablemente siguen existiendo las filas y se agudiza mucho más el tema diésel”, señalaron desde el sector.

Carreteras y repuestos también golpean al sector

Además del desabastecimiento de carburante, el transporte pesado reclama por el mal estado de las carreteras, la falta de mantenimiento vial y el encarecimiento de repuestos.

Ramos pidió regular los fletes y atender el abandono de las rutas, al señalar que los accidentes en carreteras como La Paz–Oruro también están relacionados con las condiciones de transitabilidad.

“El sector está cansado, hoy mendigando combustible. Por eso estamos en estado de emergencia”, sostuvo.

Transporte libre prepara denuncias

El transporte libre nacional también anunció que presentará denuncias por presuntas irregularidades en la importación de carburantes, principalmente por el caso de la denominada gasolina de mala calidad.

Dirigentes del sector aseguraron que cuentan con documentación que revelaría contradicciones entre informes de YPFB , la ANH y la Comisión Investigadora de Diputados.

“Yacimientos y la ANH tienen que ser investigados por la mala compra que han hecho, las malas decisiones y la gasolina basura que ha perjudicado a miles de transportistas”, señalaron.

Mira la programación en Red Uno Play",https://www.reduno.com.bo/noticias/transporte-pesado-da-15-dias-al-gobierno-para-resolver-falta-de-diesel-202683195930
Red Uno,2026-08-03,Tengo todos los respaldos jhonny fernandez se abstiene de declarar 202683195756,"""Tengo todos los respaldos"": Jhonny Fernández se abstiene de declarar","El exalcalde de Santa Cruz, Jhonny Fernández, se presentó este lunes en dependencias del Departamento Especializado de Lucha Contra la Corrupción (Delcc) para prestar su declaración dentro de la investigación por la presunta malversación de recursos destinados a la construcción del viaducto del cuarto anillo y doble vía a La Guardia.

Tras permanecer más de dos horas en oficinas policiales, Fernández salió del lugar y confirmó que decidió abstenerse de declarar. Explicó que la investigación continúa y que todavía existen diligencias pendientes, además de otras personas que deberán prestar su declaración ante el Ministerio Público.

""Esta es una investigación que todavía falta mucha gente que tiene que declarar. Cuando yo sea nuevamente convocado voy a asistir, porque hay temas que todavía están en curso en esta denuncia"", manifestó el exalcalde al salir de la Felcc.

Fernández aseguró que cuenta con la documentación necesaria para respaldar su gestión y sostuvo que demostrará su actuación mediante pruebas documentales. ""Yo estoy tranquilo, tengo todo el respaldo. Tengo que demostrarlo con documentos, porque es con documentos que se demuestran las cosas"", afirmó.

Asimismo, indicó que la administración municipal involucra a miles de funcionarios y diferentes unidades administrativas, por lo que considera que el proceso debe analizar todas las responsabilidades correspondientes. También calificó la denuncia como un hecho de carácter político.

Consultado sobre su situación jurídica, señaló que continuará defendiéndose en libertad mientras avanza la investigación. ""Hay que ser respetuoso de la ley. Todavía falta mucho, como ha dicho el fiscal, faltan muchas personas que tienen que declarar"", expresó.

La investigación está relacionada con una presunta malversación de aproximadamente Bs 66 millones en la ejecución de la obra del viaducto del cuarto anillo y la doble vía a La Guardia. El Ministerio Público continúa con la toma de declaraciones y la recolección de documentación para esclarecer el caso.

Mira la programación en Red Uno Play",https://www.reduno.com.bo/noticias/tengo-todos-los-respaldos-jhonny-fernandez-se-abstiene-de-declarar-202683195756
Red Uno,2026-08-03,Tendencias,"El misterio del ""hombre caminante"" en Marte: ¿Vida extraterrestre o una simple roca marciana?","Una vieja fotografía panorámica captada por el rover Spirit de la NASA en 2007 volvió a encender la imaginación de los internautas en las redes sociales. En la imagen, que muestra un polvoriento horizonte marciano, se distingue a lo lejos una curiosa silueta entre las rocas que aparenta ser una figura humana con los brazos extendidos y una pierna adelantada , como si hubiera sido congelada a mitad de paso.

La reaparición de esta toma desató todo tipo de teorías en plataformas como Reddit, donde algunos usuarios aseguran que se trata de un ""hombre caminando"", una estatua , o incluso los restos de una antigua civilización . Sin embargo, la ciencia tiene una explicación mucho más terrenal y fascinante.

La ciencia responde: El poder de la pareidolia

Ante el revuelo digital, la Planetary Society salió al paso para aclarar el caso, calificándolo como un ejemplo clásico de pareidolia . Este fenómeno psicológico describe la tendencia innata del cerebro humano a reconocer patrones familiares, como caras, animales o figuras humanas, en formas y texturas completamente aleatorias, según informa el portal RT .

Astrónomos y divulgadores científicos recuerdan que no existe ningún indicio de vida en Marte . La superficie del planeta rojo ha sido moldeada durante miles de millones de años por intensa actividad volcánica, impactos de meteoritos y la incesante erosión del viento marciano.

Estos procesos geológicos naturales son plenamente capaces de esculpir rocas con formas caprichosas y sorprendentemente artificiales.

Nuevas polémicas y viejos mitos en el planeta rojo

El avistamiento del ""hombre caminante"" no es un caso aislado. Recientemente, otro investigador de ovnis popularizó una imagen captada por el rover Curiosity , afirmando que mostraba un ""misil alienígena"" sin explotar de más de dos metros de longitud, sugiriendo teorías sobre un antiguo conflicto que habría destruido una civilización marciana, según publica Daily Mail.

A pesar de las especulaciones virales y las teorías conspirativas sobre tecnologías espaciales ocultas por los gobiernos, la NASA mantiene una postura clara: no hay evidencia de vida extraterrestre actual o pasada en Marte. Los objetos misteriosos que tanto fascinan en internet continúan siendo, científicamente, nada más que formaciones rocosas esculpidas por la implacable geología marciana.

Mira la programación en Red Uno Play",https://www.reduno.com.bo/tendencias/el-misterio-del-hombre-caminante-en-marte-vida-extraterrestre-o-una-simple-roca-marciana-202683195433
Red Uno,2026-08-03,Civicos crucenos piden alianza con brasil ante escalada de hechos fatales en la frontera 202683195144,Cívicos cruceños piden alianza con Brasil ante escalada de hechos fatales en la frontera,"Ante el preocupante repunte de violencia en la región fronteriza de San Ignacio de Velasco, el presidente del Comité Pro Santa Cruz, Stello Cochamanidis, afirmó que “dentro de los tratados internacionales tienen que haber ciertos parámetros, entre ellos, la seguridad es totalmente primordial” para resguardar la tranquilidad ciudadana.

Asimismo, el líder cívico remarcó que “Santa Cruz y Brasil son muy extensos en frontera, tiene que haber una coordinación entre las fuerzas públicas de Brasil y las de Bolivia” para garantizar el control efectivo del territorio.

Esta postura institucional surge mientras la Policía Boliviana intensifica los operativos en el departamento para capturar a los responsables del asesinato del subteniente Yerson Salazar Aliendres y esclarecer otros hechos de sangre en la franja limítrofe. La consternación social se ha profundizado tras el acribillamiento del veterinario Denar Parada Saavedra en San Ignacio de Velasco, quien recibió más de diez impactos de proyectil de arma de fuego.

Soberanía y alianzas estratégicas

Para enfrentar la criminalidad, Cochamanidis señaló que “en Brasil deben tener equipos más avanzados, debe haber la voluntad de ese lado de solucionar los problemas, evitar estos crímenes” de forma conjunta. Respecto a la presencia militar o policial en la zona, concluyó que “sentar o no una base que será lo que determine nuestra constitución y la de Brasil, pero sobre todo la cooperación de ambos países” será determinante para resolver la crisis.

Mira la programación en Red Uno Play",https://www.reduno.com.bo/noticias/civicos-crucenos-piden-alianza-con-brasil-ante-escalada-de-hechos-fatales-en-la-frontera-202683195144
Red Uno,2026-08-03,Economia,Alcaldes suscriben convenio de cinco puntos con YPFB para solucionar la falta de diésel,"Tras una reunión estratégica en Santa Cruz de la Sierra entre el Ministerio de Hidrocarburos y Energía, YPFB, Amdecruz y alcaldes municipales, se establecieron mecanismos obligatorios de transparencia e incremento en los volúmenes de diésel para responder a la alta demanda de la zafra, siembra y cosecha.

Con el fin de evitar desviaciones y asegurar una logística ordenada, la ANH, YPFB y las municipalidades realizarán operativos de fiscalización diaria en los surtidores con el resguardo de las Fuerzas Armadas y la Policía Nacional. El convenio suscrito, fija 5 aspectos importantes:​​​​​​

Tras concluir la reunión, Neptaly Mendoza, presidente de la Asociación de Municipios de Santa Cruz, advirtió sobre la gravedad de la situación en las regiones agrícolas al señalar que “ha llegado a un límite muy complicado la falta de diésel para el funcionamiento del aparato productivo y la maquinaria”.

Ante esto, resaltó la alianza con las fuerzas del orden para frenar el mercado negro indicando que “se ha acordado que YPFB, la ANH y los municipios vamos a ejercer un control acompañado por la fuerza pública para evitar que personas recojan combustible para revenderlo a mayor precio”.

Incremento de volúmenes y cumplimiento inmediato

Respecto a las zonas agrícolas con mayor demanda, Mendoza confirmó que se priorizará el envío de carburantes, señaló que “necesitamos incrementar los volúmenes a los municipios donde haya mayores urgencias, por lo que habrá una reunión directa con YPFB para reasignar el suministro”.

Por último, el representante municipal subrayó la vigencia del acuerdo firmado recordando que “esperemos que este convenio pueda ser cumplido, es de cumplimiento inmediato, de manera que los puntos acordados deben ejecutarse”.

Mira la programación en Red Uno Play",https://www.reduno.com.bo/economia/alcaldes-suscriben-convenio-de-cinco-puntos-con-ypfb-para-solucionar-la-falta-de-diesel-202683194053
Red Uno,2026-08-03,Aun no identifican a los asesinos del veterinario ejecutado con 22 balazos en san ignacio 202683193440,Aún no identifican a los asesinos del veterinario ejecutado con 22 balazos en San Ignacio,"La Policía intensificó los operativos en el municipio de San Ignacio de Velasco tras el asesinato del veterinario Denar Parada Saavedra, de 41 años, quien fue acribillado la tarde del domingo. Hasta este lunes, las autoridades no lograron identificar ni capturar a los responsables del hecho de sangre.

Como parte de la investigación, el restaurante que administraba la víctima continúa precintado, mientras peritos y efectivos policiales realizan diferentes diligencias para recolectar indicios que permitan esclarecer el crimen.

Paralelamente, familiares y amigos velan los restos del profesional, consternados por la violencia con la que fue asesinado.

La autopsia legal confirmó que Parada Saavedra recibió 22 impactos de bala de arma de fuego calibre 9 milímetros, lesiones que le provocaron la muerte de manera inmediata. De acuerdo con el informe policial, el veterinario se encontraba en un negocio de venta de pollo cuando fue sorprendido por dos hombres que llegaron en una motocicleta y abrieron fuego en repetidas ocasiones.

Tras cometer el ataque, los sicarios huyeron del lugar con rumbo desconocido. Las primeras investigaciones señalan que los autores serían presuntamente ciudadanos de nacionalidad brasileña, aunque este dato aún es verificado por las autoridades.

La Policía continúa con los operativos en distintos sectores de San Ignacio de Velasco y mantiene abierta la investigación para establecer el móvil del crimen e identificar a los responsables de este nuevo hecho de violencia que conmociona a la población.

Mira la programación en Red Uno Play",https://www.reduno.com.bo/noticias/aun-no-identifican-a-los-asesinos-del-veterinario-ejecutado-con-22-balazos-en-san-ignacio-202683193440
Red Uno,2026-08-03,Reponen y reparan el letrero de cocha en el paseo del boulevard tras nuevos danos e instan a cuidar el ornato publico 202683193120,"Reponen y reparan el letrero de ""Cocha"" en el Paseo del Boulevard tras nuevos daños e instan a cuidar el ornato público","El emblemático letrero con las letras ""Cocha"" en diferentes colores, ubicado en el Paseo del Boulevard de la Recoleta, volvió a ser blanco de daños y deterioro. Tras reclamos por parte de los vecinos, funcionarios ediles se apersonaron al lugar para realizar los trabajos de mantenimiento y refacción correspondientes.

Daños por mal uso y estructuras frágil

El problema principal radica en el uso inadecuado que le da la ciudadanía a estos elementos ornamentales, los cuales están concebidos exclusivamente para fomentar el turismo y la toma de fotografías.

“El problema es que los niños y la gente que viene a sacarse fotos se sube sobre las letras. Como son pequeñas, entonces no están hechas para que la gente se suba, para que los niños suban. Son de exhibición, no son fuertes” , advirtieron desde la zona, señalando que las piezas se desprenden con facilidad ante la falta de una estructura interna de mayor resistencia o letreros restrictivos.

Una de las letras ""C"", que se encontraba en condiciones lamentables, ya fue reparada, mientras que el personal municipal procedió a la adecuación y mantenimiento de la letra ""A"". Las labores también incluyeron la revisión de las instalaciones eléctricas y el sistema de iluminación LED que ilumina el letrero durante las noches.

Acciones legales y llamado al cuidado ciudadano

Ante la reincidencia de estos destrozos —que según informaron las autoridades municipales se registran por tercera vez—, el municipio tomó una postura firme:

La Alcaldía informó que iniciará procesos legales contra los responsables de dañar el ornato público. Se solicitó la ayuda y vigilancia de los vecinos para identificar y denunciar a los autores de los destrozos. Los funcionarios y autoridades reiteraron que el espacio es netamente decorativo y pidieron a la población evitar sentarse o subirse encima de las letras para garantizar su conservación.

Los trabajos de reparación concluyeron durante la tarde, dejando el espacio listo para el disfrute de los visitantes, bajo la premisa de cuidar el patrimonio turístico de la ciudad.

Mira la programación en Red Uno Play",https://www.reduno.com.bo/noticias/reponen-y-reparan-el-letrero-de-cocha-en-el-paseo-del-boulevard-tras-nuevos-danos-e-instan-a-cuidar-el-ornato-publico-202683193120
Red Uno,2026-08-03,Panificadores analizan subir el precio del pan desde septiembre conozca los detalles 202683192830,La Paz: Panificadores analizan subir el precio del pan desde septiembre; conozca los detalles,"La Confederación Nacional de Panificadores de Bolivia anunció que analiza un posible incremento en el precio del pan de batalla, debido al alza de costos de producción y al impacto del tipo de cambio en los insumos importados.

Desde el sector señalaron que aún no existe una decisión cerrada, pero indicaron que la hoja de costos refleja que la unidad de pan tendría un valor aproximado de Bs 1,30 .

“La decisión no la estamos tomando ahorita como una decisión cerrada. Estamos esperando nuevamente conversar con el Gobierno, agilizando y demostrando la hoja de costo, la cual bota un boliviano con 30 centavos”, señaló un representante de la Confederación.

Ampliado nacional a fines de agosto

Los panificadores informaron que se prevé realizar un ampliado nacional a finales de agosto, donde las federaciones del país evaluarán la situación y definirán una postura sobre el precio del pan.

“Las federaciones nos han exigido a nosotros, como cabezas de mi sector, tener un ampliado nacional, yo creo por fines de agosto a más tardar”, indicaron.

Según el sector, si no se llega a un acuerdo con el Gobierno, el nuevo precio podría aplicarse desde la primera semana de septiembre .

Insumos más caros por el dólar

Los panificadores advierten que el incremento del dólar afecta directamente a los insumos utilizados para la elaboración del pan, especialmente la harina, manteca y levadura.

“Lamentablemente, la subida no solamente está afectando en la harina, está afectando en diferentes insumos como la manteca y la levadura”, señalaron.

El sector asegura que el encarecimiento de estos productos presiona los costos de producción y dificulta mantener el precio actual del pan de batalla.

Panificadores de La Paz piden esperar

En La Paz, el dirigente de la Federación de Panificadores Artesanos , Dandy Mallea , pidió calma a la población y aseguró que aún se espera una definición del Gobierno sobre el precio del quintal de harina.

Mallea explicó que el Ministerio de Desarrollo Productivo habría informado sobre la importación de 7.000 toneladas métricas de harina de trigo acabada y 30.000 toneladas de trigo , insumos que se espera sean distribuidos en los próximos días.

“Estamos a la espera de que esta semana nos puedan determinar el precio del quintal de harina”, señaló.

Buscan mantener el precio actual

El dirigente paceño indicó que su sector busca que el trigo sea entregado directamente a los molinos nacionales para reactivar la economía y evitar nuevas alzas en el mercado.

También aseguró que, por el momento, desde su federación se descarta un incremento inmediato del precio del pan y se intenta sostener el costo actual mientras llega el insumo.

“Estamos tratando de aguantar a lo que da la posibilidad de poder seguir manteniendo el precio de la unidad del pan”, afirmó Mallea.

Piden comprensión a la población

Mallea pidió comprensión a la población y sostuvo que el sector espera que en los próximos días se consolide la llegada de harina y trigo al país para evitar mayores problemas.

“Queremos la comprensión de la población. Hemos esperado varios meses, por qué no podemos esperar unos 10 días más para que el producto esté en Bolivia, en La Paz, en destino, y podamos trabajar”, manifestó.

Mira la programación en Red Uno Play",https://www.reduno.com.bo/noticias/panificadores-analizan-subir-el-precio-del-pan-desde-septiembre-conozca-los-detalles-202683192830
Red Uno,2026-08-03,Fernando aramayo posesionado como ministro de la presidencia 20268318520,Fernando Aramayo posesionado como Ministro de la presidencia,"El presidente Rodrigo Paz Pereira posesionó a Fernando Aramayo Carrasco como nuevo ministro de la Presidencia , en reemplazo de José Luis Lupo .

En el mismo acto, Héctor Francisco Huanca Gutiérrez fue posesionado como nuevo ministro de Relaciones Exteriores , cargo que hasta ahora era ocupado por Aramayo.

“De esta forma quedan posesionados los ciudadanos Fernando Aramayo Carrasco como ministro de la Presidencia y Héctor Francisco Huanca Gutiérrez como ministro de Relaciones Exteriores”, se anunció durante el acto oficial.

Aramayo destaca el rol institucional del Estado

Tras asumir el cargo, Aramayo afirmó que recibe la nueva responsabilidad con gratitud, humildad y sentido del deber, en un momento que calificó como trascendental para el país.

“Bolivia vive uno de esos momentos. Asumo esta alta responsabilidad que hoy me confiere el señor presidente del Estado con un profundo sentido del deber y con plena conciencia de la trascendencia institucional de esta hora”, expresó.

La nueva autoridad sostuvo que servir al Estado representa “el más alto honor y la mayor responsabilidad” para un servidor público.

Deja Cancillería y pasa a Presidencia

Aramayo señaló que concluye una etapa al frente del Ministerio de Relaciones Exteriores, desde donde, dijo, pudo confirmar que la fortaleza de un país no depende únicamente de su política exterior, sino también de la estabilidad interna de sus instituciones.

“El prestigio de una nación no depende únicamente de la calidad de su política exterior. La verdadera fortaleza de un país comienza siempre en el interior de sus instituciones”, afirmó.

Llamado a superar la crisis

En su discurso, el nuevo ministro de la Presidencia se refirió a los hechos recientes que vivió el país y sostuvo que toda crisis debe convertirse en una oportunidad para corregir debilidades, fortalecer instituciones y renovar compromisos con el futuro.

“Después de toda crisis llega el momento de decidir qué país queremos construir”, manifestó.

Aramayo afirmó que Bolivia debe recuperar su capacidad de producir, invertir, generar empleo y ofrecer condiciones de estabilidad y certidumbre a la población.

Mira la programación en Red Uno Play",https://www.reduno.com.bo/noticias/fernando-aramayo-posesionado-como-ministro-de-la-presidencia-20268318520
Éxito Noticias Bolivia,2026-08-03,MUNDO,Gobierno de Cuba reporta un nuevo apagón nacional,"Éxito Noticias, 3 de agosto 2026.- Cuba sufrió el domingo (02.08.2026) un nuevo apagón nacional de su red eléctrica, informó la empresa estatal de energía en una publicación en redes sociales.

La estatal Unión Eléctrica de Cuba (UNE) dijo que hubo una “desconexión total” del sistema eléctrico nacional, sumiendo al país, incluida La Habana, en la oscuridad.

Cuando las luces se apagaron repentinamente en toda la capital cubana, los residentes que estaban en las calles para buscar algo de alivio por el calor del verano se lamentaron por una nueva caída de la red eléctrica.

La isla ha sufrido persistentes cortes de energía debido al envejecimiento de sus plantas y a un embargo energético de Estados Unidos que detuvo las entregas regulares de combustible, necesario para abastecer las centrales eléctricas.

Este es el último de una serie de colapsos totales de la red eléctrica. Apenas 24 horas antes, cinco de las 15 provincias del país se quedaron a oscuras.

Desde que comenzó el año, la isla de 9,4 millones de habitantes ha registrado seis apagones generalizados. Desde finales de 2024, los cortes masivos suman 11.

La Habana acusa a Washington de ser responsable de la situación crítica del sistema eléctrico, mientras que Estados Unidos considera que la crisis energética cubana se debe a una mala gestión económica interna.

//DW",https://exitonoticias.com.bo/gobierno-de-cuba-reporta-un-nuevo-apagon-nacional/399189/
Éxito Noticias Bolivia,2026-08-03,"NACIONAL, PORTADA",ABC cierra temporalmente la carretera nueva entre Cochabamba y Santa Cruz por mantenimiento,"Éxito Noticias, 3 de agosto 2026.- La Administradora Boliviana de Carreteras (ABC) anunció el cierre temporal de la carretera nueva que conecta Cochabamba con Santa Cruz durante este lunes 3 y martes 4 de agosto, debido a trabajos de mantenimiento preventivo.

La restricción se aplicará entre las 07:00 y las 19:00 en el tramo comprendido entre el retén de Colomi (kilómetro 85) y el retén de Padresama (kilómetro 150).

Mientras tanto, la carretera antigua permanece habilitada y con salidas normales, aunque no todas las empresas de transporte interdepartamental están prestando servicio por esa ruta.

La ABC recomendó a transportistas y usuarios conducir con precaución, respetar la señalización y seguir las instrucciones del personal desplazado en el sector.",https://exitonoticias.com.bo/abc-cierra-temporalmente-la-carretera-nueva-entre-cochabamba-y-santa-cruz-por-mantenimiento/399195/
Éxito Noticias Bolivia,2026-08-03,"PORTADA, SEGURIDAD",Policía identifica enfrentamiento entre facciones brasileñas como origen de la violencia en Santa Cruz,"Éxito Noticias, 3 de agosto 2026.- La Policía atribuyó la reciente ola de asesinatos registrada en Santa Cruz a una disputa entre las organizaciones criminales brasileñas Primer Comando de la Capital (PCC) y Comando Vermelho por el control de las rutas del narcotráfico en Bolivia.

El comandante departamental de la Policía, David Gómez, señaló que las investigaciones apuntan a que los cinco homicidios ocurridos en los últimos días responden a enfrentamientos por el dominio de territorios utilizados para el tráfico de sustancias controladas.

Ante esta situación, informó que se reforzó la presencia policial en la frontera con Brasil mediante el despliegue de efectivos y grupos tácticos provenientes de La Paz, Oruro y Cochabamba. Además, desde el fin de semana se realizan patrullajes preventivos en San Matías en coordinación con las Fuerzas Armadas.

Como parte de los operativos, la Policía intervino una pista clandestina donde encontró una avioneta inutilizada, combustible de aviación, uniformes y equipo de tipo militar. Gómez también confirmó el hallazgo del cuerpo carbonizado del subteniente Jerson Salazar.

En los últimos días, los hechos de violencia dejaron varias víctimas en los municipios de San Ignacio de Velasco, San Matías y Yapacaní, incluido un efectivo policial.",https://exitonoticias.com.bo/policia-identifica-enfrentamiento-entre-facciones-brasilenas-como-origen-de-la-violencia-en-santa-cruz/399192/
Éxito Noticias Bolivia,2026-08-03,"PORTADA, SEGURIDAD",Exdiputado brasileño con orden de captura fue detenido en operativo en la frontera con Bolivia,"Éxito Noticias, 3 de agosto 2026.- El exdiputado brasileño Neno Razuk fue aprehendido por la Policía boliviana durante un operativo realizado en la zona fronteriza entre Bolivia y Brasil, en el marco de las acciones desplegadas tras la reciente ola de hechos violentos registrada en el oriente del país.

De acuerdo con el medio brasileño Jornal Midiamax, Razuk fue identificado cuando presentó su licencia de conducir y los agentes verificaron que tenía una orden de captura vigente emitida por la justicia de Brasil, donde es investigado por su presunta vinculación con una red de juegos de azar ilegales.

La prensa brasileña señala que el exlegislador permanecía prófugo desde julio y estaba próximo a ser incorporado a la lista roja de Interpol. Aunque la Policía boliviana no emitió un pronunciamiento oficial sobre el caso, de manera extraoficial se conoce que se gestiona su entrega a la Policía Federal de Brasil.

Las investigaciones del Grupo de Acción Especial para la Lucha contra el Crimen Organizado (Gaeco) identifican a Razuk como uno de los presuntos líderes de una organización dedicada al denominado jogo do bicho en el estado de Mato Grosso do Sul. La causa forma parte de la Operación Sucesión, que desde 2023 ha ejecutado varias fases con detenciones y allanamientos contra esa estructura criminal.",https://exitonoticias.com.bo/exdiputado-brasileno-con-orden-de-captura-fue-detenido-en-operativo-en-la-frontera-con-bolivia/399198/
Éxito Noticias Bolivia,2026-08-03,SOCIAL,Alcaldía retira la ciclovía de la zona Sur y anuncia habilitación total de la vía,"Éxito Noticias, 3 de agosto 2026.- La Alcaldía de La Paz inició este lunes el retiro de la ciclovía ubicada en la zona Sur y prevé que, al finalizar la jornada, todos los carriles del sector queden nuevamente habilitados para la circulación vehicular.

El alcalde César Dockweiler señaló que la decisión fue asumida tras concluir las auditorías y cumplir los procedimientos administrativos correspondientes. Afirmó que la infraestructura presentaba deficiencias de planificación y ejecución, por lo que, además de desmontarla, se evaluará si existió un daño económico al municipio para establecer posibles responsabilidades.

La autoridad sostuvo que el proyecto, ejecutado en la anterior gestión municipal, generó perjuicios a la circulación vehicular en sectores como Calacoto y San Miguel, donde fue cuestionado por reducir el espacio destinado al tránsito.

Dockweiler añadió que la comuna trabaja en un nuevo plan de movilidad urbana que contemplará la implementación de ciclovías adecuadas en otros puntos de la ciudad. Mientras tanto, cuadrillas municipales realizan el retiro de la infraestructura y la refacción de la vía para restablecer el tránsito normal.",https://exitonoticias.com.bo/alcaldia-retira-la-ciclovia-de-la-zona-sur-y-anuncia-habilitacion-total-de-la-via/399202/
Éxito Noticias Bolivia,2026-08-03,"POLITICA, SEGURIDAD",“Yo no soy Diprove”: Loza rechaza acusaciones por camioneta con reporte de robo y denuncia persecución política,"Éxito Noticias, 3 de agosto 2026.- El gobernador de Cochabamba, Leonardo Loza, negó haber conocido que una camioneta en la que fue trasladado durante una actividad en una cooperativa minera tenía un reporte de robo en Chile y aseguró que no le corresponde verificar la situación legal de los vehículos que utiliza de manera ocasional.

La autoridad afirmó que llegó al lugar en un vehículo oficial de la Gobernación y que solo abordó la camioneta para recorrer un corto trayecto durante una inspección. En ese contexto, sostuvo que esa labor corresponde a la Dirección de Prevención e Investigación de Robo de Vehículos (Diprove), por lo que rechazó cualquier responsabilidad.

“Yo no soy Diprove. (…) Yo llegué por la invitación de los compañeros de la cooperativa, llegamos en nuestro carro de la Gobernación desde acá hasta ese punto, nos dijeron hay que ir a inspeccionar, hemos subido unos 300 o 400 metros al cerro en esa camioneta, nos trasladamos y no sé quién publicó”, remarcó.

Loza también denunció que las críticas en su contra responden a intereses políticos y lamentó que, a su juicio, cualquier actividad que realiza sea motivo de cuestionamientos. Asimismo, pidió que no se vincule automáticamente cualquier vehículo rojo presente en sus actos públicos con el caso denunciado.

Asimismo, indicó que la Gobernación evaluó iniciar acciones legales por este hecho, aunque reiteró que el control de vehículos con posibles irregularidades no forma parte de las atribuciones del gobernador.",https://exitonoticias.com.bo/yo-no-soy-diprove-loza-rechaza-acusaciones-por-camioneta-con-reporte-de-robo-y-denuncia-persecucion-politica/399211/
Éxito Noticias Bolivia,2026-08-03,"PORTADA, SEGURIDAD",Sokol descarta que la captura de Evo Morales sea una prioridad policial,"Éxito Noticias, 3 de agosto 2026.- El comandante general de la Policía Boliviana, Mirko Sokol, señaló que la institución no concentra sus esfuerzos en la aprehensión del expresidente Evo Morales, pese a las órdenes de captura que pesan en su contra. Argumentó que existen miles de mandamientos pendientes de ejecución y que otros casos revisten mayor importancia.

La autoridad indicó que cualquier operativo para detener a Morales debe ser planificado con cautela, debido a reportes sobre la posible presencia de personas armadas en el Chapare, situación que podría desencadenar enfrentamientos y poner en riesgo a civiles y policías.

Asimismo, sostuvo que las investigaciones por presunta trata y tráfico de personas y por los hechos vinculados a los bloqueos de 53 días requieren un mayor respaldo probatorio para garantizar que una eventual aprehensión tenga sustento dentro del proceso judicial.

En ese contexto, Sokol reiteró la necesidad de fortalecer el sistema de justicia y anunció que la Policía impulsa una ley sobre el uso de la fuerza, con el objetivo de brindar mayor protección jurídica a los efectivos durante los operativos.",https://exitonoticias.com.bo/sokol-descarta-que-la-captura-de-evo-morales-sea-una-prioridad-policial/399205/
Éxito Noticias Bolivia,2026-08-03,"PORTADA, SEGURIDAD",Hallan 60 paquetes de droga durante operativo por ola de crímenes en la frontera con Brasil,"Éxito Noticias, 3 de agosto 2026.- Un contingente policial que se desplazaba hacia la zona fronteriza de Bolivia con Brasil para investigar la reciente ola de asesinatos encontró 60 paquetes de sustancias controladas abandonados al costado de la carretera entre San Ignacio de Velasco y San Vicente de la Frontera, en Santa Cruz.

Según el subcomandante departamental de la Policía, Juan Carlos Revollo, el hallazgo se produjo durante la ejecución del Plan Halcón. Los paquetes estaban distribuidos en dos bolsas de yute con 30 envoltorios cada una y la prueba de campo confirmó que se trata de droga.

Las autoridades investigan el origen del cargamento, ya que hasta el momento no existen personas aprehendidas ni indicios sobre quién abandonó la mercancía. El fiscal Sergio Riofrío informó que se conformó un equipo para esclarecer el caso.

El operativo se desarrolla en medio de la escalada de violencia registrada en la región fronteriza, donde en los últimos días fueron asesinadas varias personas, entre ellas el subteniente de Policía Yerson Salazar Aliendres, además de un veterinario atacado en San Ignacio de Velasco.",https://exitonoticias.com.bo/hallan-60-paquetes-de-droga-durante-operativo-por-ola-de-crimenes-en-la-frontera-con-brasil/399208/
Éxito Noticias Bolivia,2026-08-03,"NACIONAL, PORTADA",Ministro Oviedo contradice al comandante Sokol: “La tarea prioritaria del Gobierno es detener a Evo Morales”,"Éxito Noticias, 3 de agosto 2026.- Las declaraciones del Comandante General de la Policía Boliviana, Mirko Sokol, quien afirmó que la aprehensión del expresidente Evo Morales no es una prioridad para la institución, fueron contrastadas este lunes por el ministro de Gobierno, Marco Antonio Oviedo, quien aseguró que el Ejecutivo mantiene como objetivo prioritario la captura del exmandatario.

Consultado sobre la diferencia de criterios, Oviedo indicó que la posición oficial del Gobierno no ha cambiado. “El Gobierno ha definido como tarea prioritaria, escúchenme, prioritaria, detener a Evo Morales. Eso es todo”, afirmó la autoridad.

La declaración surge luego de que Sokol manifestara que la ejecución de la orden de aprehensión contra Morales no constituye una prioridad para la Policía, al argumentar que existen miles de mandamientos pendientes de cumplimiento y que los procesos contra el exmandatario requieren mayor solidez probatoria antes de ejecutar un operativo.

El pronunciamiento del ministro deja en evidencia una diferencia de enfoque respecto a las afirmaciones del comandante policial. Mientras Sokol puso énfasis en la evaluación operativa y judicial del caso, Oviedo remarcó que la instrucción política del Gobierno es dar prioridad a la captura de Morales.

El expresidente enfrenta procesos por presunta trata y tráfico de personas, además de otra investigación relacionada con los bloqueos de 53 días, causas por las que pesan órdenes de aprehensión que aún no han sido ejecutadas.",https://exitonoticias.com.bo/ministro-oviedo-contradice-al-comandante-sokol-la-tarea-prioritaria-del-gobierno-es-detener-a-evo-morales/399214/
Éxito Noticias Bolivia,2026-08-03,SEGURIDAD,Envían a Chonchocoro a taxista acusado de agredir sexualmente y robar a sus pasajeras,"Éxito Noticias, 3 de agosto 2026.- La Fuerza Especial de Lucha Contra la Violencia (FELCV) informó sobre la aprehensión de un taxista de 36 años, acusado de cometer al menos siete hechos delictivos en las ciudades de El Alto y Cochabamba, entre ellos agresiones sexuales y robos a sus pasajeras mediante transferencias bancarias por código QR.

Según el director de la FELCV, Miguel Zambrana, el imputado fue enviado con detención preventiva al penal de Chonchocoro mientras avanzan las investigaciones.

De acuerdo con las pesquisas, el hombre hacía que las mujeres ocuparan el asiento delantero del vehículo bajo el pretexto de que las puertas traseras estaban averiadas. Una vez iniciado el recorrido, las golpeaba y las amenazaba con un estilete para someterlas y, posteriormente, revisar sus teléfonos celulares con el fin de realizar transferencias de dinero desde sus cuentas bancarias.

La autoridad policial indicó que las víctimas accedían a las exigencias del agresor debido a las amenazas y la violencia ejercida en su contra. Tras cometer los delitos, el acusado las obligaba a descender del vehículo cuando este aún estaba en movimiento.

La captura del sospechoso fue posible gracias al rastreo de las transacciones bancarias efectuadas a su cuenta, trabajo que permitió a los investigadores de la FELCV de El Alto identificarlo y proceder con su aprehensión.",https://exitonoticias.com.bo/envian-a-chonchocoro-a-taxista-acusado-de-agredir-sexualmente-y-robar-a-sus-pasajeras/399216/
Éxito Noticias Bolivia,2026-08-03,POLITICA,Diputada del PDC pedirá informe a Mirko Sokol por afirmar que la captura de Evo Morales no es prioridad,"Éxito Noticias, 3 de agosto 2026.- La diputada del Partido Demócrata Cristiano (PDC), Claudia Bilbao, anunció que solicitará un informe al Comandante General de la Policía Boliviana, Mirko Sokol, para que explique las declaraciones en las que afirmó que la aprehensión del expresidente Evo Morales no constituye una prioridad para la institución.

La legisladora sostuvo que la Policía está obligada a cumplir todas las órdenes de aprehensión emitidas por la justicia, sin hacer distinciones entre las personas involucradas. En ese sentido, cuestionó que la autoridad policial haya señalado que la captura de Morales no es prioritaria.

“Cualquier boliviano que tenga una orden de aprehensión tiene que ser detenido. No hay si es prioridad o no es prioridad”, afirmó Bilbao, al remarcar que el cumplimiento de los mandamientos judiciales es una obligación para todos los efectivos policiales, desde el comandante general hasta el resto del personal.

La diputada indicó que, en su calidad de fiscalizadora, pedirá una explicación formal sobre el alcance de las declaraciones de Sokol, ya que considera que generan dudas respecto al cumplimiento de la ley. Añadió que espera que el jefe policial aclare si sus palabras fueron una equivocación.

Asimismo, recordó que no solo existe una orden de aprehensión contra Evo Morales, sino también mandamientos relacionados con las investigaciones por los 53 días de bloqueos. Aunque reconoció que, en algunos casos, la justicia dispone posteriormente la liberación de los aprehendidos, insistió en que la Policía debe ejecutar todas las órdenes emitidas por las autoridades competentes.

Bilbao también expresó su preocupación por el mensaje que, a su juicio, transmiten las declaraciones del comandante policial y cuestionó si existen diferencias en la aplicación de la ley. “¿Qué pasa? ¿Un boliviano es más que otro?”, manifestó.

De igual forma, la legisladora afirmó que el Gobierno debe continuar respetando el debido proceso y el trabajo de las instituciones, pero sostuvo que tanto la Policía como los operadores de justicia tienen la responsabilidad de cumplir con sus funciones, ya que de lo contrario, dijo, se afecta el respeto a la ciudadanía y al Estado de derecho.",https://exitonoticias.com.bo/diputada-del-pdc-pedira-informe-a-mirko-sokol-por-afirmar-que-la-captura-de-evo-morales-no-es-prioridad/399220/
Éxito Noticias Bolivia,2026-08-03,SOCIAL,Confederación de Chóferes ratifica movilizaciones ante incumplimiento del Gobierno tras conclusión del Estado de Excepción,"Éxito Noticias, 3 de agosto 2026.- El sector del transporte anunció que retomará las movilizaciones una vez concluya el Estado de Excepción, al considerar que el Gobierno no dio respuestas efectivas al desabastecimiento de diésel, el incremento de la cotización del dólar y el deterioro de la red vial del país.

El secretario general de la Federación Sindical de Choferes de Bolivia, Víctor Tarqui, informó que la decisión fue asumida en un ampliado nacional, luego de que distintas organizaciones del transporte evaluaran el incumplimiento de los compromisos asumidos por las autoridades para solucionar la escasez de combustible.

Según el dirigente, el Gobierno había asegurado que normalizaría el suministro de diésel en un plazo de 24 horas; sin embargo, afirmó que esa promesa no se cumplió y que la situación continúa afectando a los transportistas. Sostuvo que las dificultades también se reflejan en el mal estado de las carreteras, otro de los reclamos que, dijo, sigue sin ser atendido.

Tarqui explicó que el ampliado reunió a representantes del transporte pesado y de los operadores de buses interdepartamentales, sectores que dependen directamente del abastecimiento regular de combustible para desarrollar sus actividades.

En ese contexto, señaló que las pérdidas económicas son cada vez mayores. Indicó que los transportistas de carga pesada, que anteriormente realizaban hasta tres viajes al mes, ahora no logran completar ni dos debido a la falta de diésel y las restricciones que enfrentan para operar.

El dirigente afirmó que la situación ha generado una afectación generalizada al sector y advirtió que, una vez levantado el estado de excepción, se pondrá en marcha un plan de movilizaciones a escala nacional.

Tarqui remarcó que las medidas de presión fueron definidas porque, a juicio del transporte, el Ejecutivo no cumplió los acuerdos alcanzados y no ofreció soluciones concretas a los problemas que atraviesa el sector. Por ello, sostuvo que las protestas serán “contundentes” hasta que exista una respuesta a las demandas relacionadas con el abastecimiento de combustible, el tipo de cambio y la infraestructura vial.",https://exitonoticias.com.bo/confederacion-de-choferes-ratifica-movilizaciones-ante-incumplimiento-del-gobierno-tras-conclusion-del-estado-de-excepcion/399222/
Éxito Noticias Bolivia,2026-08-03,SOCIAL,Alcaldía de La Paz anuncia nuevo sistema de parqueo tarifado,"Éxito Noticias, 3 de agosto 2026.- El alcalde de La Paz, César Dockweiler, informó que la próxima semana comenzará la fase piloto del nuevo sistema de parqueo tarifado, el cual, según afirmó, busca mejorar el ordenamiento del espacio público y dejar atrás el modelo aplicado anteriormente.

La autoridad explicó que el nuevo esquema fue diseñado para regular el uso de las vías y evitar la ocupación indiscriminada de calles y avenidas. En ese sentido, cuestionó el sistema anterior al asegurar que priorizaba un negocio privado y que incluso se habilitaron espacios de estacionamiento en áreas destinadas a servicios de emergencia, como los accesos para ambulancias en hospitales.

Dockweiler también aseguró que el modelo que implementará la comuna eliminará las sanciones inmediatas que, a su juicio, caracterizaban al sistema previo. Señaló que antes, cuando un conductor excedía el tiempo permitido de estacionamiento, se le colocaba una grapa o incluso se retiraba el vehículo con una grúa, generando cobros adicionales.

Como alternativa, indicó que el nuevo parqueo tarifado funcionará con modalidades de prepago y postpago. Los vehículos estarán registrados en el sistema y, si el conductor permanece más tiempo del previsto, no será inmovilizado ni retirado de la vía. En esos casos, el sistema continuará cobrando automáticamente la tarifa correspondiente por el tiempo adicional de uso.

El alcalde sostuvo que este mecanismo busca ofrecer mayor flexibilidad a los usuarios y evitar medidas que calificó como “extorsivas”, al tiempo que reiteró que el objetivo principal del nuevo parqueo tarifado es ordenar la circulación y el uso de los espacios públicos en la ciudad.

La implementación piloto permitirá evaluar el funcionamiento del sistema antes de su aplicación definitiva en las zonas donde será habilitado por el Gobierno Autónomo Municipal de La Paz.",https://exitonoticias.com.bo/alcaldia-de-la-paz-anuncia-nuevo-sistema-de-parqueo-tarifado/399224/
Éxito Noticias Bolivia,2026-08-03,MUNDO,Petróleo cae tras anuncio de Trump de negociación con Irán,"Éxito Noticias, 3 de agosto 2026. – Hacia las 11H00 GMT de este lunes (03.08.2026, el precio del barril de Brent del mar del Norte (referencia del mercado mundial de crudo) para entrega en octubre volvía a caer un 5,1%, hasta los 83,40 dólares. Su equivalente estadounidense, West Texas Intermediate (WTI), con entrega en septiembre caía un 6,2%, hasta los 79,46 dólares.

Tras amenazar con golpear a Irán “muy fuerte”, el presidente, Donald Trump, señaló el sábado por la noche que daba marcha atrás con los ataques, al afirmar que el marco de un acuerdo ya estaba sobre la mesa. “Ahora lo que estamos haciendo es hablarles en forma de negociación”, agregó el magnate republicano, precisando únicamente que las conversaciones comenzarían la tarde de este lunes, algo que Irán ha negado.

Según la agencia oficial de noticias saudita, el príncipe heredero Mohamed bin Salmán, aliado clave de Washington en la región, había instado a Trump a “priorizar el diálogo para reducir las tensiones”.

“Probablemente, la perspectiva de una subida de los precios del petróleo y de la gasolina también haya influido” en este nuevo giro de Trump “al aproximarse las elecciones de mitad de mandato en Estados Unidos”, opinó Arne Lohmann Rasmussen, analista de Global Risk Management.

La situación en el estrecho de Ormuz sigue siendo uno de los principales focos de tensión entre Teherán y Washington. Según la agencia británica de seguridad marítima UKMTO, en la noche del domingo se produjo una explosión cerca de un petrolero en esa vía estratégica.

Irán, que desea mantener el control sobre el estrecho, declaró que está a punto de alcanzar un acuerdo con Omán para reabrir esta ruta crucial para el comercio mundial de hidrocarburos.

“Actualmente no estamos negociando con Estados Unidos. Nuestras negociaciones son con Omán para garantizar el paso por el estrecho de Ormuz”, declaró el portavoz de la cancillería iraní, Esmail Baqai, durante una rueda de prensa semanal.

//DW.",https://exitonoticias.com.bo/petroleo-cae-tras-anuncio-de-trump-de-negociacion-con-iran/399236/
Éxito Noticias Bolivia,2026-08-03,POLITICA,Diputado advierte que el crimen organizado desafía al Estado y pide apoyo internacional para combatir la violencia,"Éxito Noticias, 3 de agosto 2026 .- El diputado de Alianza Unidad, Alejandro Reyes, afirmó que la escalada de hechos violentos registrados en Santa Cruz refleja no solo una disputa entre organizaciones criminales, sino también un desafío directo al Estado. El legislador sostuvo que la penetración del crimen organizado ha generado un escenario de creciente inseguridad y debilitamiento de las instituciones encargadas de combatir el narcotráfico.

Reyes señaló que la situación actual es el resultado de un problema que se arrastra desde hace varios años. “La realidad es que Bolivia está inmersa prácticamente en una penetración del crimen organizado en todos los niveles y desde hace mucho tiempo. Lo que estamos viendo hoy seguramente es una disputa entre criminales, pero también una disputa contra el propio Estado, generando inseguridad”, manifestó.

El parlamentario consideró que el Gobierno debe fortalecer las políticas públicas en materia de seguridad y ampliar la cooperación con otros países. En ese sentido, planteó la suscripción de convenios internacionales y la participación de agencias especializadas para enfrentar a las organizaciones delictivas. “Es muy importante que la política pública se ratifique y se mejore, con convenios internacionales, con la presencia de agencias internacionales y ojalá con fuerzas internacionales, porque esa va a ser la única forma de tener seguridad en este país”, afirmó.

Asimismo, Reyes sostuvo que los recientes hechos de violencia evidencian que las estructuras criminales buscan desafiar la autoridad del Estado. “Existe un conflicto entre ambos, pero también existe un desafío al Estado, porque están desafiando la seguridad y a las propias instituciones. Por eso digo que necesitamos el auxilio internacional, como se ha visto en otros países, para hacerle frente al crimen”, concluyó.",https://exitonoticias.com.bo/diputado-advierte-que-el-crimen-organizado-desafia-al-estado-y-pide-apoyo-internacional-para-combatir-la-violencia/399242/
Éxito Noticias Bolivia,2026-08-03,SEGURIDAD,Policía vincula la ola de violencia en Santa Cruz a disputa entre el Comando Vermelho y el PCC,"Éxito Noticias, 3 de agosto 2026. – La Policía Boliviana atribuyó de manera preliminar la reciente ola de hechos violentos registrada en el departamento de Santa Cruz a enfrentamientos entre las organizaciones criminales brasileñas Comando Vermelho y Primer Comando de la Capital (PCC). El director nacional de la Fuerza Especial de Lucha Contra el Crimen (Felcc), coronel Marcelo Sánchez, informó que esta hipótesis surge en el marco de las investigaciones por el asesinato de un veterinario en el municipio fronterizo de San Matías.

La autoridad explicó que, según la declaración de la esposa de la víctima, el atacante ingresó al restaurante de propiedad del veterinario portando un arma de fuego, aparentemente calibre 9 milímetros, y disparó directamente contra él antes de escapar junto a un acompañante. “Este caso se encuentra en proceso de investigación. Esperemos que en las próximas horas tengamos avances y podamos identificar y aprehender a los autores”, señaló Sánchez.

De acuerdo con las primeras indagaciones, el principal sospechoso del crimen sería un ciudadano de nacionalidad brasileña, cuya identidad aún está siendo establecida por los investigadores. La Policía continúa recolectando elementos de prueba y realizando operativos para ubicar a los responsables del hecho.

El coronel Sánchez indicó que, de forma preliminar, este asesinato estaría relacionado con disputas entre el Comando Vermelho y el PCC, dos de las principales organizaciones criminales de Brasil. “Preliminarmente se tiene que son miembros del Comando Vermelho y el PCC los que estarían involucrados en estos hechos. Estamos trabajando para obtener su identidad y lograr la aprehensión de estas personas”, afirmó.",https://exitonoticias.com.bo/policia-vincula-la-ola-de-violencia-en-santa-cruz-a-disputa-entre-el-comando-vermelho-y-el-pcc/399244/
Éxito Noticias Bolivia,2026-08-03,"ECONOMIA, PORTADA",Gobierno detecta que algunas inmobiliarias quitaron garantías a los compradores y anuncia sanciones,"Éxito Noticias, 3 de agosto 2026. – El Gobierno nacional anunció que reforzará los controles al sector inmobiliario con el objetivo de proteger la economía de las familias y garantizar el cumplimiento de los contratos de compra de viviendas. La medida fue informada por los ministros de Desarrollo Productivo, Óscar Mario Justiniano, y de Economía, José Gabriel Espinoza, tras una reunión con la Cámara Boliviana de Desarrolladores Inmobiliarios (CBDI), realizada a raíz de las denuncias presentadas por ciudadanos.

El ministro Justiniano explicó que las fiscalizaciones realizadas por la Dirección General de Defensa del Usuario y del Consumidor detectaron que algunas empresas modificaron contratos previamente autorizados para eliminar garantías e incorporar cláusulas que perjudican a los compradores. “La gente tiene la voluntad de seguir pagando, pero los contratos tienen que ser justos. No se puede meter en la misma bolsa al sector inmobiliario serio con quienes buscan aprovecharse de las familias”, afirmó.

La autoridad señaló que el certificado emitido por Defensa del Consumidor garantiza que los contratos no contengan cláusulas abusivas y advirtió que, por instrucción del presidente Rodrigo Paz, las empresas que incumplan la normativa enfrentarán las acciones legales correspondientes. Asimismo, remarcó que el Gobierno respaldará a las firmas que actúen dentro del marco de la ley.

Por su parte, el ministro de Economía, José Gabriel Espinoza, informó que se acordó mantener durante este mes los planes de pago vigentes con las empresas afiliadas a la Cámara Boliviana de Desarrolladores Inmobiliarios. Además, anunció que desde la próxima semana se instalarán mesas técnicas para facilitar el cumplimiento de los contratos y dar continuidad a la cadena de pagos.

Finalmente, las autoridades reiteraron que todas las denuncias serán analizadas de manera individual por equipos técnicos y jurídicos. También recordaron que las oficinas de Defensa del Consumidor permanecen habilitadas en todo el país para recibir reclamos, brindar asesoramiento e intervenir en los casos donde se detecten vulneraciones a los derechos de los compradores.",https://exitonoticias.com.bo/gobierno-detecta-que-algunas-inmobiliarias-quitaron-garantias-a-los-compradores-y-anuncia-sanciones/399248/
Éxito Noticias Bolivia,2026-08-03,"PORTADA, SEGURIDAD",Fiscalía acusa formalmente a Rafael Arce por presunto enriquecimiento ilícito y solicita el decomiso de sus bienes,"Éxito Noticias, 3 de agosto 2026. – El Ministerio Público presentó una acusación formal contra Rafael Arce Mosqueira, hijo del expresidente Luis Arce, por el presunto delito de enriquecimiento ilícito de particulares con afectación al Estado. La Fiscalía informó que reunió al menos 30 elementos probatorios dentro de la investigación y solicitó que el caso sea llevado a juicio con el objetivo de obtener una sentencia condenatoria.

De acuerdo con la resolución fiscal, el Ministerio Público pidió que la causa sea radicada en el tribunal correspondiente y que, una vez concluido el juicio, se imponga la pena prevista por la ley para este delito. Además, requirió la incautación de los bienes inmuebles, vehículos y recursos económicos que figuran a nombre del acusado, incluyendo cuentas bancarias congeladas y no congeladas.

Rafael Arce permanece declarado en rebeldía y pesa sobre él una orden de aprehensión, además de un sello rojo emitido para facilitar su ubicación y captura. La denuncia en su contra fue presentada por el exdiputado Héctor Arce y está relacionada con la presunta adquisición irregular de un penthouse, bauleras en la zona Sur de La Paz, vehículos de alta gama y otros movimientos patrimoniales que, según la investigación, no guardan relación con los ingresos que declaró.

Durante las pesquisas, la Fiscalía también observó la constitución de la empresa Agron Group, creada en 2021 por Rafael Arce y su hermana con un capital inicial de Bs 210.000. Sin embargo, tras un allanamiento, los investigadores concluyeron que la empresa operaba desde una vivienda familiar y no contaba con las características de una actividad empresarial, además de detectar operaciones financieras consideradas inusuales por montos elevados.

Este proceso se suma a otra investigación que enfrenta Rafael Arce por la presunta compra irregular de un predio productivo en Santa Cruz mediante un crédito bancario millonario. Mientras tanto, el hijo del exmandatario continúa prófugo de la justicia y será juzgado una vez sea puesto a disposición de las autoridades, en un caso que contempla penas de entre tres y ocho años de prisión si se demuestra su responsabilidad.",https://exitonoticias.com.bo/fiscalia-acusa-formalmente-a-rafael-arce-por-presunto-enriquecimiento-ilicito-y-solicita-el-decomiso-de-sus-bienes/399240/
Éxito Noticias Bolivia,2026-08-03,"PORTADA, SOCIAL","Pan podría subir hasta Bs 1,30 por unidad si no hay acuerdo con el Gobierno, advierten panificadores","Éxito Noticias, 3 de agosto 2026.- La Confederación de Panificadores Artesanales de Bolivia advirtió que el precio del pan podría incrementarse hasta Bs 1,30 por unidad si el Gobierno no adopta medidas para estabilizar el costo de la harina y atender las demandas del sector, afectado por el alza del dólar y el encarecimiento de los insumos.

El representante de la organización, Ever Baltazar, informó, en contacto con  radio Éxito, que las federaciones de panificadores de todo el país se encuentran en estado de emergencia y presionan para convocar a un ampliado nacional, donde se definirá un posible ajuste al precio del pan si no existe una respuesta de las autoridades durante los próximos días.

Según explicó, el incremento de la cotización del dólar elevó el costo de importación de la harina, principal materia prima para la elaboración del pan. Señaló que el quintal, que hace pocas semanas costaba entre Bs 320 y Bs 325, ahora podría alcanzar entre Bs 350 y Bs 360, lo que vuelve insostenible mantener el precio actual de Bs 0,80 por unidad.

Baltazar afirmó que, de acuerdo con la actualización de la hoja de costos del sector, el precio real del pan debería situarse en Bs 1,30. Sin embargo, aseguró que los panificadores continúan absorbiendo parte del incremento para evitar un mayor impacto en la economía de la población.

El dirigente explicó que la Confederación solicitó al Gobierno garantizar un precio estable de la harina, de entre Bs 260 y Bs 270 por quintal hasta fin de año, como alternativa para mantener el valor vigente del pan. Aclaró que el sector no está pidiendo una subvención, sino condiciones que permitan continuar produciendo sin operar a pérdida.

Asimismo, lamentó que, pese a las reuniones sostenidas con autoridades del área económica, aún no exista un acuerdo formal. Indicó que un encuentro previsto para la semana pasada fue suspendido y que, hasta la fecha, el sector no recibió una nueva convocatoria para continuar las negociaciones.

Baltazar también alertó que el encarecimiento no solo afecta a la harina, sino también al transporte, la levadura, la manteca y otros insumos, cuyos proveedores ya anunciaron nuevos ajustes de precios durante agosto. Añadió que una eventual elevación del costo del Gas Licuado de Petróleo (GLP) agravaría aún más la situación de los panificadores.

El representante reiteró que la prioridad del sector es evitar un incremento en el precio del pan por tratarse de un alimento de primera necesidad. No obstante, advirtió que, si el Gobierno no convoca a una reunión en el transcurso de esta semana, las federaciones realizarán un ampliado nacional para definir las medidas a asumir, entre ellas una nueva nivelación del precio del producto.",https://exitonoticias.com.bo/pan-podria-subir-hasta-bs-130-por-unidad-si-no-hay-acuerdo-con-el-gobierno-advierten-panificadores/399234/
Éxito Noticias Bolivia,2026-08-03,"POLITICA, PORTADA",“Falta decisión política”: diputado atribuye escalada de violencia en Santa Cruz a la débil presencia del Estado,"Éxito Noticias, 3 de agosto 2026.- El diputado de la alianza Libre, Germain Caballero, expresó su preocupación por el incremento de hechos violentos registrados en el departamento de Santa Cruz y demandó al Gobierno fortalecer la presencia de la Policía y de las Fuerzas Armadas en la frontera con Brasil para frenar el avance del crimen organizado.

En contacto con radio Éxito, el legislador afirmó que la situación es especialmente crítica en municipios fronterizos como San Matías, donde desde hace varios años se registran hechos de sicariato y disputas entre organizaciones criminales. Sin embargo, advirtió que la violencia comenzó a extenderse hacia otras poblaciones, como San Ignacio de Velasco, donde recientemente también se reportaron asesinatos con armas de fuego.

Caballero señaló que la presencia del Estado en esa región continúa siendo insuficiente y sostuvo que, pese a existir infraestructura policial, no se ha consolidado una unidad con capacidad de ejercer un control permanente sobre el territorio.

En ese contexto, atribuyó la falta de resultados a la ausencia de una decisión política para fortalecer el resguardo de la frontera y combatir a las organizaciones delictivas que, según dijo, disputan el control de esa zona estratégica.

Asimismo, cuestionó el modelo centralizado de mando de la Policía Boliviana y planteó avanzar hacia una mayor descentralización para que las decisiones operativas respondan con mayor rapidez a las necesidades de las regiones fronterizas. A su juicio, la conducción desde La Paz dificulta una respuesta efectiva a los problemas de seguridad que enfrentan departamentos alejados del eje político del país.

El diputado también propuso revisar el rol que cumplen las Fuerzas Armadas en las zonas limítrofes. Consideró que, además de resguardar la soberanía, deberían asumir una participación más activa en el control territorial y en la lucha contra delitos como el narcotráfico, el contrabando y otras actividades vinculadas al crimen organizado.

Caballero sostuvo que el despliegue temporal de militares y policías no será suficiente si no se convierte en una estrategia permanente. En ese sentido, pidió implementar acciones sostenidas que permitan recuperar el control de la frontera y devolver la tranquilidad a las poblaciones afectadas.

Las declaraciones del legislador se producen en medio de la creciente preocupación por la ola de violencia que afecta a Santa Cruz, donde en los últimos días se registraron varios asesinatos, incluidos casos con características de sicariato, en municipios como San Matías, San Ignacio de Velasco y Yapacaní, además de la muerte de un efectivo policial.",https://exitonoticias.com.bo/falta-decision-politica-diputado-atribuye-escalada-de-violencia-en-santa-cruz-a-la-debil-presencia-del-estado/399227/
Éxito Noticias Bolivia,2026-08-03,SEGURIDAD,Caso Aisem: exdirector técnico recibe detención domiciliaria por investigación del hospital de Trinidad,"Éxito Noticias, 3 de agosto 2026.- La Justicia dispuso la detención domiciliaria para el exdirector técnico de la Agencia de Infraestructura en Salud y Equipamiento Médico (Aisem), investigado por presuntas irregularidades en la construcción del hospital de tercer nivel de Trinidad, en el departamento del Beni. La medida fue asumida tras la audiencia de medidas cautelares, luego de que el exfuncionario fuera aprehendido el pasado viernes.

La jefa del Departamento Especializado de Lucha Contra la Corrupción, Cheryl Sempértegui, informó que el exdirector es investigado por el presunto delito de incumplimiento de deberes, dentro del proceso que busca establecer responsabilidades por las fallas registradas en la ejecución del proyecto hospitalario. Asimismo, señaló que la investigación continúa y no se descartan nuevas citaciones a otros involucrados.

El hospital de tercer nivel de Trinidad demandó una inversión superior a los Bs 400 millones. El contrato inicial fue suscrito en 2016, pero se rescindió en 2019 cuando la obra apenas alcanzaba un avance del 16%. Posteriormente, en 2022, se adjudicó una nueva licitación, aunque los trabajos volvieron a paralizarse en 2024 debido a presuntas irregularidades detectadas durante su ejecución.

De acuerdo con las investigaciones, el caso involucra a más de 40 personas entre exautoridades, exfuncionarios y otros presuntos responsables que participaron en la contratación, supervisión y ejecución de la obra. La Policía indicó que las pesquisas continúan para esclarecer los hechos y determinar las responsabilidades correspondientes.",https://exitonoticias.com.bo/caso-aisem-exdirector-tecnico-recibe-detencion-domiciliaria-por-investigacion-del-hospital-de-trinidad/399251/
Éxito Noticias Bolivia,2026-08-03,SEGURIDAD,Investigan hallazgo de 25 cráneos de presuntos canes abandonados en un basurero de La Paz,"Éxito Noticias, 3 de agosto 2026. – La Fuerza Especial de Lucha Contra los Delitos Ambientales (FELDA) inició una investigación tras el hallazgo de 25 cráneos y nueve mandíbulas inferiores, que presuntamente pertenecen a canes, encontrados en un contenedor de basura de la zona Villa San Antonio, en la ciudad de La Paz. Los restos fueron secuestrados para su análisis y se busca determinar su origen.

El director nacional de la FELDA, coronel Marco Antonio Azeñas, informó que la denuncia fue recibida el pasado 31 de julio, luego de que vecinos alertaran sobre la presencia de una gran cantidad de restos óseos en el lugar. “Llama la atención por la cantidad; llegamos a secuestrar 25 cráneos, aparentemente de canes”, señaló la autoridad policial.

Azeñas explicó que, aunque las características de los restos hacen presumir que pertenecen a perros, serán especialistas veterinarios quienes establezcan de manera científica si efectivamente corresponden a esa especie. También precisó que junto a los cráneos se encontraron nueve mandíbulas inferiores que serían de los mismos animales.

La Policía abrió una investigación por el presunto delito de biocidio y anunció que, con la intervención del Ministerio Público, solicitará imágenes de cámaras de seguridad para identificar quién abandonó los restos y establecer cómo, cuándo y desde dónde fueron trasladados hasta el basurero.",https://exitonoticias.com.bo/investigan-hallazgo-de-25-craneos-de-presuntos-canes-abandonados-en-un-basurero-de-la-paz/399253/
Opinión,2026-08-03,"El País, OEA, Jose Luis Lupo",Lupo es postulado para representar a Bolivia ante la OEA,"José Luis Lupo dejó este lunes el Ministerio de la Presidencia y fue postulado por el Gobierno para representar a Bolivia ante la Organización de Estados Americanos (OEA). El anuncio fue realizado por el presidente Rodrigo Paz durante el acto de reestructuración de su gabinete.

""Esperemos que aquello que hemos enviado para que nos pueda representar en la Organización de Estados Americanos, a través de la petición que se ha hecho al Senado, sea aprobado y Bolivia tenga un digno representante de nuestra democracia"", afirmó Paz al referirse a la postulación de Lupo.

El mandatario también destacó la gestión de Lupo al frente del Ministerio de la Presidencia y aseguró que durante los 53 días de bloqueos lideró el diálogo con distintos sectores, logrando una salida al conflicto ""sin bajas, sin muertos y sin que haya un gobierno que haga daño a las familias"".

Paz agradeció el compromiso y la firmeza de Lupo durante su paso por el Ejecutivo y señaló que, de ser aprobada su postulación por el Senado, tendrá la misión de representar la democracia boliviana y los intereses del país ante la OEA. En su lugar asumió Fernando Aramayo como nuevo ministro de la Presidencia.",https://www.opinion.com.bo/articulo/pais/lupo-es-postulado-representar-bolivia-oea/20260803214801994282.html
Opinión,2026-08-03,"El País, Ministerios, Reestructuración",Paz reestructura su gabinete: reduce a 12 los ministerios y elimina Planificación y Turismo,"El presidente Rodrigo Paz reestructuró este lunes su gabinete ministerial al reducir de 14 a 12 las carteras de Estado, con la eliminación de los ministerios de Planificación y de Turismo.

""No se necesita un Estado más grande, tampoco un Estado ausente; se necesita un Estado más inteligente, más eficiente, más transparente y más cercano a la gente"", afirmó el mandatario al justificar la reducción de ministerios y la reorganización de la estructura estatal.

La medida fue anunciada durante la posesión de Fernando Aramayo como ministro de la Presidencia, en reemplazo de José Luis Lupo, y Héctor Huanca como canciller. Mientras que Fernando Romero dejó el Ministerio de Planificación tras la supresión de esa cartera.

Paz explicó que las funciones del extinto Ministerio de Planificación serán redistribuidas entre otras carteras, mientras que en el área de Turismo se creará una Agencia Nacional del Turismo, del Folclore y de la Gastronomía para facilitar la coordinación entre los sectores público y privado e impulsar esa actividad económica.

El mandatario sostuvo que estos cambios marcan el cierre de la etapa de ""ordenar la casa"" y el inicio de un proceso de ""transformaciones profundas"" del Estado. Añadió que la reforma busca reducir la burocracia y hacer más eficiente la atención a la ciudadanía.

Asimismo, aseguró que la reestructuración forma parte de una hoja de ruta para fortalecer la gestión pública y anunció que durante la semana presentará nuevas medidas. También anticipó que el 6 de agosto dará un informe al país sobre el inicio de esta nueva etapa de su gobierno.",https://www.opinion.com.bo/articulo/pais/paz-reestructura-gabinete-reduce-12-ministerios-elimina-planificacion-turismo/20260803214220994281.html
Opinión,2026-08-03,"El País, Ministros, Posesión",Aramayo asume como ministro de la Presidencia y Héctor Huanca como canciller,"El presidente Rodrigo Paz posesionó este lunes a Fernando Aramayo como nuevo ministro de la Presidencia y a Héctor Huanca como ministro de Relaciones Exteriores, en un acto realizado junto al gabinete y con la presencia de José Luis Lupo, quien dejó la Presidencia y asumirá como embajador ante la Organización de los Estado Americanos (OEA).

“Sabemos que las crisis ponen a prueba a los gobiernos, la fortaleza de sus instituciones y a las naciones enteras (...). Estoy convencido de que Bolivia merece este segundo camino”, afirmó Aramayo durante su discurso de posesión, en el que planteó fortalecer las instituciones y priorizar la recuperación económica.

Aramayo agradeció la confianza del presidente Paz y aseguró que asumirá el cargo con “trabajo, disciplina, apertura permanente al diálogo y absoluto respeto a la Constitución”. También señaló que el Ministerio de la Presidencia debe ser un espacio de articulación entre las instituciones del Estado.

Fernando Aramayo fue canciller desde noviembre de 2025 mientras que Huanca ocupaba el cargo de viceministro de Gestión Consular Institucional.

La posesión se produce luego de que, en los últimos días, José Luis Lupo reconociera que existían versiones sobre posibles cambios en el gabinete y no descartara asumir una nueva responsabilidad en el servicio exterior.",https://www.opinion.com.bo/articulo/pais/aramayo-asume-como-ministro-presidencia-hector-huanca-como-canciller/20260803213439994280.html
Opinión,2026-08-03,"Educación, Gobierno, Posesión, Viceministerio de Educación Alternativa, Viceministra",Posesionan a Alejandra Bonifaz Beller como nueva viceministra de Educación Alternativa y Especial,"El ministro de Educación, Erick Sanjinés, posesionó este lunes a Alejandra Bonifaz Beller como nueva viceministra de Educación Alternativa y Especial, en reemplazo de Sergio Caballero Vidal, quien asumió el cargo hasta la fecha de forma interina.

Durante el acto, Sanjinés afirmó que la Educación Alternativa y Especial es el espacio donde se refleja con mayor claridad el compromiso con la equidad, la diversidad y la dignidad de cada persona.

“Es allí donde el Estado garantiza que nadie quede al margen del derecho a aprender, crecer y aportar al desarrollo de Bolivia”, dijo.

Además del ministro de Educación, participaron en la posesión el viceministro de Educación Regular, Juan Carlos Pimentel Castillo, y la viceministra de Educación Superior de Formación Profesional, Ana Cárdenas Angulo, entre otras autoridades e invitados.

“Este Viceministerio tiene una misión profundamente humana: abrir oportunidades educativas para quienes, por distintas circunstancias, vieron interrumpida su trayectoria educativa; garantizar una educación pertinente, inclusiva y de calidad para las personas con discapacidad y para estudiantes con talento extraordinario”, destacó la nueva autoridad.

Asimismo, convocó a las familias, a los maestros, a las organizaciones sociales, a la empresa privada, a la cooperación internacional y a toda la sociedad a asumir la responsabilidad compartida y el compromiso del esfuerzo conjunto por la educación boliviana.

Perfil de la nueva autoridad

Alejandra Bonifaz es licenciada en Educación Primaria y Economía, con maestría en Desarrollo Educativo Internacional. También es especialista en transformación de sistemas educativos y educación alternativa, con más de 20 años de experiencia liderando programas de educación alternativa, educación inclusiva, juventud y fortalecimiento de sistemas educativos en África, Asia y América Latina.

Dirigió iniciativas de cooperación internacional, trabajando con gobiernos, organismos internacionales y actores locales para ampliar oportunidades educativas en poblaciones históricamente excluidas del sistema educativo formal y en situaciones de vulnerabilidad.

Cuenta con amplia experiencia en el diseño e implementación de políticas y programas educativos, gestión de alianzas estratégicas, movilización de recursos y fortalecimiento de capacidades institucionales. También brindó liderazgo técnico en más de 15 países, desarrollando modelos de educación alternativa, formación laboral juvenil, inclusión y resiliencia educativa.",https://www.opinion.com.bo/articulo/pais/posesionan-alejandra-bonifaz-beller-como-nueva-viceministra-educacion-alternativa-especial/20260803185554994278.html
Opinión,2026-08-03,"La Paz, Reactivación, HOTELERA, GRADUAL, SECTOR",Ocupación hotelera en La Paz alcanza el 32.5% y el sector percibe una reactivación gradual,"El sector hotelero de La Paz alcanzó en julio una ocupación del 32,5%, por lo que observa una reactivación gradual tras los conflictos sociales registrados entre mayo y junio de este año.

“En julio, el año pasado teníamos un 40% de ocupación hotelera y este año hemos llegado a un 32,5%”, explicó este lunes el vicepresidente de la Cámara Departamental de Hotelería de La Paz, Omar Chuquimia, en contacto con Bolivia Tv.

Recordó que en agosto de 2025, el sector hotelero de La Paz registró una ocupación del 42%, por lo que se espera que en agosto de este año ese nivel porcentual se mantenga o incremente por el feriado largo.

El sector “poco a poco se está reactivando”, afirmó.

Chuquimia indicó que, por el feriado del 6 de agosto, cada hotel preparó una promoción con la finalidad de atraer visitantes y señaló que los destinos que esperan registrar un importante movimiento económico son Coroico, Caranavi, Copacabana, entre otros del departamento y del resto del país.

Las autoridades “ya harán sus propias campañas para que nosotros podamos sumarnos a ellos y que exista esta circulación de turistas y que mueva la economía boliviana”, mencionó el representante.",https://www.opinion.com.bo/articulo/pais/ocupacion-hotelera-paz-alcanza-325-sector-percibe-reactivacion-gradual/20260803182900994276.html
Opinión,2026-08-03,"Sucre, Plan, Gobernadores, Rodrigo Paz Pereira, propuesta 50/50",Paz y gobernadores trabajan en un plan para encaminar la agenda del 50/50 desde Sucre,"El miércoles 5 de agosto se realizará en la ciudad de Sucre el encuentro entre el presidente del Estado, Rodrigo Paz Pereira, y los gobernadores para acordar un trabajo conjunto y coordinado que permita desarrollar una agenda de descentralización a partir de la propuesta del ‘50/50’, es decir, una distribución equitativa de recursos económicos, responsabilidades institucionales y procesos administrativos entre el nivel central, gobernaciones y municipios, según la propuesta del gobierno.

El viernes pasado, el presidente Paz, durante su visita a la Chiquitania, convocó una vez más a los gobiernos subnacionales a conformar una gran alianza nacional para que, unidos, se pueda “derrotar definitivamente” al ‘Estado tranca’, es decir, eliminar una burocracia estatal lenta y engorrosa, estableciendo acuerdos institucionales para impulsar la inversión privada y los proyectos de desarrollo en todos los departamentos.

Al encuentro, los nueve gobernadores del país confirmaron su participación, y sus equipos técnicos continúan puliendo y afinando sus propuestas de redistribución de recursos y competencias denominada ‘50/50’, propuesta de campaña electoral que el primer mandatario planteó como una necesaria reforma estructural en el nivel central, regional y municipal para que el Estado atienda los intereses ciudadanos en vez de perjudicar y actuar con lentitud burocrática en lo que el presidente denominó como el ‘Estado tranca’.

Por su parte, la gobernadora de Pando, Gabriela de Paiva Padilla, declaró al canal estatal Bolivia TV, que su región necesita “una justa repartición de los recursos”. Paiva añadió que presentarán una propuesta por la Amazonía Boliviana.

Asimismo, este martes 4 ya se instalarán mesas técnicas y, en ellas, Pando planteará una propuesta de cómo deben distribuirse los ingresos que se recaudan por concepto de impuestos.

Entre tanto, en Cochabamba, el asambleísta departamental Edwin Jiménez, reclamó al gobernador Leonardo Loza que remita a la Asamblea Departamental la propuesta que presentará en Sucre al ser la máxima instancia legislativa fiscalizadora y deliberante. En esa línea, afirmó que se debe conocer qué y cómo el gobernador Loza propondrá la distribución de recursos y responsabilidades.

A su vez, el diputado Israel Mérida, presidente de la brigada parlamentaria de Cochabamba, afirmó: “es importante llevar insumos, llevar proyectos, llevar una visión de las regiones”. En criterio de Mérida, lo fundamental es presentar proyectos, es por ello que la brigada parlamentaria viajará a Sucre para dialogar con el presidente.

“Los proyectos de las regiones son importantes porque en base a la construcción de las regiones, con la visión del Gobierno central, tenemos que salir de la crisis que hoy estamos viviendo”, declaró.

El diputado agregó que su región tiene requerimientos mínimos en salud (520 veinte ítems nuevos); en infraestructura caminera, el camino Cochabamba-Beni; y el tema del agua, en Misicuni. “Estos proyectos pueden ser la punta de lanza de lo que la región necesita de manera urgente”, explicó.

“Un trabajo conjunto beneficia mucho, el hecho de poner las reglas del juego claras, porque, a partir de ahí, no va a haber tres cabezas que piensen diferente: ministerios, gobernación, y municipios, sino que todos van a tener que confluir en uno solo”, reflexionó Mérida.

En esta expectativa, existen regiones que están planteando otra reunión previa a la del miércoles, donde el Gobierno pueda exponer la propuesta del ‘50/50’ y, entonces, dar paso al encuentro principal para tomar definiciones con conocimiento pleno y de forma consensuada.",https://www.opinion.com.bo/articulo/pais/paz-gobernadores-trabajan-plan-encaminar-agenda-50-50-sucre/20260803182323994274.html
Opinión,2026-08-03,"Contratos, pagos, Planes, CLÁUSULAS, INMOBILIARIAS",Contratos inmobiliarios: mantendrán planes de pagos este mes y verificarán “cláusulas abusivas”,"En medio de la polémica por el tipo de cambio en contratos de compra de bienes, el Gobierno anunció este lunes un primer acuerdo con el sector inmobiliario para mantener los planes de pago durante este mes, mientras se resuelve el tema.

Asimismo, las autoridades reafirmaron la protección de la seguridad jurídica, sin embargo, alertaron que en el rubro habrían aparecido “piratas” que buscan aprovecharse de la situación.

Los anuncios fueron realizados en Santa Cruz, tras una reunión con la cámara inmobiliaria de Bolivia.

“Hay un primer acuerdo que es que, durante este mes, se va a mantener los planes de pagos que se tenían previamente acordados con las empresas que forman parte de la cámara, mientras nosotros trabajamos a partir del día lunes en una serie de mesas de trabajo técnico para facilitar la continuidad de los pagos y el cumplimiento de los contratos”, dijo el ministro de Economía, Gabriel Espinoza.

El ministro de Desarrollo Productivo, Óscar Mario Justinaino, ponderó la predisposición de “empresas serias” que presentan propuestas para solucionar este tema, pero aclaró que se han encontrado “demasiadas irregularidades”.

En ese marco, explicó que se busca un esquema donde no se meta “en la misma bolsa al sector inmobiliario con piratas, los cuales se metieron al sector para hacer las cosas mal, cabalmente para aprovecharse de la gente que con toda la ilusión venía comprando su terreno”.

El ministro Espinoza comentó también que se actuará en contra de las “cláusulas abusivas” que se encuentren en los contratos.

“Garantizamos el cumplimiento de la normativa vigente y, por lo tanto, la seguridad jurídica que implica ese contrato. Si los contratos tienen cláusulas abusivas cláusulas que no están dentro de la legalidad, que exceden los cobros permitidos, evidentemente ahí tanto Defensa del Consumidor como cualquier organismo regulador va a actuar”, aseguró.

Justiniano complementó que, si bien los contratos están para respetarse, pero Defensa del Consumidor emite el certificado de que están libre de cláusulas abusivas. “Y eso es lo que se está realizando en absolutamente todos los casos”, dijo.",https://www.opinion.com.bo/articulo/pais/contratos-inmobiliarios-mantendran-planes-pagos-mes-verificaran-clausulas-abusivas/20260803181735994272.html
Opinión,2026-08-03,"Cochabamba, Denuncia, Violación, Violencia infantil, Padrastro",Hombre es enviado a prisión por violación contra su hijastra de ocho años,"Un hombre fue enviado con detención preventiva al penal de El Abra, en Cochabamba, tras ser denunciado por violación contra su hijastra, una niña de ocho años.

Según el director de la Fuerza Especial de Lucha Contra la Violencia (FELCV) de Cochabamba, Marcelo Núñez, la denuncia fue presentada por la madre de la menor de edad el 30 de julio. De acuerdo con el reporte policial, el hecho habría ocurrido cuando el sindicado llevó a la víctima a hacer fila para cargar combustible a su vehículo.

Luego de conocer la situación, la madre acudió a dependencias policiales para presentar la denuncia, lo que derivó en la aprehensión del hombre y la apertura de una investigación.

El 1 de agosto se realizó la audiencia de medidas cautelares, en la que la autoridad judicial determinó la detención preventiva del acusado por tiempo indefinido por el delito de violación de infante, niña, niño o adolescente. El investigado permanecerá recluido en el penal de El Abra, mientras continúan las indagaciones.",https://www.opinion.com.bo/articulo/policial/hombre-es-enviado-prision-denuncia-violacion-hijastra-8-anos/20260803180958994271.html
Opinión,2026-08-03,"Cultura, Cine, Salar de Uyuni",Festival de Cine en el Salar: Gobierno destaca a Uyuni como un destino para reactivar el turismo E,"El Ministerio de Turismo, a través del Viceministerio de Fomento al Turismo Sostenible, destacó a Uyuni como un escenario activo para potenciar el turismo, luego del éxito del Primer Festival Internacional de Cine en el Salar.

El viceministro del área, Andrés Aramayo, participó de la actividad que tuvo lugar desde el 30 de julio al 2 de agosto.

El evento reunió a diferentes realizadores nacionales y extranjeros con una agenda que incluyó proyecciones de películas, conversatorios especializados y actividades culturales, impulsando el desarrollo de esta industria.

“En primera instancia, el festival promueve el talento nacional, fomentando nuestras culturas, las economías creativas y el potencial exportador que tenemos en esos servicios”, señaló Aramayo.

Asimismo, destacó que la actividad permitió que directores internacionales conozcan la belleza del Salar, lo que podría abrir la posibilidad de consolidar nuevas locaciones fílmicas.

“Así se podrían posicionar las obras bolivianas de más alto valor, que también forman parte de la estrategia de fomento al turismo cultural que tenemos”, aseguró.

Aramayo afirmó que esta primera versión del festival coloca a Bolivia en el mundo y trae el mundo a Bolivia, integrando las obras nacionales a la estrategia estatal de fomento al turismo cultural.

El funcionario también resaltó la importancia de la alianza estratégica con el sector privado para la organización del encuentro.

“Como entidad estatal rectora en turismo, estamos dando las condiciones para que la iniciativa privada se fortalezca y logremos la captación de mercados internacionales de alto valor a través de nuestros artistas”, señaló.

La entidad estatal destacó que la iniciativa consolida al Salar de Uyuni como un escenario clave para el crecimiento económico y cultural del país.

El festival finalizó con una premiación a los ganadores de un concurso realizado en el salar. El galardón principal, denominado Thunupa, fue otorgado al cortometraje “Mayu Ñawikuna”, mientras que el premio Azanaque se lo llevó la obra “Quki”.

Finalmente, la cartera de Estado reafirmó su compromiso de posicionar la riqueza natural y el talento boliviano ante los ojos del mundo.",https://www.opinion.com.bo/articulo/cultura/estival-cine-salar-gobierno-destaca-uyuni-como-destino-reactivar-turismo/20260803180126994270.html
Opinión,2026-08-03,"Policiales, maletas, Laura Rojas",Caso Maletas: Laura Rojas obtiene detención domiciliaria sin escolta y fianza de Bs 50.000,"La Justicia modificó este lunes las medidas cautelares de la exdiputada Laura Rojas dentro del denominado caso Maletas y dispuso su detención domiciliaria sin custodia policial, además de una fianza de Bs 50.000 y arraigo.

""Tenemos conocimiento de que la señora Laura Rojas ha sido beneficiada con una detención domiciliaria sin custodia policial y una garantía de 50.000 bolivianos"", informó el comandante departamental de la Policía de Santa Cruz, Jhenky Gómez. Añadió que la medida se ejecutará una vez que la imputada cumpla los requisitos establecidos por la autoridad judicial.

Entre las condiciones impuestas también figuran la presentación semanal ante el Ministerio Público, la prohibición de comunicarse con testigos y coimputados, y la obligación de permanecer en su domicilio entre las 22:00 y las 06:00. Rojas es investigada por los delitos de tráfico de sustancias controladas, asociación delictuosa y confabulación.

El denominado caso Maletas investiga el presunto ingreso de droga al país mediante un vuelo chárter que arribó al aeropuerto de Viru Viru el 29 de noviembre de 2025, sin pasar los controles aduaneros. De acuerdo con la Fiscalía, posteriormente fueron hallados cerca de 80 kilos de marihuana y armas en galpones de una empresa de seguridad en Santa Cruz.

La exdiputada permanecía con detención preventiva en el penal de Palmasola desde hace cinco meses por este proceso.

La decisión judicial se conoce un día después de que el exdiputado Amílcar Barral expresara su preocupación por la posibilidad de que los principales investigados del caso accedan a medidas sustitutivas.

Además, cuestionó la lentitud de las investigaciones y sostuvo que la falta de resultados concretos podría terminar debilitando el proceso judicial.",https://www.opinion.com.bo/articulo/policial/caso-maletas-laura-rojas-obtiene-detencion-domiciliaria-escolta-fianza-bs-50000/20260803175506994268.html
Opinión,2026-08-03,"Alcaldía, Basura, Cotapachi, Tribunal, Resolución","K’ara K’ara: Alcaldía aguarda nueva resolución de Tribunal; entretanto, dispone basura en Cotapachi","La Alcaldía de Cochabamba aguarda una nueva resolución del Tribunal Agroambiental en torno a la basura y su disposición en K'ara K'ara. El director de Asuntos Jurídicos Roy Ordóñez remarcó que la ciudad ya cuenta con un centro de tratamiento de basura en Cotapachi; sin embargo, aseguró que es necesario ingresar al botadero para concluir el cierre técnico.

El director de Asuntos Jurídicos de la Gobernación, Nelson Cox, informó el 22 de julio que, pese a los intentos de la Alcaldía de Cochabamba de revertir la determinación, la justicia mantiene la restricción de ingreso de basura al botadero de K’ara K’ara, en el Distrito 15.

Antes, el 20 de mayo, la Alcaldía de Cochabamba informó que el Tribunal Agroambiental autorizó el ingreso de basura al botadero de K’ara K’ara, para hacer el cierre técnico; ahí restan 40 mil metros cúbicos.

En la actualidad, la Alcaldía tiene un contrato de 25 años con el Complejo Industrial del Valle (CINVA), cuya planta separadora de basura opera en Cotapachi, Quillacollo.

Pero, surgió un giro, cuando, el 13 de junio, se conoció que la Sala del Tribunal Agroambiental resolvió “anular obrados” hasta lo dispuesto el 6 de abril pasado, por lo que se ratificaría el no ingreso de residuos sólidos a K’ara K’ara.

Luego, la Municipalidad anunció que presentaría una acción de amparo.

En días anteriores, Cox dijo que, tras la presentación de un amparo constitucional por parte de la Alcaldía de Cochabamba contra el Tribunal Agrario Nacional, se desarrolló la audiencia y no se modificó la determinación en torno a los residuos sólidos. “Se ha resuelto que en este caso deben revisarse precisamente los argumentos, pero no ha permitido que nuevamente ingresen más carros basureros al botadero de K’ara K’ara”, dijo.

Entretanto, este lunes, Ordoñez describió que, en la audiencia de amparo constitucional, hace un par de semanas, la decisión de anular la autorización de ingreso de la basura por parte del Tribunal Agroambiental “ha sido anulada por parte de la Sala Constitucional en Sucre”.

Acotó que el Gobierno Municipal podría ingresar basura, pero que no es necesario.

“Actualmente, estamos a la espera de una resolución nueva que debe emitir el Tribunal Agroambiental”.",https://www.opinion.com.bo/articulo/cochabamba/k-ara-k-ara-alcaldia-aguarda-nueva-resolucion-tribunal-entretanto-dispone-basura-cotapachi/20260803175300994267.html
Opinión,2026-08-03,"Mundo, Violencia, Ecuador",Presidente de Ecuador anuncia despliegue policial y militar contra la violencia criminal en Quito,"El presidente de Ecuador, Daniel Noboa, ha anunciado este lunes el depliegue de 4.000 policías y militares en la capital del país, Quito, para reforzar la seguridad y contra el repunte de la violencia atribuida a grupos criminales.

""Una capital segura se transmite a un país seguro. Ya defendimos una vez esta ciudad de quienes pretendían imponer el caos y la anarquía, hoy lo volveremos a hacer (...) A quienes creen que pueden intimidar al Estado y su capital, les digo una sola cosa, cada ataque tendrá una respuesta más fuerte"", ha asegurado en un vídeo difundido en redes sociales al anunciar el operativo.

El denominado Plan de Protección de Quito constará de ""2.000 policías y 2.000 militares adicionales"" en zonas de mayor afluencia como en oficinas, escuelas, estaciones de metro, paradas de autobús, mercados, bancos ""y barrios"", ha indicado el mandatario. De acuerdo al diario 'Primicias', los efectivos estarán desplegados en los horarios de mayor movilidad: de 4.00 a 11.00 de la mañana y de 17.00 de la tarde a 2.00 de la madrugada.

El plan incluye también el uso de un centenar de vehículos y motocicletas y 20 drones para reforzar la capacidad de respuesta de las fuerzas de seguridad, quienes realizarán un mayor control en los accesos a la capital ecuatoriana y en ""los sectores con mayor presencia de estructuras criminales"".

Hasta el momento, Quito y otros cantones de hasta diez provincias del país permanecen bajo estado de excepción a causa de la inseguridad y los elevados índices de violencia.",https://www.opinion.com.bo/articulo/mundo/presidente-ecuador-anuncia-despliegue-policial-militar-violencia-criminal-quito/20260803175220994266.html
Opinión,2026-08-03,"Transporte, El Alto, Controles, Público, TRAMEAJE","Alcaldía de El Alto anuncia ""combate duro"" contra el trameaje y el reordenamiento de la Ceja","La Alcaldía de El Alto anunció este lunes un ""combate duro"" contra el trameaje en coordinación con la Policía Boliviana y puso en marcha un plan de reordenamiento de La Ceja para reducir el congestionamiento vehicular y proteger la economía de la población.

""La primera medida que estamos anunciando es el combate duro en coordinación con nuestra Policía Boliviana al trameaje para salvaguardar la economía de nuestros hermanos alteños"", afirmó Luis Oliden, director de Regulación de Movilidad Urbana, al presentar las nuevas acciones de control.

Como parte de las medidas, se intensificarán los controles en las extrancas y cruces de la ciudad. Los conductores infractores recibirán primero amonestaciones escritas y, en casos críticos, se colocarán stickers de “Trameador” en los vehículos como sanción por incurrir en el trameaje.

Asimismo, la Alcaldía informó que retirará los letreros que exhiban tarifas no autorizadas, recordando que en El Alto no existe una tarifa de Bs 3 ni una tarifa nocturna aprobada. También decomisará los letreros que anuncian únicamente el destino Senkata cuando las rutas deben llegar hasta Ventilla, Tilata y otros sectores.

El plan también contempla el reordenamiento de La Ceja mediante intervenciones de urbanismo táctico, controles para eliminar las largas filas de minibuses en la avenida 6 de Marzo y trabajos de señalización y sincronización de semáforos para agilizar la circulación vehicular.

Por su parte, el comandante regional de la Policía de El Alto, Fernando Rojas, informó que se incrementarán los efectivos para controlar que los minibuses cumplan las rutas autorizadas y evitar que permanezcan estacionados por largos periodos en La Ceja, donde —según dijo— alrededor de 600 vehículos se concentran diariamente.

Además, anunció que la institución trabaja con la Universidad Pública de El Alto en una aplicación gratuita para que los usuarios puedan verificar el recorrido oficial de cada línea de transporte.",https://www.opinion.com.bo/articulo/pais/alcaldia-alto-anuncia-combate-duro-trameaje-reordenamiento-ceja/20260803174629994265.html
Opinión,2026-08-03,"Transporte, Choferes, Público, Pasaje, nivelación",Confederación de Choferes pide nivelación de pasajes por subida del precio del dólar,"El ejecutivo de la Confederación Sindical de Choferes de Bolivia, Víctor Tarqui, anunció que prevén una nivelación de pasajes a nivel nacional, debido a la subida en la cotización del dólar e informó que convocarán a un ampliado con todos los sectores del transporte de todos los departamentos del país.

“El tema del (transporte) urbano que es afectado con la subida del dólar. Entonces no va a quedar otra, ya están pidiendo una revisión y nivelación de pasajes a nivel nacional”, indicó Tarqui.

Asimismo, el dirigente señaló que hay compromisos, incluso escritos, que el Gobierno no cumplió con el sector. En ese sentido, anunció que convocarán a un ampliado nacional para decidir qué medidas se van a tomar.

Tarqui afirmó que Gobierno “descuidó totalmente” al sector del autotransporte y mencionó que el primer problema es el abastecimiento del combustible, el segundo es el mal estado de las carreteras y por último es el tema del dólar.

“Ha sobrepasado los doce bolivianos y lamentablemente hay una incidencia en los repuestos, llantas y absolutamente todo. Esto no se puede controlar”, aseveró el ejecutivo.",https://www.opinion.com.bo/articulo/pais/confederacion-choferes-pide-nivelacion-pasajes-subida-precio-dolar/20260803174102994263.html
Opinión,2026-08-03,"Policía, Turismo, Festividad, Urcupiña, Personal",Policía Turística dispone personal para reforzar trabajo en festividad de Urcupiña,"La Policía Turística de Cochabamba tiene a su cargo acciones de seguridad, control y asistencia a los visitantes nacionales y extranjeros.

Considerando la cercanía de la festividad de la Virgen de Urcupiña, se enfocan en un trabajo enfocado en el municipio de Quillacollo, sobre todo los días 14, 15 y 16 de agosto, días de la entrada folclórica, fiesta central y Calvario, respectivamente.

El director de la Policía Turística, Hernán Peñaranda, informó que en estas fechas también realizan operativos de control. Trabajan en turnos.

Miles de feligreses y turistas llegan en estos días hasta el Valle Bajo de Cochabamba.

Peñaranda agregó que también despliegan personal para hacer controles en el Cristo de la Concordia, plataforma y gradas, además de la ciclovía.",https://www.opinion.com.bo/articulo/cochabamba/policia-turistica-dispone-personal-reforzar-trabajo-festividad-urcupina/20260803171440994250.html
Opinión,2026-08-03,"Fiscalía, acusación, Proceso, Arce, Enriquecimiento ilicito",La Fiscalía acusa a Rafael Arce por enriquecimiento ilícito y pide la confiscación de sus bienes obtenidos ilegalmente,"El fiscal de materia de La Paz Miguel Cardozo presentó la acusación formal contra Rafael Ernesto Arce Mosqueira, hijo del expresidente Luis Arce, por enriquecimiento ilícito con afectación al estado, por denuncia del exdiputado Héctor Arce Rodríguez.

“Se acusa formalmente al ciudadano Rafael Arce Mosqueira por la comisión del delito de enriquecimiento ilícito de particulares con afectación al estado previstas y sancionados en el artículo 28 de la ley de lucha contra la corrupción, enriquecimiento ilícito e investigación de fortunas Marcelo Quiroga Santa Cruz”, señala la acusación firmada el 29 de julio.

¿Qué dice el articulo 28 de la Ley Marcelo Quiroga Santa Cruz?

“Articulo 28. (Enriquecimiento Ilícito de Particulares con Afectación al Estado). La persona natural, que mediante actividad privada hubiere incrementado desproporcionadamente su patrimonio respecto de sus ingresos legítimos afectando el patrimonio del Estado, no logrando desvirtuar tal situación, será sancionada con la privación de libertad de tres a ocho años, multa de cien a trescientos días y el decomiso de los bienes obtenidos ilegalmente. Incurrirán en el mismo delito y la misma pena, los representantes o representantes legales de las personas jurídicas que mediante actividad privada hubieren incrementado el patrimonio de la persona jurídica, afectando el patrimonio del Estado y que no pueda demostrar que provienen de una actividad lícita; adicionalmente, la persona jurídica restituirá al Estado los bienes que le hubiesen sido afectados además de los obtenidos como producto del delito y será sancionada con una multa del 25% de su patrimonio”.

En 2024, el diputado Arce denunció que Rafael Arce Mosqueira, hijo del mandatario, habría adquirido el terreno de manera irregular, utilizando supuestamente influencias políticas y recursos públicos.

Los predios “Adán y Eva” se encuentran entre los municipios de La Guardia y Cabezas, en el departamento de Santa Cruz.

Tras una primera denuncia del exdiputado del MAS se constató que tenía a su nombre al menos nueve inmuebles y vehículos de lujo.

En el primero proceso, Arce Mosqueira fue imputado por enriquecimiento ilícito con afectación al Estado. En dicha investigación se constató que el joven de 26 años tiene nueve propiedades e inmuebles registrados a su nombre, además de vehículos de lujo.

Según la denuncia del exdiputado Héctor Arce, del ala evista, el hijo del expresidente tiene a su nombre un penthouse valuado en medio millón de dólares, ubicado en el condominio Palmas II, en la zona Sur de la ciudad de La Paz, además de dos vehículos de lujo y haber comprado en el mismo lugar dos parqueos a $us 36.000 y dos bauleras a un precio de $us 20.000.",https://www.opinion.com.bo/articulo/pais/fiscalia-acusa-rafael-arce-enriquecimiento-ilicito-pide-confiscacion-bienes-obtenidos-ilegalmente/20260803162602994248.html
Opinión,2026-08-03,"La Paz, Libros, Arte, FIL, Actividades",¿Qué no perderse este lunes en la FIL La Paz? Cine latinoamericano y una mirada a Bolívar desde sus camisetas,"¿Qué encontrar este lunes en la Feria Internacional del Libro (FIL) La Paz? La jornada tendrá como protagonistas al crítico de cine peruano Isaac León Frías, representante del país invitado de honor, y al periodista chileno Marcelo Morales, quienes compartirán sus miradas sobre la cinematografía latinoamericana, además de una presentación que recorrerá la historia del Club Bolívar a través de sus camisetas.

A las 17.00, Morales presentará su libro El cine latinoamericano del siglo XXI en 50 películas, una propuesta que reúne medio centenar de obras para acercarse a las transformaciones y distintas miradas de la cinematografía de la región.

A las 18.00, León Frías, crítico, periodista, historiador cinematográfico, escritor y docente peruano, presentará sus libros sobre cine en una actividad organizada por la Embajada del Perú y la Cinemateca Boliviana.

La historia del fútbol paceño tendrá su propio espacio a las 19.00, con la presentación de Luciendo la historia. Bolívar y sus camisetas, del periodista Rodrigo Reyes Ríos, quien abordará la trayectoria del club a partir de sus casacas, en una mirada que vincula deporte, memoria e identidad.

La jornada también tendrá una propuesta artística a las 19.00 en el escenario principal, con la agrupación Suyana, además de actividades para niñas y niños, entre ellas un espacio de arteterapia, a las 15.00, para crear historietas y reflexionar sobre la violencia, y un taller de comprensión lectora a las 16.00.

Estas propuestas se suman a la programación que durante estos días convierte a la FIL en un punto de encuentro para lectores de distintas edades.",https://www.opinion.com.bo/articulo/cultura/que-perderse-lunes-fil-paz-cine-latinoamericano-mirada-bolivar-camisetas/20260803153754994247.html
Opinión,2026-08-03,"Narcotráfico, Expulsión, Organizaciones, criminales, Oviedo","Oviedo destaca la expulsión de 17 ""capos"" de organizaciones criminales de Bolivia","El ministro de Gobierno, Marco Antonio Oviedo, destacó este lunes el trabajo que se realizó en seguridad, en al menos seis meses de gestión, logrando la expulsión de 17 “capos de los más grandes” que operaban con sus organizaciones criminales en Bolivia.

“Como nunca en los últimos 20 años, se han expulsado a 17 capos de los más grandes que tenían estas organizaciones criminales bolivianas”, aseguró la autoridad en contacto con la prensa cruceña.

Agregó que se incautaron, en los primeros seis meses de esta gestión, 58 avionetas, todas siguiendo el procedimiento de microaspirado y 370 inmuebles.

Además, dijo que se destruyeron 10 pistas clandestinas; se confiscaron 573 vehículos; se capturaron 283 toneladas de droga y se detuvo a “muchas personas”.

“Lo que yo hago es reconocer la inmensa tarea que estamos haciendo, ¿es suficiente?, me pregunto. No, no es suficiente, tenemos que seguir trabajando con mayor tecnología y cooperación internacional”, indicó.

Sobre este último punto, precisó que Bolivia trabaja en coordinación con Brasil, la Unión Europea y sus organismos policiales, la Administración de Control de Drogas de los Estados Unidos y Naciones Unidas, entre otras instituciones, “para ver de cómo la comunidad internacional puede conectarnos con sus sistemas de inteligencia y fortalecer la tarea que viene haciendo la Policía”.

“Yo les digo a los ciudadanos cruceños, en primer lugar, y los bolivianos que esta tarea está en camino, la vamos a seguir haciendo con la fuerza que hemos venido realizando, con la convicción y el amor a su institución como lo está haciendo la Policía”, concluyó la autoridad.",https://www.opinion.com.bo/articulo/pais/oviedo-destaca-expulsion-17-capos-organizaciones-criminales-bolivia/20260803153248994245.html
Opinión,2026-08-03,"Suspensión, Mantenimiento, Mi Teleferico, Línea Morada, servicio",Mi Teleférico hará mantenimiento de la Línea Morada del 6 al 8 de agosto,"Mi Teleférico realizará entre el 6 y el 8 de agosto un mantenimiento programado en toda la Línea Morada, por lo que durante esos tres días el servicio será suspendido para ejecutar trabajos especializados que permitirán fortalecer la seguridad operacional, la confiabilidad y la vida útil del sistema de transporte por cable.

Concluidas las labores técnicas, la Línea Morada reanudará sus operaciones el domingo 9 de agosto, en sus horarios habituales. Esas acciones se desarrollan en el marco de las políticas del presidente Rodrigo Paz y del ministro de Obras Públicas, Mauricio Zamora, orientadas a fortalecer las empresas públicas estratégicas y consolidar un sistema de transporte que contribuya al desarrollo económico y a la integración de las ciudades de La Paz y El Alto.

El mantenimiento programado es parte de la planificación técnica anual de la empresa y permitirá preservar las condiciones de funcionamiento del sistema.

“La seguridad de nuestros usuarios es la máxima prioridad de Mi Teleférico.” Cada mantenimiento programado, responde a una planificación técnica rigurosa que nos permite garantizar la confiabilidad del sistema, prolongar la vida útil de nuestros equipos y ofrecer un servicio seguro, eficiente y de calidad para las familias paceñas y alteñas», afirmó el gerente de Mi Teleférico, Christian Eduardo Rojas.

Recomendó a la población tomar las previsiones necesarias durante los tres días de intervención y agradeció la comprensión de los usuarios, reiterando que estas acciones preventivas permiten mantener los altos niveles de seguridad, eficiencia y confiabilidad que caracterizan al sistema de transporte por cable.

“Estamos fortaleciendo un patrimonio de todos los bolivianos. El mantenimiento preventivo, rutinario y mayor es la mejor garantía para mantener la infraestructura de Mi Teleférico. Nuestro compromiso es tomar previsiones y evitar cualquier contingencia mediante una planificación técnica responsable”, afirmó la autoridad.",https://www.opinion.com.bo/articulo/pais/teleferico-hara-mantenimiento-linea-morada-6-8-agosto/20260803152056994243.html
Opinión,2026-08-03,"Gobierno, Evo, Aprehensión, Orden, Sokol",Oviedo contradice a Sokol y asegura que es prioritario detener a Evo Morales,"El ministro de Gobierno, Marco Antonio Oviedo, contradijo este lunes las declaraciones del comandante general de la Policía, Mirko Sokol, y afirmó que la aprehensión del expresidente Evo Morales sí es una prioridad para el Gobierno.

""El Gobierno ha definido como tarea prioritaria detener a Evo Morales. Eso es todo"", respondió Oviedo de forma escueta al ser consultado sobre las afirmaciones realizadas por el jefe policial.

Sokol había asegurado que la captura de Morales ""no es una prioridad"" de su gestión y sostuvo que el proceso por trata y tráfico de personas ""no va muy bien en el tema de las pruebas"". Además, consideró que la orden de aprehensión por el caso de los bloqueos requiere ser ""más sólida"" para poder ejecutarse.

El comandante también señaló que existen más de 18.000 órdenes de aprehensión pendientes de ejecución y afirmó que, desde su punto de vista, el caso de Morales no es el más importante dentro de la institución policial.

Morales tiene dos órdenes de aprehensión vigentes: una emitida por la Fiscalía de Tarija por un proceso de trata y tráfico de personas con agravante y otra por la Fiscalía de Santa Cruz, dentro de la investigación por los 53 días de bloqueos, donde es investigado por delitos como terrorismo, alzamiento armado y atentados contra servicios públicos.",https://www.opinion.com.bo/articulo/pais/oviedo-contradice-sokol-asegura-que-es-prioritario-detener-evo-morales/20260803151639994241.html
Opinión,2026-08-03,"PCC, Ministro, Comando Vermelho, Oviedo, DISPUTAS","Oviedo: PCC y Comando Vermelho ""se pelean un corredor de droga"" en Bolivia","El ministro de Gobierno, Marco Antonio Oviedo, afirmó este lunes que las organizaciones criminales brasileñas Primer Comando de la Capital (PCC) y Comando Vermelho se disputan el control de un corredor del narcotráfico en Bolivia, una situación que, según sostuvo, ha incrementado la violencia en las zonas fronterizas.

""El Comando Vermelho y el PCC hoy están peleando un corredor por el cual los narcotraficantes sacan droga al exterior. Esto no va a quedar así, esto lo vamos a combatir. No vamos a dar un paso atrás ni para impulsarnos"", señaló Oviedo.

La autoridad sostuvo que la muerte del teniente de la Policía ocurrió en un contexto marcado por la presencia y la expansión de estos grupos delictivos. “El comando Vermelho y el PCC hoy están peleando un corredor por el cual los narcotraficantes sacan droga al exterior. Esto no va a quedar así, esto lo vamos a combatir”, aseguró.

Oviedo dijo que el Estado enfrenta una “debilidad estructural” debido a la diferencia de poder de fuego entre las organizaciones criminales y la Policía Boliviana. Además, afirmó que el narcotráfico logró asentarse en el país durante las últimas dos décadas, permitiendo el avance de estas redes internacionales.

El ministro indicó que Bolivia y Brasil fortalecerán la cooperación para enfrentar el crimen organizado. Anunció que se instalará una oficina permanente de la Policía Federal brasileña en Bolivia y que efectivos bolivianos también trabajarán en territorio brasileño para compartir información e inteligencia.

Asimismo, adelantó que en las próximas dos semanas e lanzará el plan “Frontera Segura”, que contempla operativos conjuntos entre ambos países en puntos estratégicos como Cobija, Guayaramerín, San Matías, Puerto Suarez, identificados como rutas utilizadas para la salida de droga y el ingreso de organizaciones criminales.

""En las próximas dos semanas estamos lanzando un plan que se va a denominar 'Frontera Segura' y vamos a empezar con Brasil instalando mecanismos de control y represión al delito en fronteras como Cobija, Guayaramerín, San Matías y Puerto Suárez"", aseguró el ministro.

Oviedo también destacó que, en los primeros tres meses de gestión, fueron expulsados 17 presuntos capos del narcotráfico y se incautaron 58 avionetas, además de inmuebles presuntamente vinculados a estas estructuras. Añadió que el Gobierno trabaja con la Policía Federal de Brasil, la DEA y organismos internacionales para reforzar los sistemas de inteligencia y combatir a estas organizaciones.

""Estamos trabajando con Brasil, con la ONU y con la DEA de Estados Unidos para que la comunidad internacional pueda conectarnos con sistemas de inteligencia y fortalecer la lucha contra estas organizaciones criminales.",https://www.opinion.com.bo/articulo/policial/oviedo-pcc-comando-vermelho-pelean-corredor-droga-bolivia/20260803151046994240.html
Opinión,2026-08-03,"Alcaldía, Militar, Unidad, Traslado, Estatua, Barrientos",Alcaldía valida traslado de estatua de Barrientos a una unidad militar,"La estatua del general René Barrientos Ortuño, que estaba situada en la avenida del mismo nombre, en el sur de la ciudad de Cochabamba, fue trasladada con el aval de la Alcaldía de Cochabamba a una unidad militar.

La estatua estaba debajo del puente vehicular de la avenida Barrientos y 6 de Agosto. Hace más o menos una semana, fue retirada de ese punto, según informaron los vecinos. En un video, se muestra la remoción, utilizando una grúa.

Consultado sobre el tema, el director de Cultura de la Alcaldía, Edson Ontiveros, explicó que en la Municipalidad existe una unidad a cargo de los monumentos y que se siguen normativas para realizar estos retiros.

“(La estatua) está en una unidad militar, en buen resguardo y en buenas condiciones. Es de acuerdo a una solicitud”.

Agregó que existe un informe técnico que expone que el monumento estaba “en malas condiciones”, en un espacio donde el contexto no acompañaba.

“El informe técnico va basado en eso principalmente y la solicitud que hicieron las Fuerzas Armadas”, sostuvo.",https://www.opinion.com.bo/articulo/cochabamba/alcaldia-valida-traslado-estatua-barrientos-unidad-militar/20260803121913994238.html
Opinión,2026-08-03,"Evo Morales, El País, Sokol",Sokol: la aprehensión de Evo no es prioridad,"El comandante general de la Policía, Mirko Sokol, afirmó que no es una prioridad de su gestión el aprehender al expresidente Evo Morales y aseguró que los casos que hay en su contra no son “sólidos”.

“No es una prioridad dentro del cargo de Comandante General”, aseveró Sokol y recordó que son más de 18 mil órdenes de aprehensión que no se han ejecutado.

Sokol, en ese sentido, afirmó que el caso de la aprehensión de Morales no es el más importante que se tiene dentro de la institución y afirmó que si deja el cargo sin haber ejecutado la orden en contra del expresidente no sería un fracaso.

Para el Comandante General de la Policía el proceso que se inició contra Morales por el delito de trata y tráfico de personas “no va bien en el tema de las pruebas” y la principal víctima no está de acuerdo con el proceso.

“Desde mi punto de vista no es el caso mas importante, porque el proceso que tiene es por trata y tráfico, estupro, creo que no va bien el tema de las pruebas”, aseveró en entrevista con el periodista José Pomacusi.

Consultado sobre la última orden de aprehensión emitida contra Morales por los bloqueos de los 53 días, Sokol aseveró que para ejecutar las órdenes de aprehensión contra el también dirigente cocalero necesitan ser más “sólidas”.

Morales tiene al menos dos órdenes de aprehensión vigentes. La primera fue emitida por la Fiscalía de Tarija por el delito de trata y tráfico de personas con agravante por haber mantenido una relación y haber embarazado a una joven menor de edad años atrás.

La segunda fue ordenada por la Fiscalía de Santa Cruz. Dentro del caso de los 53 días de bloqueos, Morales es investigado por los delitos de alzamientos armados contra la seguridad y soberanía del Estado, terrorismo, atentado contra la seguridad de los medios de transporte, asociación delictuosa, instigación pública a delinquir y atentado contra la seguridad de los servicios públicos.

El dirigente cocalero, no obstante, se encuentra atrincherado en la zona del Trópico de Cochabamba, región en la que es resguardado por sus seguidores para evitar ser aprehendido.",https://www.opinion.com.bo/articulo/pais/sokol-aprehension-evo-es-prioridad/20260803121107994236.html
Opinión,2026-08-03,"Economía, Turismo, El País",El Turismo espera que el feriado largo de las fiestas patrias impulse su recuperación,"El presidente de la Cámara Boliviana de Turismo, Luis Ampuero, informó que se espera que el feriado largo por las fiestas patrias, el 6 y 7 de agosto, impulse la recuperación del sector, que fue golpeado por los más de 50 días de bloqueos entre mayo y junio.

“El feriado largo por fiestas patrias permitirá a las familias bolivianas viajar a diversos destinos del país, impulsando al sector tras el impacto de más de 50 días de bloqueos de carreteras”, según explicó.

El jueves 6 de agosto será feriado nacional y se extenderá hasta el viernes 7 de agosto, jornada declarada como día adicional de descanso en el marco del Decreto Supremo 5521.

El ministro de Trabajo, Empleo y Previsión Social, Williams José Bascopé, explicó que la decisión tiene como principal objetivo reactivar la economía e incentivar el turismo interno, de acuerdo con el reporte de la red Unitel.

Respecto al proceso de recuperación del sector, el presidente de la Cámara Boliviana de Turismo señaló que el rubro busca retomar la normalidad gradualmente en múltiples ciudades y destinos del país.

“Toma semanas, meses recuperarse, paras unos más para otros menos”, dijo.",https://www.opinion.com.bo/articulo/pais/turismo-espera-que-feriado-largo-fiestas-patrias-impulse-recuperacion/20260803114736994235.html
Opinión,2026-08-03,"La Paz, El País, Ciclovia, Dockweiler",Dockweiler confirma el levantamiento de toda la ciclovía en La Paz y anuncia auditorías,"El alcalde de La Paz, César Dockweiler, confirmó que este lunes inicia el levantamiento del 100% de la ciclovía colocada por la gestión anterior y avisó que auditorías determinarán si hubo daños al municipio y establecerá los responsables.

La autoridad informó que el levantamiento inicia tras haber cumplido los requisitos legales y señaló que no solo se retirará el 100% de la ciclovía, sino que también se harán trabajos para realizar las refacciones correspondientes.

Dockweiler, en ese sentido, aseveró que la ciclovía “ha sido mal ejecutada y mal planificada”.

“Seguro después del proceso de auditoria se identificará si ha habido daños y perjuicios y las acciones correspondientes a los responsables. Más que mejorar las condiciones de la ciudad las ha empeorado”, afirmó en contacto con RTP.

Insistió que La Paz “se vio afectada por una improvisación” y anunció que a futuro la ciudad tendrá nuevas ciclovías “pero como corresponde, con un plan de movilidad urbana”.

La red de ciclovías de La Paz fue una iniciativa de la anterior gestión de Iván Arias y fue financiada por la Agencia de Cooperación Francesa. Inicialmente estaba en San Miguel y luego reubicada en Achumani.

La ciclovía implementada en la gestión de Iván Arias recibió muchas críticas, pues zonas como Calacoto y San Miguel concentran gran cantidad de tráfico vehicular y sus vías quedaron reducidas con el proyecto. Además, se criticó la mala planificación urbana.",https://www.opinion.com.bo/articulo/pais/dockweiler-confirma-levantamiento-toda-ciclovia-paz-anuncia-auditorias/20260803114311994234.html
Opinión,2026-08-03,"Educación, Adultos Mayores, Unifranz, CONEXIÓN DORADA, NAVEGAR",Conexión Dorada: el proyecto universitario que enseña a los adultos mayores a navegar sin miedo en el mundo digital,"Los jueves, la Asociación de Personas Adultas Mayores de Jacarandá se convierte en un espacio de encuentro. Allí se realizan distintas actividades y, durante una jornada especial, los celulares también ocuparon un lugar importante. No para distraer ni aislar, sino para aprender, preguntar y acercarse a quienes están lejos.

Para algunas personas, enviar un mensaje, compartir una fotografía o realizar una videollamada parece sencillo. Pero, para otras, cada botón despierta una duda: ¿qué pasa si me equivoco?, ¿puedo borrar algo importante?, ¿cómo regreso a la pantalla anterior? Detrás de esas preguntas tan simples no existe falta de interés, existe miedo, un lenguaje tecnológico difícil de comprender y, muchas veces, falta de alguien que explique sin apuro.

Esos fueron los problemas que deseaban solucionar los estudiantes de Ingeniería de Sistemas, Psicología y Publicidad y Marketing de la Universidad Privada Franz Tamayo (Unifranz) Cochabamba. Para ello, desarrollaron “Conexión Dorada”, un proyecto creado para reducir la brecha digital y promover la salud mental de las personas adultas mayores.

Este es un Proyecto Integrador desarrollado bajo el enfoque de investigación-acción socioformativa y la metodología de Aprendizaje Basado en Soluciones (ABS), que promueve el trabajo colaborativo entre docentes y estudiantes de las tres carreras.

En ese sentido, los estudiantes de Ingeniería de Sistemas desarrollaron una plataforma interactiva de entrenamiento utilizando JavaScript, Tailwind CSS, PostgreSQL y Supabase, diseñada para simular el funcionamiento de aplicaciones y redes sociales como Facebook, WhatsApp y TikTok, ofreciendo un entorno seguro, intuitivo y accesible que facilita el aprendizaje práctico de las personas adultas mayores.

Por su parte, la carrera de Psicología desarrolló el componente Bienestar Dorado, orientado a la promoción de la salud mental y la prevención de la depresión mediante una revista digital y una serie audiovisual de cuatro episodios.

Las cifras detrás de la desconexión

Antes de diseñar la solución, los estudiantes escucharon las dificultades que tenían los usuarios. Se realizó una encuesta piloto a 70 personas adultas mayores y se encontró que el problema no era únicamente tener o no acceso a internet.

Las mayores barreras eran el lenguaje técnico, las interfaces poco intuitivas y la ausencia de acompañamiento. El 49,3% quería aprender a utilizar WhatsApp y las videollamadas para comunicarse con sus familiares. El 37,7% mostró interés por el comercio electrónico y el 36,2% por la banca móvil. Además, el 45,7% prefirió aprender presencialmente y mediante ejercicios prácticos.

Con esos datos, los estudiantes de Ingeniería de Sistemas construyeron una plataforma de entrenamiento en la que se puede practicar antes de utilizar una aplicación real. Allí es posible familiarizarse con acciones cotidianas como enviar mensajes, compartir estados o subir fotografías, sin el temor de cometer un error irreversible.

Aprender sin sentirse juzgado

El desafío no estuvo solamente en programar. “Uno de nuestros mayores temores era que las personas adultas mayores se sintieran incómodas al recibir la enseñanza de alguien joven”, recordó Fernanda Durán, estudiante de Publicidad y Marketing.

La experiencia demostró lo contrario. Las preguntas aparecieron, la conversación se hizo más cercana y la plataforma comenzó a ser evaluada por quienes realmente la utilizarían.

«Les gustó nuestra forma de explicar y nos pidieron que, por favor, continuáramos con el proyecto», relató la estudiante.

Para Cristhian Vargas, de Ingeniería de Sistemas, el proyecto también permitió revisar una escena conocida en numerosas familias: una persona mayor pide ayuda para manejar el celular y el joven responde con rapidez, impaciencia o termina realizando la tarea en su lugar.

“No tengan miedo. Cualquier persona puede aprender”, afirmó. Su mensaje también interpela a las nuevas generaciones y señala que enseñar no significa apretar los botones por alguien, sino acompañarlo hasta que pueda hacerlo por sí mismo.

“Muchas de las personas adultas mayores hoy viven solas, pero conocer el uso de estas herramientas les permite hacer conexión social; incluso una videollamada, que parece tan simple, favorece mucho a que esta persona pueda retomar su vínculo social con sus familiares o con sus amistades”, explica Alejandra Gutiérrez Pinaya, docente de Psicología.

La tecnología también puede cuidar

“Conexión Dorada” no se limitó a explicar cómo se usan las redes sociales. La carrera de Psicología incorporó el componente «Bienestar Dorado», integrado por una revista digital y una serie de cuatro episodios audiovisuales sobre soledad, tristeza, envejecimiento, señales de alerta de la depresión y estrategias de prevención.

Uno de los aprendizajes fue comprender que la tristeza prolongada no debe asumirse como una consecuencia inevitable de envejecer.

“Debemos estar atentos. Las personas adultas mayores también pueden atravesar una depresión”, explicó Katherine Ortega, estudiante de Psicología. Para ella, aprender tecnología también puede ayudar a mantener el contacto con la familia y disminuir el aislamiento.

Un puente de ida y vuelta

Durante la validación de Conexión Dorada, las personas adultas mayores no fueron simples receptoras de ayuda. Probaron la plataforma, señalaron dificultades y propusieron mejoras. Sus observaciones permitieron hacer el software más accesible.

“Estaban agradecidas por ser tomadas en cuenta”, contó la docente María Renné Ledezma. Luego llegó una solicitud sencilla y significativa: querían más cursos.

Los jóvenes enseñaron a utilizar una herramienta, pero también aprendieron a escuchar, explicar con calma y reconocer otras formas de mirar el mundo.

“Si realmente nos unimos entre varios, podemos alcanzar un fin común” resumió Katherine.

La carrera de Psicología desarrolló el componente «Bienestar Dorado», orientado a la promoción de la salud mental y la prevención de la depresión mediante una revista digital y una serie audiovisual de cuatro episodios para la personas adultas mayores.

“Definitivamente, fue un reto muy interesante, ya que los chicos de Publicidad y Marketing tuvieron que usar mucha creatividad y mucha innovación para poder generar material que realmente puedan entender los adultos mayores”, valora la docente de Docente Publicidad y Marketing, Ana Aliosha Vargas Calderón.

Con todo lo realizado, estudiantes, docentes y las personas adultas mayores constataron que la brecha generacional no desaparece únicamente con una aplicación. Comienza a reducirse cuando una persona se sienta junto a otra, escucha su pregunta y responde sin juzgar. A veces, el puente puede comenzar con algo tan cotidiano como un mensaje enviado por primera vez.",https://www.opinion.com.bo/articulo/innovacion-educativa/conexion-dorada-proyecto-universitario-que-ensena-adultos-mayores-navegar-miedo-mundo-digital/20260803103435994233.html
Opinión,2026-08-03,"Universidad, Academia, Unifranz, FLEXIBILIDAD, OPORTUNIDADES",Unifranz Online: la flexibilidad que permite estudiar sin poner la vida en pausa,"Trabajar, cuidar a la familia, emprender o simplemente retomar un sueño postergado ya no son obstáculos para acceder a la educación superior. Gracias a un modelo flexible que combina tecnología, acompañamiento docente y metodologías adaptadas a las necesidades de los estudiantes, Unifranz Online está permitiendo que cada vez más personas construyan su proyecto profesional sin renunciar a su vida cotidiana.

La imagen tradicional del estudiante universitario ha cambiado. Hoy, las aulas también están ocupadas por profesionales que trabajan a tiempo completo, madres de familia, emprendedores y personas que, después de varios años, decidieron regresar a la universidad para cumplir una meta que habían dejado en pausa. Para ellos, la flexibilidad dejó de ser un beneficio adicional y se convirtió en una condición indispensable para continuar aprendiendo.

Ese es precisamente el propósito de Unifranz Online, una modalidad diseñada para que cada estudiante pueda organizar su proceso de aprendizaje de acuerdo con sus tiempos, responsabilidades y objetivos, sin sacrificar la calidad académica.

""La educación superior ya no puede exigir que las personas detengan su vida para estudiar; debe integrarse a ella. Nuestro modelo está pensado para acompañar a quienes trabajan, tienen familia o viven lejos de una sede universitaria, ofreciéndoles una formación rigurosa, flexible y conectada con las demandas del mundo profesional"", explica Alejandro Castellanos, director nacional de Unifranz Online.

Más que una modalidad virtual, la propuesta busca responder a una realidad que se repite cada vez con mayor frecuencia: personas que desean seguir creciendo profesionalmente mientras mantienen sus responsabilidades laborales y personales.

Seis historias que demuestran que sí es posible

Las experiencias de los estudiantes muestran que detrás de la flexibilidad existe un impacto real en sus proyectos de vida. Cada una es distinta, pero todas tienen un punto en común: encontraron una modalidad que se adapta a su realidad y no les obliga a elegir entre estudiar y vivir.

Para Juan Valencia, volver a estudiar significó cumplir un sueño que había permanecido pendiente durante años. ""Nunca es tarde para empezar"", afirma convencido, una frase que resume el camino que decidió emprender gracias a una modalidad que le permitió organizar sus horarios sin abandonar sus obligaciones diarias.

Una historia similar es la de Christian Pérez, quien decidió regresar a la universidad mientras continuaba desarrollando su actividad laboral. ""Nunca es tarde para volver a estudiar"", sostiene, convencido de que la educación sigue siendo la mejor herramienta para abrir nuevas oportunidades profesionales.

En el caso de María Paula Muñoz, el principal impulso fue evitar que los sueños siguieran postergándose. ""Quería vivir sin dejar pendientes"", explica al recordar la decisión de retomar su formación universitaria mediante una modalidad que se adaptó a su ritmo de vida y no al revés.

La flexibilidad también marcó la experiencia de Margoth Calle, quien encontró en Unifranz Online una forma de continuar aprendiendo sin detener sus demás responsabilidades. ""Pude seguir con mi vida mientras estudiaba"", relata, destacando la posibilidad de administrar su tiempo de manera autónoma sin perder el acompañamiento de sus docentes.

A estas historias se suma la de Vanessa Montero, quien encontró en la modalidad la oportunidad de crecer profesionalmente sin renunciar a su trabajo. ""Pensé que tendría que elegir entre estudiar o trabajar, pero descubrí que podía hacer ambas cosas"", afirma, convencida de que la formación universitaria puede convivir con una agenda laboral exigente.

También está el caso de Felipa Siñani, docente universitaria con una trayectoria consolidada y varios títulos académicos, que decidió volver a sentarse del otro lado del aula. A sus 36 años eligió estudiar Administración de Empresas no porque necesitara un nuevo diploma, sino porque buscaba ampliar su capacidad de aportar al ámbito educativo.

""Siempre sentí que podía aportar más. La docencia me permitía hacerlo desde el aula, pero quería comprender también la gestión, la administración y cómo contribuir desde otra perspectiva"", explica.

Para Felipa, el principal desafío no fue aprender nuevamente, sino encontrar una modalidad compatible con una vida llena de responsabilidades. ""La elegí porque cuando uno trabaja tiene limitaciones de tiempo y también de movilidad. Esta modalidad me permite seguir con mi trabajo, estar con mi familia, dedicar tiempo a mis mascotas y continuar estudiando"", señala.

Su experiencia también demuestra que la educación online fortalece habilidades que hoy resultan esenciales en cualquier profesión. ""La diferencia más importante es que uno desarrolla mucha autonomía. El aprendizaje depende mucho de uno mismo, pero siempre existe apoyo para resolver dudas y fortalecer los conocimientos"", destaca.

Aunque sus historias parten de contextos diferentes, Juan, Christian, María Paula, Margoth, Vanessa y Felipa coinciden en una misma conclusión: nunca es tarde para volver a aprender cuando existe una universidad capaz de adaptarse a las personas.

Aprender con autonomía, pero acompañado

La flexibilidad no significa estudiar en soledad. El modelo de Unifranz Online combina actividades sincrónicas y asincrónicas, recursos digitales, acompañamiento permanente y docentes que orientan el proceso formativo para garantizar una experiencia de aprendizaje cercana y dinámica.

""El objetivo no es únicamente facilitar el acceso a la universidad, sino asegurar que cada estudiante pueda avanzar con éxito, desarrollando competencias pertinentes para un entorno laboral que cambia constantemente"", señala Castellanos.

Esta metodología permite que cada persona organice sus horarios sin perder el contacto con docentes y compañeros, aprovechando herramientas tecnológicas que favorecen el aprendizaje colaborativo y la aplicación práctica del conocimiento.

Al mismo tiempo, fomenta competencias cada vez más valoradas por el mercado laboral, como la autonomía, la disciplina, la organización del tiempo y la capacidad de aprender de forma continua. De hecho, Felipa incorporó a su rutina estrategias como los microaprendizajes y la técnica Pomodoro para aprovechar pequeños espacios del día, demostrando que no siempre se necesitan largas jornadas para seguir avanzando.

Además, el modelo responde a una tendencia cada vez más consolidada: el aprendizaje a lo largo de la vida. En un mercado laboral donde las competencias evolucionan constantemente, actualizarse dejó de ser una opción para convertirse en una necesidad.

""No existe una edad que limite el deseo de aprender. Si uno decide seguir creciendo académica, intelectual y emocionalmente, siempre encontrará una oportunidad para hacerlo"", reflexiona Felipa, una idea que resume el espíritu de quienes han decidido retomar su formación.

En ese contexto, Unifranz Online demuestra que la educación superior puede adaptarse a las personas y no al contrario. Las historias de Juan, Christian, María Paula, Margoth, Vanessa y Felipa evidencian que estudiar, trabajar, cuidar de la familia y seguir construyendo un proyecto profesional ya no son caminos incompatibles. La flexibilidad deja de ser una característica de la modalidad para convertirse en una herramienta que abre oportunidades y confirma que nunca es tarde para empezar, reinventarse o seguir creciendo.",https://www.opinion.com.bo/articulo/innovacion-educativa/unifranz-online-flexibilidad-que-permite-estudiar-poner-vida-pausa/20260803103132994231.html
Opinión,2026-08-03,"Bolivia, Medioambiente, incendios, GEOPOLÍTICOS, PROVOCADOS",Viceministro: la gran mayoría de los incendios fueron provocados y con propósitos geopolíticos,"El viceministro de Medio Ambiente, José Ernesto Ávila, afirmó que la mayoría de los incendios forestales registrados en el país fueron provocados y tendrían, en algunos casos, propósitos geopolíticos. Ante esta situación, pidió fortalecer las sanciones y agilizar los procesos judiciales contra quienes sean identificados como responsables.

En una entrevista con el programa Hagamos Democracia de la red Erbol, Ávila señaló que los incendios tienen múltiples causas y reconoció que también existen casos vinculados a la falta de conciencia de algunas personas que realizan actividades agrícolas o ganaderas.

“La gran mayoría de ellos fueron provocados y con propósitos geopolíticos”, afirmó la autoridad, aunque también admitió que algunas quemas se originan por negligencia o por prácticas inadecuadas en zonas rurales.

Mencionó como ejemplo el caso de Guarayos, donde parte de la población habría sido afectada por incendios en al menos dos oportunidades, según indicó, debido a acciones negligentes.

El viceministro explicó que la Autoridad de Bosques y Tierras (ABT) es la instancia encargada de realizar las acciones operativas en territorio y atender las denuncias relacionadas con incendios, en coordinación con las instituciones responsables de la gestión de emergencias y la Policía.

Ávila informó que existen dos personas procesadas en el departamento de Tarija. En el caso de Santa Cruz, sostuvo que el fuego habría ingresado desde territorio brasileño, por lo que el origen del incendio estaría fuera del país.

La autoridad aseguró que el Gobierno instruyó a la ABT realizar todos los esfuerzos necesarios para identificar y procesar a los responsables de los incendios forestales.

Piden endurecer las sanciones

Ávila señaló que una de las principales dificultades para sancionar a los responsables está relacionada con el tipo de penas previstas actualmente, que, según explicó, permiten que algunos investigados enfrenten el proceso con medidas como la detención domiciliaria.

Ante esta situación, informó que se trabaja junto con parlamentarios en una propuesta para incrementar la gravedad de las sanciones y agilizar los procesos judiciales contra quienes provoquen incendios forestales.

“Están tratando de incrementar un poquito la gravedad de las penas, convertir estos en delitos de mayor agilidad procesal para que podamos tener a los responsables donde deben estar, en la cárcel”, afirmó.

El viceministro consideró que provocar un incendio forestal constituye una acción criminal que afecta no solo al patrimonio natural del Estado, sino también a la población, especialmente a las comunidades rurales expuestas al humo y a sus consecuencias.

Tecnología para identificar a los responsables

La autoridad explicó que el Gobierno también busca mejorar la identificación de los puntos donde se originan los incendios mediante información satelital.

Precisó que los sistemas de monitoreo permiten detectar puntos o focos de calor con un importante nivel de precisión, aunque aclaró que un foco de calor no necesariamente significa que exista un incendio forestal.

La información obtenida mediante tecnología satelital, explicó, puede servir para orientar las investigaciones y establecer dónde se inició un incendio, facilitando la identificación de posibles responsables.

Ávila insistió en que la instrucción del Gobierno es actuar de manera coordinada para procesar a todas las personas que sean encontradas como responsables de incendios forestales.

“Ver a un bosque quemarse y ver a su fauna incinerarse es definitivamente conmovedor”, manifestó, al remarcar que los incendios también provocan impactos en la salud de la población, principalmente en niños y adultos mayores de las comunidades afectadas por el humo.",https://www.opinion.com.bo/articulo/pais/viceministro-gran-mayoria-incendios-fueron-provocados-propositos-geopoliticos/20260803102509994229.html
Opinión,2026-08-03,"Cochabamba, Chile, Gobernador, Loza, auto",“No soy Diprove”: Loza responde a las críticas por ser trasladado en auto robado,"El gobernador Leonardo Loza deslindó responsabilidad por la camioneta, con reporte de robo en Chile, en la cual fue trasladado durante un acto con cooperativas mineras. Enfatizó que él no es autoridad competente para determinar la legalidad de los autos y que las denuncias en su contra son de carácter político.

“Yo no soy Diprove”, dijo Loza, en referencia a la unidad policial encargada de investigar el robo de vehículos.

Asimismo, negó haber sabido que el vehículo era robado. “Yo llegué bajo la invitación de los compañeros de la cooperativa, llegamos en nuestro carro de la gobernación desde acá hasta ese punto. Y nos dijeron, ‘hay que ir a inspeccionar’. Eran nos 300, 400 metros que hemos subido al cerro en esa camioneta”, relató.

Señaló que él es cuestionado hasta en lo que respira. “Yo lamento que algunos intenten hacer política con eso. Loza no es autoridad competencial para decir lo que este auto es indocumentado, tiene problemas legales o no”, recalcó.

El gobernador puso como ejemplo que, cuando le invitan a desayunar, no presunta si la casa es legal o no.",https://www.opinion.com.bo/articulo/cochabamba/soy-diprove-loza-responde-criticas-ser-trasladado-auto-robado/20260803101921994227.html
Opinión,2026-08-03,"Adolescente, Parotani, Atropello, Adolescentes, Herida",Adolescente que conducía una moto atropella a una menor de 12 años en Parotani,"Una niña de 12 años resultó herida tras ser atropellada por una motocicleta en el sector de Parotani, en el municipio de Sipe Sipe, en Cochabamba.

El hecho es investigado por personal de la Dirección Departamental de Tránsito, Transporte y Seguridad Vial del Valle Bajo. Según el informe preliminar, la motocicleta era conducida por un adolescente de 15 años que no portaba licencia de conducir. Debido a su edad, además, no estaba legalmente habilitado para obtenerla. El motorizado también circulaba sin el Seguro Obligatorio de Accidentes de Tránsito (SOAT) vigente.

Tras el accidente, la menor de edad fue auxiliada y trasladada a una clínica, donde se encuentra bajo observación médica.

Como parte de las investigaciones, la motocicleta fue secuestrada y puesta a disposición de las autoridades competentes. El caso es conocido por el Ministerio Público y se desarrolla en coordinación con la Defensoría de la Niñez y Adolescencia, con el objetivo de establecer las circunstancias del hecho y determinar las responsabilidades correspondientes.",https://www.opinion.com.bo/articulo/policial/adolescente-que-conducia-moto-atropella-menor-12-anos-parotani/20260803092857994226.html
Opinión,2026-08-03,"Bolivia, Aniversario, Agosto, Agenda, fiestas patrias",Conozca el programa de actividades por las Fiestas Patrias del 3 al 7 de agosto,"Este mes, Bolivia conmemorará los 201 años de su independencia. Autoridades nacionales y locales confirmaron las actividades protocolares, cívicas, culturales y turísticas por la efeméride nacional, que se desarrollarán del 3 al 7 de agosto. La mayoría de los actos se realizarán en Sucre, mientras que la Parada Militar tendrá lugar en la ciudad de El Alto.

Lunes 3 de agosto

Inauguración de la IX Bienal Internacional Folclórica en la Casa de la Libertad a horas 10:00. Retreta de las Fuerzas Armadas (FFAA). Gala artística en el Teatro Gran Mariscal, desde las 19:00.

Martes 4 de agosto

Desfile cívico escolar en la plaza principal, con la participación de al menos 140 delegaciones. Presentación de nuevos hallazgos de huellas de dinosaurios en la Casa de la Cultura. Sesión de honor de la Brigada Parlamentaria de Chuquisaca en el Salón de la Independencia de la Casa de la Libertad, desde las 09:00. Reunión técnica entre equipos del Gobierno y las gobernaciones para tratar las propuestas sobre el 50/50. Desfile de teas, en horas de la noche, con al menos 40 delegaciones participantes.

Miércoles 5 de agosto

Sesión de la Cámara de Diputados, a las 09.00, en el Centro Internacional de Convenciones de la ciudad de Sucre. Sesión de honor del Concejo Municipal de Sucre, previsto para las 09:00. Desfile cívico-militar en la plaza principal. Reunión entre el Gobierno y los nueve gobernadores para abordar la propuesta del 50/50 y el desarrollo de las regiones, a las 16.00, en el Salón Rojo de la Gobernación de Chuquisaca. Serenata solidaria en el campo ferial de Lajastambo, a partir de las 19.00, con la participación de diferentes artistas nacionales.

Jueves 6 de agosto

Feriado nacional. Entrega de ofrendas florales en la plaza 25 de Mayo, desde las 06.30. Acto de iza de banderas y entonación del Himno Nacional en el frontis de la Casa de la Libertad. Misa de Te Deum en la Catedral Metropolitana, a partir de las 09.00. Solemne Sesión de Honor de la Asamblea Legislativa Plurinacional en el Hemiciclo de la Casa de la Libertad, desde las 10.00. En la ocasión, el presidente Rodrigo Paz Pereira emitirá su mensaje al país. Almuerzo de honor con la participación de autoridades nacionales, representantes diplomáticos e invitados especiales.

Viernes 7 de agosto

Feriado nacional. Parada Militar en la ciudad de El Alto, desde las 10.00.

Finalmente, la Gobernación de Chuquisaca anunció una serie de actividades culturales y turísticas a realizarse durante el mes agosto, entre ellos se puede mencionar recorridos y exposiciones en la Casa de la Libertad, el Museo del Tesoro, el mirador de La Recoleta, además de abrir los espacios administrados por la Gobernación, como La Glorieta, La Florida y la Mansarda del Palacio de Gobierno. Asimismo, se tiene previsto la realización de la Fiesta del Ají, el 8 de agosto, y la Fiesta del Café, prevista para el 15 de agosto en el complejo turístico de La Glorieta.",https://www.opinion.com.bo/articulo/pais/fiestas-patrias-conozca-agenda-actividades-3-7-agosto/20260803085254994224.html
Opinión,2026-08-03,"Crimen, Santa Cruz, Asesinatos, Control, TERRITORIOS",Alertan que el crimen organizado ya controla territorios en Santa Cruz,"El director de Seguridad Ciudadana de la Gobernación de Santa Cruz, Jorge Santistevan, advirtió que el crimen organizado ha desplazado paulatinamente la presencia del Estado en algunas regiones del departamento y aseguró que San Matías ya se encuentra bajo el control de organizaciones criminales.

""San Matías es una zona, una región controlada por la mafia y es un centro geopolítico de narcotráfico. Eso lo venimos alertando de hace mucho tiempo para atrás"", afirmó Santistevan a Urgente.bo.

La autoridad explicó que la reciente escalada de violencia responde a una ruptura entre organizaciones criminales que antes mantenían acuerdos para repartirse el territorio. Ahora, dijo, esas estructuras se fragmentaron y operan de forma independiente.

""Han roto ese compromiso y se están fraccionando esas células fuertes, grandes, que están ahora actuando por su cuenta, son más violentos. Esos no tienen reglas"", sostuvo. Según explicó, esta disputa busca controlar territorios y ha derivado en una serie de asesinatos.

En ese contexto, Santistevan aseguró que la emboscada en la que murió un subteniente de la Policía demuestra el nivel de control que ejercen estas organizaciones.

""Hoy ya se está viendo que están emboscando patrullas y, sabiendo que son militares o policías, lo están haciendo para sentar precedentes de un territorio ya marcado por ellos"", afirmó.

Respecto a las investigaciones, el director de Seguridad Ciudadana consideró que debe indagarse una posible filtración de información desde las propias instituciones encargadas de combatir el narcotráfico.

""Tenemos que desconfiar hasta de la misma fuerza que lucha contra las drogas, porque de ahí salen las informaciones para los narcos. ¿Cómo es que sabían que esa patrulla de inteligencia estaba llegando a San Matías?"", cuestionó.

Por ello, planteó una renovación del personal que opera en la lucha antidroga y la conformación de grupos especializados con nuevos efectivos.

""Yo creo que es momento de relevar a toda la gente y poner gente nueva, bien entrenada"", manifestó, al señalar que la fuga de información pone en riesgo a los propios policías durante los operativos.

Santistevan también pidió fortalecer la coordinación con Brasil para facilitar el intercambio de información y permitir una persecución más rápida de organizaciones criminales que operan en la frontera. A su juicio, mientras no se adopten estas medidas, los grupos delictivos continuarán fortaleciendo su presencia y disputando el control de territorios al Estado.",https://www.opinion.com.bo/articulo/pais/alertan-que-crimen-organizado-controla-territorios-santa-cruz/20260803083937994222.html
Unitel,2026-08-03,Agencias,España cierra segunda tras Rusia la preliminares de la rutina libre por equipos,"Redacción deportes, 2 ago (EFE).- El equipo español de natación artística, vigente campeón continental, cerró en segunda posición su actuación en unas preliminares de la rutina libre de los Europeos de París en las que sólo Rusia se salvó de ser penalizada con una 'marca base'.

Una circunstancia que permitió al conjunto ruso, que compite en la capital francesa bajo bandera neutral, cerrar la ronda clasificatoria en primera posición con una nota de 272,7400 puntos con su ejercicio 'On line - not alone'

Seis unidades más que España que contabilizó un total de 266,5275 puntos tras verse lastrada por la 'marca base' con la que fue penalizada en la segunda de las acrobacias de su ejercicio.

Un fallo perfectamente subsanable en la final de este lunes en la que el equipo español, integrado por Cristina Arámbula, Txell Ferré, Marina García, Mireia Hernández, Aurora Lázaro, Lilou Lluis, Alisa Ozhogina y Sara Saldaña, tratará de hacer valer su mayor capacidad interpretativa.

Y es que si Rusia aventajó en doce puntos a las de Andrea Fuentes en la ejecución, el combinado español superó en seis unidades a las eslavas en la impresión artística con su vibrante interpretación de la rutina 'La locura'.

""Afrontamos la final de mañana con muchísimas ganas. Hay muy poca diferencia con las primeras, así que sí pulimos los fallitos que hemos hecho podemos ir a por todas"", señaló Alisa Ozhogina integrante del conjunto español tras su actuación.

Por detrás de rusas y españolas cerró la fase previa el equipo italiano, medallista de plata el pasado año en los Europeos de Funchal, con una nota de 235,7041 tras verse penalizado con una 'marca base' en uno de los elementos.

Peor le fue a Ucrania, sexta, que vio hasta penalizaciones en una jornada matutina en la que sólo Rusia se salvó de las temidas 'marcas base'.EFE

jv-fc",https://unitel.bo/noticias/agencias/espana-cierra-segunda-tras-rusia-la-preliminares-de-la-rutina-libre-por-equipos-IC22573920
Unitel,2026-08-03,Agencias,"Lunes, 3 de agosto de 2026","CICLISMO TOUR FEMENINO

Redacción deportes. La tercera etapa del Tour Femenino afronta este lunes un recorrido montañoso entre Ginebra (Suiza) y Poligny (Francia), de 156,5 kilómetros con un puerto de primera, el Col de la Faucille, en el inicio del recorrido de 156.5 kms, uno de segunda, otro de tercera y uno de cuarto a tan solo 24 kilómetros de la meta

(Texto) (Foto)

.

GOLF CIRCUITO LIV

Redacción deportes. LIV Golf afronta este agosto un mes trascendental para saber si puede contar con nuevos inversores que puedan mantener con vida el circuito la próxima temporada ante el agujero que deja el fondo soberano de Arabia Saudí (PIF, por sus siglas en inglés) tras su decisión de retirarse del proyecto multimillonario que creó en 2022.

(Texto)

.

JUEGOS CENTROAMERICANOS Y DEL CARIBE

Santo Domingo. Con una superficie de 261 km² y una población de menos de 60.000 habitantes, San Cristóbal y Nieves es el país más pequeño en participar en estos Juegos, con una delegación formada por seis deportistas, entre los que destaca la pareja de voley playa masculino integrada por Zendai Richards y Elkreen Morton. Por ﻿Pau Mompó Alberola.

(Texto) (Foto) (Vídeo)

-----------------------------------------------------------------

AGENDA INFORMATIVA

.

CICLISMO

- Tour de Francia femenino (hasta 9). 3ª etapa: Ginebra (Suiza)-Poligny (Francia), de 156,5 km.

- Vuelta a Polonia (hasta 9). 1ª etapa: Gdynia-Koszalin (234,2 km).

.

FÚTBOL

- Sorteos de las rondas de playoff de la Liga de Campeones (10.00 GMT), la Liga Europa (11.00) y la Liga Conferencia (12.00).

- ​Concluye la tercera jornada del torneo Clausura de Argentina, con la disputa de los partidos Sarmiento-Independiente Rivadavia, Platense-Talleres, Vélez Sarsfield-Independiente, Huracán-Atlético Tucumán y Central Córdoba-San Lorenzo.

.

GOLF

- Informe. El LIV Golf afronta este agosto un mes trascendental para saber si puede contar con nuevos inversores que puedan mantener con vida el circuito la próxima temporada.

.

POLIDEPORTIVO

- XXV Juegos Centroamericanos y del Caribe, en Santo Domingo (hasta 8).

. San Cristóbal y Nieves, el país más pequeño que participa en los XXV Juegos Centroamericanos y del Caribe 2026 en Santo Domingo. (FOTO) (VIDEO)

.

TENIS

- Torneo ATP Masters 1.000 de Montreal (Canadá) (hasta 13).

- Torneo WTA 1.000 de Toronto (Canadá) (hasta 13).

----------------------------------------------------------------

dep/EFE

Redacción EFE Deportes

(34) 913 467 211

Puede escribir a deportes@efe.com para contactar con nuestra redacción.

En www.efeservicios.com encontrará toda la producción multimedia de la Agencia EFE y su Agenda Mundial, un listado actualizado de actos informativos programados.Para cualquier otro producto o servicio, contacte con clientes@efe.com o llame al +34 913 467 245. Av. de Burgos, 8B, 28036 Madrid, España

https://x.com/EFEdeportes

EFE Deportes

Tel. +34 913 467 211

deportes@efe.com",https://unitel.bo/noticias/agencias/lunes-3-de-agosto-de-2026-HC22579178
Unitel,2026-08-03,Agencias,"Voraces incendios forestales arrasan Spokane, en el noroeste de EEUU","Spokane, Estados Unidos, 3 Ago 2026 (AFP) -

Voraces incendios forestales devastaron la madrugada del domingo gran parte de la ciudad de Spokane, en el estado de Washington, noroeste de Estados Unidos, donde miles de personas estaban bajo órdenes de evacuación.

A miles de personas se les ordenó evacuar en la noche del sábado al domingo, a medida que estallaban tres incendios por separado dentro y alrededor de la ciudad.

El Servicio Nacional de Meteorología (NWS, en inglés) había advertido sobre ""condiciones meteorológicas de incendios extremadamente críticas"" en el área debido a los fuertes vientos y una sequía excepcional.

Videos publicados en línea y por medios locales el domingo mostraban decenas de viviendas reducidas a cenizas, con fuertes columnas de humo cubriendo la ciudad.

""Cientos de casas y estructuras se han perdido. Aún estamos evaluando el potencial de que se hayan perdido vidas"", dijo el domingo en la tarde la alcaldesa Lisa Brown, durante una rueda de prensa.

""A la gente que sufre ahora mismo en nuestra región por pérdida o incertidumbre (...) nuestros corazones están cono ustedes. Estamos acá para ustedes para el largo plazo"", añadió.

Las condiciones meteorológicas habían mejorado el domingo, con los vientos disminuyendo. Pero los incendios seguían indicados como contenidos en un 0%.

El sheriff John Nowels dijo que no se había informado hasta el momento de muertos o heridos. Pero agregó que ""por la escala de esto y de lo que se necesita para (...) realizar esa clase de investigaciones en escenas de fuegos activos, eso podría cambiar"".

- Temporada anormal de ""incendios salvajes"" -

El gobernador de Washington, Bob Ferguson, quien había declarado el estado de emergencia, indicó que el estado atraviesa su cuarto año consecutivo de sequía y las autoridades advierten que la temporada de incendios de 2026 ya figura entre las más intensas desde que existen registros.

Dijo en la conferencia de prensa que había hablado con funcionarios federales sobre recibir recursos para responder el desastre, incluido el presidente Donald Trump, quien comprendió ""lo grave que es la situación"".

El comisionado de tierras públicas de Washington, David Upthegrove, advirtió que el incendio en Spokane era ""uno de los 15 mayores incendios a través del estado de Washington ahora mismo"".

""Esta es una temporada extraordinaria de incendios salvajes en el Pacífico noroccidental. No es una temporada normal"", dijo, mientras el cambio climático crea condiciones propicias para incendios forestales devastadores.

""Una confluencia de condiciones meteorológicas y de incendios a través del oeste estánstán poniendo a prueba nuestros recursos y desafiando a las personas involucradas en esta respuesta"".

El fuego mayor, bautizado Old Trails, se adentró en la ciudad tras cruzar el río Spokane el sábado por la tarde.

Las autoridades de Spokane, de unos 230.000 habitantes, emitieron la alerta de evacuación de más alto nivel, ""Go Now"" (irse ahora), para sectores del norte de Spokane, afectando a miles de personas dentro de los límites de la ciudad, según el mapa de evacuación del gobierno.

Los tres incendios activos en la ciudad y sus alrededores habían arrasado el domingo en la mañana unas 2.200 hectáreas en total, según CNN.

Los servicios de emergencia instalaron un refugio para los evacuados en el centro de convenciones de Spokane.

bur-hol/abs/pb/meb/jm/ad/lb/cr",https://unitel.bo/noticias/agencias/voraces-incendios-forestales-arrasan-spokane-en-el-noroeste-de-eeuu-GN22583371
Unitel,2026-08-03,Agencias,Temas del día de EFE Internacional del lunes 3 de agosto de 2026 (02:00 GMT),"DESTACADOS

MARRUECOS ESPAÑA

Rabat- Aumentan las voces en Marruecos que piden responsabilidades al Gobierno por la crisis migratoria sin precedentes que ha dejado cerca de un centenar de muertos. A las críticas de las organizacuones humanitarias se suman ahora las de partidos políticos y sindicatos.

(Foto) (Video)

Bruselas - Los embajadores de los países de la Unión Europea (UE) se reúnen de forma extraordinaria el próximo lunes para abordar la crisis migratoria en Ceuta y facilitar la coordinación entre Estados miembros.

IRÁN GUERRA

Teherán - Irán afronta un incierto proceso de desescalada con Estados Unidos después de que el presidente estadounidense, Donald Trump, anunciara la suspensión de los ataques contra las infraestructuras energéticas iraníes tras asegurar que ambas partes habían alcanzado los parámetros de un posible acuerdo, sobre lo que Teherán aún no se ha pronunciado.

ISRAEL PALESTINA

Jerusalén -Pese al anuncio del presidente de EE.UU., Donald Trump, de un nuevo acuerdo para avanzar hacia la segunda fase de la tregua en Gaza, que contempla explícitamente ""el cese de las operaciones militares"" en la Franja, Israel mantiene un ritmo de ataques sin precedentes.

UCRANIA GUERRA

Kovel - Voluntarios ucranianos tejen capas antidrones para volver a los soldados invisibles ante los drones rusos equipados con cámaras térmicas que planean constantemente sobre la ""zona de la muerte"", que ahora se extiende a lo largo de decenas de kilómetros a ambos lados del frente. Por Rostyslav Averchuk.

(Texto) (Foto) (Vídeo)

ONU SECRETARIO GENERAL

Montevideo - Los cinco candidatos latinoamericanos y caribeños a la Secretaría General de la ONU -la costarricense Rebeca Grynspan, la guyanesa Carolyn Rodrigues-Birkett, el argentino Rafael Grossi, la ecuatoriana María Fernanda Espinosa y la chilena Michelle Bachelet- participarán este lunes en Uruguay en su primer encuentro conjunto.

(Texto) (Foto) (Vídeo)

HONDURAS CORRUPCIÓN

Tegucigalpa.- El expresidente de Honduras Juan Orlando Hernández comparece este lunes ante un juez en Tegucigalpa por un caso de presunto desvío de recursos estatales para financiar su campaña presidencial de 2013, días después de regresar al país tras ser indultado en EE.UU., donde cumplía una condena de 45 años de prisión por narcotráfico y delitos relacionados con el tráfico ilegal de armas.

(Texto) (Foto) (Vídeo)

ADEMÁS

MÉXICO VIOLENCIA

Ciudad de México - El Instituto Nacional de Estadística de México presenta la cifra definitiva de asesinatos en 2025, que incluye el primer año completo de la presidencia de Claudia Sheinbaum, quien asumió el poder el 1 de octubre de 2024 y desde entonces, asegura, han reducido los homicidios en 48 %

(Texto) (Foto)

BOLIVIA ECONOMÍA

La Paz - El Gobierno de Bolivia y el Fondo Monetario Internacional (FMI) alcanzaron un acuerdo para un programa técnico por 1.900 millones de dólares que apoyarán las reformas puestas en marcha por la Administración de Rodrigo Paz para estabilizar la economía y que marca el retorno del organismo al país andino tras más de 20 años.

(Texto) (Foto)

ESPECIALES:Con motivo de la investidura el próximo viernes de Abelardo de la Espriella como presidente de Colombia la agencia EFE enviará desde este lunes una serie previa con la guía COLOMBIA INVESTIDURA

AGENDA INFORMATIVA

Ciudad de México.- MÉXICO REMESAS.- El Banco de México publica las remesas recibidas en los primeros seis meses del año, tras haber iniciado con una caída anual de 1,4 % pero con repuntes importantes desde marzo y hasta mayo, pese a las políticas migratorias de EE.UU. principal origen de los envíos a México. (Texto)

Santo Domingo.- REPÚBLICA DOMINICANA VENEZUELA.- El anuncio de Venezuela y República Dominicana de iniciar un ""proceso de normalización gradual"" de sus relaciones diplomáticas y consulares ha generado expectativas sobre el restablecimiento de los vínculos bilaterales, dos años después de la ruptura decidida por Caracas en respuesta al rechazo dominicano a los resultados de las elecciones presidenciales venezolanas de julio de 2024. (Texto)

La Habana.- CUBA POLÍTICA.- El paquete de reformas para liberalizar y descentralizar la economía cubana y el surgimiento de la figura de un nieto del expresidente Raúl Castro como interlocutor con EE.UU. ha abierto una grieta para las autoridades de la isla por un extremo imprevisto: su izquierda. (Texto)

Caracas.- VENEZUELA CRISIS.- El secretario general del gobernante Partido Socialista Unido de Venezuela (PSUV), Diosdado Cabello, ofrece una rueda de prensa de la formación sobre diferentes temas de interés político. (Texto) (Vídeo)

Washington.- PARAMOUNT WARNER BROS.- Vista para determinar la fusión entre Paramount y Warner Bros. Discovery, suspendida en julio temporalmente por el Distrito Norte de California. (Texto)

Nueva York.- ONU CONSEJO DE SEGURIDAD.- Dinamarca asume la presidencia del Consejo de Seguridad para el mes de agosto, durante el cual continuará el proceso informal de selección del próximo secretario general de la ONU.

Santiago.- CHILE ECONOMÍA.- El Banco Central de Chile publica el Índice Mensual de Actividad Económica (Imacec) de junio, que se considera una estimación adelantada del PIB mensual. (Texto)

Buenos Aires.- MARADONA JUICIO.- Previa de una nueva audiencia del juicio para determinar responsabilidades por la muerte de Diego Armando Maradona. (Texto)

Ciudad de México.- MÉXICO ECONOMÍA.- El Banco de México publica la encuesta sobre las expectativas del sector privado de julio, con nuevos pronósticos sobre la inversión y el Producto Interno Bruto (PIB) para el 2026. (Texto)

Tegucigalpa.- HONDURAS JUSTICIA.- Inicia en Honduras el juicio oral y público contra el exalcalde y narcotráficante Alexander Ardón por lavado de activos. (Texto)

Montevideo.- URUGUAY EXPORTACIONES.- La agencia de promoción de inversiones y exportaciones Uruguay XXI presenta el informe de comercio exterior correspondiente a julio de 2026. (Texto)

Ciudad de Panamá.- AMÉRICA SEGURIDAD.- Las autoridades de Panamá inauguran el ejercicio multinacional Panamax 2026, que reúne 1.700 soldados de fuerzas militares de América, el Caribe y Europa. (Texto) (Foto) (Video) (Directo)

14:00GMT.- Miami.- EEUU ESPACIO.- La NASA ofrece detalles sobre los preparativos de la Crew-13, la próxima misión de rotación de tripulación a la Estación Espacial Internacional, que está prevista para mediados de septiembre. (Texto) (Foto) (Vídeo)

15:00GMT.- Santo Domingo.- CENTROAMERICANOS Y DEL CARIBE.- Resumen de la jornada de los XXV Juegos Centroamericanos y del Caribe Santo Domingo 2026. (Texto) (Foto)

19:00hGMT.- Bogotá.- COLOMBIA ECOPETROL.- La empresa petrolera estatal colombiana Ecopetrol presenta los resultados financieros y operativos correspondientes al segundo trimestre de este año. (Texto)

20:00GMT.- Quito.- ECUADOR JUSTICIA.- Un tribunal de Ecuador anuncia su decisión sobre el pedido de Fiscalía de condenar al expresidente Abdalá Bucaram, su hijo Jacobo, y otras dos personas por el delito de delincuencia organizada, por la supuesta venta irregular de pruebas para detectar la covid-19 y otros insumos médicos en 2020.

Montevideo.- URUGUAY BID.- En el marco de su visita a Uruguay, el presidente del Banco Interamericano de Desarrollo, Ilan Goldfajn, brinda una conferencia de prensa en la sede del Poder Ejecutivo. NUEVO (Texto) (Foto) (Video)

07:00GMT.- Trípoli.- LIBIA CRISIS.- Libia cumple una semana de protestas, con acciones sin precedentes de bloqueo y boicot a instituciones y empresas estatales, para exigir la salida del Gobierno de Unidad Nacional (GUN), que administra el oeste del país, ante el ""deterioro"" de las condiciones de vida de los ciudadanos y las constantes interrupciones de servicios básicos. (Texto)

Asia Tokio.- NISSAN RESULTADOS.- El fabricante de vehículos japonés Nissan publica sus resultados financieros para el primer trimestre de su año fiscal, de abril a junio. (Texto)

01:45h.- Shenzhen.- CHINA INDUSTRIA.- La consultora china RatingDog divulga su índice gerente de compras (PMI, principal indicador del sector manufacturero) de julio, lectura alternativa a la oficial. (Texto)

Redacción EFE Internacional

(34)913 46 71 00

Puede escribir a mesacentral@efe.com para contactar con nuestra redacción.

En www.efeservicios.com encontrará toda la producción multimedia de la Agencia EFE y su Agenda Mundial, un listado actualizado de actos informativos programados.

Para cualquier otro producto o servicio, contacte con clientes@efe.com o llame al +34 91 3467245",https://unitel.bo/noticias/agencias/temas-del-dia-de-efe-internacional-del-lunes-3-de-agosto-de-2026-0200-gmt-HN22584553
Unitel,2026-08-03,Agencias,"Lunes, 3 de agosto de 2026 (07.00 GMT)","Bangkok/Madrid, 3 ago (EFE).-

Castillejos (Marruecos).- La situación en Castillejos se va normalizando, mientras aumentan las voces en Marruecos que piden responsabilidades al Gobierno por la crisis migratoria sin precedentes que ha dejado cerca de un centenar de muertos. A las críticas de las organizaciones humanitarias se suman ahora las de partidos políticos y sindicatos.

(Vídeo)(Foto)

Surabaya (Indonesia).- Cinco personas murieron y otras 41 aún están siendo buscadas este domingo en Indonesia después de que se registrara un incendio en un ferry con más de 200 pasajeros en medio del mar en la provincia de Java Oriental, a unos 700 kilómetros al este de Yakarta, informaron autoridades del archipiélago.

(Vídeo)(Foto)

Kovel (Ucrania).- Voluntarios ucranianos tejen capas antidrones para volver a los soldados invisibles ante los drones rusos equipados con cámaras térmicas que planean constantemente sobre la ""zona de la muerte"", que ahora se extiende a lo largo de decenas de kilómetros a ambos lados del frente.

(Vídeo)(Foto)

Londres.- El líder de la ultraderecha británica Nigel Farage, comparece ante los medios en Londres.

(Vídeo)(Foto)

Tegucigalpa.- El expresidente de Honduras Juan Orlando Hernández comparece este lunes ante un juez en Tegucigalpa por un caso de presunto desvío de recursos estatales para financiar su campaña presidencial de 2013, días después de regresar al país tras ser indultado en EE.UU., donde cumplía una condena de 45 años de prisión por narcotráfico y delitos relacionados con el tráfico ilegal de armas.

(Vídeo)(Foto)

Montevideo.- Los cinco candidatos latinoamericanos y caribeños a la Secretaría General de la ONU -la costarricense Rebeca Grynspan, la guyanesa Carolyn Rodrigues-Birkett, el argentino Rafael Grossi, la ecuatoriana María Fernanda Espinosa y la chilena Michelle Bachelet- participan en un encuentro en el que hablarán sobre el futuro liderazgo del organismo y el papel de la región en la agenda global.

(Vídeo)(Foto)

Caracas.- El secretario general del gobernante Partido Socialista Unido de Venezuela (PSUV), Diosdado Cabello, ofrece una rueda de prensa de la formación sobre diferentes temas de interés político.

(Vídeo)

Deir el Balah.- Cuatro días después de que el presidente de EE.UU., Donald Trump, anunciase un acuerdo para desarmar a Hamás y dar inicio a la segunda fase de su plan de alto el fuego, los palestinos en la Franja le piden que lo implemente como sea y ponga fin a los ataques y la ocupación israelíes.

(Vídeo)

Ciudad de México.- El Instituto Nacional de Estadística de México presenta la cifra definitiva de asesinatos en 2025, que incluye el primer año completo de la presidencia de Claudia Sheinbaum, quien asumió el poder el 1 de octubre de 2024 y desde entonces, asegura, han reducido los homicidios en 48 %.

(Vídeo)(Foto)

Montevideo.- En el marco de su visita a Uruguay, el presidente del Banco Interamericano de Desarrollo, Ilan Goldfajn, brinda una conferencia de prensa en la sede del Poder Ejecutivo.

(Vídeo)(Foto)

Ciudad de Panamá.- Las autoridades de Panamá inauguran el ejercicio multinacional Panamax 2026, que reúne 1.700 soldados de fuerzas militares de América, el Caribe y Europa.

(Vídeo)(Foto)(Directo)

Miami.- La NASA ofrece detalles sobre los preparativos de la Crew-13, la próxima misión de rotación de tripulación a la Estación Espacial Internacional, que está prevista para mediados de septiembre.

(Vídeo)(Foto)

Katmandú.- Devotos hindúes nepalíes, conocidos como peregrinos de Bol Bom, se bañaron este lunes en el río Bagmati antes de recoger agua sagrada en Sundarijal, a las afueras de Katmandú.

(Vídeo)(Foto)

Seúl.- Los actores de 'La Odisea', Charlize Theron y Matt Damon, junto con el director Christopher Nolan y la productora Emma Thomas, participaron este lunes en una rueda de prensa en Seúl con motivo del estreno de la película en Corea del Sur, previsto para el 5 de agosto.

(Vídeo)(Foto)

srp/alm/EFE

Si quiere conocer otros actos y acontecimientos informativos previstos para hoy o para cualquiera de los próximos 365 días, en España y en el mundo, ponemos a su disposición la Agenda Digital Mundial a la que se accede por Internet y que se actualiza al instante cada vez que EFE conoce una nueva convocatoria. Esta herramienta permite segmentar las previsiones según el interés del usuario.

Para más información sobre éste u otros productos, póngase en contacto con nuestro Departamento de atención al cliente en el teléfono + 34913467245 en horario continuo desde las 07.30 (GMT) horas hasta las 19.00 horas (GMT), o en la dirección electrónica clientes@efe.com.",https://unitel.bo/noticias/agencias/lunes-3-de-agosto-de-2026-0700-gmt-AN22586644
Unitel,2026-08-03,Mundo,"Capturan en México a ‘Poncho’, líder del Cartel de Los Reyes por el que EEUU ofrecía una recompensa de $us 5 millones","El Ejército mexicano detuvo este sábado a Alfonso Fernández Magallón, alias Poncho, identificado como líder del Cartel de Los Reyes y por quien Estados Unidos ofrecía una recompensa de hasta cinco millones de dólares , una captura que provocó bloqueos e incendios de vehículos en municipios del occidental estado de Michoacán.

El secretario de Seguridad y Protección Ciudadana, Omar García Harfuch , informó en redes sociales que el detenido tenía una orden de aprehensión por los delitos de privación ilegal de la libertad y motín.

Tras su captura, integrantes de la organización criminal realizaron bloqueos e incendiaron vehículos en distintos puntos de Los Reyes y Peribán, según García Harfuch, quien aseguró que las autoridades del Gabinete de Seguridad desplegaron acciones para garantizar la seguridad en Michoacán.

Fernández Magallón, también conocido como Poncho La Quiringua, era identificado por el Gobierno estadounidense como líder del Cartel de Los Reyes, organización asentada en Michoacán y que opera bajo el paraguas de Carteles Unidos.

MIRA AQUÍ: Nueve detenidos y casi una tonelada de cocaína incautada en un puerto de Brasil

En agosto de 2025, el Departamento de Estado estadounidense ofreció hasta cinco millones de dólares por información que condujera a su arresto o condena, mientras que el Departamento del Tesoro lo sancionó por su relación con Carteles Unidos.

Washington acusa a Fernández Magallón de participar en conspiraciones para fabricar y distribuir metanfetamina, cocaína y fentanilo destinados a Estados Unidos y de utilizar armas en actividades vinculadas al narcotráfico.

MIRA AQUÍ: Video: Dos helicópteros chocan en el aire mientras combatían un incendio en Grecia",https://unitel.bo/noticias/mundo/capturan-en-mexico-a-poncho-lider-del-cartel-de-los-reyes-por-el-que-eeuu-ofrecia-una-recompensa-de-us-5-millones-GN22587540
Unitel,2026-08-03,Seguridad,Delincuentes armados roban Bs 280.000 en una vivienda de El Alto,"Un grupo de delincuentes armados irrumpió en una vivienda de la zona Luis Espinal, de la ciudad de El Alto, y robó Bs 280.000, denunció la víctima.

Los seis sujetos forzaron la cerradura del garaje. Luego, dos de ellos ingresaron para facilitar el acceso del resto de la banda.

MIRA AQUÍ: Tras asesinato en San Ignacio, Policía ejecuta operativos con unidades especializadas en busca de los atacantes

Las cámaras de seguridad registraron ese movimiento. Ahora, estos videos son revisados por los investigadores . Según la denuncia, los ladrones estaban armados.

Tras el golpe, la banda huyó en un vehículo que ya fue identificado por la Policía, según la víctima, reportó Éxito.

MIRA AQUÍ: Nuevo crimen en Santa Cruz: Reportan un muerto a balazos en San Ignacio de Velasco

La Fuerza Especial de Lucha Contra el Crimen (Felcc) y el Ministerio Público indagan el caso.",https://unitel.bo/noticias/seguridad/delincuentes-armados-roban-bs-280000-en-una-vivienda-de-el-alto-DN22587985
Unitel,2026-08-03,Economía,Arranca el mes patrio y las filas por diésel siguen: choferes esperan hasta tres días por diésel en Santa Cruz y La Paz,"Arrancó agosto, el mes patrio de Bolivia, y las largas filas por diésel continúan en los surtidores. En Santa Cruz y La Paz , choferes de buses y camiones duermen en sus vehículos y esperan entre dos y tres días para cargar combustible.

En la capital cruceña, en la zona de Polanco, cercana a la terminal Bimodal, amaneció este lunes con filas de camiones y buses que buscan abastecerse. Los conductores denuncian que la espera se volvió insostenible.

”Esperamos entre dos y tres días para cargar combustible” , relatan algunos choferes que deben pernoctar en sus unidades para no perder su turno.

MIRA AQUÍ: Exportación de gas cayó por debajo de los $us 500 millones en el primer semestre de este año, según el INE

En tanto, en La Paz, desde las 6:30 de este lunes, en la avenida Perú y la bajada de la avenida Montes, desde El Alto, están copadas por motorizados del transporte pesado.

Según el reporte desde el lugar, h ay más de 120 buses en fila esperando que llegue diésel a la estación de servicio que se encuentra en la esquina Pando. La fila sube hasta el puente de la cervecería y llega hasta la calle Uruguay.

Principalmente son camiones y buses de transporte interdepartamental que llevan carga y encomiendas a distintos puntos del país.

MIRA AQUÍ: Bolivia registró un superávit comercial $us 1.669 millones entre enero y junio de este año, según el INE

Los conductores de buses señalan que la falta de suministro ha reducido sus viajes habituales, limitando sus ingresos , además que deben enfrentar el frío intenso que se siente, sobre todo en las primeras horas del día.

El presidente Rodrigo Paz brindará un informe al país el 6 de agosto, en la sesión de honor que se celebrará en Sucre, la capital del país.",https://unitel.bo/noticias/economia/arranca-el-mes-patrio-y-las-filas-por-diesel-siguen-choferes-esperan-hasta-tres-dias-por-diesel-en-santa-cruz-y-la-paz-GN22587809
Unitel,2026-08-03,Sociedad,Alerta naranja hidrológica y pronóstico de lluvia marcan el inicio de agosto en Santa Cruz,"De acuerdo con el informe del Servicio Nacional de Meteorología e Hidrología (Senamhi) , para este lunes se pronostica un cielo nuboso, con una temperatura mínima de 21 grados centígrados y una máxima de 29 grados.

El reporte también señala que no se registrarán precipitaciones, la humedad alcanzará el 56 % y los vientos llegarán a los 29 kilómetros por hora.

En tanto, para este martes se prevén lluvias , con una temperatura mínima de 20 grados centígrados y una máxima de 27 grados. El pronóstico indica una precipitación de 3 milímetros, humedad del 63 % y vientos de hasta 15 kilómetros por hora.

Asimismo, el Senamhi mantiene vigente una alerta hidrológica de prioridad naranja desde el 30 de julio hasta el 6 de agosto por probables ascensos repentinos y progresivos del nivel de los ríos, con posibles desbordes en las cuencas de los ríos Chapare, Ichilo, Yapacaní y Piraí.

MIRA AQUÍ: ¿Cómo estará el clima en Santa Cruz para este fin de semana?

En el departamento de Santa Cruz , la alerta comprende la cuenca del río Ichilo y sus afluentes secundarios, donde se prevén ascensos de nivel con posibles desbordes en las poblaciones de Bulo Bulo, San Juan Campo Victoria, San Germán, Avaroa Molle, Villa Rosario, Barranca General Román, Yuracaré Mojeño y comunidades cercanas.

También se encuentran bajo vigilancia el río Yapacaní y sus afluentes secundarios, con riesgo de desbordes en áreas próximas a Yapacaní, San Juan de Yapacaní y comunidades vecinas.

El aviso incluye al río Surutú , donde podrían registrarse ascensos de nivel en las inmediaciones de San Carlos y poblaciones cercanas.

MIRA AQUÍ: Gobierno tiene todo listo para los actos protocolares por el 6 de agosto

Asimismo, el río Piraí y sus afluentes secundarios presentan riesgo de incrementos de nivel con posibles desbordes en zonas próximas a Samaipata, El Torno, La Guardia, Porongo, Colpa Bélgica, Warnes, Montero, General Saavedra, Mineros, Santa Rosa del Sara, San Pedro, Portachuelo, Buena Vista y otras comunidades cercanas.

Tu navegador no puede mostrar el archivo PDF. Puedes descargarlo aquí en su lugar.",https://unitel.bo/noticias/sociedad/alerta-naranja-hidrologica-y-pronostico-de-lluvia-marcan-el-inicio-de-agosto-en-santa-cruz-ON22587955
Unitel,2026-08-03,Sociedad,¡Atención! carretera nueva Cochabamba - Santa Cruz estará cerrada este lunes y martes; viajes serán por la vía antigua,"Este lunes y martes la carretera nueva entre Cochabamba y Santa Cruz estará cerrada temporalmente debido a los trabajos de mantenimiento que realizarán de la Administradora Boliviana de Carreteras (ABC), ante esto, los viajes por esta ruta estarán suspendidos por lo que se tendrá que utilizar la vía antigua para circular.

La restricción para la transitabilidad son para este lunes 3 y martes 4 de agosto, en el tramo entre los kilómetros 85 al 150, es decir, del retén Colomi al retén de Padresama en los horarios de 07:00 a 19:00.

“Ya tenemos identificado que uno de los tramos más críticos que existe en nuestro departamento es desde el sector de Locotal hasta Villa Tunari . Requerimos hacer un corte temporal en la vía para nosotros implementar la logística”, manifestó a UNITEL Manuel Torrico, gerente regional de la ABC.

MIRA AQUÍ: Festival de Cine cerró con broche de oro en una jornada de premiación en el Salar de Uyuni

Según informó, la maquinaria y el personal de la ABC realizará en el sector un trabajo de bacheo, de reconformación de plataforma y de estabilización en diferentes sectores, por lo que es necesario hacer este corte temporal de la circulación.

Ante esto, desde la Terminal de Buses de Cochabamba han informado que la Unidad de Tránsito ha instruido que los viajes entre oriente y occidente se realicen por la carretera antigua.

“Por el momento, mantenemos el tema del comunicado del trabajo del mantenimiento en la carretera nueva. Hace unos momentos nos acaba de autorizar Tránsito, que las salidas se pueden dar de manera normal por la carretera antigua”, indicaron desde comunicación de la terminal terrestre.

MIRA AQUÍ: Monseñor Leigue: “Así como la familia unida sale adelante, el país también necesita unidad”

Asimismo, manifestó que aún no se tiene un horario establecido para que se retomen los viajes por la ruta nueva una vez se cumpla el horario de restricción, sin embargo, presumen que este inicie entre las 17:00 y 18:00 horas.

Pero cabe recalcar, que los viajes por la vía antigua representan un mayor tiempo de duración, por lo que eso debe ser tomado en cuenta por los usuarios a la hora de comprar pasajes.",https://unitel.bo/noticias/sociedad/atencion-carretera-nueva-cochabamba-santa-cruz-estara-cerrada-este-lunes-y-martes-viajes-seran-por-la-via-antigua-PN22588061
Unitel,2026-08-03,Seguridad,El subteniente Yerson Salazar será velado en el comando de la Policía y recibirá un ascenso póstumo,"Este lunes se realizará el velorio en el Comando de la Policía en Santa Cruz del subteniente Yerson Salazar Aliendres, quien fue asesinado por sicarios en el municipio de San Matías, hasta donde había llegado para investigar múltiples asesinatos en esta zona fronteriza. En el lugar se realizará el ascenso póstumo de esta víctima de la ola de hechos delictivos.

El cuerpo de Salazar llegó a Santa Cruz de la Sierra vía aérea el domingo y luego de la realización de la autopsia de ley, se lo trasladó donde sus familiares, quienes lo velaron hasta la mañana de este lunes.

MIRA AQUÍ: Llega a Santa Cruz el cuerpo del subteniente Yerson Salazar, abatido a tiros en San Matías

El subcomandante Nacional de la Policía, Juan Román Peña, explicó que en el comando sus camaradas le darán el último adiós a quien consideran como un héroe nacional. En esta línea, explicó que también se le entregará el ascenso póstumo y “todos los reconocimientos que merece”.

“(Él) ofrendó su vida en la defensa de la población cruceña y boliviana”, remarcó.

Detalló que posteriormente un contingente policial acompañará a la familia para dar el último adiós a Yerson.

MIRA AQUÍ: Tras asesinato en San Ignacio, Policía ejecuta operativos con unidades especializadas en busca de los atacantes

Salazar fue asesinado el jueves 30 de julio cuando estaba en San Matías junto a otros de sus camaradas donde investigaban múltiples asesinatos registrados un día antes. La Policía tuvo que realizar operativos en busca de encontrar el cuerpo del subteniente que había sido llevado por los sicarios a otro lugar en el mismo municipio.

Peña agregó que el cuerpo fue quemado por los sicarios que aún están prófugos.

Delia Salazar, hermana del subteniente, recordó que su hermano siempre quiso ser policía y se formó desde pequeño con este fin.

Patrullaje militar en San Matías

Desde la madrugada de este lunes se observó patrullaje militar en San Matías, donde hasta el reporte de esta jornada solo hay un aprehendido por estos múltiples asesinatos.

La Policía sospecha que los múltiples asesinatos en San Matías tienen relación con una pugna de poder entre las organizaciones criminales Comando Vermelho y Primer Comando de la Capital (PCC).",https://unitel.bo/noticias/seguridad/el-subteniente-yerson-salazar-sera-velado-en-el-comando-de-la-policia-y-recibira-un-ascenso-postumo-ON22587867
Unitel,2026-08-03,Seguridad,Identifican al pistolero que mató a un brasileño con siete disparos en un local nocturno de la capital cruceña,"La Policía ya identificó al autor del asesinato de un hombre de nacionalidad brasileña que fue abatido con siete disparos en un local nocturno, en el norte de la ciudad de Santa Cruz de la Sierra.

La información fue brindada por el comandante departamental de Santa Cruz, David Gómez, quien aseguró que hay un “avance sustancial” en este caso ocurrido la madrugada del domingo.

“ Ya tenemos identificado al autor de este hecho , seguramente en las próximas horas tendremos novedades al respecto, este es un avance sustancial”, declaró a UNITEL .

MIRA AQUÍ: Llega a Santa Cruz el cuerpo del subteniente Yerson Salazar, abatido a tiros en San Matías

Sin embargo, la autoridad policial fue cauta respecto a la seguridad al señalar que “ no podemos garantizar que no haya más asesinatos ”, lo dijo en un momento en el que en los últimos días se han registrado nueve muertes violentas en el departamento.

MIRA AQUÍ: Violencia en Santa Cruz: En cinco días se registraron nueve asesinatos

El caso

La fiscal Rose María Barrientos informó este domingo que en la autopsia se determinó que la víctima recibió siete impactos de bala.

“Siete disparos, cinco con orificios de entrada y salida, y dos con orificios de entrada y alojamiento en la cabeza de la víctima ”, detalló la fiscal.

Barrientos confirmó que el fallecido es un ciudadano brasileño de 36 años de edad. Los datos fueron obtenidos del documento de identidad que portaba.",https://unitel.bo/noticias/seguridad/identifican-al-pistolero-que-mato-a-un-brasileno-con-siete-disparos-en-un-local-nocturno-de-la-capital-crucena-ON22588215
Unitel,2026-08-03,Virales,Video: influencer sorprende al revelar que un tamarindo le rompió una pieza dental,"La creadora de contenido venezolana Arianny Tenorio , novia del reconocido influencer Luisito Comunica, se volvió tendencia tras compartir un accidente inesperado que sufría mientras disfrutaba de un tamarindo.

A través de un vídeo publicado en sus redes sociales , contó que todo ocurrió cuando se detuvo en un árbol a tomar la fruta y comenzó a comerla.

“ Quise pararme para agarrar un tamarindo y comiendo se me rompió un diente ”, relató mientras mostraba a la cámara el pedazo de diente que se desprendió.

MIRA AQUÍ: Espectáculo de fuegos artificiales se sale de control y provoca momentos de tensión en un estadio

Sin embargo la influencer tomó el momento con mucho humor y aseguró que la experiencia no cambió su opinión sobre la fruta. Incluso afirmó que el tamarindo “ está delicioso , vale cada diente ” y que no se arrepiente de haberlo comido.

El video rápidamente se viralizó, alcanzando más de 120 mil “ me gusta ” y superando los 3 mil comentarios, donde los usuarios reaccionaron con mensajes cargados de humor, empatía y cariño hacia la creadora de contenido.

MIRA AQUÍ: Harry Styles sorprende a una fan al acercarse a su auto para saludarla

Una publicación compartida de Ary Tenorio (@arianny.tenorio)",https://unitel.bo/noticias/virales/video-influencer-sorprende-al-revelar-que-un-tamarindo-le-rompio-una-pieza-dental-IN22588321
Unitel,2026-08-03,Política,Rodríguez Veltze: “Sería oportuno que Paz honre su palabra de plantear una reforma para eliminar la reelección”,"En un análisis sobre la situación del país a días del 6 de agoto, el exmandatario Eduardo Rodríguez Veltzé consideró que el presidente Rodrigo Paz debe “honrar su palabra” para “para eliminar la reelección presidencial” .

El expresidente dijo que Bolivia “es un país presidencialista” en el que “todo el poder se concentra en una persona” , que tiene unas 30 atribuciones reconocidas por la Constitución Política del Estado, que - en su juicio- “son excesivas”.

”Esto debe cambiar y llevarnos a serias reflexiones y decisiones que hay que exigir a los políticos”, sostuvo.

“Bolivia sabe que las crisis han venido por ese presidencialismo y el afán de las reelecciones. Sería oportuno que el presidente Paz Pereira honre su palabra de plantear una reforma inmediata para eliminar la reelección presidencial y que se acaben las tentaciones de la reelección de todos los candidatos que nos vienen acompañando durante décadas

MIRA AQUÍ: Informe especial: Bolivia celebrará 201 años en medio de una crisis

En su criterio, “es fundamental reestructurar esa presidencia para que sea más fluida con el propio Órgano Ejecutivo”.

MIRA AQUÍ: Exportación de gas cayó por debajo de los $us 500 millones en el primer semestre de este año, según el INE

“ Que se honre es caracterización de que vivimos en un Estado desconcentrado, con autonomías, plurinacional , que no todo debe decidirse en La Paz y menos en materia judicial en Sucre.

En su juicio, “hay grandes desafíos que los políticos tiene que atreverse a reflexionar, pero todo pasa en gran medida por disminuir ese presidencialismo , que pone en las espaldas de un sujeto todo lo que pueda pasar en el país”.",https://unitel.bo/noticias/politica/rodriguez-veltze-seria-oportuno-que-paz-honre-su-palabra-de-plantear-una-reforma-para-eliminar-la-reeleccion-IN22588660
Unitel,2026-08-03,Seguridad,Policía indaga vínculos de veterinario asesinado con pugnas de poder de organizaciones criminales,"La Policía indaga si el veterinario asesinado en el municipio de San Ignacio de Velasco tiene participación en la pugna de poder de las organizaciones criminales , informó el comandante policial en Santa Cruz, David Gómez.

“Sí, evidentemente, es veterinario, tiene una tienda donde se vende pollo, donde lo acribillan, pero se tiene información que de alguna manera estaría relacionado con alguna organización criminal, esto vamos a confirmar o descartar”, sostuvo.

MIRA AQUÍ: Tras asesinato en San Ignacio, Policía ejecuta operativos con unidades especializadas en busca de los atacantes

El hombre fue asesinado el domingo cuando estaba en el interior de su restaurante de comida en San Ignacio de Velasco, en la Chiquitanía. Ante ello, Gómez precisó que fueron dos extranjeros los que atacaron a tiros a este hombre.

Además, remarcó que este lunes, “se tiene identificadas a algunas personas, que serían los autores”.

En esta línea confirmó que se investiga si este crimen tiene relación con la pugna de poder del Primer Comando de la Capital y el Comando Vermelho.

MIRA AQUÍ: Acusados de atracar casa de cambio tenían en su poder más de 100 ladrillos de marihuana, según la Policía

Con este crimen, suman nueve asesinatos en cinco días solo en el departamento de Santa Cruz, todos en medio de hechos violentos, que la Policía aún busca esclarecer.

Patrullaje militar en San Matías

Desde la madrugada de este lunes se observó patrullaje militar en San Matías, donde hasta el reporte de esta jornada solo hay un aprehendido por estos múltiples asesinatos.

La Policía sospecha que todos los múltiples asesinatos en San Matías tienen relación con una pugna de poder entre las organizaciones criminales Comando Vermelho y Primer Comando de la Capital (PCC), incluso el del veterinario.",https://unitel.bo/noticias/seguridad/policia-indaga-vinculos-de-veterinario-asesinado-con-pugnas-de-poder-de-organizaciones-criminales-IN22588198
Unitel,2026-08-03,Seguridad,"En un día, dos vehículos chocan con motorizados que hacen fila por diésel; hay conductores heridos","En menos de 24 horas se han registrado al menos dos accidentes de tránsito por parte de vehículos que han impactado contra motorizados que hacian fila para cargar combustible, lo que ha provocado n o solo daños materiales de consideración, sino también dejó personas heridas.

Ambos siniestros se suscitaron en Cochabamba; el primero fue durante la tarde del domingo, donde un minibús chocó contra la parte trasera de una flota que estaba parada a la espera de por cargar diésel en la avenida Petrolera, al sur de la ciudad.

Producto de este hecho, el conductor quedó atrapado entre los fierros de la carrocería, por lo que una vez que fue rescatado, tuvo que ser llevado hasta un centro médico debido a las lesiones que presentaba.

Tanto el trufi como el bus quedaron con daños materiales de considerando, por lo que personal de Tránsito se hizo presenta para iniciar con las investigaciones.

MIRA AQUÍ: Intervienen farmacia por presunta venta de fármacos de contrabando y aplicación de inyectables vencidos

El segundo accidente se registró sobre la avenida Beneméritos del Chaco, cerca al aeropuerto Jorge Wilstermann, en el lugar un taxi impactó también con la parte trasera de un camión de alto tonelaje que estaba en la fila por combustible.

Este siniestro dejó al conductor gravemente herido, por lo que tuvo que ser llevado por un equipo de emergencia hasta una clínica.

Conductores que permanecen en este lugar y otros sectores de la ciudad, señalaron que las filas por combustible continúan siendo extensas y ocupan parte de la vía , por lo que pidieron a los motorizados circular con precaución para evitar nuevos accidentes en este sector.

MIRA AQUÍ: Delincuentes armados roban Bs 280.000 en una vivienda de El Alto

Se aguarda conocer un informe oficial de parte de las autoridades de Tránsito en relación a ambos casos para conocer las circunstancias en las que se registraron, además del estado de salud de los heridos.",https://unitel.bo/noticias/seguridad/en-un-dia-dos-vehiculos-chocan-con-motorizados-que-hacen-fila-por-diesel-hay-conductores-heridos-MN22588532
Unitel,2026-08-03,Agencias,Temas del día de EFE Internacional del lunes 3 de agosto de 2026 (12:00 GMT),"DESTACADOS

IRÁN GUERRA

Washington/Teherán.- El presidente de Estados Unidos, Donald Trump, aseguró este domingo, a bordo del avión presidencial, que las conversaciones con Irán para llegar a un acuerdo se reanudarán este lunes, tras suspender ""un ataque masivo"" a petición de Arabia Saudí, Emiratos Árabes Unidos y Catar, países que, según recalcó, le pidieron ""cancelar"" la ofensiva porque creen que es posible alcanzar un pacto con Teherán.

(Texto)

- Irán aseguró este lunes que actualmente no mantiene negociaciones con Estados Unidos y afirmó que las cuestiones relacionadas con Washington serán analizadas y decididas en función de los acontecimientos futuros.

Al mismo tiempo, Irán afronta un incierto proceso de desescalada con Estados Unidos después de que el presidente estadounidense, Donald Trump, anunciara la suspensión de los ataques contra las infraestructuras energéticas iraníes tras asegurar que ambas partes habían alcanzado los parámetros de un posible acuerdo, sobre lo que Teherán aún no se ha pronunciado.

(Texto)(Audio)

ISRAEL PALESTINA

Jerusalén -Pese al anuncio del presidente de EE.UU., Donald Trump, de un nuevo acuerdo para avanzar hacia la segunda fase de la tregua en Gaza, que contempla explícitamente ""el cese de las operaciones militares"" en la Franja, Israel mantiene un ritmo de ataques sin precedentes.

(Texto)(Audio)

UCRANIA GUERRA

Kovel (Ucrania) - Voluntarios ucranianos tejen capas antidrones para volver a los soldados invisibles ante los drones rusos equipados con cámaras térmicas que planean constantemente sobre la ""zona de la muerte"", que ahora se extiende a lo largo de decenas de kilómetros a ambos lados del frente. Por Rostyslav Averchuk.

(Texto) (Foto) (Vídeo)

- Al menos tres personas han muerto y otras trece han resultado heridas tras la caída de fragmentos de drones ucranianos derribados por las defensas antiaéreas rusas en el distrito de Guelendzhik de la sureña región rusa de Krasnodar.

ONU SECRETARIO GENERAL

Montevideo - Los cinco candidatos latinoamericanos y caribeños a la Secretaría General de la ONU -la costarricense Rebeca Grynspan, la guyanesa Carolyn Rodrigues-Birkett, el argentino Rafael Grossi, la ecuatoriana María Fernanda Espinosa y la chilena Michelle Bachelet- participarán este lunes en Uruguay en su primer encuentro conjunto.

(Texto) (Foto) (Vídeo)

HONDURAS CORRUPCIÓN

Tegucigalpa.- El expresidente de Honduras Juan Orlando Hernández comparece este lunes ante un juez en Tegucigalpa por un caso de presunto desvío de recursos estatales para financiar su campaña presidencial de 2013, días después de regresar al país tras ser indultado en EE.UU., donde cumplía una condena de 45 años de prisión por narcotráfico y delitos relacionados con el tráfico ilegal de armas.

(Texto) (Foto) (Vídeo)

MÉXICO VIOLENCIA

Ciudad de México - El Instituto Nacional de Estadística de México presenta la cifra definitiva de asesinatos en 2025, que incluye el primer año completo de la presidencia de Claudia Sheinbaum, quien asumió el poder el 1 de octubre de 2024 y desde entonces, asegura, han reducido los homicidios en 48 %.

(Texto) (Foto)

ADEMÁS

BOLIVIA ECONOMÍA | La Paz - El Gobierno de Bolivia y el Fondo Monetario Internacional (FMI) alcanzaron un acuerdo para un programa técnico por 1.900 millones de dólares que apoyarán las reformas puestas en marcha por la Administración de Rodrigo Paz para estabilizar la economía y que marca el retorno del organismo al país andino tras más de 20 años. (Texto) (Foto)

MARRUECOS ESPAÑA |Rabat - Aumentan las voces en Marruecos que piden responsabilidades al Gobierno por la crisis migratoria sin precedentes que ha dejado cerca de un centenar de muertos. A las críticas de las organizaciones humanitarias se suman ahora las de partidos políticos y sindicatos. (Foto) (Video) (Audio)

GRECIA INCENDIOS |Atenas - Cientos de bomberos siguen luchando este lunes, por quinto día consecutivo, contra un gran incendio en la región capitalina de Ática que ha obligado a evacuar a miles de personas y sigue descontrolado. (Texto)(Foto)

INDIA PROTESTAS | Nueva Delhi.- El impacto político de las protestas de las 'Cucarachas' tiene una de sus primeras pruebas este lunes, cuando se conocerán los resultados de elecciones en tres circunscripciones que son feudo habitual del primer ministro indio, Narendra Modi, mientras la violencia policial contra el movimiento juvenil se debate en el Parlamento y el Supremo. (Texto)

BIRMANIA SUU KYI | Bangkok- Aung San Suu Kyi se ha reunido con el jefe del Comité Internacional de la Cruz Roja en Birmania, Arnaud de Baecque, según imágenes publicadas este lunes por el Gobierno militar birmano y tal y como confirmó a EFE el representante del organismo humanitario, en medio de peticiones de su entorno y de países vecinos de una prueba de vida de la nobel octogenaria, detenida desde el golpe de 2021. (Foto)

ESPECIALES:Con motivo de la investidura el próximo viernes de Abelardo de la Espriella como presidente de Colombia la agencia EFE enviará desde este lunes una serie previa con la guía COLOMBIA INVESTIDURA

AGENDA INFORMATIVA

América

Ciudad de México.- MÉXICO REMESAS.- El Banco de México publica las remesas recibidas en los primeros seis meses del año, tras haber iniciado con una caída anual de 1,4 % pero con repuntes importantes desde marzo y hasta mayo, pese a las políticas migratorias de EE.UU. principal origen de los envíos a México. (Texto)

Santo Domingo.- REPÚBLICA DOMINICANA VENEZUELA.- El anuncio de Venezuela y República Dominicana de iniciar un ""proceso de normalización gradual"" de sus relaciones diplomáticas y consulares ha generado expectativas sobre el restablecimiento de los vínculos bilaterales, dos años después de la ruptura decidida por Caracas en respuesta al rechazo dominicano a los resultados de las elecciones presidenciales venezolanas de julio de 2024. (Texto)

La Habana.- CUBA POLÍTICA.- El paquete de reformas para liberalizar y descentralizar la economía cubana y el surgimiento de la figura de un nieto del expresidente Raúl Castro como interlocutor con EE.UU. ha abierto una grieta para las autoridades de la isla por un extremo imprevisto: su izquierda. (Texto)

Caracas.- VENEZUELA CRISIS.- El secretario general del gobernante Partido Socialista Unido de Venezuela (PSUV), Diosdado Cabello, ofrece una rueda de prensa de la formación sobre diferentes temas de interés político. (Texto) (Vídeo)

Washington.- PARAMOUNT WARNER BROS.- Vista para determinar la fusión entre Paramount y Warner Bros. Discovery, suspendida en julio temporalmente por el Distrito Norte de California. (Texto)

Nueva York.- ONU CONSEJO DE SEGURIDAD.- Dinamarca asume la presidencia del Consejo de Seguridad para el mes de agosto, durante el cual continuará el proceso informal de selección del próximo secretario general de la ONU.

Santiago.- CHILE ECONOMÍA.- El Banco Central de Chile publica el Índice Mensual de Actividad Económica (Imacec) de junio, que se considera una estimación adelantada del PIB mensual. (Texto)

Buenos Aires.- MARADONA JUICIO.- Previa de una nueva audiencia del juicio para determinar responsabilidades por la muerte de Diego Armando Maradona. (Texto)

Ciudad de México.- MÉXICO ECONOMÍA.- El Banco de México publica la encuesta sobre las expectativas del sector privado de julio, con nuevos pronósticos sobre la inversión y el Producto Interno Bruto (PIB) para el 2026. (Texto)

Tegucigalpa.- HONDURAS JUSTICIA.- Inicia en Honduras el juicio oral y público contra el exalcalde y narcotráficante Alexander Ardón por lavado de activos. (Texto)

Montevideo.- URUGUAY EXPORTACIONES.- La agencia de promoción de inversiones y exportaciones Uruguay XXI presenta el informe de comercio exterior correspondiente a julio de 2026. (Texto)

Ciudad de Panamá.- AMÉRICA SEGURIDAD.- Las autoridades de Panamá inauguran el ejercicio multinacional Panamax 2026, que reúne 1.700 soldados de fuerzas militares de América, el Caribe y Europa. (Texto) (Foto) (Video) (Directo)

14:00GMT.- Miami.- EEUU ESPACIO.- La NASA ofrece detalles sobre los preparativos de la Crew-13, la próxima misión de rotación de tripulación a la Estación Espacial Internacional, que está prevista para mediados de septiembre. (Texto) (Foto) (Vídeo)

15:00GMT.- Santo Domingo.- CENTROAMERICANOS Y DEL CARIBE.- Resumen de la jornada de los XXV Juegos Centroamericanos y del Caribe Santo Domingo 2026. (Texto) (Foto)

19:00hGMT.- Bogotá.- COLOMBIA ECOPETROL.- La empresa petrolera estatal colombiana Ecopetrol presenta los resultados financieros y operativos correspondientes al segundo trimestre de este año. (Texto)

20:00GMT.- Quito.- ECUADOR JUSTICIA.- Un tribunal de Ecuador anuncia su decisión sobre el pedido de Fiscalía de condenar al expresidente Abdalá Bucaram, su hijo Jacobo, y otras dos personas por el delito de delincuencia organizada, por la supuesta venta irregular de pruebas para detectar la covid-19 y otros insumos médicos en 2020.

Montevideo.- URUGUAY BID.- En el marco de su visita a Uruguay, el presidente del Banco Interamericano de Desarrollo, Ilan Goldfajn, brinda una conferencia de prensa en la sede del Poder Ejecutivo. NUEVO (Texto) (Foto) (Video)

Europa

Rabat- ESPAÑA MARRUECOS - Aumentan las voces en Marruecos que piden responsabilidades al Gobierno por la crisis migratoria sin precedentes que ha dejado cerca de un centenar de muertos. (Foto) (Video)

Bruselas - MARRUECOS ESPAÑA - Los embajadores de los países de la Unión Europea (UE) se reúnen de forma extraordinaria el lunes para abordar la crisis migratoria en Ceuta y facilitar la coordinación entre Estados miembros.

Kovel (Ucrania) - UCRANIA GUERRA - Voluntarios ucranianos tejen capas antidrones para volver a los soldados invisibles ante los drones rusos equipados con cámaras térmicas que planean constantemente sobre la ""zona de la muerte"", que ahora se extiende a lo largo de decenas de kilómetros a ambos lados del frente. Por Rostyslav Averchuk. (Texto) (Foto) (Vídeo)

Asia

Tokio.- NISSAN RESULTADOS.- El fabricante de vehículos japonés Nissan publica sus resultados financieros para el primer trimestre de su año fiscal, de abril a junio. (Texto)

01:45h.- Shenzhen.- CHINA INDUSTRIA.- La consultora china RatingDog divulga su índice gerente de compras (PMI, principal indicador del sector manufacturero) de julio, lectura alternativa a la oficial. (Texto)

Redacción EFE Internacional

(34)913 46 71 00

Puede escribir a mesacentral@efe.com para contactar con nuestra redacción.

En www.efeservicios.com encontrará toda la producción multimedia de la Agencia EFE y su Agenda Mundial, un listado actualizado de actos informativos programados.

Para cualquier otro producto o servicio, contacte con clientes@efe.com o llame al +34 91 3467245",https://unitel.bo/noticias/agencias/temas-del-dia-de-efe-internacional-del-lunes-3-de-agosto-de-2026-1200-gmt-DN22588913
Unitel,2026-08-03,Seguridad,Ola de asesinatos: Policía confirma disputa entre PCC y Comando Vermelho por el control del narcotráfico en Bolivia,"El comandante departamental de la Policía de Santa Cruz, David Gómez, confirmó este lunes que la ola de asesinatos registrada en los últimos días en el departamento tiene base en una disputa violenta entre dos facciones brasileñas por el control de las rutas del narcotráfico en Bolivia.

“Existe una pugna de poder entre dos facciones de nacionalidad brasileña, como es el Primer Comando de la Capital (PCC) y el Comando Vermelho ”, declaró a UNITEL .

Gómez confirmó que en los últimos cinco días se registraron cinco asesinatos en Santa Cruz. Se investiga si estos hechos están vinculados a la pelea territorial entre el PCC y el Comando Vermelho.

“Ya tenemos mucha información. Ustedes bien saben que hace unas tres semanas atrás se produjo un hecho lamentable en San Ignacio de Velasco , donde dos ciudadanos bolivianos perdieron la vida, acribillados por otros sujetos brasileños”, recordó el comandante.

El jefe policial informó que por instrucción del alto mando también se desplegó otro contingente policial en toda la línea fronteriza con Brasil y que, producto de ello, recientemente se intervino una pista clandestina donde se encontró una avioneta, la misma que ha sido inutilizada, hallándose combustible Avigas, uniformes y equipo tipo militar.

MIRA AQUÍ: El subteniente Yerson Salazar será velado en el comando de la Policía y recibirá un ascenso póstumo

Gómez precisó que en ese mismo sector se realizaba la búsqueda del cuerpo del subteniente Jerson Salazar Aliendres, quien fue acribillado. Después de dos días de su muerte, sus restos fueron encontrados carbonizados .

¿Qué se disputan?

Al ser consultado sobre qué buscan las organizaciones criminales PCC y Comando Vermelho en Bolivia, Gómez respondió: “Lo que ellos están disputando es el poder, de poderse apropiar de las líneas del tráfico” de sustancias ilícitas .

Ante ello, informó que se realizan esfuerzos para frenar la delincuencia y que fruto de ello es que la Fuerza Especial de Lucha Contra el Narcotráfico (Felcn) intervino otra pista clandestina donde se halló Avigas e infraestructura con cocinas para los pilotos.

“Consideramos que son pistas que utilizan los narcotraficantes para poder sacar la droga hacia Brasil y también Paraguay ”, afirmó.

Ante ello, el comandante señaló que se realiza un trabajo coordinado con las distintas insituciones de orden del Estado y, fruto de ello, es el apoyo en el patrullaje preventivo que ejecutó un contingente de soldados militares en San Matías, “pero el esfuerzo principal lo está realizando la Policía” .

MIRA AQUÍ: Tras asesinato en San Ignacio, Policía ejecuta operativos con unidades especializadas en busca de los atacantes

Además, confirmó la llegada de refuerzos de grupos tácticos desde La Paz, Oruro y Cochabamba. “Es un trabajo coordinado, combinado también entre la Fuerza Especial de Lucha Contra el Narcotráfico y nuestros grupos especiales”.",https://unitel.bo/noticias/seguridad/ola-de-asesinatos-policia-confirma-disputa-entre-pcc-y-comando-vermelho-por-el-control-del-narcotrafico-en-bolivia-ON22588677
Unitel,2026-08-03,Sociedad,La Línea Morada del teleférico suspende operaciones durante tres días para un mantenimiento,"La Línea Morada del teleférico que conecta las ciudades de La Paz y El Alto suspende sus servicios durante tres días para ejecutar un mantenimiento técnico programado.

“ Del 6 al 8 de agosto de 2026 la Línea Morada estará fuera de servicio por mantenimiento programado. Por favor tomar sus previsiones”, informó la empresa Mi Teleférico.

MIRA AQUÍ: El subteniente Yerson Salazar será velado en el comando de la Policía y recibirá un ascenso póstumo

Las “estaciones afectadas” son la 6 de Marzo, Faro Murillo y San José .

“¡Planifica tu viaje utilizando líneas alternativas! Líneas alternativas: Roja, Plateada y Amarilla”, indicó.",https://unitel.bo/noticias/sociedad/la-linea-morada-del-teleferico-suspende-operaciones-durante-tres-dias-para-un-mantenimiento-PN22589305
Unitel,2026-08-03,Política,"“Hará mucho bien al país” que Paz y Lara den una “señal de madurez” y dejen de lado sus diferencias, dice Rodríguez Veltzé","El exgobernante Eduardo Rodríguez Veltzé consideró que la actual relación que sostiene a la fecha el presidente Rodrigo Paz y el vicepresidente Edmand Lara “es una relación que resta”.

En su juicio, resolver sus diferencias le hará bien al país y a los mandatarios.

MIRA AQUÍ: Rodríguez Veltze: “Sería oportuno que Paz honre su palabra de plantear una reforma para eliminar la reelección”

“Creo que ya ha pasado el tiempo de las susceptibilidades personales y la crisis de los 50 días de bloqueos y del estancamiento en el funcionamiento mostró que la responsabilidad está por encima de las diferencias personales ”, señaló.

En su criterio, “hará mucho bien al país, al funcionamiento de la Asamblea Legislativa y a ambos personajes que puedan dar una señal de madurez, de responsabilidad y dejar de lado sus diferencias”.

Paz marcó distancia de Lara poco después de la posesión, en noviembre de 2025, en medio de un cruce de acusaciones .

Lara pidió una reunión a Paz para intentar resolver sus diferencias, pero hasta la fecha esta cita no se concreta de manera pública.",https://unitel.bo/noticias/politica/hara-mucho-bien-al-pais-que-paz-y-lara-den-una-senal-de-madurez-y-dejen-de-lado-sus-diferencias-dice-rodriguez-veltze-NN22589602
Unitel,2026-08-03,Sociedad,Conoce las actividades que realizarán en Cochabamba por el mes patrio,"Bolivia conmemora este 6 de agosto, 201 aniversario de la independencia, por lo que las actividades para las celebraciones se realizarán de acuerdo a la agenda programada por las instituciones de cada departamento.

En Cochabamba, la Gobernación emitió un decreto para que todas las instituciones realicen el embanderamiento correspondiente con la tricolor.

“En ese homenaje se ha avanzado el decreto 65/24 en el que desde la Gobernación se pide a los cochabambinos para que podamos izar la enseña patria en todos los edificios públicos y privados. Ahí está el fervor cívico de la gente y de cómo amamos a esta tierra”, dijo José Gonzáles, secretario de Gobernabilidad y Coordinación de la Gobernación.

MIRA AQUÍ: Monseñor Leigue: “Así como la familia unida sale adelante, el país también necesita unidad”

Asimismo, afirmó que los actos conmemorativos iniciarán desde este lunes 3 de agosto y se extenderán durante toda la semana.

Lunes 03 de agosto:

07:00 Iza de la Bandera en instalaciones de la Gobernación de Cochabamba

Miércoles 05 de agosto:

08:00 Desfile escolar Cochabamba II, en la plaza 14 de Noviembre en la zona de Jayhuayco

09:00 Desfile escolar Cochabamba I, avenida Heroínas, esquina 25 de Mayo

15:00 Sesión de Honor de la Asamblea Legislativa Departamental, casa de la Cultura, plaza 14 de Septiembre

18:30 Desfile de Teas, avenida Heroínas, esquina 25 de Mayo

Jueves 6 de agosto:

07:00 Ofrenda floral al monumento de Simón Bolívar, en la avenida Ballivián

08:00 Iza de la Bandera, en la plaza 14 de Septiembre

14:00 Desfiles cívico, avenida Heroínas, esquina 25 de Mayo

MIRA AQUÍ: ¡Atención! carretera nueva Cochabamba - Santa Cruz estará cerrada este lunes y martes; viajes serán por la vía antigua

De acuerdo a la instructiva de la Gobernación de Cochabamba, el embanderamiento de instituciones deberá permanecer hasta el próximo 17 de agosto, donde se celebra el Día de la Bandera Boliviana.",https://unitel.bo/noticias/sociedad/conoce-las-actividades-que-realizaran-en-cochabamba-por-el-mes-patrio-AN22589328
Unitel,2026-08-03,Sociedad,Feriado largo: Se vienen cuatro días para descansar y reactivar el turismo,"La población boliviana vivirá un nuevo feriado largo, en conmemoración del Día de la Independencia , con la oportunidad de organizar actividades y fomentar el turismo.

El jueves 6 de agosto será feriado nacional y el descanso se extenderá hasta el viernes 7 de agosto , jornada declarada como día adicional de descanso en el marco del Decreto Supremo N° 5521.

El ministro de Trabajo, Williams José Bascopé , explicó que la decisión tiene como principal objetivo reactivar la economía e incentivar el turismo interno.

MIRA AQUÍ: ¡Feriado largo confirmado! Gobierno dice que es una jornada pensada en impulsar el turismo y reactivar la economía

Este feriado representa una oportunidad para que las familias bolivianas puedan descansar , organizar viajes, visitar a sus seres queridos o planificar diversas actividades recreativas.

Al sumarse el sábado y domingo , los ciudadanos contarán con cuatro días consecutivos de descanso, lo que convierte esta fecha en una de las más esperadas del calendario nacional.

MIRA AQUÍ: Gobierno tiene todo listo para los actos protocolares por el 6 de agosto

Se espera que este feriado largo impulse el turismo y beneficie a los diferentes sectores comerciales, contribuyendo así a la reactivación económica en diferentes regiones del país.",https://unitel.bo/noticias/sociedad/feriado-largo-se-vienen-cuatro-dias-para-descansar-y-reactivar-el-turismo-BN22589585
Unitel,2026-08-03,Sociedad,Habilitan el tránsito por el 8vo anillo de la Doble Vía La Guardia en Santa Cruz tras pavimentación,"El octavo anillo de la Doble Vía La Guardia, zona sur de Santa Cruz de la Sierra fue habilitado nuevamente este lunes para la circulación vehicular después de trabajos de pavimentación en la zona.

El alcalde de Santa Cruz de la Sierra, Manuel Saavedra, explicó que debido al deterioro de la obra no se pudo bachear y se tuvo que repavimentar.

MIRA AQUÍ: Alerta naranja hidrológica y pronóstico de lluvia marcan el inicio de agosto en Santa Cruz

“Esta zona, lamentablemente, estaba completamente destruida ya no se solucionaba con un simple servicio de bacheo, tuvimos que pavimentar nuevamente”, sostuvo.

Añadió que se trata de 3.000 metros cuadrados y de un pavimento de 22 centímetros de espesor.

Explicó que desde esa zona el equipo de trabajo se trasladará hacia la G 77, dónde también se realizarán trabajos de bacheo.

MIRA AQUÍ: Alerta naranja hidrológica y pronóstico de lluvia marcan el inicio de agosto en Santa Cruz",https://unitel.bo/noticias/sociedad/habilitan-el-transito-por-el-8vo-anillo-de-la-doble-via-la-guardia-en-santa-cruz-tras-pavimentacion-HN22589619
Unitel,2026-08-03,Seguridad,Policía dice que no puede garantizar que paren asesinatos en San Matías y atribuye crímenes a pugnas entre grupos criminales,"Una ola de crímenes afecta en especial a San Matías, municipio cruceño fronterizo con Brasil, donde solo en cinco días fueron asesinadas cinco personas, entre estos el subteniente de la Policía, Yerson Salazar Aliendres.

Ante ello, la Policía reconoce que no puede garantizar que no se registrarán más crímenes violentos en esta región al evidenciar que hay crímenes vinculados a una pugna de poder entre las organizaciones criminales brasileñas Primer Comando de la Capital (PCC) y Comando Vermelho.

“No, no podemos garantizar”, respondió Gómez cuando fue consultado si podía asegurar que ya no se registrarán más asesinatos en la zona.

MIRA AQUÍ: El subteniente Yerson Salazar será velado en el comando de la Policía y recibirá un ascenso póstumo

Al ser consultado sobre qué buscan las organizaciones criminales PCC y Comando Vermelho en Bolivia, Gómez respondió: “Lo que ellos están disputando es el poder, de poderse apropiar de las líneas del tráfico” de sustancias ilícitas .

Aunque remarcó que la Policía está haciendo todos los esfuerzos necesarios para evitar que se registren más asesinatos en esta zona fronteriza.

Agregó que lo que se busca es aprehender a los cabecillas de estas organizaciones criminales.

MIRA AQUÍ: Tras asesinato en San Ignacio, Policía ejecuta operativos con unidades especializadas en busca de los atacantes

En el marco de las investigaciones por los asesinatos de cinco personas, ocurridos en los últimos cinco días, un contingente policial ingresó el domingo a la casa de Douglas Quiroz, un ciudadano de San Matías que fue asesinado hace poco más de dos meses, muerte que se sospecha está vinculada a los casos recientes.

Nueve asesinatos en el departamento

En solo cinco días en el departamento de Santa Cruz se registraron nueve asesinatos, de estos, cinco fueron en San Matías, zona fronteriza entre Bolivia y Brasil, donde las autoridades tienen la hipótesis de que hay una pugna de poder entre organizaciones internacionales del narcotráfico.

De hecho, se informó que en la zona se encontró al menos dos pistas ilegales a través de las cuales las autoridades presumen que se transportaba sustancias ilícitas a varias zonas.",https://unitel.bo/noticias/seguridad/policia-dice-que-no-puede-garantizar-que-paren-asesinatos-en-san-matias-y-atribuye-crimenes-a-pugnas-entre-grupos-criminales-KN22589210
Unitel,2026-08-03,Política,"La Justicia penal se ha vuelto un mecanismo de extorsión, afirma Rodríguez Veltzé","El expresidente Eduardo Rodríguez Veltzé realizó un análisis sobre la situación de la Justicia en Bolivia y afirmó que en el ámbito penal se ha vuelto un mecanismo de extorsión.

“El sistema judicial está colapsado porque no examina, hace más de 60 años, cómo funcionan esos mecanismos, no hay Justicia administrativa y la Justicia penal se ha vuelto un mecanismo de extorsión ineficaz que ha llenado cárceles con miles de presos que no tienen condena”, remarcó.

En su criterio, “ el ciudadano está en estado de indefensión , en estado de incapacidad de reclamarle al poder público que no se conmueve de que necesita honrar la Constitución”.

En su criterio, las autoridades deben corresponder al ciudadano con una gestión pública que dé certezas

“ Ese es el gran desafío que tienen los gobernantes a nivel nacional y subnacional, dar certezas y si no lo pueden hacer tienen que esmerarse un poco más, sentarse en una mesa y darnos proyecciones que en Bolivia es posible avanzar”, sostuvo.

MIRA AQUÍ: Rodríguez Veltze: “Sería oportuno que Paz honre su palabra de plantear una reforma para eliminar la reelección”

En ese marco, observó la demora en la presentación del paquete de leyes que el Gobierno de Rodrigo Paz anunció para impulsar la economía del país.

“ Llevamos nueve meses esperando que empiecen a tratar leyes estructurales, solo hay anuncios . No hubo una voluntad política, que se la planteó antes de la elección, para que los líderes y los asambleístas se comprometan a suscribir una reforma judicial estructural, transversal y eso no sucede”, sostuvo.

Pero además apuntó a los legisladores, sobre también cae la responsabilidad de las transformaciones que requiere el país.

Rodríguez Veltzé consideró que “tenemos déficit en la legislación en diversos ámbitos”, por ello los líderes de las bancadas legislativas “deberían dar una señal de que pueden reunirse el señor Paz Pereira con Tuto Quiroga, con Samuel Doria Medina, con el alcalde de Cochabamba (Manfred Réyes Villa) o con Andrónico Rodríguez y mostrarle al país que la legitimidad electoral no es suficiente”.

“ Hoy la gente reclama legitimidad de ejercicio, legitimidad de buenas funciones y de acuerdos que deban darle certeza al ciudadano que podemos avanzar, no solamente discurso”, afirmó el expresidente de Bolivia (2005-2006).

En referencia al aniversario patrio, consideró que “ debemos ser capaces de mirar con mayor optimismo, pero interpelando al poder público para que corresponda a la ciudadanía que votó por ellos y que puedan darle mejores días” desde ahora.",https://unitel.bo/noticias/politica/la-justicia-penal-se-ha-vuelto-un-mecanismo-de-extorsion-afirma-rodriguez-veltze-CN22589856
Unitel,2026-08-03,Sociedad,Estudiantes ultiman ensayos para rendir homenaje a Bolivia,"En e l marco del mes patrio , estudiantes de distintas unidades educativas del país intensifican los ensayos previos a los desfiles escolares en homenaje al 6 de agosto , Día de la Independencia de Bolivia.

En Santa Cruz, la Unidad Educativa Jhon Kennedy se encuentra lista para participar de las actividades cívicas. Su director, Helbert Alcón, informó que los estudiantes están preparados para rendir homenaje a la Patria y que el desfile escolar se llevará a cabo este 5 de agosto desde las 08:00, con la participación de alrededor de 13 unidades educativas de la zona.

MIRA AQUÍ: Feriado largo: Se vienen cuatro días para descansar y reactivar el turismo

Asimismo destacó que los estudiantes desfilarán acompañados por la banda del colegio, demostrando civismo y respeto por los símbolos patrios durante la jornada.

De igual manera, diferentes unidades educativas e instituciones de Santa Cruz , Cochabamba y La Paz organizan actos cívicos y protocolares para celebrar los 201 años de la Independencia de Bolivia, reafirmando el fervor patriótico y la participación de la población en esta importante fecha.

MIRA AQUÍ: Alerta naranja hidrológica y pronóstico de lluvia marcan el inicio de agosto en Santa Cruz",https://unitel.bo/noticias/sociedad/estudiantes-ultiman-ensayos-para-rendir-homenaje-a-bolivia-ON22589979
Unitel,2026-08-03,Política,"“No somos cajeros”, Loza dice que llevará a Sucre propuesta para que gobernaciones dejen de cubrir algunos pagos","El gobernador de Cochabamba, Leonardo Loza, confirmó su presencia en la reunión de autoridades que está prevista en la ciudad de Sucre. La autoridad afirmó que está llevando una propuesta para el Gobierno entre las cuales pedirá que las gobernaciones dejen de pagar algunos gastos.

El encuentro está previsto para el próximo 5 de agosto en la cual participarán autoridades de los nueve departamentos donde plantearán y debatirán temas de consensos e interés.

Desde Cochabamba, afirmó que está yendo con una propuesta clara que va principalmente al tema económico.

“Nosotros estamos llevando una propuesta como iniciativa desde la Gobernación, vamos a plantearle al Gobierno terminar con las delegaciones económicas, terminar de usar a las gobernaciones del país como si fuéramos sus cajeros , no somos boleteros ni cajeros, así que vamos a plantearle terminar con este tema de pagar de bono de vacunación, señaló Loza.

MIRA AQUÍ: Informe especial: Bolivia celebrará 201 años en medio de una crisis

“Después vamos a plantearle crear como un nuevo fondo, en base a los impuestos que percibe el Estado central, como nuevo fondo para los departamentos, en base a diferentes índices sociales, económicos, productivos, por supuesto, pobreza, así que esperemos que ese tipo de propuestas sean comprendidas y entendidas”, dijo.

Al igual que muchos otros gobernadores, para Leonardo Loza, también está dentro de sus propuestas para que la aplicación del 50/50 entre vigencia.

“Pero también es importante señalar, este tema de 50/50 o nueva distribución económica para el país , no puede condicionarse con el tema de paquetazo de leyes para enajenar nuestros recursos naturales”, aclaró.

MIRA AQUÍ: Rodríguez Veltze: “Sería oportuno que Paz honre su palabra de plantear una reforma para eliminar la reelección”

Desde el Gobierno se confirmó que se remitió las invitaciones a los gobernadores para dicha reunión del 5 de agosto en Sucre, por lo que se espera que las nueve autoridades estén presentes.",https://unitel.bo/noticias/politica/no-somos-cajeros-loza-dice-que-llevara-a-sucre-propuesta-para-que-gobernaciones-dejen-de-cubrir-algunos-pagos-PN22589996
Unitel,2026-08-03,Agencias,Artículo,"Amazon supera por primera vez los 3 billones de dólares de capitalización bursátil

ni/tmc/abx/jm/mr

Amazon.com",https://unitel.bo/noticias/agencias/articulo-GM22590327
Unitel,2026-08-03,Seguridad,Caen dos bolivianos que se hacían pasar como gendarmes argentinos para robar en la frontera,"Dos bolivianos que se hacían pasar por gendarmes argentinos en la frontera entre Villazón (Bolivia) y La Quiaca (Argentina) fueron aprehendidos por un caso de robo a extranjeros que usaban pasos alternos.

Estos sujetos fueron sometidos a una audiencia cautelar en la cual el juez dictó cuatro meses de detención preventiva en la cárcel de Villazón, informó el comandante de la Policía de Potosí, Pompeo Sánchez.

MIRA AQUÍ: Hallan 60 paquetes de sustancias controladas abandonados en una carretera en San Ignacio de Velasco

El uniformado indicó que la Policía de Bolivia coordina con su par de Argentina para capturar al resto de la banda.

“ Son parte de una banda delictiva que operaba en ambos países ”, afirmó el jefe policial.

Los sujetos fueron capturados la semana pasada luego de que agentes de Inteligencia los identificaran en uno de los pasos fronterizos ilegales con base en fotografías y videos que registro una mujer de origen asiático.

Dos ciudadanos bolivianos fueron aprehendidos por hacerse pasar por gendarmes argentinos para rob4r dinero y pertenencias a personas en la frontera entre Villazón y La Quiaca. Según la investigación, ofrecían facilitar el ingreso al país, pero llevaban a las víctimas a zonas alejadas donde las atr4cab4n. 📲 Más información en Unitel.bo #Unitel #Seguridad #Potosí #Villazón #Gendarmes #Argentina #Frontera

“El martes 28 de julio, en horas de la tarde, han realizado un importante operativo en ese punto fronterizo y se ha logrado la aprehensión en primera instancia de dos de estos integrantes de esta organización delincuencias que estaban operando y han sido identificados por las víctimas”, señaló.

Las víctimas “han sido objeto de robo agravado, perdiendo dinero, objetos de valor y siendo abandonados en el río internacional”, indicó. Una de las victimas perdió 1,4 millones de pesos argentinos , que equivalen a unos 11.000 bolivianos.

En ese punto no hay controles migratorios ni aduaneros. Con esa oferta, la banda identifica a las posibles víctimas.

“Quieren hacer al paso fácil parta ingresar a territorio boliviano”, señaló Sánchez y dijo que los delincuentes “les roban sus pertenencias”.

El jefe policial informó que hay una tercera persona que ya está identificada .",https://unitel.bo/noticias/seguridad/caen-dos-bolivianos-que-se-hacian-pasar-como-gendarmes-argentinos-para-robar-en-la-frontera-DM22590636
Unitel,2026-08-03,Sociedad,Cerca de 2.000 efectivos brindarán seguridad durante la festividad de Urkupiña,"La Policía ha informado sobre el plan de seguridad que implementará para la festividad de la Virgen de Urkupiña, que se realizará la próxima semana en el municipio de Quillacollo, Cochabamba. Se ha aclarado que cerca de 2.000 efectivos estarán desplegados.

Desde el Comando Regional del Valle Bajo han informado que desde el Comando Departamental se instruyó la distribución de los efectivos para reforzar y resguardar a los visitantes que llegarán y serán parte de las actividades programadas.

“El plan ya se ha previsto del Comando Departamental de Cochabamba para el día 14 (de agosto), justamente para la fiesta, que están comprometidos más de 2.000 efectivos policiales que van a garantizar en sí la seguridad de este gran evento , como es la Fiesta de Integración”, indicó Wilson Flores, comandante del valle bajo.

MIRA AQUÍ: Urkupiña: Ministerio de Trabajo confirma feriado para el 14 de agosto en Cochabamba

Como parte de plan de seguridad, también está el reforzar los controles a través de cámaras de vigilancia que ya están instaladas, además de nuevas que se colocarán en el transcurso de los próximos días.

“En cuanto a las cámaras de seguridad, tenemos 16 cámaras que ya se han habilitado, más otras 18 que tienen de la Asociación de Folcloristas”, manifestó.

Según la información, las cámaras permitirán no solo resguardar la seguridad de los visitantes, sino también de los fraternos que participarán de la entrada folclórica durante todo su recorrido, además de los puntos de concentración.

“Tenemos el personal comprometido del Comando Regional de Quillacollo, quienes se han hecho cargo de acá, de resguardar este recorrido para que todos nuestros niños puedan hacer su paso con toda la seguridad que se necesita”, dijo.

MIRA AQUÍ: Feriado largo: Se vienen cuatro días para descansar y reactivar el turismo

La Policía anunció que los controles se reforzarán antes, durante y después de la entrada , con el objetivo de prevenir hechos delictivos, atender emergencias y brindar una respuesta inmediata ante cualquier eventualidad.",https://unitel.bo/noticias/sociedad/cerca-de-2000-efectivos-brindaran-seguridad-durante-la-festividad-de-urkupina-EM22590602
Unitel,2026-08-03,Seguridad,Autopsia confirma 22 impactos de bala en contra del veterinario asesinado en San Ignacio de Velasco,"La Fiscalía confirmó que el veterinario que fue acribillado en su negocio de venta de comida recibió 22 impactos de bala en el cuerpo por lo que no se descarta que el crimen esté vinculado a la pugna entre bandas criminales brasileñas. El hecho ocurrió en el municipio cruceño de San Ignacio de Velasco.

El fiscal Sergio Riofrio informó que el cuerpo fue encontrado con múltiples lesiones y que cerca a la medianoche del domingo se realiza la autopsia médico legal que confirma las heridas por proyectiles “en todo el cuerpo, en la revisión tanto de manera externa como interna”.

Como parte de las primeras acciones investigativas, la Fiscalía y la Policía Boliviana, con apoyo de grupos de inteligencia y tácticos, arrestaron a seis personas durante la noche del domingo, “las cuales presentaban delitos sospechosos en el tema de la revisión” que se hizo durante los operativos, explicó el fiscal.

MIRA AQUÍ: Militares cumplen patrullajes preventivos en San Matías ante ola de crímenes en la frontera

Este grupo prestó su declaración informativa y algunos indicaron que llegaron a San Ignacio de Velasco por la fiesta patronal y por trabajos en haciendas y que tras presentar su documentación y al no encontrarse elementos en su contra, fueron liberados .

”Se hizo un desfile identificativo, se descartó también quiénes habían participado”, señaló el fiscal.

Actualmente se revisan cámaras de seguridad y se toma declaración a otros testigos para identificar al pistolero que acabó con la vida del hombre.

“No se descarta absolutamente ninguna hipótesis”

Las investigaciones están arrojando diferentes elementos y la Policía realiza diferentes trabajos de inteligencia por lo que “no se descarta absolutamente ninguna hipótesis”, dijo.

MIRA AQUÍ: Tras asesinato en San Ignacio, Policía ejecuta operativos con unidades especializadas en busca de los atacantes

Consultado sobre la participación del PCC o Comando Vermelho, Riofrio señaló que esa línea también se investiga, tomando en cuenta los antecedentes de violencia extrema ocurridos en San Ignacio de Velasco, San Matías y otros municipios fronterizos.”

“Las características del hecho también refieren que son personas extranjeras, porque testigos presenciales se refieren que fueron personas brasileras”, afirmó.",https://unitel.bo/noticias/seguridad/autopsia-confirma-22-impactos-de-bala-en-contra-del-veterinario-asesinado-en-san-ignacio-de-velasco-DM22590517
Unitel,2026-08-03,Mundo,"Falleció Carlos Ramos del Campo, la inolvidable voz de ‘C-3PO’ y ‘Slinky’","El mundo del doblaje está de luto tras confirmarse el fallecimiento de Carlos Nicolás Ramos del Campo, reconocido actor de doblaje y director mexicano , quien m urió el 2 de agosto de 2026 a los 69 años de edad.

Nacido el 30 de diciembre de 1957, dejó una huella imborrable en generaciones de espectadores gracias a su talento para dar vida a personajes emblemáticos.

Entre sus interpretaciones más grabadas destacan la voz de C-3PO en la saga Star Wars, en Toy Story y Power Rangers, además de una extensa trayectoria en el doblaje latino.

MIRA AQUÍ: Muere el actor Vincent Pastore, Salvatore Bonpensiero de la serie 'Los Soprano'

La noticia fue dada a conocer por su hija, Abril Ramos, a través de una emotiva publicación en Instagram.

"" Con profunda tristeza informamos sobre el fallecimiento de nuestro padre Carlos Nicolás Ramos del Campo. Te amamos, tus hijos Abril y Carlos Ramos y mi mamá Doris Vargas . Descanse en paz"", escribió.

MIRA AQUÍ: Fallece a los 62 años el actor español Manolo Solo, con un Goya por 'Tarde para la ira'

Su partida representa una gran pérdida para la industria del doblaje en Latinoamérica, donde será recordado por su legado que dejó en algunas de las franquicias más populares del cine y la televisión.",https://unitel.bo/noticias/mundo/fallecio-carlos-ramos-del-campo-la-inolvidable-voz-de-c-3po-y-slinky-FM22590656
Unitel,2026-08-03,Seguridad,Hallan 60 paquetes de sustancias controladas abandonados en una carretera en San Ignacio de Velasco,"Un grupo policial, que se dirigía a investigar los múltiples asesinatos en zona fronteriza de Bolivia y Brasil, encontró abandonados a un lado de la carretera 60 paquetes de sustancias controladas.

Los paquetes fueron hallados en la carretera entre San Ignacio de Velasco y San Vicente de la Frontera , en el mismo municipio.

MIRA AQUÍ: Policía dice que no puede garantizar que paren asesinatos en San Matías y atribuye crímenes a pugnas entre grupos criminales

Las autoridades indagan cómo llegó estas sustancias controladas pues, según el informe inicial, no se tiene aprehendidos ni indicios de quien dejó los paquetes .

La prueba de campo confirmó que se trata de sustancias controladas.

El subcomandante departamental de la Policía de Santa Cruz, Juan Carlos Revollo, indicó que dando cumplimiento al plan halcón se hallaron dos bolsas de yute , cada una tenía 30 paquetes.

El fiscal del caso, Sergio Riofrío, indicó que solicitó que un grupo realice las investigaciones.

MIRA AQUÍ: Delincuentes armados roban Bs 280.000 en una vivienda de El Alto

Ola de crímenes

En San Ignacio de Velasco una persona fue asesinada el domingo, se trata de un veterinario que también tenía un restaurant, donde fue atacado.

A este crimen se suma que, en San Matías, un municipio más próximo a la frontera con Brasil, se registraron cinco asesinatos en dos días entre las víctimas está un subteniente de la Policía identificado como Yerson Salazar Aliendres.",https://unitel.bo/noticias/seguridad/hallan-60-paquetes-de-sustancias-controladas-abandonados-en-una-carretera-en-san-ignacio-de-velasco-HM22590676
Unitel,2026-08-03,Seguridad,"“Yo no soy Diprove”, dice Loza sobre el uso de vehículo reportado como robado en Chile","El gobernador de Cochabamba, Leonardo Loza, respondió a la denuncia que se realizó durante el fin de semana donde fue visto a bordo de un vehículo con placa chilena, que estaba reportado como robado. La autoridad calificó la cuestionante como política y afirmó que solo acudió al lugar por invitación.

La denuncia fue realizada por el excandidato a la Gobernación, Alejandro Mostajo, quien mostró imágenes de Loza de “paseó” por el centro minero, acompañado de trabajadores, sobre una camioneta roja con placa TZ-WL-35 , que según la página Auto Seguro de Chile, mantiene un encargo policial vigente, lo que significa que tiene una orden de búsqueda activa, por una denuncia de robo.

Ante esto, la primera autoridad del departamento, respondió este lunes a la consulta de los medios de comunicación, afirmando que es político y todo lo que él realiza es cuestionado.

“Es un nuevo discurso político, no sé por lo que soy del trópico, por lo que soy gobernador, pero todo lo que respira, lo que come, lo que viaja, lo que anda, lo que camina Loza, es cuestionado , no importa si hace bien o hace mal”, manifestó.

MIRA AQUÍ: “No somos cajeros”, Loza dice que llevará a Sucre propuesta para que gobernaciones dejen cubrir algunos pagos

Asimismo, aseguró que el motorizado no es de la Gobernación y solo lo utilizaron para realizar una inspección en la zona, por lo que desconocía de dicha denuncia de robo.

“ Yo no soy Diprove, yo llegué bajo la invitación de los compañeros de la cooperativa , llegamos en nuestro carro de la Gobernación desde acá, hasta ese punto, nos dijeron: hay que ir a inspeccionar, era unos 300, 400 metros que hemos subido al cerro en esa camioneta y no sé quién publicó, cómo habrá sido la situación”, dijo.

Además, señaló que él acude a varias invitaciones que le realizan, sin embargo, no cuestiona el origen de las propiedades que hay en esas regiones.

“A tantas invitaciones voy. Compañeros me invitan a desayunar, no le voy a preguntar, compañero: ¿tu casa está, es legal o es ilegal?” , manifestó.

MIRA AQUÍ: “Hará mucho bien al país” que Paz y Lara den una “señal de madurez” y dejen de lado sus diferencias, dice Rodríguez Veltzé

Pese a las declaraciones de la autoridad, desde la Gobernación de Cochabamba informaron que se solicitó a la Fiscalía Departamental abrir una investigación de oficio para esclarecer la denuncia sobre el uso de una camioneta con placa chilena.

“Hemos demandado a la Fiscalía Departamental la apertura inmediata de un proceso de oficio, de investigación, que determine estas denuncias que se han dado a conocer por redes sociales”, dijo el vocero de la Gobernación, Sergio de la Zerda.

De acuerdo con el reporte, el Ejecutivo departamental colaborará con las pesquisas e incluso anunció que se constituirá en parte denunciante si se comprueban las acusaciones.",https://unitel.bo/noticias/seguridad/yo-no-soy-diprove-dice-loza-sobre-el-uso-de-vehiculo-reportado-como-robado-en-chile-MM22591591
Unitel,2026-08-03,Insólito,Cayó dentro de un transporte público y años después obtuvo una indemnización millonaria,"Un joven que viajaba en un colectivo logró que la empresa de transporte lo indemnizara con una cifra millonaria luego de sufrir un accidente dentro de la unidad que le provocó una lesión permanente en el hombro.

Según el expediente judicial, el hecho ocurrió en mayo de 2016, en La Plata, Argentina, cuando el pasajero cayó dentro del transporte y golpeó su brazo izquierdo contra uno de los asientos. Tras el accidente, fue trasladado al Hospital San Roque, donde los médicos le diagnosticaron una luxación de hombro.

Con el paso de los años, la lesión dejó secuelas permanentes y durante el proceso judicial , un informe traumatólogo confirmó que el joven continuaba padeciendo dolor , pérdida de fuerza, inestabilidad y una importante limitación para mover el hombro izquierdo.

MIRA AQUÍ: De la fama al juicio: Restaurante de lujo es procesado por usar hormigas en un postre

El informe también señaló que el afectado “padece importantes dificultades para realizar tareas laborales, actividades deportivas e incluso quehaceres diarios que requieran del miembro superior izquierdo”, evidenciando el impacto que la lesión tuvo en su vida.

Además del daño físico, la Justicia evaluó las consecuencias psicológicas del accidente y determinó que el pasajero desarrolló un cuadro de angustia persistente y recomendó que realizara un tratamiento psicológico de al menos seis meses.

Si bien la Cámara confirmó la responsabilidad de la empresa de transporte, consideró excesivo el monto fijado inicialmente por incapacidad física y tratamiento psicológico.

MIRA AQUÍ: Accidente en río: Embarcación de cantante brasileña chocó contra unos árboles

Entonces, se estableció un monto de $ 6.000.000 por daño moral y confirmó también el reconocimiento de los gastos médicos establecidos en la sentencia , consolidando así una compensación millonaria para el joven por las consecuencias del accidente, según información de TN un medio Argentino.",https://unitel.bo/noticias/insolito/cayo-dentro-de-un-transporte-publico-y-anos-despues-obtuvo-una-indemnizacion-millonaria-MM22591836
Unitel,2026-08-03,Sociedad,Bolivia inicia su semana de celebración por los 201 años de independencia; conoce la agenda de actos oficiales,"Bolivia prepara las celebraciones para conmemorar este 6 de agosto los 201 años de su independencia con una rigurosa agenda que se extenderá del 3 al 7 de agosto. Los actos centrales tendrán como sede la ciudad de Sucre, capital constitucional del país, donde se desarrollarán ceremonias protocolares, actividades culturales, sesiones legislativas y homenajes históricos.

En Santa Cruz, la Gobernación organizó un programa especial para conmemorar la fecha patria e invitó a la población a participar de los actos cívicos.

Cinco días de actividades en la capital del país

Las celebraciones comienzan este lunes 3 de agosto con la llegada de delegaciones nacionales y autoridades a Sucre.

Se inaugurará la IX Bienal Internacional Folclórica en la Casa de la Libertad , además de una retreta de las Fuerzas Armadas y una gala artística en el Teatro Gran Mariscal de Sucre.

El martes 4 de agosto se llevará a cabo el desfile cívico escolar, además de actos de integración entre autoridades nacionales, departamentales y municipales. La ciudad también será escenario de ferias productivas y exposiciones que buscan mostrar el potencial turístico y económico de las distintas regiones del país.

MIRA AQUÍ: Feriado largo: Se vienen cuatro días para descansar y reactivar el turismo

Para el miércoles 5 de agosto está prevista la Sesión de Honor de la Cámara de Diputados , además de reuniones oficiales y actividades protocolares con la presencia de autoridades del Estado y delegaciones diplomáticas. Durante la noche se desarrollará una serenata solidaria dedicada a la independencia nacional en el campo ferial de Lajastambo.

La siguiente jornada, el jueves 6 de agosto día del aniversario patrio, las actividades comenzarán desde la primera hora de la mañana con la entrega de ofrendas florales en la plaza 25 de Mayo de Sucre a las 6:30.

Luego se dará el izado de la bandera boliviana entre las 8:00 y 8:50 y la entonación del Himno Nacional en La Casa de la Libertad. El presidente, Rodrigo Paz , izara la bandera tricolor y brindara un discurso para el país.

Posteriormente se celebrará la tradicional misa Te Deum en la Catedral Metropolitana y, más tarde, la Sesión de Honor de la Asamblea Legislativa. La jornada concluirá con un almuerzo oficial en honor a las autoridades nacionales, representantes diplomáticos e invitados especiales.

Las celebraciones oficiales finalizarán el viernes 7 de agosto con la tradicional Parada Militar en la ciudad de El Alto, donde las Fuerzas Armadas rendirán homenaje a la independencia nacional mediante el tradicional desfile de unidades militares, considerado uno de los actos más representativos del calendario patrio.

Santa Cruz invita a participar de los actos cívicos

La Gobernación cruceña convocó a la ciudadanía a sumarse a los actos conmemorativos del Día de la Independencia , destacando la importancia de fortalecer el civismo y rendir homenaje a la historia del país. Las actividades comenzarán el miércoles 5 de agosto con una retreta militar en la plaza 24 de Septiembre.

El secretario departamental de Seguridad Ciudadana , Jorge Santistevan , confirmo la agenda oficial para el 6 de agosto , la cual contempla una ofrenda floral al monumento de Simón Bolívar , el izado de la bandera en la plaza 24 de septiembre , la celebración del Te Deum en la Catedral Metropolitana y concluirá con el desfile cívico militar por la calle Libertad . La invitación está abierta a toda la población para acompañar las ceremonias patrióticas.

MIRA AQUÍ: Gobierno tiene todo listo para los actos protocolares por el 6 de agosto

¿El clima acompañará las celebraciones?

De acuerdo con la información publicada por el Senamhi , para esta semana se prevén condiciones estables en Santa Cruz , con temperaturas templadas a cálidas durante el día y baja probabilidad de lluvias significativas, un panorama que favorecería el desarrollo de los actos cívicos programados.

El 5 de agosto habrá una mínima de 21 °C y una máxima de 27 °C, manteniéndose casi igual el 6 de agosto con una máxima de 28 °C.",https://unitel.bo/noticias/sociedad/bolivia-inicia-su-semana-de-celebracion-por-los-201-anos-de-independencia-conoce-la-agenda-de-actos-oficiales-DM22591736
Unitel,2026-08-03,Agencias,El pasado julio ha sido el más seco en Inglaterra y Gales desde hace 190 años,"Londres, 3 ago (EFE).- El pasado mes de julio ha sido el julio más seco en Inglaterra y Gales desde que existen registros públicos hace ahora 190 años, según los datos divulgados este lunes por la Met Office, el servicio meteorológico nacional.

Inglaterra ha recogido 6,5 milímetros de lluvia y Gales 9,3 milímetros, en ambos casos menos de la mitad registrados en julio del año anterior.

Los efectos de esta sequía se dejan notar hace ya semanas en los parques de Londres, donde el césped luce un aspecto amarillento, ya que son parques que generalmente no cuentan con sistemas de riego debido a que se da por descontada la lluvia.

En ambos territorios ha sido igualmente el julio más soleado (con más horas de sol) que se recuerda; en realidad, todos los meses del año, con excepción de febrero, han superado con creces la media de horas de sol de años anteriores.

Las perspectivas no son halagüeñas en la semana en curso, porque un frente lluvioso que se acerca por el norte de las islas británicas afectará principalmente a Escocia y no se dejará sentir en Inglaterra y Gales, según las previsiones meteorológicas.

De hecho, se espera un aumento sensible de los termómetros hacia el miércoles, con temperaturas que en Londres y alrededores podrán alcanzar los 34 grados. EFE

fjo/rb/icn

(foto)",https://unitel.bo/noticias/agencias/el-pasado-julio-ha-sido-el-mas-seco-en-inglaterra-y-gales-desde-hace-190-anos-GM22594299
Unitel,2026-08-03,Agencias,Encausan a un hombre tras lanzarse al río desde el puente de Brooklyn y sobrevivir,"Nueva York, 3 ago (EFE).- Las autoridades de Nueva York encausaron este lunes a un hombre que ayer causó conmoción al escalar una torre del turístico puente de Brooklyn y lanzarse desnudo al río, tras lo que fue rescatado con vida en el agua, en un suceso que obligó a cerrar la concurrida vía de la gran urbe temporalmente.

El hombre, Galymzhan Abaildayev, de 44 años, que se encuentra ingresado estable en un hospital, ha sido acusado de imprudencia temeraria, obscenidad pública, allanamiento criminal, conducta desordenada y realización de grafitis, según el medio local ABC 7.

Abaidayev escaló una torre del puente situada a más de 80 metros de altura en torno a las 14.30 horas del domingo, tras lo que se desnudó y saltó antes de que los servicios de emergencia pudieran convencerle de ponerse a salvo, de acuerdo con vídeos publicados en redes sociales por testigos y con el relato policial.

El hombre saltó al East River usando unas telas a modo de paracaídas, aparentemente la bandera de Kazajistán y una sábana con algún tipo de letrero, indicaron fuentes de la Policía al New York Post.

En algunos vídeos se le ve escalando las poleas del puente centenario portando una mochila cuadrada a sus espaldas, similar a la que usan los repartidores a domicilio.

Las autoridades tuvieron que cerrar temporalmente el paseo peatonal del puente, que está siempre lleno de turistas, por seguridad, señalan los medios.

No obstante, la unidad de vigilancia de puertos de la Policía acudió rápidamente a rescatarlo del agua y fue trasladado al hospital de Bellevue, donde permanece estable, agregan. EFE

nqs/jco/lpm",https://unitel.bo/noticias/agencias/encausan-a-un-hombre-tras-lanzarse-al-rio-desde-el-puente-de-brooklyn-y-sobrevivir-AM22594316
Unitel,2026-08-03,Agencias,La votación anticipada comienza en Florida con una ventaja republicana en la inscripción,"Miami (EE.UU.), 3 ago (EFE).- La votación temprana para las elecciones primarias comenzó este lunes en Florida, donde los republicanos buscan defender su liderazgo con una ventaja de casi 38 % en votantes registrados sobre los demócratas, pero con la caída de popularidad del presidente estadounidense, Donald Trump.

Los ciudadanos pueden a partir de ahora votar para los comicios primarios del 18 de agosto, que definirán a los candidatos para gobernador de Florida, los 28 escaños federales de la Cámara de Representantes y el puesto en el Senado que dejó vacante Marco Rubio cuando aceptó ser secretario de Estado de Trump en 2025.

Para la elección federal del 3 de noviembre, los republicanos parten con una ventaja estructural en Florida, con más de 5,5 millones de votantes afiliados a este partido frente a 4,04 millones de demócratas de un total de 13,42 millones de electores potenciales, según datos del Departamento de Estado de Florida.

Florida, considerado antes un estado bisagra, péndulo o púrpura, se ha cargado a la derecha, pues en 2020 había 5,31 millones de demócratas registrados frente a 5,21 millones de republicanos.

Aún así, la elección causa expectativa porque la popularidad del presidente Trump ha caído en el estado al igual que a nivel nacional, como muestra una encuesta de la Universidad del Norte de Florida (UNF), que el 20 de julio reportó una desaprobación al mandatario de 51 % frente a un 48 % de aprobación.

Además, los demócratas señalan posibilidades tras la elección en diciembre de Eileen Higgins, la primera alcaldesa demócrata de Miami en más de 30 años, y la de Emily Gregory, quien ganó en marzo una elección especial que arrebató a los republicanos un escaño estatal de Florida que incluye a Mar-a-Lago, el club de Trump.

La principal contienda local definirá quién reemplazará al actual gobernador de Florida, el republicano Ron DeSantis, una competencia en la que el partido en el poder aún debe decidir entre Byron Donalds, congresista federal apoyado por Trump, el vicegobernador Jay Collins, y el ultraderechista James Fishback.

Entre los demócratas, sin un gobernador en Florida desde 1999, lidera David Jolly, un exrepublicano que fue congresista federal de 2014 a 2017.

También acapara la atención la competencia por el Senado, en la que la republicana Ashley Moody, ex fiscal general de Florida, busca conservar de manera definitiva el escaño al que llegó como reemplazo de Marco Rubio.

En las elecciones legislativas, los republicanos gozan del nuevo mapa electoral que aprobó DeSantis este año para eliminar la ventaja de los demócratas en cuatro escaños después de los comicios de 2024 en los que Florida eligió a 20 representantes federales republicanos y ocho demócratas.

""Haga un plan. Haga que su voz sea escuchada. ¡Nos vemos en las urnas!"", expresó este lunes la supervisora de elecciones del Condado de Miami-Dade, Alina García, en un video en sus redes sociales. EFE

ppc/ims/nvm

(foto)(video)",https://unitel.bo/noticias/agencias/la-votacion-anticipada-comienza-en-florida-con-una-ventaja-republicana-en-la-inscripcion-HM22594333
Unitel,2026-08-03,Agencias,Chelsea ficha al volante internacional inglés Jordan Henderson,"Londres, 3 Ago 2026 (AFP) -

El Chelsea anunció este lunes el fichaje del veterano centrocampista inglés Jordan Henderson, procedente de su rival de la Premier League, el Brentford.

El antiguo capitán del Liverpool, que formó parte de la selección de Inglaterra en el Mundial 2026, firmó por dos años con el club londinense entrenado por Xabi Alonso.

""Dado el tamaño del club, el entrenador, por el que profeso una gran admiración, y la calidad de los jugadores, esta era una gran oportunidad que no podía dejar pasar"", declaró Henderson, de 36 años.

La semana pasada se confirmó que a Henderson se le rescindió el contrato con el Brentford después de que se supiera que el Chelsea, el rival del club en el oeste de Londres, estaba interesado en sus servicios.

El mediocampista ganó la Premier League y la Liga de Campeones con el Liverpool. Dejó Anfield para fichar por el club saudí Al-Ettifaq en 2023 y seis meses después se marchó al Ajax.

El año pasado regresó a la Premier League con el Brentford, firmando un contrato por dos años.

Henderson, que ha disputado 91 partidos internacionales, formó parte de la plantilla de Inglaterra en el Mundial de 2026, pero solo jugó unos pocos minutos y durante el torneo se fracturó un brazo.

Se une al plantel de Xabi Alonso apenas dos días después de que el Chelsea fichara al también veterano atacante Danny Welbeck procedente del Brighton.

Los Blues gastaron un récord británico de 117 millones de libras (157 millones de dólares) el mes pasado para incorporar a Morgan Rogers desde el Aston Villa y también han asegurado el fichaje del defensa francés Maxence Lacroix y del zaguero del Atalanta Marco Palestra.

El Chelsea terminó décimo en la Premier League la temporada pasada, a un punto y un puesto por detrás del Brentford, y no logró clasificarse para competiciones europeas.

El equipo de Alonso se enfrentará al Fulham en Craven Cottage en su estreno de la Premier League el 24 de agosto.

jw/jc/iga/raa/

AFC Ajax",https://unitel.bo/noticias/agencias/chelsea-ficha-al-volante-internacional-ingles-jordan-henderson-CM22594350
Unitel,2026-08-03,Agencias,Previsiones de Video en Español de las 16H00 GMT,"Montevideo, 3 Ago 2026 (AFP) -

= PRINCIPALES NOTICIAS =

Empresa estatal de energía informa de un nuevo apagón nacional en Cuba

LA HABANA: Cuba sufrió el domingo un nuevo apagón nacional de su red eléctrica, informó la empresa estatal de energía de la isla, afectada por la escasez de combustible debido al bloqueo petrolero estadounidense.

(Cuba energía electricidad política - Ya disponible)

Irán niega estar negociando con EEUU, tras anuncio de Trump sobre nuevas conversaciones

TEHERÁN: Irán desmintió que se estuvieran llevando a cabo negociaciones con Estados Unidos, después de que el presidente Donald Trump anunciara que el lunes comenzarían nuevas conversaciones para poner fin a la guerra, que entra en su sexto mes.

(EEUU Irán Israel guerra conflicto diplomacia política petróleo - Ya disponible)

Incendios forestales fuera de control arrasan Spokane, en el noroeste de EEUU

SPOKANE, EEUU: Los bomberos tratan este lunes de controlar los incendios forestales que devastaron la ciudad de Spokane, en el noroeste de Estados Unidos, donde 60.000 personas fueron evacuadas y cientos de edificios quedaron reducidos a cenizas.

(EEUU incendio medioambiente sociedad clima - 19H00 GMT)

Los incendios mantienen bajo amenaza la región de Atenas

ATENAS: Los incendios que arrasan desde hace cuatro días la región de Atenas siguen suponiendo una amenaza este lunes, pese a la disminución de las ráfagas de viento y la intervención de una decena de aviones cisterna.

(Grecia clima ambiente incendio - 17H00 GMT)

Incendio cerca de Burdeos dejó al descubierto proyectiles de la Segunda Guerra Mundial

LE PORGE, Francia: El gigantesco incendio forestal que arrasó una zona cercana a Burdeos, en el suroeste de Francia, reveló la presencia de obuses de la Segunda Guerra Mundial en la localidad de Le Porge, donde este lunes se realizan labores de desminado para permitir el regreso seguro de los residentes.

(Francia incendio desminado emergencia - 16H30 GMT)

Al menos 72 migrantes murieron intentando entrar al enclave español de Ceuta

CEUTA, España: Al menos 72 personas murieron intentando entrar a Ceuta desde Marruecos, informó España, tras una oleada migratoria sin precedentes en este enclave español del norte de África, vigilado el domingo por la policía y el ejército.

(España Marruecos migración sociedad política diplomacia UE - Ya disponible)

= DEPORTES =

El caboverdiano Vozinha llega a Chile para fichar por Colo Colo

SANTIAGO: Vozinha, arquero y figura del sorprendente Cabo Verde en el Mundial 2026, llegó el domingo a Santiago para firmar por Colo Colo, el club más ganador de Chile y uno de los más tradicionales de Sudamérica.

(Chile CaboVerde fbl - Ya disponible)

aic",https://unitel.bo/noticias/agencias/previsiones-de-video-en-espanol-de-las-16h00-gmt-GM22594367
Unitel,2026-08-03,Agencias,"La Junta de Paz pide a Israel parar los ataques a Gaza 14 días para negociar, según medios","Jerusalén, 3 ago (EFE).- El alto representante de la Junta de Paz para Gaza, Nikolai Mladenov, ha pedido al primer ministro israelí, Benjamín Netanyahu, detener los ataques sobre la Franja durante 14 días para emprender las negociaciones de cara a la desmilitarización de Hamás, informaron este lunes medios israelíes citando fuentes del organismo patrocinado por el presidente estadounidense, Donald Trump.

""Mladenov, acompañado por el asesor de la Junta de Paz, Aryeh Lightstone, le dijo a Netanyahu que Israel debería detener sus operaciones en Gaza, en consonancia con los compromisos adquiridos en el plan de paz de 20 puntos del presidente estadounidense Trump"", detallaron el israelí Canal 12 y el portal i24news.

Poco antes, el periódico 'Haaretz' y la radio-televisión pública Kan reportaron que Mladenov llegó hoy mismo a Israel.

""Dos días de ataques en Gaza han causado la muerte de civiles y destruido suministros médicos esenciales para la población"", escribió Mladenov la víspera en su perfil de la red social X, afirmando que los ataques del fin de semana, que se cobraron la vida de al menos 28 palestinos, se producían tras los ""intensos esfuerzos"" de los mediadores para alcanzar un acuerdo que permita ""transferir el gobierno y desmantelar las armas"".

Además, subrayaba que ""ambas partes (Israel y Hamás) tienen obligaciones"" en virtud de los acuerdos de alto el fuego que ""garantizaron la liberación de todos los rehenes"".

Israel rechaza retirarse de sus posiciones en Gaza

Mientras tanto, un oficial del Gobierno israelí en condición de anonimato difundió hoy a medios israelíes un comunicado asegurando que Israel ""no se retirará de la línea actual en la Franja de Gaza"" y ""seguirá frustrando cualquier amenaza contra nuestros ciudadanos y soldados"".

Haaretz ya informó el domingo que Israel había planteado objeciones a tres puntos del acuerdo: la falta de exigencia de la destrucción de las armas incautadas a Hamás, la participación de Catar y Turquía en el proceso de verificación y también pedía libertad de acción de su Ejército en las zonas transferidas a la Fuerza Internacional de Estabilización.

Trump anunció el jueves pasado que la Junta de Paz creada por él mismo había alcanzado un acuerdo para el ""desarme total"" de Hamás y otros grupos milicianos palestinos en la Franja, un paso que calificó de ""histórico"" y que, aseguró, satisfacía a Israel.

Hamás confirmó el acuerdo para su desarme y aseguró que incluye ""la obligación"" de Israel ""de retirarse de la Franja de Gaza"".

El grupo islamista también mencionaba otros requisitos que nunca serían aceptados por el Gobierno israelí o el propio primer ministro israel, Benjamín Netanyahu, como ""la reconstrucción, la garantía del derecho a la autodeterminación, el establecimiento de un Estado palestino independiente y la protección de los derechos de los ciudadanos"".

Las otras cuatro condiciones que Hamás mencionaba eran: la pronta recuperación, la entrada del Comité Nacional para la Administración de Gaza (NCAG), el despliegue de fuerzas de protección internacionales y la disolución de las bandas armadas y milicias auspiciadas por Israel.

Netanyahu, que se reunió con Trump el martes pasado en la Casa Blanca, aún no se ha pronunciado públicamente al respecto.

A pesar de que el pasado 10 de octubre se rubricó un alto el fuego mediado por Trump, que en la práctica ha sido violado por Israel a diario, causando la muerte de más de 1.220 gazatíes, las tropas israelíes han pasado de controlar el 55 % de la Franja donde debían mantenerse replegadas, según el acuerdo, al 70 % actual. EFE

gac/mra",https://unitel.bo/noticias/agencias/la-junta-de-paz-pide-a-israel-parar-los-ataques-a-gaza-14-dias-para-negociar-segun-medios-LM22594384
Unitel,2026-08-03,Agencias,"Monólogo y exhibición de la noruega Haugset, nueva líder del Tour de Francia","Redacción Deportes, 3 ago (EFE).- La noruega Demi Vollering (FDJ United-SUEZ) venció este lunes en la tercera etapa del Tour de Francia, de 157 kilómetros, entre las ciudad suiza de Ginebra y la comuna francesa de Poligny, gracias a una espectacular escapada, con la que consiguió también enfundarse el maillot amarillo.

Fue una escapada en solitario y todo un ejercicio de resistencia. Una fuga que le permitió completar de manera sobresaliente la tercera etapa, con un tiempo total de 4:05:59.

Completaron el podio la belga Lotte Kopecky (Team SD Worx-Protime), segunda a 1:24, y la neerlandesa Marianne Vos (Team Visma-Lease a Bike), tercera a 2:48.

No fue un inicio tranquilo. La neerlandesa Demi Vollering (FDJ United-SUEZ), ganadora de la prueba en el 2023 y una de las grandes favoritas, sufrió una leve caída junto a otro reducido grupo de corredoras en la subida al Col de la Faucille, el primer puerto de montaña y uno de los puntos críticos de la etapa a 17 kilómetros del inicio. Pese a ello, pudo reincorporarse y continuar con la carrera.

Sin embargo, Haugset, actual campeona de Noruega, robó todo el protagonismo del día, con una escapada en solitario a 90 kilómetros de la meta, en un monólogo absoluto desde entonces y sin precedentes en una prueba tan exigente.

La líder de la general, la neerlandesa Lorena Wiebes (SD Worx-Protime), que ganó las dos primeras etapas, se descolgó pronto del grupo de favoritas y limitó mucho sus opciones parar recuperar el maillot amarillo.

Con poco éxito, Kopecky intentó recortar distancias, y logró colocarse a 50 segundos con su persecución a falta de 39 kilómetros. En el ascenso a Chaux-Champagny, llegó a situarse a tan solo 13 segundos de la carrera, dando emoción al último tramo.

Cuando parecía que la noruega podía ser cazada, no bajó el ritmo y cruzó la meta en solitario para situarse como la nueva líder de la clasificación, en todo un ejercicio de resistencia.

De esta forma, Haugset se convierte en la nueva líder con un tiempo acumulado de 11:17:56 y aventaja en 2:02 a la mauriciana Kim Le Court-Pienaar (AG Insurance - Soudal Team), segunda, y en 2:06 a la neerlandesa Demi Vollering (FDJ United - Suez), tercera.

Así, Haugset consigue el segundo gran triunfo de su carrera después de alzarse con el Campeonato Nacional de Noruega en ruta a finales del pasado junio.

Por su parte, la española Usoa Ostolaza (Laboral Kutxa - Fundación Euskadi) acabó cuarta a 2:48 de la cabeza.

La cuarta etapa del Tour de Francia se celebrará este martes, en una contrarreloj individual de 12 kilómetros entre Cevrey-Chambertin y Dijon, justo en el ecuador de la carrera. EFE

pml/jl",https://unitel.bo/noticias/agencias/monologo-y-exhibicion-de-la-noruega-haugset-nueva-lider-del-tour-de-francia-BM22594401
Unitel,2026-08-03,Agencias,Zonas de Suiza recurren al ejército para poder abrevar a sus vacas debido a la sequía,"Ginebra, 3 ago (EFE).- Varias zonas alpinas en Suiza afectadas por una grave sequía se han visto obligadas a recurrir a helicópteros, algunos de ellos del ejército, para poder dar de beber a las vacas que pastan en la montaña, informa este lunes la prensa local.

Según el diario Blick, desde el 28 de julio el cantón occidental de Friburgo ha recurrido a helicópteros privados para llevar agua a los abrevaderos de su ganado en zonas de elevada latitud en distritos como el de Gruyère, pero este suministro es insuficiente y se ha solicitado a las fuerzas armadas helvéticas que les ayuden.

En una misiva enviada este lunes, el gobierno cantonal ha pedido formalmente al Mando de Operaciones del ejército que asista con sus helicópteros en el transporte de agua a los pastos alpinos que no son accesibles por carretera, al menos durante este mes.

Las autoridades locales temen que la vida del ganado y sectores como el quesero, todo un símbolo nacional, corran peligro debido a la ausencia de precipitaciones en zonas de alta montaña, comparable a la que esas regiones sufrieron en 1976 y 2003.

En Suiza, llevar en verano el ganado a pastos de elevada altitud, una práctica llamada ""alpage"" y declarada patrimonio inmaterial de la humanidad por la Unesco, es una tradición clave en la fabricación de célebres quesos del país como el gruyere o el emmental.

Por ello, la opción de llevar el sediento ganado a tierras más bajas no se contempla, ya que además en esas zonas, aunque no hay carestía de agua en la actualidad, sí se teme que pueda haber problemas de abastecimiento de pasto si el ganado en ellas aumenta. EFE

abc/icn",https://unitel.bo/noticias/agencias/zonas-de-suiza-recurren-al-ejercito-para-poder-abrevar-a-sus-vacas-debido-a-la-sequia-JM22594418
Unitel,2026-08-03,Agencias,Sandoz anuncia acuerdos en EEUU para resolver disputa sobre precios de medicamentos genéricos,"Zúrich, Suiza, 3 Ago 2026 (AFP) -

El grupo farmacéutico suizo Sandoz anunció este lunes dos acuerdos amistosos en Estados Unidos, por un total de 478,5 millones de dólares, para resolver una larga disputa relacionada con los precios de medicamentos genéricos.

Sandoz y su filial Fougera Pharmaceuticals alcanzaron un acuerdo con un consorcio que representa a 43 estados y territorios de Estados Unidos, a los que se pagarán 400 millones de dólares en un plazo de siete años, indicó el fabricante de medicamentos en un comunicado.

Los pagos comenzarán en 2027 ""a cambio de la renuncia total a todas las reclamaciones que los estados y territorios estadounidenses presentaron contra la empresa y sus filiales"", señaló el grupo con sede en Basilea.

La resolución de estas reclamaciones exige un pago adicional de aproximadamente 50 millones de dólares a los estados con los que había concluido un acuerdo anteriormente, ""lo que eleva el pago total a unos 450 millones de dólares"".

El grupo suizo también llegó a un acuerdo con los revendedores indirectos, en virtud del cual Sandoz pagará 28,5 millones de dólares.

Este acuerdo resuelve litigios con farmacias, clínicas, hospitales y otras entidades que revendían medicamentos a los consumidores.

A partir de 2016, varios fabricantes de medicamentos genéricos fueron objeto de una investigación del Departamento de Justicia de Estados Unidos por sospechas de fijación de precios.

En 2020, Sandoz -que posteriormente fue escindida del gigante farmacéutico suizo Novartis en 2023- llegó a un acuerdo con el Departamento de Justicia a cambio de una sanción de 195 millones de dólares.

Sandoz afirmó que los dos acuerdos anunciados el lunes no tenían impacto en sus previsiones financieras, ni para 2026 ni a medio plazo, gracias a las provisiones ya constituidas.

noo/rjm/gv/ahg/erl

Sandoz

NOVARTIS",https://unitel.bo/noticias/agencias/sandoz-anuncia-acuerdos-en-eeuu-para-resolver-disputa-sobre-precios-de-medicamentos-genericos-GM22594435
Unitel,2026-08-03,Seguridad,Ministro Oviedo: “El Gobierno ha definido como tarea prioritaria detener a Evo Morales”,"El ministro de Gobierno, Marco Antonio Oviedo, afirmó este lunes que detener al expresidente Evo Morales es una “tarea prioritaria” para el Gobierno , pese a que el comandante general de la Policía, Mirko Sokol, había señalado que para la institución no era prioridad porque “no hay pruebas”.

“ El Gobierno ha definido como tarea prioritaria, escúcheme, prioritaria detener a Evo Morales ”, sostuvo Oviedo en una conferencia de prensa.

MIRA AQUÍ: Ola de asesinatos: Policía confirma disputa entre PCC y Comando Vermelho por el control del narcotráfico en Bolivia

Sobre Morales pesan dos órdenes de aprehensión; la primera, por un caso de trata con el agravante de que habría tenido una hija con una adolescente cuando era presidente del Estado boliviano.

La segunda orden se emitió la semana pasada. En este caso es procesado por el delito de terrorismo y está vinculado con los bloqueos de 53 días que se dieron entre mayo y junio y que dejaron la muerte de 22 personas , de acuerdo con un informe de la Defensoría del Pueblo.

Las declaraciones del ministro Oviedo se dan en medio de la tensión por la ola de violencia en el país, sobre todo en la zona fronteriza con Brasil, y tras el fallecimiento del subteniente Yerson Salazar en San Matías.

MIRA AQUÍ: El subteniente Yerson Salazar será velado en el comando de la Policía y recibirá un ascenso póstumo

Oviedo brindó las declaraciones sobre Morales desde las oficinas del Comando Departamental de la Policía de Santa Cruz, donde se realiza el velorio del subteniente Salazar.

La autoridad del Gobierno confirmó que al efectivo policial se le rindió homenaje y se le otorgó un ascenso póstumo.",https://unitel.bo/noticias/seguridad/ministro-oviedo-el-gobierno-ha-definido-como-tarea-prioritaria-detener-a-evo-morales-PM22594128
Unitel,2026-08-03,Agencias,Agenda informativa multisoporte América para el lunes 3 de agosto de 2026,"ESTADOS UNIDOS

- El presidente de Estados Unidos, Donald Trump, criticó este lunes la actitud ""hipócrita"" de Irán por su negativa a confirmar que se encuentran en negociaciones de paz con Washington y amenazó con mantener el bloqueo naval a las costas iraníes ""hasta que no se alcance un acuerdo o una rendición total"". (foto) (video)

- Más de 65.000 personas han sido evacuadas y 700 viviendas han resultado arrasadas por los incendios que azotan en los últimos días el noroeste de Estados Unidos, especialmente el estado de Washington, mientras las autoridades registran este lunes 70 grandes fuegos por todo el país.

- La NASA ofrece detalles sobre los preparativos de la Crew-13, la próxima misión de rotación de tripulación a la Estación Espacial Internacional, que está prevista para mediados de septiembre. (foto) (video)

- La productividad laboral en América Latina y el Caribe crece a un ritmo por debajo de su potencial mientras prevalece la informalidad, lo que podría revertirse con reformas regulatorias y la desvinculación de beneficios al estatus de empleo, indica un estudio del Banco Interamericano de Desarrollo (BID).

- Dinamarca asume la presidencia del Consejo de Seguridad para el mes de agosto, durante el cual continuará el proceso informal de selección del próximo secretario general de la ONU.

- Músicos y admiradores de Louis Armstrong se reúnen esta tarde en Nueva York para celebrar el legado del trompetista y cantante que revolucionó el jazz con motivo del 125 aniversario de su nacimiento. (foto) (video)

MÉXICO

- La tasa de homicidios en México cayó a 21,4 por cada 100.000 habitantes en 2025, con lo que retomó su tendencia descendente tras el repunte registrado en 2024, informó el Instituto Nacional de Estadística y Geografía (Inegi). (foto)

- El Banco de México publica las remesas recibidas en los primeros seis meses del año.

- El Banco de México publica la encuesta sobre las expectativas del sector privado de julio, con nuevos pronósticos sobre la inversión y el Producto Interno Bruto (PIB) para 2026.

- Conferencia de prensa de la presidenta, Claudia Sheinbaum. (foto) (video)

- Marcha pacifica de estudiantes de la Universidad Nacional Autónoma de México (UNAM). (Foto)

- La organización México ¿cómo vamos? presenta los hallazgos del informe 'Informalidad en México: ¿Cómo vamos? 2026. Radiografía de la informalidad y la calidad del empleo: retos demográficos y tecnológicos'.

HONDURAS

- El expresidente Juan Orlando Hernández comparece ante un juez por un caso de presunto desvío de recursos estatales para financiar su campaña presidencial de 2013. (foto) (video)

- Inicia el juicio oral y público contra el exalcalde y narcotraficante Alexander Ardón por lavado de activos.

URUGUAY

- Los cinco candidatos latinoamericanos y caribeños a la Secretaría General de la ONU participan en un encuentro en el que hablarán sobre el futuro liderazgo del organismo y el papel de la región en la agenda global. (foto) (video)

- La agencia de promoción de inversiones y exportaciones Uruguay XXI presenta el informe de comercio exterior correspondiente a julio de 2026.

- El presidente del Banco Interamericano de Desarrollo, Ilan Goldfajn, brinda una conferencia de prensa. (foto) (video)

CUBA

- El paquete de reformas para liberalizar y descentralizar la economía y el surgimiento de la figura de un nieto del expresidente Raúl Castro como interlocutor con EE.UU. abre una grieta para las autoridades por un extremo imprevisto: su izquierda. (foto)

- Cuba amaneció este lunes en apagón general, el undécimo en dos años de una crisis energética total causada, en parte, por el sistema eléctrico obsoleto y agravada con el bloqueo petrolero de EE.UU., que ha cortado las importaciones de crudo a la isla. (foto) (video)

BOLIVIA

- El Gobierno de Bolivia y el Fondo Monetario Internacional (FMI) alcanzaron un acuerdo para un programa técnico por 1.900 millones de dólares que apoyarán las reformas puestas en marcha por la Administración de Rodrigo Paz para estabilizar la economía, y que marca el retorno del organismo al país andino tras más de 20 años. (foto)

ECUADOR

- El presidente de Ecuador, Daniel Noboa, se reúne con Omar Sultan Al Olama, ministro de Estado para la Inteligencia Artificial (IA), la Economía Digital y las Aplicaciones del Trabajo Remoto de Emiratos Árabes Unidos, quien también mantendrá un encuentro con el canciller ecuatoriano, Roberto Kury, entre otros altos funcionarios. (foto) (video)

- Un tribunal anuncia su decisión sobre el pedido de Fiscalía de condenar al expresidente Abdalá Bucaram, su hijo Jacobo, y otras dos personas por el delito de delincuencia organizada, por la supuesta venta irregular de pruebas para detectar la covid-19 en 2020.

- El cuy Haaland, la cuy Cleopatra y un cuy rockero son algunas de las estrellas del Festival del Cuy de Ecuador, una fiesta dedicada al conejillo de Indias, el emblemático redor de los Andes, cuyos dueños disfrazan y caracterizan de personajes conocidos para llevarse el premio a la mejor indumentaria. (foto) (video)

REPÚBLICA DOMINICANA

- El anuncio de Venezuela y República Dominicana de iniciar un ""proceso de normalización gradual"" de sus relaciones diplomáticas y consulares ha generado expectativas sobre el restablecimiento de los vínculos bilaterales.

CHILE

- El Banco Central publica el Índice Mensual de Actividad Económica (Imacec) de junio.

ARGENTINA

- Docentes iniciaron este lunes un paro nacional de 24 horas, mientras el Gobierno de Javier Milei anunció que realizará inspecciones en escuelas de todo el país para verificar el cumplimiento de los servicios mínimos previstos para la actividad educativa. (foto) (video)

- Previa de una nueva audiencia del juicio para determinar responsabilidades por la muerte de Diego Armando Maradona.

COLOMBIA

- Rueda de prensa del presidente saliente de Colombia, Gustavo Petro, quien revelará el retrato oficial que pasará a formar parte de la galería de expresidentes de la Casa de Nariño, sede del Ejecutivo. (foto)(vídeo)

- La petrolera estatal colombiana Ecopetrol y la brasileña Petrobras confirmaron este lunes un nuevo descubrimiento de gas natural en aguas profundas del Caribe colombiano, un hallazgo que refuerza el potencial gasífero de la región donde se ubican los pozos Sirius y Copoazú.

- El abogado Abelardo de la Espriella asumirá el próximo 7 de agosto como presidente de Colombia para el periodo 2026-2030 en una inédita ceremonia que tendrá lugar en Cali, la principal ciudad del suroeste del país, con la presencia de una parte del Congreso y de invitados extranjeros, entre ellos el rey Felipe VI de España. (foto)(video)

- Gustavo Petro, el primer presidente de izquierda de Colombia, cambió la forma de gobernar con la inclusión de sectores sociales que nunca habían tenido acceso al poder y la mejora de sus condiciones de vida, pero su gestión estuvo marcada por serios problemas de corrupción. (foto)(video)

- La petrolera estatal Ecopetrol presenta los resultados financieros y operativos correspondientes al segundo trimestre de este año.

- Una fiscal imputó cargos de terrorismo a cuatro presuntos integrantes de una disidencia de las FARC por su supuesta participación en el atentado con explosivos contra una estación de la emisora RCN ocurrido en noviembre del año pasado en Pasto, capital del departamento de Nariño (sur).

PANAMÁ

- Las autoridades inauguran el ejercicio multinacional Panamax 2026, que reúne 1.700 soldados de fuerzas militares de América, el Caribe y Europa. (foto) (video) (directo)

VENEZUELA

- La ONG Programa Venezolano de Educación-Acción en Derechos Humanos (Provea) exigió al Gobierno actualizar la cifra de fallecidos y desaparecidos por el doble terremoto ocurrido hace 40 días, cuyos datos oficiales permanecen congelados desde el 24 de julio en el caso de los decesos y desde el 25 de junio en el de las personas sin localizar.

- El secretario general del gobernante Partido Socialista Unido de Venezuela (PSUV), Diosdado Cabello, ofrece una rueda de prensa de la formación sobre diferentes temas de interés político. (video)

PERÚ

- Un grupo de diez peruanos, entre ellos dos niños, son repatriados desde Venezuela, tras haberse visto damnificados por los terremotos sucedidos en junio pasado. (foto)

PARAGUAY

- La Iglesia ofrece detalles de las actividades que adelantará por la Festividad de Nuestra Señora de la Asunción, patrona del país suramericano.

DEPORTES

República Dominicana.- Resumen de la jornada de los XXV Juegos Centroamericanos y del Caribe Santo Domingo 2026. (foto)

Panamá.- El Plaza Amador de Panamá intentará dejar atrás el traspié de su estreno en la Copa Centroamericana de Clubes de la Concacaf cuando reciba al Luis Ángel Firpo de El Salvador, en un duelo correspondiente a la segunda jornada del grupo A en el que buscará sumar sus primeros puntos.

Guatemala.- Previo del partido entre el Antigua GFC Guatemala y el Real Estelí de Nicaragua, correspondiente a la fase de grupos de la Copa Centroamericana de la Concacaf.

Argentina.- Concluye la tercera jornada del torneo Clausura de Argentina, con la disputa de los partidos Sarmiento-Independiente Rivadavia, Platense-Talleres, Vélez Sarsfield-Independiente, Huracán-Atlético Tucumán y Central Córdoba-San Lorenzo.

Ecuador.- Comentario del partido entre Liga Deportiva Universitaria de Quito y Delfín por la vigésima tercera fecha de la liga profesional ecuatoriana de fútbol. EFE

Mesa de Edición de América

mesaamerica@efe.com

ma/lnm",https://unitel.bo/noticias/agencias/agenda-informativa-multisoporte-america-para-el-lunes-3-de-agosto-de-2026-CM22594565
Unitel,2026-08-03,Agencias,Sheinbaum recibirá a maestros mexicanos para revisar acuerdos educativos en Oaxaca,"Ciudad de México, 3 ago (EFE).- La presidenta de México, Claudia Sheinbaum, confirmó este lunes que recibirá el próximo jueves a dirigentes de la Sección 22 de Oaxaca, grupo sindical perteneciente a la disidente Coordinadora Nacional de Trabajadores de la Educación (CNTE), después del acercamiento que sostuvo con sus representantes durante su gira por el estado sureño este fin de semana.

La mandataria aclaró que la cita no será una negociación general con toda la CNTE, sino un encuentro enfocado en demandas específicas del magisterio oaxaqueño y en revisar acuerdos alcanzados previamente con las secretarías de Gobernación y de Educación Pública.

""Vamos a hablar sobre las demandas de la (sección) 22"", afirmó Sheinbaum al ser cuestionada sobre la reunión y la posibilidad de reabrir un canal de diálogo más amplio con la Coordinadora en su habitual conferencia de prensa en el Palacio Nacional.

Entre los asuntos previstos mencionó el cumplimiento de compromisos relacionados con nuevas plazas en Oaxaca, además de ""algunos otros temas relevantes"" y cuestiones vinculadas con la educación de las niñas y los niños del estado.

La presidenta recordó que hace aproximadamente dos meses se reunió con la Sección 7 de Chiapas y que anteriormente también había mantenido encuentros con la Sección 22, mientras los titulares de Gobernación y Educación han continuado las conversaciones con sus representantes.

Además, señaló que se mantienen las consultas anunciadas por su Gobierno sobre el sistema para la carrera de las maestras y los maestros, conocido como Usicamm, uno de los temas que ha formado parte de las discusiones con el magisterio.

Según explicó, primero se realizará una consulta o encuesta sobre los asuntos considerados más relevantes y posteriormente, todavía este año, se llevará a cabo un ejercicio ""escuela por escuela"" relacionado con el cambio de Usicamm.

La reunión ocurre después de las protestas que la CNTE protagonizó entre mayo y junio en Ciudad de México, donde la Sección 22 instaló un plantón en calles del Centro Histórico y, con el inicio del paro nacional, el magisterio realizó marchas y bloqueos en vialidades como Paseo de la Reforma e Insurgentes e intentó llegar al Zócalo.

Los docentes reclamaron, entre otras demandas, la abrogación de la Ley del ISSSTE de 2007 y de la reforma educativa de 2019, además de mejoras salariales y cambios al sistema de pensiones.

La Sección 22 acordó el 19 de junio un ""cese estratégico"" de sus movilizaciones tras consultar a sus bases. EFE

jsm/csr/jrh

(foto)",https://unitel.bo/noticias/agencias/sheinbaum-recibira-a-maestros-mexicanos-para-revisar-acuerdos-educativos-en-oaxaca-BM22594599
Unitel,2026-08-03,Agencias,Países Bajos quiere que UE investigue el contexto de entrada masiva de migrantes en Ceuta,"La Haya, 3 ago (EFE).- El Gobierno neerlandés reclamó este lunes a la Comisión Europea una investigación para esclarecer cómo pudo producirse la entrada irregular de muchas más de 50.000 personas en la ciudad española de Ceuta la semana pasada, una situación que considera ""una vulneración sin precedentes de la integridad de la frontera exterior de Europa"".

En una carta remitida al Parlamento, el ministro neerlandés de Asilo y Migración, Bart van den Brink, aseguró que Bruselas, ""como guardiana de los Tratados"", debe liderar y realizar ""una investigación y evaluación exhaustivas de las causas y las deficiencias para que quede claro cómo ha podido producirse esta situación"".

El Gobierno de Países Bajos considera que la entrada masiva de migrantes en la ciudad española, ubicada en el norte de África, constituye ""una vulneración de la integridad territorial de España y, por tanto, de la Unión Europea"", una situación que califica de ""inaceptable"".

Esta será la posición que defenderá La Haya en el Consejo informal extraordinario de ministros de Justicia y del Interior, convocado para este martes para abordar la crisis migratoria en Ceuta.

Van den Brink afirma que, según la información facilitada por Madrid, ninguno de los migrantes ha continuado viaje hacia la España peninsular ni hacia otros Estados miembros de la Unión Europea (UE), ya que los desplazamientos desde Ceuta al resto del espacio Schengen están sujetos a controles fronterizos.

""Con las medidas adoptadas hasta ahora, parece que el espacio Schengen no ha sido vulnerado"", señala el ministro, quien añade que España ha reforzado la frontera exterior mediante diversas medidas, entre ellas una barrera flotante, y ha iniciado un proceso de retornos a gran escala.

No obstante, el Gobierno neerlandés considera que ""España debe hacer todo lo posible para garantizar también el retorno de los migrantes que aún no han regresado a Marruecos y seguir reforzando la frontera exterior, para evitar un efecto llamada sobre otras personas que quieran entrar irregularmente en España"", recoge la carta.

Además, solicitará que Frontex verifique el número de personas que efectivamente han sido retornadas y continúe supervisando la situación sobre el terreno, informando regularmente a los Estados miembros.

El Ejecutivo neerlandés también asegura que, si alguna persona llegada a Ceuta solicita asilo en Países Bajos, será trasladada a España conforme al Reglamento europeo de Gestión del Asilo y la Migración, con el objetivo de evitar una presión adicional sobre el sistema neerlandés de asilo.

El ministro insiste en que la crisis de Ceuta demuestra la necesidad de reforzar las fronteras exteriores de la UE y de aplicar plenamente el Pacto Europeo de Asilo y Migración.

A largo plazo, el Gobierno neerlandés mantiene además su apuesta por que las solicitudes de asilo puedan tramitarse fuera del territorio europeo y por desarrollar mecanismos como los llamados centros de retorno en terceros países.

La semana pasada, más de 50.000 personas cruzaron irregularmente la frontera entre Marruecos y Ceuta en apenas 24 horas, un episodio en el que murieron al menos 72 personas, según el Gobierno español. Las autoridades locales de Ceuta cifran en 88 las personas fallecidas, y Marruecos admitió once muertos en su territorio.

""El Gobierno lamenta profundamente la pérdida de estas vidas. Los traficantes de personas se aprovecharon de personas vulnerables, entre ellas menores de edad. El Gobierno condena estos hechos"", concluye el Ejecutivo neerlandés. EFE

ir/rja/pcc",https://unitel.bo/noticias/agencias/paises-bajos-quiere-que-ue-investigue-el-contexto-de-entrada-masiva-de-migrantes-en-ceuta-FM22594616
Unitel,2026-08-03,Agencias,La popular actriz cubana Paula Alí muere en La Habana a los 90 años,"La Habana, 3 ago (EFE).- La popular actriz cubana de la televisión, el cine, la radio y el teatro, Paula Alí, falleció este lunes en La Habana a los 90 años, según informó la Unión Nacional de Escritores y Artistas de Cuba (UNEAC).

Alí (1936), quien había recibido el pasado 22 de julio el Premio Nacional de Televisión 2026, fue ""una de las figuras más emblemáticas y queridas del espectáculo cubano con una trayectoria de más de seis décadas"", señaló el comunicado de la UNEAC.

La nota lamentó el fallecimiento de la actriz y consideró que con su muerte deja un ""vacío inmenso en la cultura de la mayor de las Antillas"".

""Su rostro se volvió familiar para varias generaciones de cubanos a través de sus participaciones en telenovelas, programas humorísticos, largometrajes y montajes teatrales"", resaltó el comunicado de la UNEAC, y señaló que ""la noticia ha conmocionado al mundo artístico y al pueblo en general"".

Alí se incorporó al mundo artístico en 1959 como modelo de televisión y en 1965 comenzó su vínculo con el Teatro Martí para luego ingresar en 1970 al grupo Teatro Estudio. Además, formó parte de otros colectivos escénicos como El Público.

La actriz también llevó su arte a escenarios internacionales mediante giras por Portugal, Yugoslavia, España, Ecuador, Venezuela y Colombia.

Recibió otros reconocimientos nacionales e internacionales como la distinción por la Cultura Nacional, la condición de Artista de Mérito de la Radio y la Televisión (2012) y el premio a Mejor Actriz en el Festival de Cartagena de Indias (2003), con la película 'Nada'. EFE

cdg/lpm",https://unitel.bo/noticias/agencias/la-popular-actriz-cubana-paula-ali-muere-en-la-habana-a-los-90-anos-CM22594633
Unitel,2026-08-03,Farándula,Bad Bunny ha demostrado que se puede liderar la industria musical sin renunciar al español,"(Autor: Flavia Monasterio)

Durante décadas el éxito internacional de los artistas latinos parecía seguir un mismo camino: conquistar el mercado estadounidense y cantar imprescindiblemente en inglés. Para muchos artistas hispanos que aspiraban a crecer internacionalmente tenían que grabar versiones en inglés de sus canciones y adaptar su sonido. El público anglosajón era visto como el siguiente paso para alcanzar la cima de la industria musical.

Sin embargo, ese paradigma ha cambiado radicalmente. La música latina ha demostrado que puede dominar el mercado global desde su propia identidad y si hay un artista que simboliza esta transformación es Bad Bunny.

¿Cómo rompió las reglas del juego?

El puertorriqueño Benito Antonio Martínez Ocasio no solo ha conseguido convertirse en una de las figuras más importantes de la música global cantando exclusivamente en español, sino que también ha demostrado que el idioma ya no representa una barrera para liderar las listas de éxitos. Ha dominado las plataformas de streaming y llenado estadios en Europa, Latinoamérica y Estados Unidos sin cambiar la esencia de su propuesta.

Este cambio histórico arranco con su cuarto álbum de estudio “Un Verano Sin Ti” , lanzado el 6 de mayo del 2022. No solo domino la lista de ventas, sino que termino convirtiéndose en el álbum en español mas escuchado de la historia del streaming. Supero los 15 millones de reproducciones en Spotify y varias de sus canciones superaron los mil millones de reproducciones. Esos números no fueron obtenidos mediante traducciones al inglés, fueron obtenidos en su versión original en español.

Su carrera ha redefinido las reglas del juego para toda una generación de artistas latinos. Lejos de adaptar su propuesta al mercado estadounidense, Bad Bunny hizo exactamente lo contrario. Apostó por mantener el español como lengua principal, reforzó las referencias a Puerto Rico dentro de sus canciones y nunca modificó su identidad artística para llegar a un público más amplio.

MIRA AQUÍ: Bad Bunny sale coronado de su residencia histórica en Madrid como rey de la música latina

Redefinió la visión del éxito

La influencia de Bad Bunny también ha cambiado la forma de pensar de otros artistas latinos.

Uno de los ejemplos más claros lo ofreció recientemente Maluma. Durante la promoción de su último álbum, “Loco x Volver” , el colombiano reconoció que durante años persiguió el llamado “sueño americano”, convencido de que la validación definitiva pasaba por triunfar en Estados Unidos y consolidándose mediante colaboraciones con artistas anglosajones.

“Ahora no. Es el sueño colombiano, es el sueño mío, es el sueño de mi tierra”, afirmó en una entrevista con All Access de Univision, moderada por Lola Lolita. Marco distancia con una lógica de la industria que durante décadas ha sido dominante para los artistas latinos.

Hoy reconoce que sus prioridades han cambiado y que su objetivo ya no pasa por conquistar Estados Unidos, sino por conectar con sus raíces, su cultura y su identidad.

Hitos que marcaron un antes y un después

La consolidación de Bad Bunny también se refleja en algunos de los escenarios históricamente reservados para artistas anglosajones.

En febrero de este año protagonizo el show de medio tiempo del Superbowl , convirtiéndose en el primer artista de habla hispana en hacer el show únicamente en español. Lejos de adaptar su repertorio, presentó una actuación centrada en la cultura puertorriqueña ante millones de espectadores de todo el mundo.

Ese mismo mes logro un acontecimiento histórico al ganar Álbum del Año en los Grammys 2026 por “DeBÍ TiRAR MáS FOToS”, convirtiéndose en el primer artista en los 68 años de historia de los premios en ganar en la categoría de Mejor Álbum del Año con un disco completamente en español.

MIRA AQUÍ: La Casa Blanca usa ‘La Mudanza’ de Bad Bunny para presumir de su política antimigratoria

El mainstream ahora se escucha en español

Más allá de los premios, las cifras de reproducciones o las giras mundiales, la mayor aportación de Bad Bunny ha sido cambiar las reglas del éxito internacional.

Ha demostrado que un artista puede liderar la conversación global sin renunciar a su idioma, a su cultura o a sus raíces. Y, al hacerlo, ha abierto la puerta para que las nuevas generaciones de músicos latinos ya no sientan la obligación de mirar hacia Estados Unidos para validar sus carreras.",https://unitel.bo/noticias/farandula/bad-bunny-ha-demostrado-que-se-puede-liderar-la-industria-musical-sin-renunciar-al-espanol-HM22594452
Unitel,2026-08-03,Seguridad,Dictan 180 días de detención preventiva para el único aprehendido por el asesinato del policía Yerson Salazar,"El único aprehendido por el asesinato del policía, Yerson Salazar Aliendres fue enviado este lunes a la cárcel con detención preventiva por 180 días.

Este agresor fue capturado horas después del crimen ocurrido en San Matías, registrado el jueves 30 de julio, y el domingo fue trasladado, junto al cuerpo de la víctima, hasta Santa Cruz de la Sierra, para que cumpla sus medidas cautelares en Palmasola, informó el comandante departamental, David Gómez.

La autoridad precisó que el hombre fue cautelado por el delito de asociación delictuosa luego de ser encontrado cerca del lugar en el que Salazar fue atacado a tiros y su cuerpo fue llenado por los delincuentes.

MIRA AQUÍ: El subteniente Yerson Salazar recibe ascenso póstumo en el Comando de la Policía en Santa Cruz

Por su lado, la Policía en coordinación con militares realizan operativos preventivos en San Matías y también buscan dar con el paradero de todos los responsables del crimen, que se presumen que son de identidad extranjera y no se descarta que ya fueran a Brasil.

Por su lado, los policías velan en el Comando Departamental a Salazar quien también recibió un ascenso póstumo este lunes , que con una normativa pasó a de subteniente a teniente de la Policía.

MIRA AQUÍ: En un día, dos vehículos chocan con motorizados que hacen fila por diésel; hay conductores heridos",https://unitel.bo/noticias/seguridad/dictan-180-dias-de-detencion-preventiva-para-el-unico-aprehendido-por-el-asesinato-del-policia-yerson-salazar-FM22593204
Unitel,2026-08-03,Seguridad,Ministro Oviedo revela que en Bolivia el PCC y Comando Vermelho “se pelean un corredor para sacar droga al exterior”,"El ministro de Gobierno, Marco Oviedo , confirmó que la ola de violencia en la frontera se debe a la disputa entre el PCC y el Comando Vermelho por el control de una ruta de droga que atraviesa Bolivia hacia el exterior.

“Hay dos grupos, el PCC y el Comando Vermelho que hoy día están peleando un corredor por el cual los narcotraficantes sacan droga hacia el exterior. Esto no va a quedar así”, advirtió Oviedo, este lunes.

La confirmación de la autoridad se da luego de haberse registrado cinco asesinatos en los últimos cinco días que se dieron en los municipios de San Ignacio de Velasco y San Matías ; mientras que en el mismo tiempo, se suman otros cuatro asesinatos ocurridos en Yapacaní y Santa Cruz de la Sierra, aunque estos podría no estar vinculados con organizaciones criminales, una hipótesis que se investiga.

MIRA AQUÍ: El subteniente Yerson Salazar será velado en el comando de la Policía y recibirá un ascenso póstumo

El ministro rechazó que el crimen organizado haya superado a la Policía y destacó los golpes al narcotráfico en los últimos seis meses: 17 capos expulsados, 283 toneladas de droga incautadas, 58 avionetas, 10 pistas clandestinas destruidas y 370 inmuebles confiscados.

“Como nunca en los últimos 20 años se han dado estos resultados. Lo que yo hago desde acá es reconocer la inmensa tarea que estamos haciendo”, concluyó.

Operaciones con Brasil

Ante el enfrentamiento entre ambas facciones criminales brasileñas, el ministro anunció que en las próximas dos semanas se lanzará el plan “Frontera Segura” con apoyo de Brasil.“

“Va a haber una oficina permanente de la policía federal en Bolivia. Se va a instalar la Policía Federal. También va a haber Policía Boliviana en el Brasil, para tener un flujo de inteligencia y de información continuo”, detalló.

MIRA AQUÍ: Tras asesinato en San Ignacio, Policía ejecuta operativos con unidades especializadas en busca de los atacantes

Oviedo explicó que estos acuerdos fueron firmados en abril por los presidentes Luiz Inácio Lula Da Silva y Rodrigo Paz Pereira, y que además habrá apoyo logístico del gobierno brasileño.",https://unitel.bo/noticias/seguridad/ministro-oviedo-revela-que-en-bolivia-el-pcc-y-comando-vermelho-se-pelean-un-corredor-para-sacar-droga-al-exterior-PM22594038
Unitel,2026-08-03,Insólito,"Intentó conquistarlo con un mensaje, pero su inesperada respuesta la dejó sin palabras","En la red social X, se ha difundido una conversación donde una joven reaccionó a una foto de Instagram para iniciar una conversación con un chico, sin embargo, él no entendió la indirecta y respondió lo contrario de lo esperado.

Lo que comenzó como un simple mensaje en Instagram terminó convirtiéndose en un hecho viral por un malentendido que desató bromas entre los usuarios.

El protagonista de la historia es identificado como David, conocido en redes como @Davidgar04, quien compartió la captura de una conversación que mantuvo con una joven después de publicar una foto en sus historias.

MIRA AQUÍ: Cayó dentro de un transporte público y años después obtuvo una indemnización millonaria

Una vez al dia pienso en esto pic.twitter.com/yfINukyexn

La chica rompió el hielo con una pregunta directa: “Holi, ¿ estás soltero ?”. Sin sospechar hacia dónde iba la charla, él respondió: “Sí, ¿por? Jajaja”.

Ella continuó con el intercambio y escribió: “ Yo también , seguido a eso lanzó la pregunta con la que dejaba en claro sus intenciones: “¿ Quieres seguir estándolo ?”.

Sin comprender el sentido del mensaje, David respondió con un directo: “ Sí ”, cerrando sin querer la posibilidad de que la conversación avance hacia un posible romance.

Al darse cuenta de que había interpretado mal la indirecta, decidió compartir la captura del chat con una frase que resumió su arrepentimiento: “ Una vez al día pienso en esto ”.

MIRA AQUÍ: De la fama al juicio: Restaurante de lujo es procesado por usar hormigas en un postre

La publicación rápidamente se volvió viral al superar los 1,4 millones de visualizaciones y acumular más de 31 mil “me gusta”.

Los usuarios reaccionaron con bromas y además de que no podían creer que hubiera dejado pasar una oportunidad tan evidente.",https://unitel.bo/noticias/insolito/intento-conquistarlo-con-un-mensaje-pero-su-inesperada-respuesta-la-dejo-sin-palabras-PM22593480
Unitel,2026-08-03,Seguridad,Hombre es herido de bala tras una discusión con su empleador por una supuesta deuda económica,"Un hombre terminó hospitalizado luego de resultar herido tras ser impactado por disparos de un arma de fuego, aparentemente tras una discusión con otro hombre por una deuda económica.

El hecho se registró en la comunidad de Villa Victoria, en el municipio de Shinahota, zona del trópico de Cochabamba, donde se involucra a un extranjero y ciudadano boliviano.

Según los primeros reportes, la víctima presuntamente tuvo una pelea con su empleador, un ciudadano de nacionalidad brasileña, quien supuestamente le debía dinero de sueldos.

MIRA AQUÍ: Militares cumplen patrullajes preventivos en San Matías ante ola de crímenes en la frontera

Sin embargo, la disputa entre ambos involucrados pasó a mayores, luego que el extranjero sacara un arma de fuego con la cual terminó atacando a su empleado llegando a impactarle al menos dos balas en su humanidad.

La víctima resultó herida por lo que terminó siendo evacuado a un centro médico de la zona, mientras que su atacante se dio a la fuga.

El informe médico señala que el hombre tenía una fractura en el brazo provocada por el proyectil , con orificio de entrada en la zona y salida en la región superior izquierda del tórax, por lo que requerirá de una intervención quirúrgica.

MIRA AQUÍ: Hallan 60 paquetes de sustancias controladas abandonados en una carretera en San Ignacio de Velasco

Personal de la Fuerza Especial de Lucha Contra el Crimen (Felcc) tomó conocimiento del hecho e inició con las investigaciones correspondientes.

Sin embargo, los primeros reportes policiales señalan un presunto vínculo del caso con actividades relacionadas al narcotráfico, por lo que se dio parte también a la Fuerza Especial de Lucha Contra el Narcotráfico (Felcn) para verificar la información. Se aguarda conocer un informe más detallado en relación al caso.",https://unitel.bo/noticias/seguridad/hombre-es-herido-de-bala-tras-una-discusion-con-su-empleador-por-una-supuesta-deuda-economica-PM22594496
Unitel,2026-08-03,Agencias,Infografías del lunes 3 de agosto de 2026,"CICLISMO TOUR - Llega la contrarreloj al Tour de Francia femenino.

SPIDER-MAN - La película 'Spider-Man: Brand New Day' ha recaudado 355 millones de dólares en taquilla durante su primer fin de semana en los cines de Estados Unidos, convirtiéndose en el mayor estreno en el país después de 'Avengers: Endgame', también de la franquicia Marvel.

TENIS WASHINGTON - La filipina Alexandra Eala conquistó el Abierto de Washington, su primer título en el circuito WTA, tras remontar a la estadounidense Jessica Pegula en una final marcada por la lluvia y que se extendió durante dos días. EFE

db/lnm

Disponibles en http://www.efeservicios.com/

Dirección de Contenidos Digitales - Agencia EFE - clientes@efe.com",https://unitel.bo/noticias/agencias/infografias-del-lunes-3-de-agosto-de-2026-EM22595735
Unitel,2026-08-03,Agencias,Michigan registra las dos primeras muertes del brote ciclosporiasis en EE.UU.,"Nueva York, 3 ago (EFE).- La ciclosporiasis causó las primeras muertes en EE.UU., con dos en el estado de Michigan, en medio de un brote que ya deja 11.234 casos en esta parte del país, según informó este lunes su Departamento de Salud y Servicios Humanos (MDHHS, en inglés).

El MDHHS indicó en su página web que los fallecidos tenían afecciones de salud ""importantes"" preexistentes ""que podrían haberse visto agravadas"" por esta infección parasitaria, que causa diarrea severa, así como por la deshidratación.

La agencia aclaró que la ciclosporiasis generalmente no es una enfermedad mortal y que la muerte por esta causa es poco común en Estados Unidos.

Además, señaló que, a 30 de julio de 2026, 193 de las personas que habían contraído la enfermedad en Michigan habían sido hospitalizadas.

Hasta ahora, el brote ha afectado a 45 estados, de acuerdo con los Centros para el Control y la Prevención de Enfermedades (CDC, en inglés).

Las autoridades federales del país vinculan el brote a lechuga iceberg cultivada en Guanajuato, en el centro de México, que después distribuyó la compañía Taylor Farms a establecimientos como Taco Bell.

No obstante, la Secretaría de Salud de México informó el pasado jueves de que los análisis para detectar ciclosporiasis en lechugas de la planta de Taylor Farms en el país arrojaron resultados negativos.

El pasado 17 de julio, esta empresa retiró del mercado lechuga iceberg procedente del país latino y que se vendía también en comercios minoristas.

El principal síntoma de esta infección es diarrea severa y frecuente, junto con pérdida de apetito y de peso, distensión abdominal, náuseas, fatiga, fiebre baja y vómitos, detallan los CDC.

La enfermedad no suele transmitirse de persona a persona, es más frecuente en los meses de calor, de mayo a agosto, y suele proceder de frutas y verduras contaminadas. EFE

asg/jco/lpm",https://unitel.bo/noticias/agencias/michigan-registra-las-dos-primeras-muertes-del-brote-ciclosporiasis-en-ee-uu-AM22595757
Unitel,2026-08-03,Agencias,Raducanu se pierde el US Open por lesión,"Londres, 3 ago (EFE).- La tenista británica Emma Raducanu se perderá el próximo US Open -que arranca el próximo 30 de agosto- por una lesión de estrés en la pierna derecha.

Raducanu, ganadora del US Open hace cinco años, no compite desde el pasado torneo de Queen's, en el que perdió la final -la segunda desde la victoria en Nueva York en 2021- y este lunes confirmó su baja en el cuarto Grand Slam de la temporada.

La británica de 23 años ha tenido una trayectoria marcada por las lesiones después de ganar aquel título en el US Open tras acceder al cuadro final desde la fase previa y sin perder un solo set en todo el torneo. Pese a las grandes expectativas que se depositaron en ella, no ha vuelto a replicar dicho éxito y en los cinco años posteriores solo ha alcanzado dos finales, ambas perdidas y ambas este año, la ya mencionada en Queen's y otra en Cluj en febrero.

Este año sólo ha podido participar en nueve torneos y, tras la final de Queen's, se tuvo que bajar de Wimbledon por un problema en la pierna. Tras anunciar la ausencia en el US Open, Raducanu no ha puesto fecha de vuelta a las pistas. EFE

msg/arh",https://unitel.bo/noticias/agencias/raducanu-se-pierde-el-us-open-por-lesion-BM22595774
Unitel,2026-08-03,Política,Las FFAA alistan la Parada Militar que este año será en la Brigada Aérea de El Alto,"Las Fuerzas Armadas ultiman los detalles para la Parada Militar, que este año se celebrará en la ciudad de El Alto desde las 08:00 del viernes 7 de agosto, cuando cumplirá 201 años.

Así lo confirmó el Comandante de las Fuerzas Armadas, Víctor Hugo Balderrama, quien confirmó la presencia del presidente Rodrigo Paz en una rueda de prensa este lunes.

MIRA AQUÍ: Ministro Oviedo revela que en Bolivia el PCC y Comando Vermelho “se pelean un corredor de droga”

“Invitar de una manera muy cordial a todo nuestro querido pueblo boliviano a participar en los festejos del 7 de agosto, el día de nuestras gloriosas Fuerzas Armadas ”, señaló.

El evento tendrá lugar en la Brigada Aérea ubicada en la avenida Juan Pablo II de la ciudad de El Alto. El ingreso será por la puerta que está junto al coliseo Héroes de Octubre.

“La gran Parada Militar se va a llevar a cabo en la ciudad de El Alto , en el interior de la Brigada Aérea”, señaló.

MIRA AQUÍ: Dictan 180 días de detención preventiva para el único aprehendido por el asesinato del policía Yerson Salazar

El ingreso es “libre y gratuito”, precisó el jefe militar, quien además anunció que en las otras guarniciones se desarrollarán eventos similares .",https://unitel.bo/noticias/politica/las-ffaa-alistan-la-parada-militar-que-este-ano-sera-en-la-brigada-aerea-de-el-alto-AM22594105
Unitel,2026-08-03,Política,"Los 9 gobernadores confirmaron su presencia para la reunión con el presidente en Sucre, dice la Gobernación de Chuquisaca","Los nueve gobernadores de Bolivia confirmaron su presencia para la reunión con el presidente Rodrigo Paz, que se realizará este miércoles en la capital del país, Sucre.

La información fue brindada a medios estatales por el jefe de gabinete de la Gobernación de Chuquisaca, Juan Carlos Astroya, quien confirmó que se cambió la sede del encuentro y se decidió que sea la Casa de la Libertad.

MIRA AQUÍ: Hallan 60 paquetes de sustancias controladas abandonados en una carretera en San Ignacio de Velasco

Confirmó que uno de los temas que se tratará será el 50-50, una propuesta de redistribución de recursos a los niveles subnacionales.

El presidente reiteró que el debate sobre el 50/50 no se limita a la redistribución de recursos, sino que implica la construcción del Estado desde las regiones con una visión de mediano y largo plazo.

El mandatario remarcó que para alcanzar este objetivo se requiere un cambio de mentalidad y actitud frente a un Estado centralista en sus distintos niveles, además de la construcción de una gran alianza.

“Para eso se requiere una gran alianza por encima de intereses políticos”, afirmó el presidente, según ABI.

MIRA AQUÍ: Asesinatos en Santa Cruz: Presidenta de la ALD exige al Gobierno reforzar lucha contra organizaciones criminales

Agregó que ya existen avances con la aprobación de normas en la Asamblea Legislativa Plurinacional (ALP) orientadas a fortalecer a las regiones.

El Gobierno confirmó igual que se tiene prevista una reunión técnica previa para abordar las propuestas planteadas.

A su vez, el gobernador de Santa Cruz, Juan Pablo Velasco, expresó su expectativa de que en la reunión técnica se analicen las propuestas y se llegue con consensos al encuentro con el Gobierno.",https://unitel.bo/noticias/politica/los-9-gobernadores-confirmaron-su-presencia-para-la-reunion-con-el-presidente-en-sucre-dice-la-gobernacion-de-chuquisaca-CM22594475
Unitel,2026-08-03,Agencias,Eala gana su primer título WTA tras vencer a Pegula en la final de Washington,"Washington, Estados Unidos, 3 Ago 2026 (AFP) -

La filipina Alexandra Eala, una de las figuras emergentes del tenis, ganó su primer título profesional al vencer este lunes a la estadounidense Jessica Pegula en la final del torneo WTA 500 de Washington.

Eala, de 21 años, empezó perdiendo en un choque que inició el domingo y que se alargó hasta el lunes por las lluvias. Pero dio vuelta a la pizarra con un 4-6, 6-4 y 6-0 sobre la pista dura de la capital estadounidense.

La zurda filipina se embolsó su primera corona en el circuito en una hora y 45 minutos de juego neto, sin contar la interrupción por el mal clima.

Parte del partido ente Eala y Pegula alcanzó a jugarse la víspera, con un marcador 4-6 y 1-2 a favor de la tercera del ranking mundial, gran favorita a la vitoria y que disputó su cuarta final del año.

Pero la joven realizó un servicio sólido y desplegó una impresionante variedad de golpes ganadores para impedir que Pegula lograra su duodécimo título de su carrera y el tercero de este año.

Eala, número 28 del escalafón WTA, se estrenó en el torneo de Washington, donde jugó su segunda final en el circuito, tras quedar subcampeona en Eastbourne el año pasado.

La filipina fue aclamada con entusiasmo durante toda la semana en su camino hacia la final, con victorias sobre las principales favoritas: Elina Svitolina, Naomi Osaka y Leylah Fernández.

Se prevé que la flamante campeona ascienda ahora al puesto 20 del mundo, el mejor de su carrera.

La lluvia también provocó el aplazamiento para este lunes de la final masculina de la ATP entre el estadounidense Taylor Fritz, número 10 del ranking, y el español Rafael Jódar, de 19 años.

raa/iga",https://unitel.bo/noticias/agencias/eala-gana-su-primer-titulo-wta-tras-vencer-a-pegula-en-la-final-de-washington-PM22595820
Unitel,2026-08-03,Agencias,"Milei afirma que la alianza con EEUU es la ""llave"" para recuperar las islas Malvinas","Buenos Aires, 3 ago (EFE).- El presidente de Argentina, Javier Milei, afirmó este lunes que la alianza con el Gobierno de Estados Unidos es la ""llave"" para recuperar las islas Malvinas y culpó a su vicepresidenta, Victoria Villarruel, de provocar ""tensión"" con el Gobierno británico por unas declaraciones sobre este asunto.

""Estados Unidos ha cambiado su visión estratégica del mundo, mira esto desde una perspectiva política y es necesario un aliado confiable en el paso del Atlántico al Pacífico. Argentina está cumpliendo con todas esas condiciones y esa es la llave que nos va a permitir recuperar Malvinas"", dijo Milei en una entrevista con Radio Mitre.

Sobre el reclamo soberano de Argentina, que en 1833 perdió el control del archipiélago atlántico -cuando pasó a manos británicas-, dijo: ""La causa de Malvinas no es negociable y nosotros desde el regreso de la democracia somos los que más hicimos para el objetivo final, que es que las islas Malvinas, Georgias, Sandwich del Sur y todo el espacio marítimo circundante vuelvan a la Argentina"".

Resaltó que, ""por primera vez, la ONU obliga a Inglaterra a sentarse a dialogar"", una declaración que choca con el hecho de que hasta la fecha, y durante décadas, el organismo internacional solo ha emitido resoluciones no vinculantes a favor de Argentina y nunca hubo negociaciones oficiales entre Buenos Aires y Londres al respecto.

Milei añadió que ""en la propia Inglaterra están divididas las aguas"" porque ""hay partes del espectro político que consideran que nos tienen que devolver las islas porque son nuestras"".

En la misma entrevista, criticó a su vicepresidenta Villarruel, quien en vísperas de las semifinales del Mundial 2026 había expresado vía redes sociales que Argentina se enfrentaría a ""piratas usurpadores"" e ""invasores, y que ese encuentro se emparentaba con el conflicto por las Malvinas.

""Esa situación sí generó alguna tensión en Londres y hubo alguna comunicación con el país"", reconoció Milei, molesto por la intervención de Villarruel en este asunto, días después de que la vicepresidenta insinuara que el presidente padece problemas de salud mental.

Milei insistió sobre quien fue su socia en las elecciones de 2023 y hoy enemiga política: ""Es alguien intrascendente dentro del Gobierno y todo el mundo sabe que es una opositora"".

También reconoció estar al tanto del proyecto de producción hidrocarburífera Sea Lion en una zona marítima reclamada por Argentina y cercana a las Malvinas, que está siendo desarrollado por empresas británicas e israelíes: ""Hemos hecho los reclamos pertinentes y se está discutiendo en el plano diplomático"".

""Somos aliados de Estados Unidos e Israel, pero esa es una empresa privada. En un país serio no se hace injerencia en el sector privado"", argumentó. EFE

smo/erm/nvm",https://unitel.bo/noticias/agencias/milei-afirma-que-la-alianza-con-eeuu-es-la-llave-para-recuperar-las-islas-malvinas-JM22595837
Unitel,2026-08-03,Agencias,Un refugio para un mono amenazado en Brasil es declarado 'Patrimonio de la Vida Salvaje',"Río de Janeiro, 3 ago (EFE).- El Parque Ecológico Mico-Leão-Dourado, un refugio en el estado brasileño de Río de Janeiro en el que los turistas pueden observar en libertad ejemplares del tamarino león dorado, uno de los primates más amenazados del mundo, fue reconocido como la primera 'Área de Patrimonio de la Vida Salvaje' terrestre del planeta.

La certificación fue concedida por la organización internacional Protección Animal Mundial, que explicó -en un comunicado- este lunes que la distinción identifica destinos que combinan el turismo responsable de observación de fauna con elevados estándares de bienestar animal y conservación de la naturaleza.

Hasta ahora, el programa, desarrollado junto con la World Cetacean Alliance, solo había distinguido doce áreas marinas dedicadas principalmente a la observación responsable de ballenas y otros cetáceos, por lo que el parque brasileño se convirtió en el primer refugio terrestre en integrar la red.

La designación llega en un momento especialmente simbólico para el tamarino león dorado, también conocido como tití león dorado o tití leoncito, una especie endémica del Bosque Atlántico brasileño que estuvo al borde de la desaparición hace medio siglo.

A comienzos de la década de los años setenta del siglo pasado se estimaba que apenas sobrevivían unos doscientos ejemplares en estado silvestre debido a la destrucción de su hábitat y al tráfico ilegal de fauna.

Sin embargo, décadas de trabajo coordinado por la Asociación Mico-Leão-Dourado (AMLD), la responsable por el parque ecológico, permitieron revertir parcialmente esa situación.

Según el más reciente censo divulgado por la entidad en 2023, la población silvestre asciende actualmente a unos 4.800 individuos, un resultado considerado uno de los mayores casos de éxito en la conservación de primates en el mundo, aunque la especie continúa catalogada como ""En Peligro"" de extinción.

El parque ecológico ofrece senderos guiados por fragmentos del Bosque Atlántico en los que los visitantes pueden observar a los primates en su ambiente natural, además de actividades de educación ambiental y programas de sensibilización sobre la conservación de la biodiversidad.

Convertido en uno de los símbolos de la biodiversidad brasileña, el tamarino león dorado aparece en el billete de veinte reales y fue uno de los candidatos para convertirse en la mascota de los Juegos Olímpicos de Río de Janeiro 2016. EFE

cm/jmc/jrg",https://unitel.bo/noticias/agencias/un-refugio-para-un-mono-amenazado-en-brasil-es-declarado-patrimonio-de-la-vida-salvaje-MM22595854
Unitel,2026-08-03,Mundo,Trump dice que Irán debe elegir entre un “acuerdo” o la “rendición total”,"El presidente Donald Trump advirtió el lunes a Irán que el bloqueo naval de Estados Unidos continuará hasta que haya un “ acuerdo o rendición total ”, después de que Teherán negara estar en negociaciones con Washington.

La arremetida se produce mientras persiste la tensión entre Washington y Teherán por el programa nuclear iraní y la seguridad en el estrecho de Ormuz, una ruta estratégica para el comercio energético mundial.

”¡ Los líderes iraníes son increíblemente falaces y engañosos. ! Piden una reunión, algunos dirían que ' suplicante ', comienzan las conversaciones, con más programadas para un futuro inmediato, y ellos dicen, abiertamente y con orgullo, que no están manteniendo ninguna conversación”, dijo Trump en su plataforma Truth Social.

Teherán afirmó el lunes que las únicas conversaciones que mantienen son con Omán, para pactar la gestión del estrecho de Ormuz.

Trump insistió en que ese pasaje “ ya está completamente controlado por la Marina de Estados Unidos ”.

MIRA AQUÍ: Capturan en México a 'Poncho', líder del Cartel de Los Reyes por el que EEUU ofrecía una recompensa de $us 5 millones

Y en referencia al bloqueo de los puertos iraníes, agregó: “ Nada llega a Irán , a menos que queramos que lleguemos, y nada llegará, a menos que se logre un Acuerdo o una Rendición Total ”, escribió.

El presidente estadounidense, siguiendo un esquema que se ha vuelto familiar desde el inicio de la guerra hace cinco meses, amenazó a Irán con bombardeos masivos antes de dar súbitamente marcha atrás y asegurar el domingo que las negociaciones con Teherán se reanudarían el lunes.

Trump, que abrió las hostilidades contra Irán junto con Israel el 28 de febrero, ha hecho anuncios similares en el pasado, sin poder presentar resultados fehacientes de esas negociaciones.

”Hay un acuerdo sobre (el estrecho de Ormuz) y habrá un acuerdo en lo nuclear , o podrías llamarlo la desnuclearización de Irán”, aseguró el domingo.

Triunfo dijo al inicio del conflicto que la guerra era necesaria para contrarrestar el programa nuclear iraní. Teherán , sin embargo, insiste en que su programa es exclusivamente de naturaleza civil.

MIRA AQUÍ: De la Espriella rompe la tradición y traslada la investidura presidencial de Bogotá a Cali.

A pesar de los repetidos ataques estadounidenses, Irán mantiene la capacidad de lanzar misiles y drones contra instalaciones militares y diplomáticas de Estados Unidos en toda la región, y los ataques iraníes a barcos en Ormuz han afectado gravemente al comercio energético mundial.",https://unitel.bo/noticias/mundo/trump-dice-que-iran-debe-elegir-entre-un-acuerdo-o-la-rendicion-total-HM22596177
Unitel,2026-08-03,Seguridad,Abogado muere tras ser atropellado por un vehículo; el conductor huyó sin auxiliarlo,"Un hombre perdió la vida tras ser atropellado por el conductor de un vehículo que lo abandonó en la vía sin prestarle ningún tipo de auxilio para luego darse a la fuga.

El hecho se registró en la calle Jaillita, en la zona norte de la ciudad de Cochabamba, donde la víctima es un abogado de 30 años, quien fue arrollado en circunstancias que aún se investigan.

“El cual ha sido de manera intempestiva, ha sido atropellada por un vehículo de la cual se desconoce sus características y persona o el conductor no identificado ”, manifestó Hernán Soto, subdirector de Tránsito.

MIRA AQUÍ: Hallan 60 paquetes de sustancias controladas abandonados en una carretera en San Ignacio de Velasco

De acuerdo con el informe, el conductor lejos de auxiliar al hombre, lo abandonó en el lugar tras el impacto, siendo los transeúntes del lugar quienes alertaron a los equipos de emergencia para que puedan auxiliarlo.

Sin embargo, cuando los paramédicos llegaron al lugar de los hechos, la víctima ya no presentaba signos vitales, por lo que se llamó a la Policía para que proceda con el levantamiento legal de los restos mortales.

“Es de profesión abogado, la cual ya se encuentra con sus familiares. Asimismo, se han realizado el registro del lugar del hecho con varias cámaras de seguridad y esperando tener resultados más adelante”, manifestó.

MIRA AQUÍ: Hombre es herido de bala tras una discusión con su empleador por una supuesta deuda económica

El cuerpo fue trasladado a dependencias del Instituto de Investigaciones Forenses (IDIF) de la Fiscalía para que le puedan realizar la autopsia correspondiente, mientras que Tránsito inició con las investigaciones para identificar y capturar al conductor responsable del hecho.",https://unitel.bo/noticias/seguridad/abogado-muere-tras-ser-atropellado-por-un-vehiculo-el-conductor-huyo-sin-auxiliarlo-IM22596295
Unitel,2026-08-03,Seguridad,Caso maletas: Dictan arresto domiciliario sin escolta para Laura Rojas y fijan fianza de Bs 50.000,"La exdiputada Laura Rojas fue beneficiada con detención domiciliaria sin escolta , fianza de Bs 50.000 y arraigo, tras una audiencia de modificación de medidas cautelares, confirmó el comandante departamental de la Policía, David Gómez.

La decisión se conoció cinco meses después de que la exautoridad fue enviada a la cárcel de Palmasola por el ingreso de maletas que evadieron el control de Aduana.

La medida se tomó por la investigación por tráfico de sustancias controladas, asociación delictuosa y confabulación. No obstante, la exautoridad aún tiene detención preventiva por el caso de legitimación.

MIRA AQUÍ: Ministro Oviedo revela que en Bolivia el PCC y Comando Vermelho “se pelean un corredor para sacar droga al exterior”

Gómez indicó que esperarán que les remitan el listado de requisitos para que Rojas para presentar las accciones que se seguirán.

“Seguramente van a presentar los requisitos, en virtud a ello segurose seguirán acciones”, sostuvo.

MIRA AQUÍ: Hallan 60 paquetes de sustancias controladas abandonados en una carretera en San Ignacio de Velasco",https://unitel.bo/noticias/seguridad/caso-maletas-dictan-arresto-domiciliario-sin-escolta-para-laura-rojas-y-fijan-fianza-de-bs-50000-EM22595100
Unitel,2026-08-03,Seguridad,El subteniente Yerson Salazar recibe ascenso póstumo en el Comando de la Policía en Santa Cruz,"El cuerpo del subteniente Yerson Salazar fue trasladado la mañana de este lunes al Comando Departamental de Santa Cruz, donde recibe los honores de reconocimiento. Es la víctima de sicarios extranjeros, que lo atacaron cuando se dirigía a San Matías a investigar múltiples crímenes registrados un día antes, el miércoles 29 de julio.

El ataúd está cubierto con una bandera boliviana y hay dos policías a cada lado , están con sable policial. Está rodeado por varias guirnaldas de reconocimiento.

MIRA AQUÍ: El subteniente Yerson Salazar será velado en el comando de la Policía y recibirá un ascenso póstumo

Con la presencia del ministro de Gobierno Marco Oviedo, comenzó el homenaje póstumo poco después de las 11:30.

Uno de los policías fue el encargado de leer la norma con la que se dictó el ascenso póstumo de Salazar de subteniente a teniente. También se le concedió la condecoración al valor por “actos de heroismo y valor”.

Salazar era un policía joven, menor de 30 años, y había recibido la instrucción de trasladarse desde Santa Cruz de la Sierra hasta San Matías para investigar el ataque armado que inicialmente dejó tres muertos y un herido y luego se confirmó que los decesos subieron a cuatro.

La familia de Salazar recuerda que el joven uniformado desde pequeño quiso convertirse en policía y comenzó su formación en esa área. Además, lo recuerda como una persona muy tranquila.

El cuerpo de la víctima llegó el domingo a la capital cruceña. El subcomandante de la Policía de Santa Cruz, Juan Román Peña, lamentó que se confirmó que el cuerpo del teniente fue quemado por los sicarios, que luego se dieron a la fuga; se presume que fugaron a Brasil.

MIRA AQUÍ: Delincuentes armados roban Bs 280.000 en una vivienda de El Alto

Por este caso, hay solo una persona aprehendida, contra quien la Justicia ya dictó detención preventiva y fue trasladada en el mismo helicóptero que el subteniente desde San Matías hasta la capital cruceña.",https://unitel.bo/noticias/seguridad/el-subteniente-yerson-salazar-recibe-ascenso-postumo-en-el-comando-de-la-policia-en-santa-cruz-IM22590293
Unitel,2026-08-03,Seguridad,Ministro de Gobierno anuncia que se instalará una oficina permanente de la Policía Federal de Brasil en Bolivia,"El ministro de Gobierno, Marco Oviedo, anunció que la Policía Federal de Brasil instalará una oficina permanente en Bolivia para coadyuvar con las investigaciones tras la seguidilla de asesinatos que se registrando en los últimos días.

“Va a haber una oficina permanente de la Policía Federal en Bolivia, se va a instalar la Policía Federal. V a a haber Policía Boliviana en el Brasil para tener un flujo de inteligencia y de información continuo, y va a haber una tarea de apoyo logístico del gobierno brasilero a través de la Policía Federal”, explicó la autoridad.

Oviedo señaló que esto pertenece a los acuerdos que realizaron el presidente Rodrigo Paz y su homólogo de Brasil, Luis Ignacio Lula Da Silva, durante su encuentro en el pasado mes de abril.

MIRA AQUÍ: Rafael Arce, hijo del expresidente Luis Arce, es acusado por enriquecimiento ilícito con afectación al Estado

Además, el ministro anunció que en las próximas dos semanas se lanzará el plan “Fronteras Seguras”, donde se instalarán mecanismos de control y represión de hechos delictivos en las fronteras con Brasil vinculadas al narcotráfico, como Cobija, Guayaramerín, San Matías y Puerto Suarez.

“Son puntos por los cuales sale la droga, i ngresan los malhechores, y vamos a hacer un acto conjunto entre la Policía Boliviana y la Policía brasileña”, remarcó.

En el departamento de Santa Cruz se registraron nueve asesinatos en tan solo cinco días que ocasionaron conmoción en el país ante la ola de violencia registrada, además de que uno de los abatidos es era un subteniente de la Policía que investigaba los crímenes en San Matías.

MIRA AQUÍ: Dictan 180 días de detención preventiva para el único aprehendido por el asesinato del policía Yerson Salazar

La Policía desplegó un operativo de más de 200 uniformados para investigar y resguardar el municipio de San Matías, y más adelante, también San Ignacio de Velasco.

Por parte del Gobierno, ap untan a una pugna de poder entre dos grupos criminales: el Primer Comando de la Capital (PCC) y el Comando Vermelho, por el control de una ruta de droga que atraviesa Bolivia hacia el exterior.",https://unitel.bo/noticias/seguridad/ministro-de-gobierno-anuncia-que-se-instalara-una-oficina-permanente-de-la-policia-federal-de-brasil-en-bolivia-NM22597028
Unitel,2026-08-03,Seguridad,"Rafael Arce, hijo del expresidente Luis Arce, es acusado por enriquecimiento ilícito con afectación al Estado","El Ministerio Público emitió una acusación formal por el delito de enriquecimiento contra Rafael Arce Mosqueira, hijo del expresidente de Bolivia, Luis Arce, y pide una sentencia condenatoria.

MIRA AQUÍ: Acusados de atraco en casa de cambios también serán procesados por tráfico de droga

Con la acusación formal presentada por la Fiscalía, solo resta que se establezca la fecha y hora para el inicio del juicio.

Cabe recordar que existe una orden de aprehensión contra Rafael Arce, quien además ha sido declarado rebelde al no haberse presentado a la audiencia de medidas cautelares que debía instalarse en enero.

Semanas atrás, cuando la Fiscalía hizo conocer la imputación contra el hijo del expresidente se reportaron “movimientos económicos millonarios” que no coincidían con su perfil económico de ingresos.

MIRA AQUÍ: Ministro Oviedo: “El Gobierno ha definido como tarea prioritaria detener a Evo Morales”

En la imputación, la Fiscalía pidió seis meses de detención preventiva y la activación del sello rojo.",https://unitel.bo/noticias/seguridad/rafael-arce-hijo-del-expresidente-luis-arce-es-acusado-por-enriquecimiento-ilicito-con-afectacion-al-estado-MM22597847
Unitel,2026-08-03,Economía,Doria Medina ve en el auge minero una puerta para estabilizar el tipo de cambio y fortalecer el comercio exterior,"El líder de Unidad Nacional, Samuel Doria Medina, observó que el repunte de las exportaciones mineras abre una oportunidad para el ingreso de divisas, claves para estabilizar el tipo de cambio y apuntalar el comercio exterior, siempre que el Gobierno adopte las condiciones financieras necesarias para canalizar las divisas que genera el sector.

Según el Instituto Boliviano de Comercio Exterior (INE), Bolivia acumuló un superávit comercial de $us 1.669 millones entre enero y junio de 2026, pese a los bloqueos registrados en mayo y junio que afectaron las exportaciones en esos meses, impulsado principalmente por la minería y la industrialización de minerales.

“La minería vuelve a traer dólares al país. En el primer semestre, un aumento interanual de 180% de la plata y de 175% del oro ha determinado que las exportaciones se eleven en 55% respecto al mismo periodo de 2025”, sostuvo Doria Medina en un mensaje difundido este lunes.

MIRA AQUÍ: Analista plantea mayor apoyo a la producción para consolidar el superávit comercial y atraer divisas

Entre enero y junio de este año, las exportaciones nacionales sumaron $us 6.407,5 millones, un incremento de 55% frente a los $us 4.125,8 millones registrados en igual periodo de 2025. El principal impulso provino de la extracción de minerales, cuyas exportaciones alcanzaron $us 2.902,3 millones, frente a los $us 1.576,1 millones del primer semestre de 2025.

Dentro del sector minero destacó el mineral de plata, con ventas por $us 1.836,5 millones y un crecimiento interanual de 180,3%. También sobresalió el mineral de zinc, cuyas exportaciones llegaron a $us 794 millones.

Mientras que el oro metálico registró un crecimiento interanual de 175,5% y alcanzó ventas externas por $us 172,5 millones, consolidándose como uno de los productos que más contribuyó al fortalecimiento de la balanza comercial durante el primer semestre.

MIRA AQUÍ: Bolivia registró un superávit comercial $us 1.669 millones entre enero y junio de este año, según el INE

“Si el Gobierno crea las condiciones financieras adecuadas, buena parte de estos recursos servirán a la estabilización del tipo de cambio y mejorarán las condiciones de importación de productos, sobre todo de combustibles”, agregó Doria Medina.

El líder de UN resaltó que estos resultados servirán para la recuperación del crecimiento en 2027, estimando también que este año puede cerrar con un superávit comercial cercano a los $us 3.000 millones.",https://unitel.bo/noticias/economia/doria-medina-ve-en-el-auge-minero-una-puerta-para-estabilizar-el-tipo-de-cambio-y-fortalecer-el-comercio-exterior-KM22598013
Unitel,2026-08-03,Branded Content,La nueva HONOR 600 Series llega a Bolivia y marca una nueva era de experiencias impulsadas por Inteligencia Artificial,"HONOR anunció la llegada de la nueva HONOR 600 Series al mercado boliviano, su nueva familia de smartphones premium impulsados por inteligencia artificial. El lanzamiento se realizó durante un desayuno con medios e influencers, un encuentro en el que la marca presentó a “El Genio de la IA”, reflejando su compromiso con la innovación y por acercar tecnologías inteligentes capaces de potenciar la creatividad, la productividad y la experiencia móvil de los usuarios.

La HONOR 600 Series combina innovación, diseño y rendimiento en una misma propuesta. Entre sus principales novedades destaca la función Imagen a Video IA 2.0, que permite transformar fotografías en videos generados con inteligencia artificial directamente desde la galería del dispositivo. Uno de los modelos que integra esta familia es el HONOR 600e, que combina un elegante diseño forjado en metal con una batería de 6.520 mAh diseñada para ofrecer una autonomía prolongada. La experiencia se complementa con un avanzado sistema de cámaras impulsado por inteligencia artificial, un botón dedicado para acceder rápidamente a funciones inteligentes y herramientas de IA que potencian tanto la creación de contenido como la productividad en el día a día.

La función Imagen a Video IA 2.0 representa uno de los principales características de la HONOR 600 Series. Integrada de forma nativa en la galería del dispositivo, permite convertir imágenes estáticas en videos mediante inteligencia artificial, sin necesidad de descargar aplicaciones adicionales. La herramienta ofrece diferentes estilos creativos para que los usuarios puedan generar contenido de manera sencilla, intuitiva y personalizada.

”Estamos muy entusiasmados por presentar la HONOR 600 Series, una propuesta que combina diseño premium, fotografía de última generación e innovaciones impulsadas por inteligencia artificial. Este lanzamiento refleja el compromiso de HONOR por seguir liderando la evolución de la IA en dispositivos móviles, integrando tecnologías que transforman la experiencia de nuestros usuarios”, afirmó Melisa Paz, Gerente de Marketing de HONOR .

Como parte de esta presentación, HONOR preparó regalos de lanzamiento para quienes adquieran los nuevos dispositivos de la HONOR 600 Series. Los compradores del HONOR 600e recibirán de regalo unos audífonos inalámbricos de HONOR y, en el caso de la versión de 256 GB, accederán además a un beneficio adicional de cashback de Bs 200. Por su parte, quienes elijan el HONOR 600 también obtendrán unos audífonos inalámbricos de HONOR de regalo, como parte de una oferta diseñada para brindar mayor valor a la experiencia de compra, todos hasta agotar stock.

Además, HONOR anunció una alianza exclusiva con KRECE, entidad que otorgará la facilidad de pago en cuotas para la compra de smartphones HONOR en Bolivia . Quienes deseen adquirir el nuevo HONOR 600e podrán hacerlo con una cuota inicial aproximada desde Bs 1.275 y completar el pago en 10 cuotas quincenales de alrededor de Bs 590.

Agregando a las acciones de lanzamiento ofertadas por la marca, HONOR puso en marcha el concurso “Hincha de la IA”, una iniciativa que invita a los usuarios a participar de un concurso en el que podrás probar la función Imagen a Video IA 2.0, lo único que debes hacer es registrarte en la página web de HONOR: honor.com.bo y cargar tus fotos favoritas, con eso HONOR te enviará tu video generado con la HONOR 600 Series para que puedas publicarlo en tu TikTok con el hashtag #HinchadelaIA y la mención a @honorbolivia. el video con más vistas será el ganador.

Con la llegada de la HONOR 600 Series, la marca continúa fortaleciendo su portafolio en Bolivia y reafirma su compromiso de acercar la innovación tecnológica a más personas mediante dispositivos que integran inteligencia artificial, diseño premium y herramientas pensadas para responder a las nuevas formas de crear, comunicar y compartir contenido.",https://unitel.bo/noticias/branded-content/la-nueva-honor-600-series-llega-a-bolivia-y-marca-una-nueva-era-de-experiencias-impulsadas-por-inteligencia-artificial-AA22553416
Unitel,2026-08-03,Seguridad,Hallan en San Julián un vehículo con armas que eran trasladadas desde Beni para ser entregadas en Santa Cruz,"La Policía halló armas en un vehículo que se trasladaba hacia San Julián por lo que se aprehendió a un extranjero, confirmó el comandante de la Policía en Santa Cruz, David Gómez.

“El día de ayer (domingo) en horas de la madrugada, en un operativo en San Julián se ha logrado detener un vehículo, en cuyo interior se halló tres armas de fuego”, sostuvo.

MIRA AQUÍ: Ola de asesinatos: Policía confirma disputa entre PCC y Comando Vermelho por el control del narcotráfico en Bolivia

Las armas que fueron halladas son un fusil y dos rifles , que estaban hábilmente camufladas en la estructura del motorizado.

Gómez explicó que se aprehendió a dos personas que estaban en el vehículo y que luego se realizaron otros operativos en los que se aprehendió a otras cuatro personas.

El comandante de la Policía, David Gómez, informó que se conoció que estas armas fueron trasladadas desde Beni y debían ser entregadas en Santa Cruz.

“Se tiene identificada a la persona que iba a ser destinataria de estas armas” , sostuvo.

MIRA AQUÍ: Autopsia confirma 22 impactos de bala en contra del veterinario asesinado en San Ignacio de Velasco",https://unitel.bo/noticias/seguridad/hallan-en-san-julian-un-vehiculo-con-armas-que-eran-trasladadas-desde-beni-para-ser-entregadas-en-santa-cruz-JM22590810
Unitel,2026-08-03,Economía,Artesanos del calzado de cuero señalan que hay un alza de precios en insumos por la subida del dólar,"Artesanos dedicados a la confección de calzados de cuero señalaron que el incremento del precio del dólar ha elevado el costo de la materia prima y otros insumos necesarios para su producción. Los microempresarios pidieron al Gobierno tomar medidas para regular la divisa.

“El dólar está subiendo todos los días y ya es demasiado. Antes pagábamos 140 bolivianos la docena de tacos y ahora cuesta 150 bolivianos. Lo mismo ocurre con las plantas y otros materiales”, dijo una artesana del sector.

MIRA AQUÍ: Exportación de gas cayó por debajo de los $us 500 millones en el primer semestre de este año, según el INE

La microempresaria explicó que para elaborar un par de calzados se requiere el trabajo de al menos tres operarios y que sus salarios también deben cubrirse. Además ha indicado que las ventas han disminuido debido al costo del dólar.

“Nosotros no podemos subir los precios porque los clientes dejan de comprar. Hay mucha competencia y eso nos perjudica. Además, los clientes siempre piden rebaja. La elaboración de calzados no depende de una sola persona, también generamos empleo. Pedimos ayuda al Gobierno”, manifestó.

En las últimas semanas, varios sectores han reportado un incremento en los precios de productos e insumos importados, debido a las variaciones en el tipo de cambio, dijeron los comerciantes.

MIRA AQUÍ: Bolivia registró un superávit comercial $us 1.669 millones entre enero y junio de este año, según el INE

El Banco Central de Bolivia (BCB), compartió la cotización oficial del dólar para el fin de semana y este lunes 3 de agosto , mostrando por primera vez un descenso en la moneda extranjera.

La cotización oficial es de Bs 12,13 que refleja una bajada de dos centavos de dólar en comparación de la jornada pasada, que estaba en Bs 12,15.",https://unitel.bo/noticias/economia/artesanos-del-calzado-de-cuero-senalan-que-hay-un-alza-de-precios-en-insumos-por-la-subida-del-dolar-NM22597684
Unitel,2026-08-03,Branded Content,"Hot Sale Bolivia ya calienta motores: Dismac, Gladymar y Fair Play confirman grandes descuentos del 13 al 23 de agosto","La cuenta regresiva comenzó. Del 13 al 23 de agosto , los consumidores podrán acceder a una nueva edición del Hot Sale Bolivia , la campaña de comercio electrónico que reunirá promociones especiales y descuentos en cientos de productos de distintas categorías.

Las marcas Dismac , Gladymar y Fair Play ya confirmaron su participación en esta edición del Hot Sale y anunciaron que ofrecerán grandes descuentos durante los diez días de la campaña, brindando a los consumidores la oportunidad de acceder a ofertas especiales en una amplia variedad de productos.

Bajo el concepto de que “sube la temperatura y bajan los precios”, la campaña invita a los compradores a preparar su lista de deseos y visitar Hotsale.bo , donde estarán disponibles las promociones de las marcas participantes entre el 13 y el 23 de agosto .

Los organizadores destacan que las promociones tendrán una duración limitada, por lo que recomiendan ingresar con frecuencia al sitio web para descubrir las ofertas disponibles y aprovechar las mejores oportunidades antes de que finalicen.

El Hot Sale se desarrollará hasta el 23 de agosto , consolidándose como una de las principales iniciativas de comercio electrónico del país, con beneficios para quienes buscan ahorrar en productos de distintas categorías y marcas reconocidas.

Los interesados ya pueden ingresar a Hotsale.bo para conocer las marcas participantes y prepararse para aprovechar los descuentos que estarán disponibles durante esta nueva edición del Hot Sale.",https://unitel.bo/noticias/branded-content/hot-sale-bolivia-ya-calienta-motores-dismac-gladymar-y-fair-play-confirman-grandes-descuentos-del-13-al-23-de-agosto-CG22600471
Unitel,2026-08-03,Mundo,Detienen en Bolivia a exdiputado brasileño con sentencia que era buscado por la Justicia,"El exdiputado brasileño Roberto Razuk Filho (PL), conocido como Neno Razuk, fue detenido en Bolivia, tras ingresar y permanecer en el país de manera irregular. El sujeto fue entregado a la Policía Federal de Brasil.

Según los reportes de los medios de Brasil, Razuk fue localizado la noche del domingo mientras viajaba en un vehículo con rumbo a la ciudad de Santa Cruz de la Sierra.

En tanto, el delegado de la Policía Federal de Corumbá, Estevão Baesso, indicó que Neno Razuk fue entregado a la Policía Federal alrededor de la medianoche en la frontera internacional.

En horas de la mañana, la exautoridad fue enviado al Instituto de Medicina Legal y Odontología (IML) en Brasil para un examen físico.

MIRA AQUÍ: Trump dice que Irán debe elegir entre un “acuerdo” o la “rendición total”

Razuk fue condenado en primera instancia en la ‘Operación Sucesión’, llevada a cabo por el Grupo de Acción Especial para la Lucha contra el Crimen Organizado (Gaeco), y es considerado prófugo desde el pasado 8 de julio.

El exdiputado ya fue condenado en diciembre de 2023, en primera instancia a 15 años, 7 meses y 15 días de prisión por organización criminal armada, robo agravado y explotación de juegos de azar ilegales, pero apeló esta sentencia estando en libertad.

Además de la condena, la exautoridad es acusada en la cuarta fase de la Operación Sucesión, que tuvo lugar el 25 de noviembre de 2025.

MIRA AQUÍ: Falleció Carlos Ramos del Campo, la inolvidable voz de ‘C-3PO’ y ‘Slinky’

La operación investiga los delitos de organización criminal, robo, corrupción pasiva y activa, violación del secreto profesional, blanqueo de capitales y el delito menor de establecimiento y explotación de locales de juego.",https://unitel.bo/noticias/mundo/detienen-en-bolivia-a-exdiputado-brasileno-con-sentencia-que-era-buscado-por-la-justicia-PM22598351
Unitel,2026-08-03,Política,Doria Medina pide actuar sobre “la ruta de la droga”: Chapare - Yapacaní - San Matías - Brasil,"El líder de Unidad Nacional, Samuel Doria Medina, planteó concentrar la acción del Estado sobre lo que identificó como la ruta del narcotráfico Chapare - Yapacaní - San Matías - Brasil, al considerar que esa franja debe ser prioritaria en la lucha contra el crimen organizado.

El pronunciamiento se dio en un contexto marcado por una ola de violencia que sacude a Santa Cruz, donde se registraron nueve asesinatos en la semana pasada.

”Se necesita actuar en contra del crimen organizado y fijar un límite infranqueable a las mafias. Los horribles crímenes de los pasados días dibujaron una zona sobre la que actuar prioritariamente: se trata de la ruta de la droga Chapare - Yapacaní - San Matías - Brasil. El mensaje debe ser que en Bolivia los narcos no gozarán de impunidad”, expresó Doria Medina.

MIRA AQUÍ: Ministro Oviedo revela que en Bolivia el PCC y Comando Vermelho “se pelean un corredor para sacar droga al exterior”

Entre los hechos registrados en días pasados figuran los cuatro asesinatos ocurridos en una estancia en San Matías, la muerte del subteniente de la Policía Yerson Salazar, el hallazgo de dos cuerpos decapitados en Yapacaní y otros dos homicidios registrados este domingo, en la capital cruceña y San Ignacio de Velasco.

El ministro de Gobierno, Marco Oviedo, advirtió que la violencia responde a una disputa entre organizaciones criminales brasileñas por el control de una ruta utilizada para sacar droga al exterior, resaltando que el Estado continuará con las operaciones para enfrentar a estas estructuras.

“Hay dos grupos, el PCC y el Comando Vermelho, que hoy día están peleando un corredor por el cual los narcotraficantes sacan droga hacia el exterior. Esto no va a quedar así”, advirtió Oviedo, este lunes.

MIRA AQUÍ: El subteniente Yerson Salazar será velado en el comando de la Policía y recibirá un ascenso póstumo",https://unitel.bo/noticias/politica/doria-medina-pide-actuar-sobre-la-ruta-de-la-droga-chapare-yapacani-san-matias-brasil-NM22599136
Unitel,2026-08-03,Sociedad,Banderas y adornos tricolor copan las calles en la previa al 6 de Agosto,"A pocos días del 6 de Agosto , el civismo comienza a reflejarse en las calles y hogares de los bolivianos . En diferentes regiones del país se desarrollan actividades y homenajes por los 201 años de la Independencia de Bolivia.

En Cochabamba, la Plaza de las Banderas reúne a comerciantes que ofrecen una amplia variedad de productos patrios para que la población celebre el mes de la patria.

MIRA AQUÍ: Estudiantes ultiman ensayos para rendir homenaje a Bolivia

Entre los productos se encuentran banderas de distintos tamaños, escarapelas , gorras , poleras, mástiles y diversos accesorios con los colores de la tricolor.

Los invitan vendedores a la población adquirir estos productos para decorar sus casas , vehículos y espacios de trabajo, además de vestir prendas alusivas al mes patria y asimismo participar de los actos cívicos.

MIRA AQUÍ: Feriado largo: Se vienen cuatro días para descansar y reactivar el turismo",https://unitel.bo/noticias/sociedad/banderas-y-adornos-tricolor-copan-las-calles-en-la-previa-al-6-de-agosto-KM22595618
Unitel,2026-08-03,Seguridad,Jhonny Fernández llega a la Delcc para declarar por el caso de presunta malversación,"El exalcalde de Santa Cruz de la Sierra, Jhonny Fernández, llegó este lunes a las instalaciones de la Dirección Especializada de Lucha Contra la Corrupción (Delcc) para declarar por el caso de presunta malversación de fondos en la obra del viaducto de la Doble Vía a La Guardia y cuarto anillo.

“ Es político, sabemos que cual es la intencionalidad, yo estoy tranquilo con mi consciencia , no tengo nada de que arrepentirme, hemos hecho las cosas como deberíamos de hacer, el presupuesto, las inversiones, todo está ahí y hay auditorias, como también hay balances que se hace cada año”, afirmó Fernández antes de ingresar a las instalaciones de la Delcc.

Fernández se presentó a declarar, l uego de haberse suspendido sus dos citaciones previas . En la primera ocasión, asistió sin su abogado, mientras que para la segunda, presentó una baja médica, a pesar de que en horas de la mañana del mismo día dio una conferencia de prensa.

MIRA AQUÍ: Ministro de Gobierno anuncia que se instalará una oficina permanente de la Policía Federal de Brasil en Bolivia

La exautoridad aseguró que en su declaración demostrará que la Alcaldía se manejó en función de un presupuesto a través de la secretaria de Administración y Finanzas, y que los recursos se van utilizando con base en las necesidades, entre ellas las emergencias.

“Las emergencias no las hace Jhonny, las hace el Concejo (Municipal), cuando se entró el río en el Distrito 15, también en el tema de los incendios”, explicó.

Además, sostuvo que los balances anuales fueron presentados ante la Contraloría y el Ministerio de Economía para que tengan el conocimiento.

MIRA AQUÍ: Ministro Oviedo: “El Gobierno ha definido como tarea prioritaria detener a Evo Morales”

El exburgomaestre e s investigada en un caso de malversación de fondos por la obra del viaducto ubicado en la avenida Doble Vía a La Guardia y cuarto anillo. La denuncia fue interpuesta por el Gobierno Municipal de Santa Cruz de la Sierra, dentro de las investigaciones que le sigue el Ministerio Público.",https://unitel.bo/noticias/seguridad/jhonny-fernandez-llega-a-la-delcc-para-declarar-por-el-caso-de-presunta-malversacion-PG22601394
Unitel,2026-08-03,Seguridad,“Era un ahorro para construir mi casa”: Roban Bs 227 mil de una vivienda tras ingresar por una pared en El Alto,"Una banda de ladrones se llevó Bs 227 mil de una vivienda luego de que uno de sus integrantes ingresara por una pared y destrozara el segguro de la puerta para permitir el ingreso de los demás delincuentes, quienes revolvieron todos los ambientes de la casa. El hecho ocurrió la mañana de este lunes en la zona Romero Pampa, en la ciudad de El Alto.

“Han ingresado a mi vivienda unos delincuentes y se han llevado una cantidad de dinero muy alta. Es el sacrificio de cinco años de mi trabajo, era un ahorro para construir mi casa. Pido justicia y que se detenga a los delincuentes”, contó la víctima del robo.

MIRA AQUÍ: Acusados de atraco en casa de cambios también serán procesados por tráfico de droga

El relato de la mujer señala que los delincuentes esperaron a que la familia abandonara la vivienda para ingresar a robar. La madre de familia dijo que el dinero robado correspondía a los ahorros que lograron reunir tras varios años de trabajo.

“Los que han ingresado eran varios, como seis ladrones. Cuando mi esposo salió de mi domicilio, ellos ingresaron. Como no podían entrar por la puerta con sus herramientas, ingresaron por una pared y luego hicieron ‘volar’ la chapa del garaje”, dijo la mujer entre lágrimas.

Ante este robo , la víctima pidió a las autoridades policiales dar con el paradero de los ladrones que se llevaron el dinero. La mujer teme haber sido vigilada por la banda antes de que se perpetrara el hecho.

MIRA AQUÍ: Ministro Oviedo: “El Gobierno ha definido como tarea prioritaria detener a Evo Morales”",https://unitel.bo/noticias/seguridad/era-un-ahorro-para-construir-mi-casa-roban-bs-227-mil-de-una-vivienda-tras-ingresar-por-una-pared-en-el-alto-FG22601253
Unitel,2026-08-03,Política,Posesionan a Alejandra Bonifaz como nueva viceministra de Educación Alternativa y Especial,"El ministro de Educación, Erick Sanjinés Chávez, posesionó este lunes a Alejandra Bonifaz Beller como la nueva viceministra de Educación Alternativa y Especial, en reemplazo de Sergio Caballero Vidal quien asumió el cargo de manera interina.

“La Educación Alternativa y Especial es el espacio donde se refleja con mayor claridad nuestro compromiso con la equidad, la diversidad y la dignidad de cada persona. Es allí donde el Estado garantiza que nadie quede al margen del derecho a aprender, crecer y aportar al desarrollo de Bolivia”, dijo el ministro Sanjinés al momento de la posesión.

MIRA AQUÍ: Los 9 gobernadores confirmaron su presencia para la reunión con el presidente en Sucre, dice la Gobernación de Chuquisaca

Por su parte, la nueva autoridad dijo que tiene la misión de ampliar las oportunidades educativas para personas que interrumpieron su formación, además de garantizar una educación inclusiva.

“Este Viceministerio tiene una misión profundamente humana, abrir oportunidades educativas para quienes, por distintas circunstancias, vieron interrumpida su trayectoria educativa, garantizar una educación pertinente, inclusiva y de calidad para las personas con discapacidad y para estudiantes con talento extraordinario”, sostuvo.

Alejandra Bonifaz es licenciada en Educación Primaria y Economía, con Maestría en Desarrollo Educativo Internacional. Especialista en Transformación de Sistemas Educativos y Educación Alternativa, con más de 20 años de experiencia liderando programas de educación alternativa, educación inclusiva, juventud y fortalecimiento de sistemas educativos en África, Asia y América Latina”, señala el boletín del Ministerio de Educación.

MIRA AQUÍ: Asesinatos en Santa Cruz: Presidenta de la ALD exige al Gobierno reforzar lucha contra organizaciones criminales",https://unitel.bo/noticias/politica/posesionan-a-alejandra-bonifaz-como-nueva-viceministra-de-educacion-alternativa-y-especial-GG22602545
Unitel,2026-08-03,Economía,Comerciantes en La Paz dicen que alza del dólar eleva hasta en Bs 400 el precio de los electrodomésticos,"Comerciantes de la línea blanca de la calle Eloy Salmón, en la ciudad de La Paz, reportaron que los precios de cocinas, refrigeradores y otros electrodomésticos se incrementaron debido al alza del dólar. Los vendedores señalaron que algunos productos aumentaron entre Bs 300 y Bs 400.

“Los productos están subiendo. Por ejemplo, un frigobar costaba 1.600 bolivianos y ahora llega hasta 2.100 bolivianos ”, declaró el vendedor de una tienda de línea blanca.

MIRA AQUÍ: Artesanos del calzado de cuero señalan que hay un alza de precios en insumos por la subida del dólar

Otro comerciante indicó que las cocinas y otros electrodomésticos también registraron incrementos y que, dependiendo de la marca, el costo alcanza hasta los Bs 400.

“Han subido los productos . Las cocinas de cinco hornallas costaban 4.000 bolivianos y ahora están en 4.350 bolivianos, en otras marcas llegan hasta 4.400 bolivianos. Depende de la marca”, explicó.

Los vendedores coincidieron en que el incremento de los precios ha afectado las ventas. Señalaron que muchos clientes cotizan un producto, pero cuando regresan para concretar la compra deciden no comprarlo porque el precio ya aumentó.

MIRA AQUÍ: Exportación de gas cayó por debajo de los $us 500 millones en el primer semestre de este año, según el INE

El Banco Central de Bolivia (BCB), compartió la cotización oficial del dólar para el fin de semana y este lunes 3 de agosto, mostrando por primera vez un descenso en la moneda extranjera.

La cotización oficial es de Bs 12,13 que refleja una bajada de dos centavos de dólar en comparación de la jornada pasada, que estaba en Bs 12,15.",https://unitel.bo/noticias/economia/comerciantes-en-la-paz-dicen-que-alza-del-dolar-eleva-hasta-en-bs-400-el-precio-de-los-electrodomesticos-PM22599413
Unitel,2026-08-03,Mundo,"El petróleo de Texas cae un 5,1% tras un nuevo ultimátum de Trump a Irán","El petróleo intermedio de Texas (WTI, por sus siglas en inglés) cerró este lunes con una caída del 5,1%, hasta los 80,34 dólares por barril, tras un nuevo ultimátum del presidente de EEUU, Donald Trump, a Irán.

Los contratos de futuros del WTI, el crudo que se usa de referencia en EEUU , para entrega en septiembre, restaron 3,25 dólares con respecto al cierre del día anterior.

MIRA AQUÍ: Detienen en Bolivia a exdiputado brasileño con sentencia que era buscado por la Justicia

Trump dijo ayer que Washington y Teherán reiniciarían hoy las negociaciones de paz, estancadas en medio de la reciente escalada en la guerra, tras cancelar un ataque planeado contra Irán a petición del país persa y otros de Oriente Medio.

No obstante, f uentes diplomáticas iraníes desmintieron que los países estén manteniendo esas conversaciones y declararon que Teherán solo dialoga con Omán sobre las garantías para el tránsito seguro por el estrecho de Ormuz.

Trump insistió hoy en el Despacho Oval en que sí se están produciendo negociaciones y advirtió a Irán de que estas son la ""última oportunidad"" para firmar un ""buen"" acuerdo que finalice el conflicto.

El mandatario, además, arremetió contra las grandes petroleras de EEUU, Exxon Mobil y Chevron, por lucrarse con la escasez de oferta de crudo durante los cinco meses que se alarga el conflicto, y amenazó con que ""van a devolver parte de eso al público"".

MIRA AQUÍ: Trump dice que Irán debe elegir entre un “acuerdo” o la “rendición total”

Los analistas señalaban que, pese a la reciente caída en los precios, no hay visos de avance hacia un acuerdo que normalice el tráfico comercial en el estrecho y, por ende, que dé un respiro a los mercados de combustible.

La semana pasada, el precio del petróleo ya cayó un 5,2%.

""Es el mismo problema que sigue apareciendo. Irán dice que quiere controlar el estrecho, y cobrar algún tipo de peaje mientras la administración de EEUU dice que eso no va a pasar"", indicó la analista Tracy Shuchart, de NinjaTrader Group, a The Wall Street Journal.",https://unitel.bo/noticias/mundo/el-petroleo-de-texas-cae-un-51-tras-un-nuevo-ultimatum-de-trump-a-iran-NM22598674
Unitel,2026-08-03,Seguridad,Cívicos: “Cómo se va a pedir a un policía que agarre a Evo cuando el comandante tiene la osadía de decir que no es prioridad”,"El Comité pro Santa Cruz cuestiona que la Policía no haya capturado a Evo Morales pese a que existen dos ordenes de aprehensión en su contra y apunto contra el comandante general, Mirko Sokol.

“Cómo se le va a pedir a un policía que lo agarre a Evo Morales cuando el mismo comandante nacional de la Policía tiene la osadía de decir que no es prioridad , no depende de él dar prioridad o no, su pega es ejecutar la orden de aprehensión”, señaló Stello Cochamanidis, presidente del Comité pro Santa Cruz.

MIRA AQUÍ: Rafael Arce, hijo del expresidente Luis Arce, es acusado por enriquecimiento ilícito con afectación al Estado

El líder cívico indicó que al jefe policial no le corresponde decidir cuál es la orden de aprehensión que debe ejecutar primero, sino acatar lo dispuesto por la Justicia.

“Aquí, definitivamente creo que el comandante se está tomando atribuciones que no le corresponden y entre ellas definitivamente es escoger cuál es prioridad y cuál no, que si es la orden de trata es más liviana que la orden de terrorismo, no es su trabajo”, protestó Cochamanidis.

MIRA AQUÍ: Ministro Oviedo: “El Gobierno ha definido como tarea prioritaria detener a Evo Morales”

La posición del Comité pro Santa Cruz se produce tras una declaración que realizó Sokol, durante una entrevista con el periodista José Pomacusi en la que señaló que desde su punto de vista la aprehensión de Evo Morales no era el caso más importante.

“No es una prioridad dentro del cargo del comandante general”, manifestó Sokol.",https://unitel.bo/noticias/seguridad/civicos-como-se-va-a-pedir-a-un-policia-que-agarre-a-evo-cuando-el-comandante-tiene-la-osadia-de-decir-que-no-es-prioridad-DG22603246
Unitel,2026-08-03,Seguridad,"Ante la ola de violencia, las FFAA afirman que están preparadas para proteger y defender a los bolivianos","Las Fuerzas Armadas aseguraron que están preparadas para defender y proteger a los bolivianos ante la ola de violencia que se registra en Santa Cruz.

“ Dar la certeza a la población de sus Fuerzas Armadas están preparadas para protegerles, para defenderles ”, señaló el general Víctor Hugo Balderrama, comandante de las Fuerzas Armadas

“Obviamente, una de las tareas que tenemos es la defensa, seguridad, el desarrollo integral y estamos preparados para todo ello por favor , para eso nos formamos, para proteger a nuestro pueblo”, sostuvo.

Además, dijo que las FFAA coordinan con la Policía para hacer cumplir el Estado de excepción en el marco de la Constitución Política del Estado (CPE).

PATRULLAJES

El Ministerio de Defensa informó este lunes que personal del Regimiento de Infantería 14 “Florida”, dependiente de la Quinta División del Ejército, ejecuta patrullajes preventivos y disuasivos en áreas urbanas de San Matías, municipio fronterizo con Brasil.

“Estas operaciones tienen el propósito de fortalecer la presencia del Estado, contribuir a la seguridad de la población y preservar el orden y la tranquilidad en esta localidad fronteriza ”, señala un comunicado.

Las Fuerzas Armadas activaron patrullajes en las zonas marcadas por la violencia en casos vinculados con el narcotráfico

El despliegue militar se da en medio de una escalada de violencia en el departamento de Santa Cruz. El comandante departamental de la Policía de Santa Cruz, David Gómez, confirmó este lunes que la ola de asesinatos registrada en los últimos días responde a una disputa entre organizaciones criminales brasileñas.

“ Están operando nuestras unidades todo el tiempo en la frontera, no es algo nuevo para nosotros ”, precisó el jefe militar.",https://unitel.bo/noticias/seguridad/ante-la-ola-de-violencia-las-ffaa-afirman-que-estan-preparadas-para-proteger-y-defender-a-los-bolivianos-CM22595373
Unitel,2026-08-03,Mundo,Venezuela supera las 6.000 muertes por los dos terremotos del 24 de junio,"El número de muertos en Venezuela por el devastador doble terremoto del pasado 24 de junio alcanzó los 6.125, tras sumar otros 579 fallecidos con respecto al balance anterior, según cifras publicadas este lunes por el presidente del Parlamento, Jorge Rodríguez.

Las autoridades no actualizaban ese número desde el pasado 24 de julio, cuando se cumplió un mes de los sismos de magnitud 7,2 y 7,5 ocurridos en la zona norte del país.

El también hermano de la mandataria encargada, Delcy Rodríguez, indicó que 60.992 personas han sido atendidas en hospitales.

MIRA AQUÍ: El petróleo de Texas cae un 5,1% tras un nuevo ultimátum de Trump a Irán

El nuevo balance tiene un diseño distinto a los anteriores y excluye cifras como la de heridos, damnificados y edificios colapsados e incluye otras como la de viviendas entregadas, que son 287.

El ""boletín informativo semanal"" correspondiente a la ""etapa de reconstrucción"" señala también que 43.679 viviendas han sido evaluadas y que, de un total de 41.624, hay 9.866 ""restringidas"" y 6.433 en ""alto riesgo"".

En cambio, 25.325 de las viviendas afectadas son habitables, aseguró Rodríguez.

Además, 346.755 toneladas de escombros han sido recogidos, según el balance.

MIRA AQUÍ: Detienen en Bolivia a exdiputado brasileño con sentencia que era buscado por la Justicia

La ONG venezolana Provea exigió este lunes al Gobierno actualizar la cifra de fallecidos y la de desaparecidos, esta última congelada desde el 25 de junio, cuando las autoridades informaron de 157 personas sin localizar.

Iniciativas ciudadanas como 'Desaparecidos Terremoto Venezuela' h an denunciado más de 29.000 personas en paradero desconocido y, según Provea, no hay ""un registro público que respalde"".

El Gobierno y un grupo opositor, que comenzaron el sábado un proceso de diálogo impulsado por Estados Unidos para una transición, se comprometieron a abordar esta semana en una reunión en Caracas la atención a las víctimas de los sismos, así como temas relacionados con la democracia y las garantías políticas.

El Banco Mundial estima en 19.600 millones de dólares los daños físicos directos y advirtió recientemente que una reconstrucción lenta podría frenar la recuperación económica del país petrolero durante la próxima década.",https://unitel.bo/noticias/mundo/venezuela-supera-las-6000-muertes-por-los-dos-terremotos-del-24-de-junio-EG22603623
Unitel,2026-08-03,Mundo,Trump comparte en su red social un mapa de Venezuela como estado 51 de EEUU,"El presidente de Estados Unidos, Donald Trump, compartió este sábado en un mensaje de su red Truth Social un mapa de Venezuela en el que el país caribeño aparecía pintado con la bandera estadounidense y con la leyenda “Estado 51”.

No es la primera vez que el mandatario juega con la idea de la anexión de Venezuela a Estados Unidos desde que el pasado 3 de enero fuerzas militares estadounidenses capturaron al que era presidente del país Nicolás Maduro y lo trasladaran a Nueva York, donde permanece desde entonces a la espera de que comience un juicio federal en su contra por narcoterrorismo.

MIRA AQUÍ: Detienen en Bolivia a exdiputado brasileño con sentencia que era buscado por la Justicia

El pasado 12 de mayo, en unas declaraciones a la cadena de televisión Fox, Trump aseguró que estaba “considerando seriamente” convertir al país caribeño en el estado 51 y, al día siguiente, subió a su red social el mapa de Venezuela sombreada con la bandera de las barras y las estrellas.

Desde la captura de Maduro, Estados Unidos ha ejercido un tutelaje sobre el Gobierno de la presidenta interina, Delcy Rodríguez, con el objetivo último de alcanzar la transición democrática en Venezuela, pero no ha establecido un calendario electoral.

De hecho, Trump declaró este viernes que Venezuela todavía no está “preparada” para celebrar elecciones, pero aseguró que ha habido “avances” al respecto.

Añadió, además, que “Delcy ha estado haciendo un trabajo fantástico” y destacó el beneficio que están logrando tanto las empresas estadounidenses como el pueblo venezolano del mercado petrolero.

MIRA AQUÍ: Trump dice que Irán debe elegir entre un “acuerdo” o la “rendición total”

El mensaje de Trump en su red social llega en un momento en que el Parlamento venezolano y un grupo de opositores han anunciado que iniciarán conversaciones, apoyadas por Washington, a partir de este sábado para promover la democracia en el país.

Además de con Venezuela, Trump suele referirse a la posibilidad de convertir a Canadá en el estado 51 y también ha llegado a insinuarlo respecto a Groenlandia. E",https://unitel.bo/noticias/mundo/trump-comparte-en-su-red-social-un-mapa-de-venezuela-como-estado-51-de-eeuu-MG22604019
Unitel,2026-08-03,Política,"Tras declaraciones de Sokol sobre Evo, Lara le dice que “la Policía Boliviana obedece y ejecuta” y “no opina”","El vicepresidente Edmand Lara se pronunció tras las declaraciones que emitió el comandante general de la Policía Boliviana, Mirko Sokol, sobre las órdenes de aprehensión contra el expresidente Evo Morales, y le recordó que la institución verde olivo obedece y ejecuta.

“La Constitución es clara: art. 251. La Policía Boliviana obedece y ejecuta. No califica procesos, no opina sobre culpables ni inocentes. Su deber es proteger al pueblo y hacer cumplir la ley”, manifestó en un comunicado el vicepresidente.

Remarcó que hablar de “falta de solidez” de un proceso judicial no le corresponde a la Policía, sino que esta valoración la realizan jueces y fiscales, y señaló que “opinar desde un uniforme debilita la institucionalidad”.

MIRA AQUÍ: Doria Medina pide actuar sobre “la ruta de la droga”: Chapare - Yapacaní - San Matías - Brasil

Además, exigió que con 18 mil órdenes pendientes se debe tener celeridad sin privilegios ni excusas.

Por su parte, el ministro de Gobierno, Marco Oviedo, afirmó este lunes que detener al expresidente Evo Morales es una “tarea prioritaria” para el Gobierno.

Sobre Morales pesan dos órdenes de aprehensión; la primera, por un caso de trata con el agravante de que habría tenido una hija con una adolescente cuando era presidente del Estado boliviano.

MIRA AQUÍ: Los 9 gobernadores confirmaron su presencia para la reunión con el presidente en Sucre, dice la Gobernación de Chuquisaca

La segunda orden se emitió la semana pasada por los bloqueos de 53 días que se dieron entre mayo y junio. Es investigado por seis delitos: alzamiento armado contra la seguridad y soberanía del Estado, terrorismo, atentado contra la seguridad de los medios de transporte, asociación delictuosa, instigación púbica a delinquir y atentado contra la seguridad de los servicios públicos.

Sokol dijo que la captura de Evo Morales “no es una prioridad” de su gestión y sostuvo que el proceso por trata y tráfico de personas “no va muy bien en el tema de las pruebas”, esto lo declaró en el programa del periodista José Pomacusi.",https://unitel.bo/noticias/politica/tras-declaraciones-de-sokol-sobre-evo-lara-le-dice-que-la-policia-boliviana-obedece-y-ejecuta-y-no-opina-KG22602282
Unitel,2026-08-03,Seguridad,Dictan detención preventiva para taxista acusado de ser un violador serial; la Policía reporta tres víctimas,"En una audiencia de medidas cautelares, la Justicia dictó la detención preventiva en la cárcel de Chonchocoro, La Paz, por seis meses para el taxista acusado de cometer violaciones en serie en El Alto. Al menos tres víctimas presentaron denuncias en su contra tras reconocer al detenido.

“Abordaba a personas que requerían el servicio de transporte. Las puertas traseras no funcionaban de manera adecuada, por lo que hacía que la víctima se sentara al lado del conductor. Luego comenzaba a golpearla en la cabeza, la amenazaba con un estilete y procedía a violarla ”, informó el director de la Fuerza Especial de Lucha Contra la Violencia (Felcv), Miguel Zambrana.

MIRA AQUÍ: Acusan a un taxista de ser un violador serial y reportan al menos tres víctimas

El jefe policial explicó que el acusado agredía físicamente a las víctimas apenas abordaban el vehículo. Tras cometer los delitos, las abandonaba en zonas alejadas de la urbe alteña.

“Una vez que cometía la agresión, se deshacía de las víctimas y las hacía descender del vehículo cuando este aún estaba en movimiento”, agregó.

De acuerdo con el reporte policial, el hombre captaba a sus víctimas, las golpeaba, les robaba sus pertenencias e incluso realizaba transferencias mediante la banca móvil para robar dinero de sus cuentas. Hasta el momento, tres mujeres reconocieron al sospechoso como su agresor.

MIRA AQUÍ: El subteniente Yerson Salazar será velado en el comando de la Policía y recibirá un ascenso póstumo

“Sus víctimas eran personas que estaban bajo los efectos del alcohol. Luego de agredirlas, las despojaba de sus celulares y billeteras. También hacía transferencias desde la banca móvil de la víctima hacia su propia cuenta y otra hacia la cuenta de su esposa. Después de golpearlas, las violaba y las abandonaba en lugares alejados de la ciudad de El Alto”, explicó el comandante regional de la Policía de El Alto, Fernando Rojas",https://unitel.bo/noticias/seguridad/dictan-detencion-preventiva-para-taxista-acusado-de-ser-un-violador-serial-la-policia-reporta-tres-victimas-OG22604183
Unitel,2026-08-03,Tendencias,¡No es tu internet! Reportan caída de WhatsApp y deja sin servicio a miles de usuarios,"Miles de usuarios reportaron problemas con la aplicación de mensajería de WhatsApp, que en horas de la tarde de este lunes 3 de agosto.

Según la página web Downdetector, miles de usuarios comenzaron a reportar los fallos en la aplicación de monitoreo al promediar las 15:30 horas, señalando afectaciones principalmente en el envío de fotos,videos y documentos.

MIRA AQUÍ: ¡Alerta de spoiler! Se filtran las primeras imágenes del live action de Rapunzel

En la red social X, los usuarios han compartido la caída de WhatsApp, remarcando de que se trata de un problema global y no de casos aislados.

Además, hay reportes que señalan que hay cuentas de usuarios que han sido suspendidas arbitrariamente.

Se espera que desde WhatsApp o Meta solucionen estos inconvenientes en las próximas y emitan un comunicado sobre lo ocurrido.

MIRA AQUÍ: ¡Imperdible! Mira el nuevo tráiler de ‘Jumanji: En el Mundo Real’",https://unitel.bo/noticias/tendencias/no-es-tu-internet-reportan-caida-de-whatsapp-y-deja-sin-servicio-a-miles-de-usuarios-BG22605040
Unitel,2026-08-03,Política,"¿Cambio de ministros? “Necesitamos un gabinete de guerra”, dicen diputados","Este lunes, legisladores de distintas fuerzas políticas solicitaron al presidente Rodrigo Paz realizar cambios en su gabinete ministerial . El pedido surge a pocos días del aniversario patrio y en un contexto marcado por la crisis económica y energética que atraviesa el país.

”Necesita un gabinete de guerra , estamos en un momento critico en el país, encima están amenazando con retomar los conflictos tras el Estado de excepción. Se tiene que tener gente con conocimiento político y gente leal”, dijo el diputado de Unidad, Alejandro Reyes.

MIRA AQUÍ: Los 9 gobernadores confirmaron su presencia para la reunión con el presidente en Sucre, dice la Gobernación de Chuquisaca

Por su parte, la diputada de Libre, Tomasa Yarhui, calificó de “ineficiente” al gabinete ministerial, al considerar que las autoridades no cumplieron con el trabajo requerido en cada una de sus carteras de Estado.

“En total, todo su gabinete creo que no ha rendido bien durante los nueve meses . Se necesitaba un Estado más eficiente; hubo mucha ineficiencia”, declaró Yarhui a los medios de comunicación.

Bajo la misma línea, la senadora de APB Súmate, Claudia Mallón, pidió el cambio de ministros y planteó que los nuevos integrantes del gabinete tengan mayor contacto con la población para escuchar y atender los problemas en distintas áreas.

“Es hora de reconducir la forma de gobernar. No más ministros de escritorio; queremos ministros que escuchen a la población y que exista un trabajo conjunto con la Asamblea Legislativa”, precisó.

MIRA AQUÍ: Asesinatos en Santa Cruz: Presidenta de la ALD exige al Gobierno reforzar lucha contra organizaciones criminales

Los pedidos surgen a poco de cumplirse nueve meses de gestión de Paz, en un contexto marcado por las filas para acceder a combustible, denuncias de corrupción en Yacimientos Petrolíferos Fiscales Bolivianos (YPFB), reclamos por el incremento de precios debido al alza del dólar y hechos de inseguridad en el departamento de Santa Cruz, donde un policía murió en un ataque armado.",https://unitel.bo/noticias/politica/cambio-de-ministros-necesitamos-un-gabinete-de-guerra-dicen-diputados-FG22605189
Unitel,2026-08-03,Seguridad,Dictan detención preventiva para dos acusados de asaltar una casa de cambios en Cochabamba,"Los dos sujetos acusados de participar en el asalto armado a una casa de cambio en Cochabamba fueron enviados con detención preventiva, por tiempo indefinido, al penal de San Sebastián Varones, según el reporte que dieron las autoridades tras una audiencia de medidas cautelares.

Esta determinación se dio luego de que la Fiscalía los imputara por los delitos de robo agravado y tráfico de sustancias controladas.

Ambos fueron capturados tras un operativo policial ejecutado el fin de semana en el que, además de indicios relacionados con el atraco, se hallaron 112 paquetes de marihuana tipo ladrillo.

MIRA AQUÍ: Acusados de atracar casa de cambio tenían en su poder más de 100 ladrillos de marihuana, según la Policía

Según los antecedentes del caso, los sujetos ingresaron al negocio portando armas de fuego , redujeron a la cajera y escaparon a bordo de una motocicleta.

Los aprehendidos fueron identificados preliminarmente como un ciudadano brasileño y un hombre oriundo del municipio de San Matías, Santa Cruz.

Asimismo, la investigación estableció de manera preliminar la posibilidad de que el dinero obtenido en atracos era utilizado para adquirir marihuana y posteriormente comercializarla, de acuerdo con el reporte de las autoridad.

La Policía y la Fiscalía continúan con las investigaciones para determinar si los acusados tienen relación con otros hechos delictivos registrados en Cochabamba.

MIRA AQUÍ: Abogado muere tras ser atropellado por un vehículo; el conductor huyó sin auxiliarlo",https://unitel.bo/noticias/seguridad/dictan-detencion-preventiva-para-dos-acusados-de-asaltar-una-casa-de-cambios-en-cochabamba-EG22605427
Unitel,2026-08-03,Economía,Emergencia por diésel en provincias cruceñas: YPFB y Amdecruz trazan una agenda de seis puntos,"La emergencia por la falta de diésel en las provincias cruceñas llevó a Yacimientos Petrolíferos Fiscales Bolivianos (YPFB) y la Asociación de Municipios de Santa Cruz (Amdecruz) a establecer una agenda de seis puntos para mejorar la distribución, fiscalización e incremento de volúmenes del combustible.

El acuerdo surge ante la advertencia de que la actividad productiva del departamento comienza a verse paralizada en plena etapa de cosecha y siembra, tema que viene siendo expuesto desde hace varias semanas.

“Acabamos de concluir una reunión con el ministro de Hidrocarburos, el presidente de YPFB, con la preocupación de todos tenemos el aparato productivo en nuestro departamento, en donde todos los municipios, está prácticamente paralizándose por la falta de combustible ”, afirmó el presidente de Amdecruz, Neptaly Mendoza.

MIRA AQUÍ: Arranca el mes patrio y las filas por diésel siguen: choferes esperan hasta tres días por diésel en Santa Cruz y La Paz

Sobre la cantidad requerida, explicó que existen municipios que solicitaron aumentos de entre 20%, 30% e incluso hasta 100%, aunque la definición dependerá de las necesidades de cada zona. El objetivo, dijo, es asignar mayores volúmenes donde exista una situación crítica para normalizar las actividades productivas.

El entendimiento entre YPFB y Amdecruz establece lo siguiente:

1.- Transparencia en el suministro de combustible. Se ratifica el compromiso de mantener un abastecimiento claro, ordenado y verificable, informando oportunamente a las autoridades municipales, sobre la asignación y distribución de volúmenes de combustible a las Estaciones de Servicio.

2.- Fiscalización de surtidores. Se coordinarán acciones de fiscalización a los surtidores entre las Alcaldías, YPFB y la ANH, con el propósito de asegurar el correcto funcionamiento, control y cumplimiento de la normativa vigente, con el apoyo de las Fuerzas Armadas y/o Policía Nacional.

3.- Gestiones para incrementar volúmenes de diésel. A partir de la fecha, se realizarán las gestiones necesarias, en coordinación con YPFB y los Municipios, para incrementar los volúmenes de Diésel, considerando las necesidades en épocas de alta demanda generada por la zafra, siembra y cosecha en el departamento, así como la capacidad de cada municipio.

4.- Programación diaria de Combustible a Municipios. YPFB hará llegar a los Municipios de manera diaria las programaciones de distribución de combustible, a fin de facilitar la correcta planificación y control en la distrubución.

5.- En aquellos lugares donde no existe estación de servicio para el abastecimiento de combustible, YPFB proveerá el servicio de cisternas móviles.

6.- YPFB se compromete a viabilizar la suscripción de un contrato con la empresa Alere para la importación de petróleo crudo para su refinación con fecha límite hasta el 12 de agosto de la presente gestión.

MIRA AQUÍ: Exportación de gas cayó por debajo de los $us 500 millones en el primer semestre de este año, según el INE",https://unitel.bo/noticias/economia/emergencia-por-diesel-en-provincias-crucenas-ypfb-y-amdecruz-trazan-una-agenda-de-seis-puntos-OG22605920
Unitel,2026-08-03,Mundo,EEUU reporta las primeras muertes relacionadas con el brote de diarrea explosiva por ciclosporiasis,"La ciclosporiasis causó las primeras muertes en EEUU, con dos en el estado de Michigan, en medio de un brote que y a deja 11.234 casos en esta parte del país , según informó este lunes su Departamento de Salud y Servicios Humanos (MDHHS, en inglés).

El MDHHS indicó en su página web que los fallecido s tenían afecciones de salud “importantes” preexistentes “ que podrían haberse visto agravadas” por esta infección parasitaria, que causa diarrea severa, así como por la deshidratación.

La agencia aclaró que la ciclosporiasis generalmente no es una enfermedad mortal y que la muerte por esta causa es poco común en Estados Unidos.

Además, señaló que, a 30 de julio de 2026, 193 de las personas que habían contraído la enfermedad en Michigan habían sido hospitalizadas.

Hasta ahora, el brote ha afectado a 45 estados , de acuerdo con los Centros para el Control y la Prevención de Enfermedades (CDC, en inglés).

Las autoridades federales del país vinculan el brote a lechuga iceberg cultivada en Guanajuato, en el centro de México, que después distribuyó la compañía Taylor Farms a establecimientos como Taco Bell.

No obstante, la Secretaría de Salud de México informó el pasado jueves de que los análisis par a detectar ciclosporiasis en lechugas de la planta de Taylor Farms en el país arrojaron resultados negativos.

MIRE AQUÍ: Trump comparte en su red social un mapa de Venezuela como estado 51 de EEUU

El pasado 17 de julio, esta empresa retiró del mercado lechuga iceberg procedente del país latino y que se vendía también en comercios minoristas.

El principal síntoma de esta infección es diarrea severa y frecuente, junto con pérdida de apetito y de peso, distensión abdominal, náuseas, fatiga, fiebre baja y vómitos, detallan los CDC.

La enfermedad no suele transmitirse de persona a persona, es más frecuente en los meses de calor, de mayo a agosto, y suele proceder de frutas y verduras contaminadas.

MIRE AQUÍ: Venezuela supera las 6.000 muertes por los dos terremotos del 24 de junio",https://unitel.bo/noticias/mundo/eeuu-reporta-las-primeras-muertes-relacionadas-con-el-brote-de-diarrea-explosiva-por-ciclosporiasis-FG22606030
Unitel,2026-08-03,Seguridad,Caso de presunta malversación: Jhonny Fernández se abstiene de declarar y deja la Delcc,"El exalcalde de Santa Cruz de la Sierra, Jhonny Fernández, se abstuvo a dar su declaración informativa este lunes por el caso de presunta malversación de fondos en la obra del viaducto de la Doble Vía a La Guardia y cuarto anillo.

Tras salir de oficinas de la Delcc, Fernández fue consultado sobre si puedo declarar, a lo que respondió “no, me abstuve”. Sin embargo, señaló que sí estará presente en futuras convocatorias.

“ Yo estoy tranquilo, tengo todo el respaldo, yo he sido alcalde y tengo que demostrar con documentos, porque es con documentos que se demuestran las cosas, por eso que el proceso sigue todavía”, manifestó.

MIRA AQUÍ: Jhonny Fernández llega a la Delcc para declarar por el caso de presunta malversación

Respecto al alcalde actual de Santa Cruz de la Sierra, Manuel Saavedra, le mandó el mensaje de que “se dedique a trabajar, que haga las cosas como debe hacerlas”.

Previo a ingresar a declarar, el exalcalde afirmó que este caso es político.

Por su parte, el director jurídico del municipio, José Luis Coplot, indicó que a su criterio, el exalcalde Johnny Fernández d ebió haber sido aprehendido tras prestar su declaración.

“Los argumentos del Ministerio Público (son) que él ha presentado cierta documentación que demuestra, en todo caso, que va ser partícipe del proceso, en todo caso”, señaló.

MIRA AQUÍ: Dictan detención preventiva para dos acusados de asaltar una casa de cambios en Cochabamba

Fernández se presentó a declarar , luego de haberse suspendido sus dos citaciones previas . En la primera ocasión, asistió sin su abogado, mientras que para la segunda, presentó una baja médica, a pesar de que en horas de la mañana del mismo día dio una conferencia de prensa.

El exburgomaestre es investigada en un caso de malversación de fondos por la obra del viaducto ubicado en la avenida Doble Vía a La Guardia y cuarto anillo. La denuncia fue interpuesta por el Gobierno Municipal de Santa Cruz de la Sierra , dentro de las investigaciones que le sigue el Ministerio Público.",https://unitel.bo/noticias/seguridad/caso-de-presunta-malversacion-jhonny-fernandez-se-abstiene-de-declarar-y-deja-la-delcc-DG22605633
Unitel,2026-08-03,Economía,"Retrocede el dólar: cotización cae de Bs 12,13 a Bs 12,08 para este martes, según el BCB","La cotización oficial del dólar registró un retroceso para este martes al pasar de Bs 12,13 a Bs 12,08 , de acuerdo con la actualización diaria difundida por el Banco Central de Bolivia (BCB).

La reducción de cinco centavos marca la segunda baja desde que entró en vigencia el nuevo régimen cambiario flexible, consolidando una pausa en la tendencia alcista que había caracterizado las últimas semanas.

El nuevo descenso se produce pocos días después de que la divisa alcanzara su nivel más alto desde la entrada en vigencia del nuevo régimen cambiario, cuando el pasado viernes llegó a Bs 12,15.

La baja se da días después de que el Gobierno anunciara que el BCB intervendrá en el mercado cambiario para evitar que el valor del dólar llegue a niveles extremos.

MIRA AQUÍ: Gobierno prevé ingresar cerca de $us 1.200 millones por desembolsos externos en las próximas semanas",https://unitel.bo/noticias/economia/retrocede-el-dolar-cotizacion-cae-de-bs-1213-a-bs-1208-para-este-martes-segun-el-bcb-NG22606128
Unitel,2026-08-03,Política,Presidente Rodrigo Paz posesiona a nuevos ministros de la Presidencia y Relaciones Exteriores,"A poco de cumplirse nueve meses de la gestión de Gobierno y a tres días de la conmemoración de la Independencia de Bolivia, el presidente Rodrigo Paz realizó cambios en el gabinete ministerial.

Fernando Aramayo dejó la Cancillería para asumir uno de los cargos de mayor peso político dentro del gobierno de Rodrigo Paz: el Ministerio de la Presidencia , cargo que venía ocupando José Luis Lupo.

Dejando vacante el cargo ministro de Relaciones Exteriores, Héctor Francisco Huanca Gutiérrez pasó del Viceministerio de Gestión Consular e Institucional a liderar la Cancillería de Bolivia.

MIRA AQUÍ: Paz se queda con 12 ministerios: Planificación será absorbido por otras carteras y Turismo será una agencia

Además, Paz entre los cambios asumidos, anunció la reconfiguración para achicar el Órgano Ejecutivo: la cartera de Planificación del Desarrollo dejará de funcionar de manera independiente, mientras que la cartera de Turismo se convertirá en la nueva Agencia Nacional de Turismo.

“No se necesita un Estado más grande” , expresó el presidente al momento de hacer el anuncio.

Mientras que el exministro José Luis Lupo fue postulado como embajador de Bolivia ante la Organización de los Estados Americanos (OEA ).

“Hoy tiene usted un nuevo destino con la patria y con el Gobierno y le agradezco su compromiso. E speremos que aquello que hemos enviado para que nos pueda representar ante la OEA sea aprobado por el Senado y Bolivia tenga un digno representante”, sostuvo el jefe de Estado.

El mandatario adelantó que dará anunciós importantes para el próximo 6 de agosto durante los actos por los 201 años de Independencia de Bolivia.

MIRA AQUÍ: Paz a Lupo: “Hoy usted tiene nuevo destino con la patria y el Gobierno en la OEA”",https://unitel.bo/noticias/politica/presidente-rodrigo-paz-posesiona-a-nuevos-ministros-de-la-presidencia-y-relaciones-exteriores-BG22605664
Unitel,2026-08-03,Política,Fernando Aramayo deja la Cancillería y asume el Ministerio de la Presidencia en lugar de José Luis Lupo,"Fernando Aramayo deja la Cancillería para asumir uno de los cargos de mayor peso político dentro del gobierno de Rodrigo Paz: el Ministerio de la Presidencia , cargo que venía ocupando José Luis Lupo.

El cambio ubica al hasta ahora responsable de la política exterior al frente de la cartera encargada de articular la gestión del Ejecutivo, coordinar con los ministerios y acompañar las decisiones estratégicas del presidente en la conducción del Gobierno.

Durante su gestión como canciller, Aramayo estuvo a cargo de la conducción de la agenda internacional del Gobierno y de la representación del país ante organismos y gobiernos extranjeros.

MIRA AQUÍ: Paz se queda con 12 ministerios: Planificación será absorbido por otras carteras y Turismo será una agencia

Por otra parte, el Ministerio de la Presidencia se convirtió durante la gestión de Lupo en una de las instancias con mayor protagonismo dentro del gabinete, absorbiendo al extinto Ministerio de Justicia y a otros viceministerios, al igual que una serie de competencias correspondientes a la Vicepresidencia.

La llegada de Aramayo ocurre en un momento de reconfiguración política para el Gobierno, tras el distanciamiento con Unidad Nacional (UN), espacio con el que Lupo mantiene una relación política por su trayectoria y participación en la fórmula electoral junto a Samuel Doria Medina.

El relevo también marca el cierre de una etapa para Lupo, quien fue considerado uno de los hombres de mayor confianza de Rodrigo Paz y uno de los principales operadores políticos del Ejecutivo en los casi nueve meses de gestión.

Héctor Francisco Huanca fue posesionado pro Rodrigo Paz como nuevo canciller. Mientras que Lupo fue nominado como embajador de Bolivia ante la Organización de los Estados Americanos (OEA ), una designación que aún deberá ser considerada y aprobada por la Asamblea Legislativa Plurinacional.

MIRA AQUÍ: Paz a Lupo: “Hoy usted tiene nuevo destino con la patria y el Gobierno en la OEA”

Sobre el nuevo ministro

Aramayo es especialista en Economía Política, Políticas Públicas, Resolución Alternativa de Conflictos y Gestión de la Cooperación Internacional.

Fue Jefe de Política Económica, Estrategia e Innovación en la Oficina del PNUD en Bolivia y Asesor en Democracia y Desarrollo de la Oficina Regional del PNUD para América Latina y el Caribe en Nueva York, USA.

Cuenta con más de dos décadas de experiencia en organismos internacionales, agencias de cooperación y entidades públicas y privadas, además de ser canciller de Bolivia desde noviembre de 2025 hasta principios de agosto de este año.

MIRA AQUÍ: Retrocede el dólar: cotización cae de Bs 12,13 a Bs 12,08 para este martes, según el BCB",https://unitel.bo/noticias/politica/fernando-aramayo-deja-la-cancilleria-y-asume-el-ministerio-de-la-presidencia-en-lugar-de-jose-luis-lupo-LG22605079
Unitel,2026-08-03,Política,¿Quién es Héctor Francisco Huanca Gutiérrez el ministro de Relaciones Exteriores?,"Con la designación de Fernando Aramayo como nuevo ministro de la Presidencia, Héctor Francisco Huanca Gutiérrez, pasa del viceministerio de Gestión Consular e Institucional a liderar la Cancillería de Bolivia.

Huanca es abogado especialista en Derechos Humanos. C uenta con 15 años de trayectoria en la Defensoría del Pueblo de Bolivia abocado a resolver conflictos con población vulnerable, pueblos indígenas originarios, LGBT, mujeres y capacitador y conferencista en temas de derechos humanos, negociación, mediación y conciliación.

MIRA AQUÍ: Retrocede el dólar: cotización cae de Bs 12,13 a Bs 12,08 para este martes, según el BCB

La Cancillería señala que es profesional en la transformación de conflictos sociales y fue facilitador del diálogo en la Defensoría del Pueblo y la Cooperación Suiza.

Ejerció como asistente técnico en planificación, seguimiento, implementación y monitoreo de proyectos de la Cooperación Suiza en Bolivia dentro el programa Acceso a Justicia.

MIRA AQUÍ: ¿Cambio de ministros? “Necesitamos un gabinete de guerra”, dicen diputados",https://unitel.bo/noticias/politica/quien-es-hector-francisco-huanca-gutierrez-el-ministro-de-relaciones-exteriores-FG22605347
Unitel,2026-08-03,Política,"¿Quién es Fernando Aramayo, el nuevo ministro de la Presidencia?","Tras casi nueve meses de estar en el cargo de Canciller, Fernando Aramayo asume desde este 3 de agosto como ministro de la Presidencia en reemplazo de José Luis Lupo.

En estos nueve meses frente a la Cancillería, uno de los puntos más destacados ha sido la reactivación de las relaciones diplomáticas entre Bolivia y Estados Unidos tras casi 18 años.

También ha sido importante el trabajo desarrollado para un acercamiento diplomático con Chile.

Aramayo cuenta con más de dos décadas de experiencia en organismos internacionales, agencias de cooperación y entidades públicas y privadas.

Es especialista en Economía Política, Políticas Públicas, Resolución Alternativa de Conflictos y Gestión de la Cooperación Internacional.

Fue Jefe de Política Económica, Estrategia e Innovación en la Oficina del PNUD en Bolivia y Asesor en Democracia y Desarrollo de la Oficina Regional del PNUD para América Latina y el Caribe en Nueva York, USA.

Se desempeñó como asesor de políticas y mediador, lideró procesos políticos clave como la Asamblea Constituyente de Bolivia y el Censo de Población y Vivienda del año 2001.

Cuenta con más de 25 años de experiencia profesional en: políticas económicas evaluación de programas y proyectos en contextos de diseño, facilitación y mediación de procesos de desarrollo, crisis y postcrisis, dialogo y negociación.

Trabajó en países de América Latina, África y Medio Oriente, incluyendo Jordania, Honduras, El Salvador, Guatemala, Ecuador, Perú, Bolivia, Colombia, Kenia y Palestina.

Trabajó extensamente con la GIZ, el PNUD y como consultor internacional en procesos de gobernanza democrática, construcción de paz, desarrollo institucional, políticas públicas y descentralización.",https://unitel.bo/noticias/politica/quien-es-fernando-aramayo-el-nuevo-ministro-de-la-presidencia-KM22599737
Unitel,2026-08-03,Política,Paz a Lupo: “Hoy usted tiene un nuevo destino con la patria y el Gobierno en la OEA”,"El presidente Rodrigo Paz anunció este lunes la nominación de José Luis Lupo como embajador de Bolivia ante la Organización de los Estados Americanos (OEA ), una designación que aún deberá ser considerada y aprobada por la Cámara de Senadores.

“Hoy tiene usted un nuevo destino con la patria y con el Gobierno y le agradezco su compromiso. Esperemos que aquello que hemos enviado para que nos pueda representar ante la OEA sea aprobado por el Senado y Bolivia tenga un disgno representante”, sostuvo el jefe de Estado.

Previo a esto, el presidente posesionó a Fernando Aramayo como nuevo ministro de la Presidencia, confirmando así la salida de Lupo del gabinete de ministros.

MIRA AQUÍ: Fernando Aramayo deja la Cancillería y asume el Ministerio de la Presidencia en lugar de José Luis Lupo

Durante el anuncio, el mandatario destacó la trayectoria del ahora exministro de la Presidencia y valoró su papel como impulsor del diálogo durante los 53 días de bloqueo, señalando que esa experiencia será un aporte para la representación diplomática del país en el organismo hemisférico.

Según el artículo 160 de la Constitución Política del Estado, una de las atribuciones del Senado pasa por aprobar o negar el nombramiento de embajadores y Ministros plenipotenciarios propuestos por el Presidente del Estado.

De esta manera, Lupo cierra una etapa en el Ejecutivo, después de ser considerado uno de los hombres de mayor confianza de Rodrigo Paz y uno de los principales operadores políticos del Ejecutivo.

MIRA AQUÍ: Paz se queda con 12 ministerios: Planificación será absorbido por otras carteras y Turismo será una agencia",https://unitel.bo/noticias/politica/paz-a-lupo-hoy-usted-tiene-un-nuevo-destino-con-la-patria-y-el-gobierno-en-la-oea-BG22606654
Unitel,2026-08-03,Política,Ministro Aramayo: “El Estado debe concentrar sus esfuerzos en responder con eficiencia a las necesidades de la población”,"Tras ser posesionado, el nuevo ministro de la Presidencia, Fernando Aramayo, pronunció un discurso en el que afirmó que el Estado debe concentrar sus esfuerzos en responder a las necesidades de toda la población.

“Es tiempo de recuperar nuestra capacidad de producir, invertir, generar empleo y crear oportunidades para todos los bolivianos. Es tiempo de que el Estado concentre sus esfuerzos en responder con eficiencia a las necesidades de la población y ofrecer las condiciones de estabilidad y certidumbre que toda sociedad necesita ”, afirmó la autoridad.

MIRA AQUÍ: Fernando Aramayo deja la Cancillería y asume el Ministerio de la Presidencia en lugar de José Luis Lupo

Además, el nuevo ministro señaló que asume el cargo con “responsabilidad, gratitud y humildad”

“Cuando las instituciones son sólidas las dificultades pueden enfrentarse dentro del orden constitucional, cuando las instituciones se debilitan toda la nación se viene apagando”, sostuvo

Aramayo fue posesionado este lunes por el presidente Rodrigo Paz en reemplazo de José Luis Lupo, quien hasta este lunes fue ministro de la Presidencia.

Fernando Aramayo deja la Cancillería para asumir uno de los cargos de mayor peso político dentro del gobierno de Rodrigo Paz: el Ministerio de la Presidencia , cargo que venía ocupando José Luis Lupo.

El cambio ubica al hasta ahora responsable de la política exterior al frente de la cartera encargada de articular la gestión del Ejecutivo, coordinar con los ministerios y acompañar las decisiones estratégicas del presidente en la conducción del Gobierno.

MIRA AQUÍ: Paz a Lupo: “Hoy usted tiene nuevo destino con la patria y el Gobierno en la OEA”

Durante su gestión como canciller, Aramayo estuvo a cargo de la conducción de la agenda internacional del Gobierno y de la representación del país ante organismos y gobiernos extranjeros.",https://unitel.bo/noticias/politica/ministro-aramayo-el-estado-debe-concentrar-sus-esfuerzos-en-responder-con-eficiencia-a-las-necesidades-de-la-poblacion-PG22606768
Unitel,2026-08-03,Política,Paz se queda con 12 ministerios: Planificación será absorbido por otras carteras y Turismo será una agencia,"A casi nueve meses de asumir el mando del Gobierno, el presidente Rodrigo Paz vuelve a reconfigurar y a achicar el Órgano Ejecutivo: la cartera de Planificación del Desarrollo dejará de funcionar de manera independiente, mientras que la cartera de Turismo se convertirá en la nueva Agencia Nacional de Turismo.

De esta manera, la estructura del Ejecutivo dejara de contar con 14 ministerios y se queda con 12.

“No se necesita un Estado más grande” , expresó el presidente al momento de hacer el anuncio y explicar que la cartera de Planificación “pasa a ser parte, en algunas atribuciones que son necesarias, a otros ministerios. Y lo que no es necesario, no se requiere en el Estado”.

MIRA AQUÍ: Fernando Aramayo deja la Cancillería y asume el Ministerio de la Presidencia en lugar de José Luis Lupo

“(Sobre) el Ministerio de Turismo, va a quedar parte de él en el Ejecutivo, se está creando una Agencia Nacional del Turismo, del Folclore y la Gastronomía”, sostuvo el presidente al hacer el anuncio, apuntando a dar agilidad al sector turístico en su impacto en la economía nacional.

La cartera de Planificación estaba a la cabeza de José Fernando Romero, a quien el presidente agradeció su labor para ir generando menos burocracia y mayor eficiencia en la capacidad de atención a los ciudadanos.

El despacho de Planificación tenía bajo su tuición los siguientes viceministerios: de Planificación Estratégica del Estado (con José Luis Llanos), de Inversión Pública y Financiamiento Externo (con Fernando Moisés Jiménez), de Ciencia y Tecnología (con Fabián Espinoza) y de Medio Ambiente, Biodiversidad, Cambios Climáticos y de Gestión y Desarrollo Forestal (a cargo de Jorge Ávila).

Según fuente del Gobierno, se prevé que los ministerios de Economía y Desarrollo Productivo absorban las tareas de la ahora extinta cartera de Planificación.

Mientras que el Ministerio de Turismo Sostenible, Culturas, Folklore y Gastronomía de Bolivia se encontraba sin una cabeza desde el 8 de julio, cuando se dio la renuncia de Cinthya Yáñez.

ANTECEDENTES

Esta es la tercera vez que el presidente Paz achica la estructura del Ejecutivo. La primera fue al asumir el mando al integrar las carteras de Medio Ambiente y Agua y la de Desarrollo Rural y Tierras a otros ministerios, reduciendo la cifra de 17 a 15 ministerios.

Mientras que días después, se concretó la eliminación del Ministerio de Justicia, cuyas competencias fueron absorbidas por el Ministerio de la Presidencia.

CAMBIO DE MINISTROS

Las modificaciones no solo se dan en la estructura del gabinete, sino también en los perfiles que lo encabezan: José Luis Lupo deja de ser el ministro de la Presidencia, cargo que ahora será ocupado por Fernando Aramayo, quien venía liderando el despacho de la Cancillería.

En este sentido, el presidente Paz designó a Héctor Francisco Huanca como nuevo canciller.

MIRA AQUÍ: Paz a Lupo: “Hoy usted tiene nuevo destino con la patria y el Gobierno en la OEA”",https://unitel.bo/noticias/politica/paz-se-queda-con-12-ministerios-planificacion-sera-absorbido-por-otras-carteras-y-turismo-sera-una-agencia-NG22603835
Unitel,2026-08-03,Seguridad,Fiscalía: Hijo de Luis Arce compró inmuebles por $us 750 mil y tenía Bs 600 mil en sus cuentas,"En el marco de la investigación por el delito de enriquecimiento ilícito contra Rafael Arce Mosqueira, hijo del expresidente Luis Arce Catacora, la Fiscalía informó este lunes que el investigado adquirió bienes inmuebles en la ciudad de La Paz por un monto de $us 750 mil.

“El señor Arce Mosqueira realizó la compra de bienes inmuebles en La Paz por un monto de 750 mil dólares, que fueron cancelados en dos pagos”, informó el fiscal Miguel Cardozo.

MIRA AQUÍ: Rafael Arce, hijo del expresidente Luis Arce, es acusado por enriquecimiento ilícito con afectación al Estado

Además, el fiscal Cardozo señaló que en las cuentas bancarias del hijo del exmandatario se encontraron aproximadamente Bs 600 mil, recursos que fueron congelados al inicio de la investigación.

“Son tres bienes que, cuando se enteró del proceso, transfirió a su hijo. Esas transferencias están siendo observadas. Las cuentas fueron congeladas y en ellas se encontraban aproximadamente 600 mil bolivianos” , señaló.

El Ministerio Público emitió una acusación formal por el delito de enriquecimiento contra Rafael Arce Mosqueira, hijo del expresidente de Bolivia, Luis Arce, y pide una sentencia condenatoria.

“El Ministerio Público pedirá la condena de ocho años de cárcel”, agregó el fiscal.

Cabe recordar que existe una orden de aprehensión contra Rafael Arce, quien además ha sido declarado rebelde al no haberse presentado a la audiencia de medidas cautelares que debía instalarse en enero.

MIRA AQUÍ: Ministro Oviedo: “El Gobierno ha definido como tarea prioritaria detener a Evo Morales”",https://unitel.bo/noticias/seguridad/fiscalia-hijo-de-luis-arce-compro-inmuebles-por-us-750-mil-y-tenia-bs-600-mil-en-sus-cuentas-GG22606145
Unitel,2026-08-03,Política,"Paz transforma el Ministerio de Turismo en la Agencia Nacional del Turismo, Folclore y Gastronomía","El presidente Rodrigo Paz realizó cambios en el gabinete ministerial, entre ellos la reducción de 14 a 12 ministerios, transformando el Ministerio de Turismo a la Agencia Nacional de Turismo, Folclore y Gastronomía.

“El Ministerio de Turismo, si bien va a quedar parte del Ejecutivo, se está creando una Agencia Nacional del Turismo, Folclore y Gastronomía, que va a permitir que lo público y privado se pueda encontrar con mayor facilidad”, anunció.

Señaló que la burocracia estatal que tienen los Ministerios no permite tener agilidad, y por ello aseguró que esta nueva agencia permitirá que lo público y privado se integre y promueve el turismo nacional e internacional.

MIRA AQUÍ: Ministro Aramayo: “El Estado debe concentrar sus esfuerzos en responder con eficiencia a las necesidades de la población”

“(Para) darle agilidad a aquello que necesitamos, especialmente en el turismo en líneas generales , para que sea un engranaje mucho más rápido al impacto que requerimos en la economía nacional”, indicó.

Desde el 8 de julio, la cartera de Turismo no cuenta con un representante oficial tras la renuncia de la exministra Cinthia Yañez; sin embargo, desde el 21 julio Fernando Aramayo asumió el cargo de manera interina.

En esta misma línea, Paz anunció la eliminación del Ministerio de Planificación del Desarrollo, la cual pasará a depender de los Ministerios de Economía y Presidencia.

MIRA AQUÍ: Paz a Lupo: “Hoy usted tiene un nuevo destino con la patria y el Gobierno en la OEA”",https://unitel.bo/noticias/politica/paz-transforma-el-ministerio-de-turismo-en-la-agencia-nacional-del-turismo-folclore-y-gastronomia-CG22607115
Unitel,2026-08-03,Economía,Agropecuarios declaran “estado de emergencia total” por diésel y anuncian monitoreo diario de la distribución de combustible,"Desde la Cámara Agropecuaria del Oriente (CAO) declararon un “estado de emergencia total” por la falta de diésel en las zonas productivas, anunciando también que, desde este martes, se realizará un monitoreo diario de las asignaciones de combustible a los departamentos y, en especial, a las zonas productivas.

La medida fue comunicada por el presidente de la CAO, Klaus Frerking, tras una reunón sostenida con el ministro de Hidrocarburos, Marcelo Blanco, y ejecutivos de Yacimientos Petrolíferos Fiscales Bolivianos (YPFB) , de la que el sector salió con compromisos, pero a la espera de resultados concretos.

“Estamos muy preocupados con lo que está ocurriendo con el diésel, ya en un estado de emergencia total el sector productivo, necesitamos todo el combustible a nivel nacional en los surtidores. El 70% de los productores son pequeños, que necesitan ir a los surtidores a cargar para poder planificar su siembra, poder planificar su cosecha”, sostuvo el dirigente.

MIRA AQUÍ: Emergencia por diésel en provincias cruceñas: YPFB y Amdecruz trazan una agenda de seis puntos

Asimismo, Frerking explicó que el monitoreo busca transparentar el abastecimiento comprometido por las autoridades, reporte que comenzará desde este martes para que la población conozca cómo evoluciona la distribución del carburante

”El ministro se ha comprometido, el presidente de Yacimientos, que ha llegado combustible al país, esperemos que en los próximos días las asignaciones suban. Nosotros vamos a hacer todos los días una mención de cuánto están asignando de combustible a los diferentes departamentos y, en especial, a las zonas productoras del país”, resaltó.

El dirigente sostuvo que la incertidumbre por el abastecimiento impide a los productores organizar la siembra y la cosecha, además de encarecer la producción, poniendo como ejemplo la zafra cañera registra un retraso del 20%.

MIRA AQUÍ: Exportación de gas cayó por debajo de los $us 500 millones en el primer semestre de este año, según el INE

Frerking agregó que existen dificultades para trasladar granos a las granjas por la falta de diésel y también repercute a otros sectores que forman parte de la cadena productiva, como es el caso del transporte y la agroindustria.

”Toda reunión es positiva, y los compromisos son positivos, pero tienen que cumplirse, tienen que aplicarse para que el productor pueda planificar. Sin planificación, no hay agropecuaria, no hay productor de leche, no hay productor de soya, no hay productor de vacas. Necesitamos planificarnos y eso es con certidumbre y la base es el diésel”, concluyó.",https://unitel.bo/noticias/economia/agropecuarios-declaran-estado-de-emergencia-total-por-diesel-y-anuncian-monitoreo-diario-de-la-distribucion-de-combustible-OG22608107
Unitel,2026-08-03,Seguridad,Desplazan policías de La Paz a San Matías para reforzar operativos tras la muerte de un subteniente en un ataque armado,"Ante los hechos violentos registrados en el municipio cruceño de San Matías , donde un subteniente fue abatido por un grupo armado tras la muerte de otras cuatro personas, el director nacional de la Fuerza Especial de Lucha Contra el Crimen (Felcc), Marcelo Sánchez, informó que un contingente policial se desplazó hasta la localidad para reforzar los operativos.

“Por orden de nuestro Comando General se ha trasladado un contingente importante de funcionarios policiales para generar prevención en el lugar, y esta dirección ha dispuesto reforzar para generar una sensación de seguridad”, informó la autoridad.

MIRA AQUÍ: Fiscalía: Hijo de Luis Arce compró inmuebles por $us 750 mil y tenía Bs 600 mil en sus cuentas

El jefe policial también señaló que efectivos de otras unidades y direcciones fueron desplazados hasta este municipio cruceño, donde se registraron los hechos violentos. Sin embargo, evitó mencionar la cantidad de policías desplazados.

La tarde del domingo llegó un grupo especializado de policías de la Fuerza Especial de Lucha Contra el Narcotráfico (Felcn) a la base militar Diablos Rojos del aeropuerto El Trompillo , con la finalidad de desplazarse hacia San Matías, epicentro del conflicto armado.

La tarde del sábado, la Policía confirmó que el cuerpo hallado a un kilómetro de una pista clandestina descubierta corresponde al subteniente Yerson Salazar, quien estaba desaparecido desde la emboscada registrada el pasado jueves en el municipio cruceño de San Matías.

MIRA AQUÍ: Ante la ola de violencia, las FFAA afirman que están preparadas para proteger y defender a los bolivianos

De acuerdo con el reporte, el hallazgo se produjo durante los operativos desplegados para ubicar al uniformado y capturar a los responsables del ataque.",https://unitel.bo/noticias/seguridad/desplazan-policias-de-la-paz-a-san-matias-para-reforzar-operativos-tras-la-muerte-de-un-subteniente-en-un-ataque-armado-BG22607789
Unitel,2026-08-03,Política,“Es indignante”: diputado Rada cuestiona detención domiciliaria sin escolta para Laura Rojas,"El diputado del Partido Demócrata Cristiano (PDC), Ricardo Rada, cuestionó la liberación de la exdiputada Laura Rojas, investigada en el caso maletas, y calificó de “indignante” la determinación de otorgarle detención domiciliaria sin escolta.

“Es para nosotros, para mi persona, indignante, es una vergüenza lo que está sucediendo en nuestro país. No puede ser que tengamos a una persona que se beneficia del uso ilegal de un pasaporte diplomático, que pasa 32 maletas, y encima la justicia la libera sin pena y culpa”, cuestionó.

Además, señaló que el Ministerio Publico e n los 180 días de detención preventiva no hizo un uso correcto del tiempo otorgado ni formalizó la imputación.

MIRA AQUÍ: Caso maletas: Dictan arresto domiciliario sin escolta para Laura Rojas y fijan fianza de Bs 50.000

También apuntó a otros actores como el Ministerio de Gobierno y la Policía para que denuncien y lleven ante la Justicia a los jueces que permitieron su liberación.

Rada señaló que hasta la fecha se desconoce el paradero y contenido de las maletas que ingresó Rojas.

“Son protegidos y quedan en la impunidad. Los verdaderos ladrones, los que están saqueando Bolivia, los ladrones de guante blanco son los que salen en libertad después de unos meses en la cárcel”, señaló el diputado.

MIRA AQUÍ: Ministro Aramayo: “El Estado debe concentrar sus esfuerzos en responder con eficiencia a las necesidades de la población”

Este lunes, la exdiputada Laura Rojas f ue beneficiada con detención domiciliaria sin escolta, fianza de Bs 50.000 y arraigo, tras una audiencia de modificación de medidas cautelares.

La medida se tomó por la investigación por tráfico de sustancias controladas, asociación delictuosa y confabulación. No obstante, la exautoridad aún tiene detención preventiva por el caso de legitimación.

La decisión se conoció cinco meses después de que la exautoridad fue enviada a la cárcel de Palmasola por el ingreso de maletas que evadieron el control de Aduana, utilizando su pasaporte diplomático, a pesar de que ya no cumplía funciones como autoridad nacional.",https://unitel.bo/noticias/politica/es-indignante-diputado-rada-cuestiona-detencion-domiciliaria-sin-escolta-para-laura-rojas-MG22608040
Unitel,2026-08-03,Política,"“No veo un cambio de timón en el Ministerio de Relaciones Exteriores”, señala analista","Tras la posesión este lunes de Fernando Aramayo como ministro de la Presidencia y de Francisco Huanca, en el Ministerio de Relaciones Exteriores, el exministro y analista Oscar Ortiz realizó un análisis sobre las nuevas autoridades designadas.

“No veo el cambio de timón en el Ministerio de Relaciones Exteriores, por el contrario me preocupa que se continúe prolongando la situación actual que ya de por sí está generando mucha preocupación”, manifestó Ortiz en contacto con UNITEL.

MIRA AQUÍ: Paz transforma el Ministerio de Turismo en la Agencia Nacional del Turismo, Folclore y Gastronomía

Cabe recordar que el presidente Paz designó a Aramayo para liderar el ministerio de la Presidencia en lugar de José Luis Lupo y la Cancillería ahora estará a cargo de Francisco Huanca Gutiérrez, quien anteriormente ocupaba el Viceministerio de Gestión Consular e Institucional.

Hace unos días se realizaron observaciones a la Cancillería, pues a casi nueve meses de haberse iniciado la gestión del Gobierno de Rodrigo Paz, todavía no se había enviado a la Asamblea Legislativa la lista de los embajadores designados por el presidente para su aprobación.

“Tiene como antecedentes el haber trabajado, entiendo yo, durante 15 años en la Defensoría del Pueblo durante las gestiones del movimiento socialismo, con lo cual si se habla tanto de cambios y se habla que justamente se quiere un estado distinto al que dejaron los anteriores Obviamente me parece un antecedente complejo dado que sabemos que la Defensoría del Pueblo durante el gobierno del MAS fue absolutamente politizada”, señaló Ortiz.

Sobre la designación en el ministerio de la Presidencia, Ortiz considera que es necesario “darle la oportunidad” a Aramayo en el nuevo cargo que asume.

MIRA AQUI: ¿Quién es Héctor Francisco Huanca Gutiérrez el ministro de Relaciones Exteriores?

“Que toda esa experiencia, esa formación que él tiene desde su trayectoria como exfuncionario de Naciones Unidas de gestión de conflictos pueda traducirse también en la gestión gubernamental a nivel nacional”, señaló Ortiz.

El analista indicó que tras anunciarse leyes que necesitan concertación , será importante una gestión política y económica para negociar, concertar y consensuar acuerdos.",https://unitel.bo/noticias/politica/no-veo-un-cambio-de-timon-en-el-ministerio-de-relaciones-exteriores-senala-analista-LG22608298
Noticias Violeta,2026-08-03,Local,Categoría:Local,"Sucre, 3 de agosto (ANV).- La presidenta de la Cámara de Industria y Comercio (Cainco), Paola Alvarez, señaló la importancia de los créditos internacionales para estabilizar el tipo de cambio, al tiempo que instó a evaluar la situación de las empresas públicas deficitarias y advirtió sobre las responsabilidades administrativas que asumirán las regiones con el debate del pacto fiscal «50-50» previsto para el 5 de agosto. Alvarez explicó que los préstamos provenientes del Fondo Monetario Internacional y del Banco Mundial son recursos esperados para dar estabilidad cambiaria y equilibrar la…

Sucre, 3 de agosto (ANV).- La Casa de la Libertad ha suspendido temporalmente la atención al público con el fin de priorizar los trabajos logísticos y de adecuación del Salón de la Independencia para los homenajes del Día de la Patria, según informaron Pedro Debreczeny, responsable de museos de la institución, y Mario Linares Urioste, custodio del recinto histórico. Ambos funcionarios explicaron que las actividades cívicas y legislativas previas al acto central del 6 de agosto —donde sesionará la Asamblea Legislativa Plurinacional y el presidente del Estado emitirá su mensaje…

Sucre, 3 de agosto (ANV).- El director del Ballet Folclórico Municipal de Sucre, Andrés Ibañes, anunció el inicio de la novena Bienal Internacional de Danza Folclórica, un festival que congrega a delegaciones de Colombia y Argentina, y que arranca hoy con una gala de apertura en el Teatro Gran Mariscal a partir de las 19:30 horas, además de contemplar talleres formativos y actividades de acercamiento artístico en sectores vulnerables. La gala inaugural contará con un espectáculo de más de dos horas y media de puestas en escena de los países…

Sucre, 3 de agosto (ANV).- El gerente de la Cámara de Industria, Comercio y Servicios (CAINCO), Omar Orellana, manifestó su preocupación ante el inminente agotamiento de las reservas de gas en Bolivia y la necesidad de comenzar a importar carburantes a precios internacionales a partir de diciembre, una situación que afectará tanto a las familias como al sector industrial. Asimismo, el representante gremial señaló que la inestabilidad cambiaria del dólar persistirá mientras el gobierno no logre financiamiento externo de organismos internacionales para fortalecer las reservas internacionales del país. Respecto a…

Sucre, 3 de agosto (ANV).- El Circuito Oscar Crespo, desarrollado durante el fin de semana en la ciudad de Sucre, dejó un saldo de siete personas heridas, producto de cuatro accidentes registrados en diferentes puntos del recorrido. El responsable del Centro Coordinador de Emergencias, Jorge Siles, informó que el día domingo fue el más complicado, con dos accidentes que dejaron cinco lesionados, mientras que el sábado se registraron dos hechos con dos heridos, entre ellos un menor de 16 años con politraumatismo y contusión de hombro. El paciente más grave…

La Paz, 3 de agosto (ANV).- El senador José Manuel Ormachea cuestionó duramente las declaraciones del comandante general de la Policía Boliviana, Mirko Sokol, quien afirmó que la aprehensión del expresidente Evo Morales «no es prioridad» para la institución y que el caso en su contra «no tiene solidez» porque, a su criterio, «no hay una víctima» . El legislador sostuvo que el expresidente enfrenta una orden de captura por varios presuntos delitos relacionados con los 53 días de bloqueos que afectaron al país y se preguntó si las declaraciones…

El departamento de Santa Cruz registró nueve asesinatos en los últimos cinco días, una escalada de violencia que generó el pronunciamiento de autoridades departamentales y representantes cívicos, quienes exigieron al Gobierno nacional acciones inmediatas para enfrentar el crimen organizado. La seguidilla de casos incluye ataques armados en San Matías, el asesinato de un policía, dos decapitados en Yapacaní y otros dos homicidios ocurridos este domingo. La presidenta de la Asamblea Legislativa Departamental, María René Álvarez, calificó la situación como crítica y señaló que varios de los hechos presentan «características propias…

Sucre, 30 de julio (ANV).- En una acción conjunta entre el Gobierno Autónomo Municipal de Sucre y la Policía Nacional, se dio inicio al proyecto «Una Segunda Oportunidad», una iniciativa que busca adiestrar a canes rescatados del albergue de Puka puka para facilitar su adopción o integrarlos a la Guardia Municipal. El anuncio y los detalles de esta cadena de reinserción y cuidado animal fueron brindados por el comandante de la policía coronel Roger Costas; Roberto Arce, director municipal de salud; Miguel Silva, director del centro de adiestramiento de canes;…

La Paz, 30 de julio (ANV).- El analista económico Jaime Dunn afirmó que el crédito de 1.900 millones de dólares que Bolivia negociaría con el Fondo Monetario Internacional (FMI) «solo compra tiempo, no soluciones», al señalar que los recursos no generan las reformas estructurales que el país necesita para superar la crisis económica. Dunn sostuvo que el Gobierno debería implementar ajustes independientemente del crédito, y no como una exigencia del organismo multilateral. Dunn explicó que el desembolso llegaría en diferentes montos a lo largo de 36 meses, pero que aún…

La Paz, 27 de julio (ANV).- El comandante general de la Policía Boliviana, general Mirko Sokol, denunció que entre seis y ocho oficiales con grado de mayor habrían recaudado aproximadamente 2 millones de dólares para promover el ascenso de un coronel al cargo de comandante general de la institución. Según Sokol, el dinero habría sido entregado a un coronel que aspira al generalato para que posteriormente fuera ofrecido al ministro de Gobierno y al Órgano Ejecutivo, con el objetivo de influir en la designación del próximo jefe policial. La autoridad…

Agencia de Noticias Violeta | Celular 72441200",https://noticiasvioleta.com/categor%C3%ADas/local/
Radio Panamericana,2026-08-03,nacional,Representante gremial insta al gobierno a actuar ante el precio del dólar,"Mercedes Quisberth, representante de los gremiales de La Paz, expresó su preocupación durante un acto realizado en el Salón Multipropósito del Edificio de la Asamblea Legislativa Plurinacional. Señaló que el constante incremento del dólar estadounidense afecta negativamente a su sector económico.

Quisberth indicó que en diversas ocasiones han solicitado al gobierno tomar medidas para evitar el funcionamiento del tipo de cambio flexible. Consideran que esta situación genera dificultades que deben ser atendidas con urgencia.

El llamado ocurre en un contexto donde el impacto del dólar en la economía local provoca malestar entre los gremiales, quienes buscan que el Estado asuma una postura activa para estabilizar el mercado cambiario.",https://www.panamericana.bo/articulo/nacional/representante-gremial-insta-gobierno-actuar-subida-dolar/20260803142003016560.html
Radio Panamericana,2026-08-03,nacional,Nuevo presidente del Colegio de Abogados  impulsa mejoras en la formación profesional y busca ampliar la afiliación de juristas,"Héctor Durán, electo recientemente como presidente del Colegio de Abogados de La Paz, anunció las prioridades para su nueva gestión durante la edición meridiana del 3 de agosto de 2026.

Durán indicó que una de sus principales tareas es fortalecer la institución, especialmente enfocándose en la calidad de la formación de los profesionales del derecho. Para ello, proyecta reuniones con diversas universidades con el fin de definir aspectos mínimos en la formación académica, garantizando así un estándar común para los futuros abogados.

Además, subrayó la importancia de incrementar la afiliación de profesionales al Colegio de Abogados, haciendo un llamado a quienes aún no forman parte de la institución para que se unan. ""Lo que tenemos que hacer es que la gente que no está afiliada en la institución lo haga"", afirmó Durán, destacando que este paso es clave para potenciar la representación y organización del gremio.

La nueva gestión se enfoca en revitalizar el Colegio de Abogados de La Paz a través de estas acciones estratégicas, buscando consolidar una base sólida que permita enfrentar con éxito los desafíos del ámbito legal en la región.",https://www.panamericana.bo/articulo/nacional/duran-privilegia-formacion-afiliacion-colegio-abogados/20260803141027016559.html
Radio Panamericana,2026-08-03,nacional,Experto urge crear agencia para controlar violencia en Santa Cruz,"La creciente violencia vinculada al crimen organizado en Santa Cruz ha movilizado a expertos en seguridad a pedir medidas contundentes. El coronel Erick Millares, especialista en la materia, señaló a Panamericana la urgencia de implementar una agencia de inteligencia estatal en Bolivia.

Millares destacó que los métodos actuales para controlar el uso y la portación de armas son insuficientes, evidenciando la presencia y actuación de grupos criminales en el país. ""Los mecanismos de control sobre armas no están funcionando adecuadamente"", afirmó.

Además, el oficial criticó el consejo de seguridad vigente, al que calificó de poco eficaz para gestionar esta problemática. Ante este contexto, planteó la creación de un organismo especial que permita el intercambio rápido y coordinado de información, con el objetivo de enfrentar y desarticular las estructuras delictivas existentes.

La propuesta busca fortalecer la capacidad estatal de reacción frente al incremento de la violencia armada, trazando un plan integral para mantener la seguridad y el orden público en Bolivia, particularmente en zonas afectadas como el departamento de Santa Cruz.",https://www.panamericana.bo/articulo/nacional/erick-millares-urge-crear-agencia-controlar-violencia-santa-cruz/20260803135056016556.html
Radio Panamericana,2026-08-03,nacional,Alcaldía confirma retiro de la ciclovía y auditará ejecución del proyecto,"El Gobierno Autónomo Municipal de La Paz, mediante declaración de Víctor Hugo Villarreal, director de infraestructura y movilidad urbana, confirmó la remoción total de la ciclovía recientemente instalada que había generado rechazo entre vecinos y comerciantes.

Villarreal indicó que la instrucción para el levantamiento de todos los elementos de la ciclovía provino del alcalde César Dockweiler, quien además ordenó la realización de auditorías para evaluar posibles daños al municipio ocasionados por el proyecto.

El director detalló que el diseño, la planificación y la ejecución del proyecto presentaron múltiples deficiencias, especialmente al no haberse socializado adecuadamente con los residentes y comerciantes de la ruta afectada. Por ello, señaló que la nueva gestión se enfocará en corregir las fallas y desarrollar una red de ciclovías que sea integral y segura para La Paz.

Además, Villarreal aseguró que el ciclismo urbano es factible en la ciudad si se cuenta con estudios responsables que identifiquen las zonas más adecuadas y planteen alternativas viables de circulación. Así, la alcaldía busca planificar con mayor rigor para implementar ciclovías que respondan a las necesidades y expectativas de la ciudadanía paceña.",https://www.panamericana.bo/articulo/nacional/alcaldia-confirma-retiro-ciclovia-auditara-ejecucion-proyecto/20260803134006016555.html
Radio Panamericana,2026-08-03,nacional,Alcaldesa de Sucre invita a promover el turismo y cultura en las fechas patrias de agosto,"La alcaldesa de Sucre, Fátima Tardío, destacó la extensa programación que se lleva a cabo en la ciudad con motivo del 201 aniversario de la independencia de Bolivia, enfatizando la preparación para recibir invitados tanto nacionales como internacionales. Según Tardío, la iniciativa busca promover el turismo y reforzar los valores culturales de la capital.

Tardío resaltó que el mensaje central de las actividades patrimoniales apunta a la eliminación de un modelo estatal centralista y a fomentar una visión renovada de progreso. Para alcanzar esto, la autoridad plantea profundizar las autonomías departamentales y municipales, así como redistribuir recursos, con el objetivo de impulsar el desarrollo en regiones históricamente desatendidas.

Paralelamente, desde la ciudad de La Paz, el representante del Comité Cívico, Rolando Miranda, reportó que otras conmemoraciones también se realizan en diferentes departamentos del país, como un desfile estudiantil en la zona sur que forma parte de las celebraciones patrias.

Estas actividades reflejan un esfuerzo coordinado por distintas autoridades y organizaciones para honrar la fecha del 6 de agosto, con la intención de fortalecer la identidad nacional y la cohesión social, a la vez que se genera dinamismo económico mediante el turismo cultural.",https://www.panamericana.bo/articulo/nacional/alcaldesa-sucre-invita-promover-turismo-cultura-fechas-patrias-agosto/20260803133747016558.html
Radio Panamericana,2026-08-03,nacional,Senador Ormachea critica falta de prioridad en aprehensión de Evo Morales,"Mirko Sokol, comandante general de la Policía Boliviana, afirmó recientemente que la aprehensión de Evo Morales no es una prioridad dentro de su gestión, destacando que las denuncias y pruebas presentadas en contra del expresidente necesitan ser más sólidas para avanzar en ese proceso.

Estas declaraciones fueron objeto de cuestionamientos por parte del senador José Manuel Ormachea, miembro de la alianza política “Libre”. A través de Panamericana, Ormachea manifestó que, para él, la captura de Morales debe ser una prioridad tanto para el comandante como para el gobierno del presidente Rodrigo Paz.

El senador cuestionó si las palabras de Sokol reflejan un criterio personal o institucional, ya que, según Ormachea, la postura de la autoridad policial estaría incurriendo en desacato a una orden judicial vigente. Además, argumentó que el cumplimiento de las medidas judiciales es fundamental para mantener la seguridad y el orden en el país.

Este episodio ha generado debate en el ámbito político boliviano sobre el rol de las fuerzas de seguridad en la vigilancia del cumplimiento de la justicia, especialmente respecto a procesos con figuras políticas de alto perfil.

Las autoridades gubernamentales aún no han emitido una respuesta oficial sobre el planteamiento del senador y la postura expresada por el comandante Sokol, mientras la sociedad civil observa con atención el desarrollo de este tema.

El llamado tanto del legislador como de otros sectores es que las instituciones encargadas de la seguridad se acojan a las disposiciones legales y garanticen imparcialidad en sus funciones.",https://www.panamericana.bo/articulo/nacional/senador-critica-falta-prioridad-aprehension-evo-morales/20260803133015016554.html
Visión 360,2026-08-03,•Fútbol Boliviano,La delegación de The Strongest viajará a Potosí por tierra,"Sports 360 / La Paz

El plantel de The Strongest cerrará sus entrenamientos en la mañana de este martes y de inmediato la delegación partirá vía terrestre a Potosí, para enfrentar el miércoles a Nacional, cotejo correspondiente a la decimotercera fecha del todos contra todos.

El cotejo en el Víctor Agustín Ugarte está programado para las 18.00 y, a la conclusión, el plantel emprenderá el retorno a La Paz, donde tres días después —sábado 8 de agosto— el Tigre recibirá a Independiente.

“Hoy (lunes) hicimos un entrenamiento bastante largo y mañana (martes) hacemos simplemente una activación, juegan un poquito de fútbol tenis y de ahí nos subimos al bus”, declaró Jun Carlos Paz García, quien estuvo al frente del plantel en los últimos dos partidos después de la salida del técnico ecuatoriano Sixto Vizuete y será parte del cuerpo técnico de Antonio Carlos Zago.

El grupo se trasladará primero a la ciudad de El Alto, desde donde está previsto partir a las 11.00 a la Villa Imperial.

En el partido ante Nacional, el Tigre espera recuperar los puntos que se han cedido, sobre todo en condición de local. Sin ir lejos, el último viernes el equipo igualó con Aurora (1-1) en el estadio Hernando Siles.

A la reanudación del certamen, el pasado 7 de julio, el Tigre llegó con la misma cantidad de puntos (17) y un partido menos respecto de Always Ready; pero cinco cotejos después, el Millonario (29) le saca al Tigre (24) cinco unidades.

“Vamos a Potosí en busca de las tres unidades que nos permitan seguir estando en la punta”, expresó Paz García.

Como pasó el viernes ante Aurora, otra vez será baja Adrián Jusino, quien se recupera de una microcirugía.

Paz García informó respecto de la lesión de Jusino, que “ha tenido una microcirugía en la uña, le han sacado una parte de la uña y sigue lesionado. Aguardaremos su recuperación; mientras tanto, tenemos los centrales como son: (Martín) Chiatti, (Pablo) Pedraza, (Yamil) Portuncho, Dylan y otro juvenil”.",https://www.vision360.bo/noticias/2026/08/03/61186-la-delegacion-de-the-strongest-viajara-a-potosi-por-tierra
Visión 360,2026-08-03,•Fútbol Boliviano,"Bolívar tiene una gran hegemonía de local sobre Oriente, que está en levantada","Sports 360 / La Paz

Luego de la dura derrota con Always Ready (1-0) el domingo pasado, Bolívar afrontará otro complicado encuentro este miércoles en el Hernando Siles ante Oriente Petrolero, club que llega en levantada, aunque lleva cinco años sin poder sumar un punto en La Paz ante la Academia y una década sin vencer.

Los dirigidos por Alejandro Restrepo están obligados a ganar ante los Albiverdes en el marco de la decimosegunda jornada del Torneo Liga de la División Profesional.

Actualmente son terceros en la tabla de posiciones con 21 puntos, solo por detrás de Always (29) y The Strongest (24).

Por ello, ante Oriente buscarán sumar las tres unidades, además de mantener su hegemonía perfecta desde hace cinco años, pues la última vez que cedió puntos de local fue el 22 de julio de 2021 con el empate a un gol.

Mientras que el 11 de septiembre de 2016 fue la última vez que cayó con Oriente en el Siles (0-1).

Luego de la igualdad de 2021 el plantel celeste cosechó puras victorias: siete en total.

Además, el historial entre ambos equipos muestra que Bolívar tiene una amplia superioridad.

Ya jugaron un total de 100 partidos en los que la Academia actuó como local y la ventaja es celeste con 80 triunfos, nueve empates y 11 victorias de Oriente.

Ese partido número 100 se jugó el 19 de julio de 2025 y ganó Bolívar por la mínima diferencia gracias al tanto de José Sagredo a los 79 minutos.

Estas estadísticas muestran que al conjunto cruceño no le va nada bien en La Paz, pero actualmente pasa por un buen momento, pues lleva tres partidos consecutivos sin perder (un empate y dos victorias).

A ello se suma que se ubica séptimo en la clasificación con 17 puntos; es decir, que luego de mucho tiempo se encuentra en puestos de clasificación a un torneo internacional, aunque aun falta mucho por jugar en la División Profesional.",https://www.vision360.bo/noticias/2026/08/03/61174-bolivar-tiene-una-gran-hegemonia-de-local-sobre-oriente-que-esta-en-levantada
Visión 360,2026-08-03,•Fútbol Boliviano,"En el primer día de trabajo, el nuevo cuerpo técnico del Tigre puso énfasis en el dibujo táctico","Sports 360 / La Paz

El nuevo cuerpo técnico de The Strongest, que comanda Antonio Carlos Zago, empezó a preparar el partido del miércoles con Nacional Potosí, cotejo correspondiente a la fecha 13. En el primer día al frente del plantel se puso énfasis en el dibujo táctico.

Para el miércoles es esperado en La Paz el flamante DT atigrado, pero las tareas empezaron este lunes con Giancarlo Zago —hijo y mano derecha del entrenador brasileño—, quien arribó en la madrugada.

Solo unas horas después de su llegada se puso manos a la obra y contó con la colaboración de Juan Carlos Paz García, quien será parte del grupo de trabajo y que en los dos últimos partidos —con Blooming y con Aurora— estuvo al frente de manera interina.

Paz García, al final de la sesión de este lunes, contó que en el primer contacto con Giancarlo le explicó cómo se ha venido trabajando, los jugadores con los que se cuenta y algún otro detalle respecto de la plantilla.

Después, en una práctica bastante extensa, según dijo, se empezó a trabajar en el dibujo táctico.

“Trabajamos con un sistema de juego de 4-3-3”, muy similar a la propuesta del ecuatoriano Sixto Vizuete, y después “hicimos otro con una línea de tres en el fondo, tratando de buscar algunas alternativas y variabilidad para poder tener mucho más potencial en la zona ofensiva”.

En los últimos partidos que ha jugado el aurinegro por el torneo local, se ha advertido que las principales deficiencias están en el ataque, por eso se pretende potenciar esa zona.

El equipo es uno con la presencia de Adrián Estacio y Darwin Lom, y la figura es diferente cuando no se cuenta con ellos, como ocurrió en la parte final del cotejo del pasado viernes con Aurora, que terminó igualado a un gol en el estadio Hernando Siles.

Paz García dijo que es complicado modificar la idea de juego en uno o dos entrenamientos, “pero cada partido tiene su propia connotación y veremos si es necesario cambiar el dibujo o mantener la línea de cuatro”.

El técnico también aseguró que será de mucha utilidad para transmitir la idea de juego, que los Zago (padre e hijo) conocen a buena parte del plantel.",https://www.vision360.bo/noticias/2026/08/03/61156-en-el-primer-dia-de-trabajo-el-nuevo-cuerpo-tecnico-del-tigre-puso-enfasis-en-el-dibujo-tactico
Visión 360,2026-08-03,•Fútbol Boliviano,Sao Paulo no puede inscribir refuerzos para medirse con Bolívar,"El cuerpo técnico de Sao Paulo aguarda para las siguientes horas el pago que debe realizar su dirigencia a la FIFA para poder inscribir un par de refuerzos que tiene en mente inscribir para los octavos de final de la Copa Sudamericana que debe jugar frente a Bolívar el 11 y 18 de agosto.

Según la prensa brasileña, el pago más urgente es la de un millón cincuenta mil euros a la Lazio, Italia, correspondiente a un plazo por la compra del centrocampista Marcos Antonio.

“Debido a esta cantidad, el Sao Paulo está sancionado por la FIFA y tiene prohibido inscribir nuevos jugadores”, cita el portal GloboEsporte.

Hasta que se levante la prohibición de fichajes , el club no puede contar con dos de los refuerzos fichados en este mercado: el defensa Domingos Duarte y el lateral izquierdo Iago. Por lo tanto, el Sao Paulo está tratando el asunto con urgencia, a pesar de las dificultades financieras que enfrenta para saldar la deuda.

Otro jugador cuyo futuro en el club es incierto es el lateral izquierdo Enzo Díaz. Tras perderse los dos últimos partidos del Sao Paulo después del Mundial, el jugador argentino se encuentra “descontento” con los retrasos en el pago de los derechos de imagen y de las cuotas a su agente, y no ha sido utilizado por el cuerpo técnico, que ha detectado un bajón en su rendimiento durante los entrenamientos.

Sao Paulo no jugó el último fin de semana por el torneo brasileño ya que su partido con el Santos será reprogramado. La reaparición del equipo que comanda Dorival Junior será el sábado ante el Gremio (15:00). El traslado a La Paz aún no ha sido confirmado por el comando técnico, el partido de ida se jugará el martes 11 desde las 20:30 en el estadio Hernando Siles.",https://www.vision360.bo/noticias/2026/08/03/61123-sao-paulo-no-puede-inscribir-refuerzos-para-medirse-con-bolivar
Visión 360,2026-08-03,•Fútbol Boliviano,"San José en el olvido: si el viernes no se inscribe, pierde una categoría más","El glorioso San José de Oruro, el original, tiene cuatro días de plazo para consolidar su inscripción en la Primera B de la Asociación de Fútbol de Oruro (AFO) o caerá una categoría más por incumplir en los plazos de registro que tienen los equipos de esa división. La situación es complicada para uno de los clubes con mayor hinchada en el país, pero que hoy se encuentra en una grave crisis financiera e institucional.

El Santo descendió de la División Profesional a fines de 2021; por cuatro años se mantuvo en la Primera A de la AFO y a principios de este año cayó en zona de descenso indirecto y perdió frente al club Deportivo Pomata, extremo con el que se fue a la B del fútbol orureño.

Previo a los dos juegos que tuvo con Pomata, los jugadores denunciaron que no contaron con un campo de entrenamiento y los servicios básicos para mantener la categoría. Cinco meses después, el panorama no ha cambiado.

El presidente de la AFO, Walter Humacayo, sostuvo a SPORTS 360 que el plazo de inscripciones para el torneo de la B cierra este viernes 7 de agosto.

“Hasta la fecha no se ha inscrito; si no se inscribe, baja a la primera de ascenso, pero recién podrá actuar en esa categoría en 2027; para este año ya habría perdido la opción de jugar en la B”, explicó Humacayo.

El directivo cuenta que cuando una entidad baja a las categorías de ascenso, prácticamente va rumbo a su desaparición. “Hay muchos clubes que han desaparecido participando en la B, ya no llegan a la primera de ascenso y desaparecen”.

El titular de la AFO explicó que actualmente existen dos grupos dirigenciales que pugnan por tener el control de la entidad orureña.

“Tienen dirigentes que son prepotentes, quieren todo a la fuerza. La historia no le da ese derecho, ya que los derechos se ganan con deberes. Me llega una nota en la cual piden que el actual directorio no ha hecho nada y que se llame a elecciones; se le quiere pasar al delegado la carta y este me dice: ""Yo no puedo recibirte porque no me incumbe meterme en ese asunto”.

De acuerdo con el portal oficial de la FIFA, San José tiene 13 prohibiciones para inscribir jugadores, es decir, que ante un escenario alentador y un retorno a la categoría principal dentro de tres años, antes deberá pagar los montos que adeuda a sus jugadores, especialmente de la gestión 2021 que hicieron llegar su reclamo a esa entidad.

En cierto momento, el nuevo gobernador de Oruro se interesó en la posibilidad de apoyar al club, pero cuando se enteró de los montos que se deben, vio que la situación es “inviable”.

De momento, la urgencia pasa por inscribir a San José al certamen de la B; luego deberá encontrar jugadores que quieran jugar en un club que se encuentra “abandonado a su suerte” y que apunta a su “desaparición”.",https://www.vision360.bo/noticias/2026/08/03/61114-san-jose-en-el-olvido-si-el-viernes-no-se-inscribe-pierde-una-categoria-mas
Visión 360,2026-08-03,•Fútbol Boliviano,Insólito: primer técnico de Bolívar que se queja por jugar a 4.150 metros de altitud,"El director técnico de Bolívar, Alejandro Restrepo, afirmó que su equipo sintió “cansancio y fatiga” en los 4.150 metros de altitud que tiene el estadio de Villa Ingenio en El Alto. La frase del colombiano llamó la atención, ya que nunca antes un técnico de la Academia se había quejado de jugar en la altura.

Luego de la derrota de los celestes a manos de Always Ready (1-0), los criterios del profesional llamaron la atención, más cuando Bolívar juega desde hace 101 años en la sede de Gobierno y desde 2019 acude habitualmente a jugar a ese escenario donde ya consiguió varios triunfos.

“Se vino de un viaje largo, de un viaje importante y se compitió bien, creo yo; al final, obviamente que se nota el cansancio, estamos a 4.150 metros de altura, subimos de donde nosotros vivimos, de donde entrenamos y la fatiga se tenía que notar, pero lo que yo siento es que el equipo se viene recuperando bien”, subrayó Restrepo en la conferencia.

Restrepo comentó que a Bolívar le costó subir en esta ocasión al escenario alteño, e hizo alusión a que su plantilla entrena diariamente en la zona de Ananta, al sur de La Paz, a una altura aproximada de 3.200 metros, 950 menos que en Villa Ingenio.

Sin embargo, en el cuadro académico existen varios jugadores que en las pasadas eliminatorias entrenaron en ese estadio al mando del seleccionador nacional, Óscar Villegas, y la lista es amplia, partiendo de Carlos Lampe, José Sagredo, Ervin Vaca, Carlos Melgar, Robson Matheus, John Velásquez, Luis Paz o Lucas Chávez, que en su momento fueron llamados a la Verde y nunca se escuchó una queja de “cansancio o fatiga”.

Al menos en los últimos cuarenta años, no se registran comentarios de técnicos que pasaron por Bolívar haciendo alusión a la altura.

Existen dos casos de profesionales que pasaron por Bolívar a los que la altura de La Paz les jugó en contra de la salud por consumir en demasía el cigarrillo.

En 1991, el uruguayo Juan Eduardo Hohberg llegó al club; tuvo un corto paso debido a que una mañana, en pleno entrenamiento en la zona de Tembladerani, se descompuso y fue trasladado directamente a una clínica y luego al aeropuerto de El Alto para viajar a Lima. Hohberg se sentaba en la mañana a un costado del viejo estadio de los bolivaristas y fumaba al menos una cajetilla durante la práctica.

El otro caso es el de Xabier Azkargorta (+), quien luego de conseguir el bicampeonato en 2015, admitió que no seguiría por una recomendación médica que le sugería irse a Santa Cruz. “Los cigarrillos que me fumé hace años, porque ya no lo hago, me pasan factura ahora”, anotaba el Vasco.

En ambos casos, ninguno se quejó de entrenar más abajo y luego jugar más arriba.",https://www.vision360.bo/noticias/2026/08/03/61099-insolito-primer-tecnico-de-bolivar-que-se-queja-por-jugar-a-4150-metros-de-altitud
Visión 360,2026-08-03,•Fútbol Boliviano,"Con el arribo de Giancarlo, comienza el segundo ciclo de los Zago en el Tigre","Sports 360 / La Paz

“Nuestro proyecto para este año es muy claro: pelear para salir campeón”, aseguró Giancarlo Zago, asistente técnico e hijo del entrenador Antonio Carlos Zago, quien llegó a La Paz en la madrugada de este lunes y solo unas horas después tomó el mando del primer plantel de The Strongest.

Con el arribo de Giancarlo comenzó el segundo ciclo de los Zago en el Tigre, luego de haber dirigido al aurinegro en cuatro partidos durante 2025. Dos por Copa Libertadores, ambos frente al brasileño Bahía por Fase 2. En el cotejo en La Paz igualaron a un gol y en la vuelta en Salvador fue triunfo del local por 3 a 0 y el Tigre quedó eliminado.

Por el torneo local (Liga de la División Profesional 2025), el DT brasileño estuvo al frente del plantel en los cotejos con Blooming, derrota en Santa Cruz (3-1), y frente a Nacional Potosí, triunfo en La Paz por 2 a 0. Después decidió alejarse.

El DT brasileño vuelve al club después de un año y cuatro meses. Tomó el mando del aurinegro el 17 de enero del año pasado y se despidió el 9 de abril, para vincularse al Botafogo da Paraíba de su país, club de la tercera división y en el que también tuvo un paso fugaz (estuvo al frente del equipo solo por seis partidos).

Zago era uno de los principales candidatos que manejaba el presidente Daniel Terrazas para reemplazar a Sixto Vizuete y, después de varios días de incertidumbre, finalmente se dio su regreso.

El primero en llegar fue su hijo Giancarlo, quien atendió a los medios en el aeropuerto de El Alto. “Feliz de estar acá, en un club que nos trató muy bien. Entonces empezamos un trabajo que ahora nos toca terminar. Feliz por la oportunidad, la confianza del presidente y del club también”, sostuvo.

Ante la consulta sobre las metas que se tienen, aseguró que “nuestro proyecto para este año es muy claro: pelear para salir campeón, pelear por un cupo de la Libertadores del próximo año; es la mentalidad con la que entramos al Tigre; queremos lograr nuestros objetivos para este año”.

Para cumplir con el objetivo, puntualizó que se cuenta ""con un buen plantel, con buenos jugadores”.

Aseguró que su padre sigue en Brasil atendiendo unos temas y que su llegada al país se producirá el miércoles, por lo que estará ausente en el choque de ese mismo día frente a Nacional Potosí en la Villa Imperial por la fecha 13.

Ante la ausencia del entrenador, Giancarlo anticipó que él dirigirá ese encuentro ""junto al profe (Juan Carlos) Paz García”.

Mandó un mensaje a la hinchada stronguista: “Que se ilusionen, vamos a pelear por muchas cosas este año y que esperen cosas grandes porque vamos a pelear por esto. Tenemos mucha hambre (de éxito), siempre con la mentalidad muy clara de hacer lo que queremos para este año, lograr los objetivos que tenemos para este año”.",https://www.vision360.bo/noticias/2026/08/03/61096-con-el-arribo-de-giancarlo-comienza-el-segundo-ciclo-de-los-zago-en-el-tigre
Visión 360,2026-08-03,•Polideportivo,Isabela Kilibarda es la mejor del Campeonato Nacional Rápido y Blitz,"Sports 360 / La Paz

Entre sábado y domingo se llevó a cabo el Campeonato Nacional Rápido y Blitz de ajedrez en Potosí, que tuvo como gran protagonista a la tarijeña Isabela Kilibarda por vencer en las dos modalidades. En varones, el Candidato a Maestro (CM) orureño Daniel Titichoca triunfó en el Rápido y el local Humberto Bracamonte ganó en Blitz.

“El torneo tuvo la participación de 59 pensadores de diferentes partes del país que compitieron en el coliseo Ciudad de Potosí”, comunicó la Federación Boliviana de Ajedrez en una nota de prensa.

Kilibarda fue la más destacada por los dos primeros puestos que logró en la rama femenina.

El torneo Rápido se jugó a siete rondas de 10 minutos más cinco segundos de incremento por movimiento.

Hubo un empate en el primer puesto de damas a 4,5 puntos entre la tarijeña y la potosina Nicole Martínez, pero Isabela salió vencedora gracias al sistema de desempate.

El campeonato Blitz se disputó a nueve rondas de tres minutos más dos segundos de incremento por jugada.

Kilibarda acabó primera al lograr 6 puntos. Detrás de ella se ubicaron las potosinas Davinia Sustacha (5,5) y Nicole Martínez (5).

Titichoca se impuso en el Rápido Absoluto con 7 unidades. Completaron el podio el Maestro Fide (MF) potosino Fernando Bolaños (6) y Bracamonte (5,5).

Bracamonte fue el mejor del Blitz Absoluto (9), seguido por Bolaños y Titichoca (ambos con 7).",https://www.vision360.bo/noticias/2026/08/03/61165-isabela-kilibarda-es-la-mejor-del-campeonato-nacional-rapido-y-blitz
Visión 360,2026-08-03,•Seguridad,Sokol contra la pared: Gobierno lo desautoriza y le llueven críticas por decir que la aprehensión de Morales no es su prioridad,"El comandante general de la Policía Boliviana, Mirko Sokol, enfrenta una difícil situación después de sostener que la aprehensión del expresidente Evo Morales no es prioridad de su gestión y observar las pruebas en su contra por los dos casos: trata de personas agravada y bloqueo de carreteras de más de 50 días.

El Ministerio de Gobierno, a través de un comunicado, desautorizó las declaraciones del jefe policial, quien afirmó que la aprehensión del expresidente Evo Morales no era una prioridad de su gestión y, además, cuestionó la solidez de las pruebas en su contra.

“La ejecución de la orden de aprehensión del señor Evo Morales Ayma constituye una tarea prioritaria para el Gobierno nacional, en estricto apego a la Constitución Política del Estado, al ordenamiento jurídico vigente y con absoluto respeto a las garantías y derechos establecidos por la ley”, sostiene el comunicado.

Además de esa desautorización, el jefe policial recibió duras críticas de parte de algunos asambleístas nacionales y del presidente del Comité Cívico Pro Santa Cruz, Satello Cochamanidis, debido a que una de las órdenes de aprehensión contra Morales corresponde a una denuncia presentada por la institución cívica.

“Desde mi punto de vista no es el caso más importante, porque el proceso que tiene es por trata y tráfico, estupro; creo que no van bien las pruebas” y consideró que la orden de aprehensión por el caso de los bloqueos requiere ser ""más sólida"" para poder ejecutarse, declaró.

Esta tarde, el Ministerio de Gobierno se pronunció sobre las afirmaciones del jefe policial: “el cumplimiento de las resoluciones emitidas por las autoridades jurisdiccionales competentes constituye un principio fundamental del Estado de derecho y una obligación ineludible para todas las instituciones encargadas de hacer cumplir la ley”.

Lee también: Sokol: Mafias vinculadas al narcoterrorismo buscan frenar la lucha contra la corrupción policial

En ese marco, sostuvo que ratifica que ninguna persona se encuentra por encima de la ley y que las decisiones judiciales deben ser cumplidas sin distinción, privilegios ni consideraciones de carácter político.

Asimismo, reafirmó su compromiso de actuar con responsabilidad, profesionalismo y proporcionalidad en todas las acciones que desarrolle, preservando la seguridad de la población, el orden público y la paz social, evitando cualquier escenario que ponga en riesgo la integridad de los ciudadanos o de los servidores públicos.

La senadora por APB-Súmate Claudia Mallón sostuvo que para esa organización política es prioridad aprehender a Morales.

“Para nosotros sí es prioridad porque Evo Morales es un peligro latente para la democracia en nuestro país. Está en juego no solo un Gobierno, sino también la estabilidad, la paz social y la democracia en Bolivia”, afirmó.

Mientras que el diputado por la Alianza Unidad, Alejandro Reyes, sostuvo que el exmandatario debería ser capturado por promover los bloqueos por más de 50 días en el país.

“Gracias a Evo Morales hemos tenido 53 días de calvario para Bolivia, por lo tanto, yo creo que ahí se equivoca el general Sokol. Tiene que ser el objetivo número uno, vivo o muerto, como dicen los afiches, así tiene que llegar a Evo Morales”, dijo.

Además, el presidente cívico de Santa Cruz manifestó que la Policía debe ejecutar las órdenes de aprehensión dispuestas por la justicia.

El pasado 29 de julio, el fiscal general del Estado, Roger Mariaca, confirmó que existen dos órdenes de aprehensión que se encuentran en manos de la Policía Boliviana contra Morales, por los casos de presunta trata de personas agravada en Tarija y por los presuntos delitos de alzamiento armado, terrorismo, entre otros, por los cuales es investigado.

Morales difundió hace dos semanas un video en el que se lo observa saludando a dos efectivos policiales en el Trópico de Cochabamba y otro en el que aparece en un parque del municipio de Shinahota, donde se encuentra bajo el resguardo de grupos de cocaleros e interculturales para evitar su aprehensión.

El Tribunal de Sentencia Penal, Anticorrupción y Contra la Violencia hacia las Mujeres Primero de la Capital de Tarija dispuso la apertura de juicio oral contra Morales e Idelsa P. S. por la presunta comisión del delito de trata de personas agravada, previsto en el artículo 281 bis del Código Penal, y fijó audiencia para el 11 de mayo, a la que los procesados no se hicieron presentes.

Cindy Saraí V. P., identificada como víctima en el proceso por trata contra Evo Morales, solicitó el pasado 30 de junio a la Fiscalía Departamental de Tarija retirar la acusación fiscal y archivar el caso, al asegurar que no fue víctima de ningún delito y que no presentó denuncia.

Sobre la segunda orden de aprehensión, Mariaca informó que esta se basa en el artículo 226 del Código de Procedimiento Penal contra Morales, en función de la denuncia que presentó Cochamanidis en Santa Cruz y la adhesión realizada por el Ministerio de Gobierno mediante un apersonamiento y una solicitud de aprehensión, como consta en el cuaderno de investigaciones.

En la orden de captura se sostiene que Morales es investigado por la presunta comisión de los delitos de alzamiento armado contra la seguridad y soberanía del Estado, terrorismo, atentado contra la seguridad de los medios de transporte, asociación delictuosa, instigación pública a delinquir y atentado contra la seguridad de los servicios públicos, previstos y sancionados en los artículos 121, 130, 132, 133, 213 y 214 del Código Penal.",https://www.vision360.bo/noticias/2026/08/03/61192-sokol-contra-la-pared-gobierno-lo-desautoriza-y-le-llueven-criticas-por-decir-que-la-aprehension-de-morales-no-es-su-prioridad
Visión 360,2026-08-03,•Seguridad,Gobierno anuncia instalación de oficina de la Policía Federal de Brasil en Bolivia contra el crimen organizado,"El ministro de Gobierno, Marco Oviedo, anunció que la Policía Federal de Brasil instalará una oficina permanente en Bolivia con el objetivo de fortalecer las investigaciones y el intercambio de información, luego de la seguidilla de asesinatos registrados en los últimos días en el departamento de Santa Cruz.

“Va a haber una oficina permanente de la Policía Federal en Bolivia, se va a instalar la Policía Federal. Va a haber Policía Boliviana en el Brasil para tener un flujo de inteligencia y de información continuo, y va a haber una tarea de apoyo logístico del gobierno brasilero a través de la Policía Federal”, explicó la autoridad.

Oviedo señaló que esta medida forma parte de los acuerdos alcanzados entre el presidente Rodrigo Paz y su homólogo brasileño, Luiz Inácio Lula da Silva, durante la reunión que ambos mandatarios sostuvieron en abril.

Además, anunció que en las próximas dos semanas se pondrá en marcha el plan “Fronteras Seguras”, que contempla mecanismos de control y acciones contra hechos delictivos vinculados al narcotráfico en zonas fronterizas con Brasil.

Lee también: Ante la violencia, Bolivia y Brasil ultiman ajustes para luchar contra el narcotráfico en la frontera; la Policía Federal tendrá una misión en el país

“Son puntos por los cuales sale la droga, ingresan los malhechores, y vamos a hacer un acto conjunto entre la Policía Boliviana y la Policía brasileña”, remarcó el ministro, al referirse a los operativos previstos en municipios como Cobija, Guayaramerín, San Matías y Puerto Suárez.

La medida se anuncia después de que en Santa Cruz se registraran nueve asesinatos en cinco días, situación que generó preocupación a nivel nacional. Entre las víctimas se encuentra un subteniente de la Policía que investigaba los hechos de violencia en San Matías. La Policía desplegó más de 200 efectivos para reforzar la seguridad y avanzar con las investigaciones en ese municipio y posteriormente en San Ignacio de Velasco.

El Gobierno atribuye esta ola de violencia a una disputa entre el Primer Comando de la Capital (PCC) y el Comando Vermelho por el control de una ruta de droga que atraviesa Bolivia hacia el exterior.",https://www.vision360.bo/noticias/2026/08/03/61171-gobierno-anuncia-instalacion-de-oficina-de-la-policia-federal-de-brasil-en-bolivia-contra-el-crimen-organizado
Visión 360,2026-08-03,•Seguridad,Jhonny Fernández declara por presunta malversación de fondos en obra del viaducto de la Doble Vía a La Guardia,"El exalcalde de Santa Cruz de la Sierra, Jhonny Fernández, llegó este lunes a las instalaciones de la Dirección Especializada de Lucha Contra la Corrupción (Delcc) para prestar su declaración dentro de la investigación por una presunta malversación de fondos en la ejecución del viaducto de la Doble Vía a La Guardia y Cuarto Anillo.

Antes de ingresar a dependencias de la Delcc, Fernández afirmó que la denuncia tiene un trasfondo político y aseguró que se encuentra tranquilo porque, según indicó, durante su gestión se actuó de acuerdo con las normas establecidas, informó Unitel.

“Es político, sabemos cuál es la intencionalidad, yo estoy tranquilo con mi consciencia, no tengo nada de que arrepentirme, hemos hecho las cosas como deberíamos de hacer, el presupuesto, las inversiones, todo está ahí y hay auditorías, como también hay balances que se hace cada año”, manifestó.

El exburgomaestre deberá brindar información sobre el manejo de recursos destinados a la obra del viaducto, mientras las autoridades investigan la existencia de posibles irregularidades en el uso de fondos públicos durante su administración municipal.",https://www.vision360.bo/noticias/2026/08/03/61168-jhonny-fernandez-declara-por-presunta-malversacion-de-fondos-en-obra-del-viaducto-de-la-doble-via-a-la-guardia
Visión 360,2026-08-03,•Seguridad,Exdiputado brasileño prófugo es capturado en Bolivia cuando se dirigía a Santa Cruz,"El exdiputado brasileño Neno Razuk, quien permanecía prófugo desde el 8 de julio tras una orden de detención emitida por la Justicia de Brasil, fue capturado en Bolivia debido a que se encontraba en situación migratoria irregular, informaron autoridades.

Razuk fue condenado en primera instancia a 15 años, siete meses y 15 días de prisión dentro de la denominada Operación Sucesión, por delitos relacionados con organización criminal armada, robo agravado y explotación de juegos ilegales. La sentencia aún forma parte del proceso judicial en curso en Brasil.

Lee también: Ante la violencia, Bolivia y Brasil ultiman ajustes para luchar contra el narcotráfico en la frontera; la Policía Federal tendrá una misión en el país

Las investigaciones también relacionan al apellido Razuk con una presunta organización criminal dedicada al juego ilegal en el estado de Mato Grosso do Sul, estructura que es investigada por el Grupo de Acción Especial para Combatir el Crimen Organizado (Gaeco).

Autoridades aclararon que la captura del exlegislador no se produjo por una Notificación Roja de Interpol, debido a que el trámite para su incorporación a esa lista internacional todavía no había concluido. La detención se concretó exclusivamente por su situación migratoria irregular en Bolivia, lo que permitió su posterior entrega a las autoridades brasileñas para el cumplimiento de la orden judicial vigente.

Se prevé que Razuk sea trasladado a Campo Grande, donde permanecerá bajo custodia mientras avanzan los procedimientos judiciales en su contra.",https://www.vision360.bo/noticias/2026/08/03/61162-exdiputado-brasileno-profugo-es-capturado-en-bolivia-cuando-se-dirigia-a-santa-cruz
Visión 360,2026-08-03,•Seguridad,Envían a Palmasola al único aprehendido por el asesinato del policía Yerson Salazar en San Matías,"El único aprehendido por el asesinato del policía Yerson Salazar Aliendres fue enviado este lunes a la cárcel de Palmasola con detención preventiva por 180 días, informó el comandante departamental de la Policía de Santa Cruz, David Gómez.

El sospechoso fue capturado horas después del crimen ocurrido en el municipio de San Matías, registrado el jueves 30 de julio. El domingo fue trasladado, junto al cuerpo de la víctima, hasta Santa Cruz de la Sierra, donde se desarrolló su audiencia de medidas cautelares y se determinó su reclusión preventiva, según informó Unitel.

Gómez explicó que el hombre fue cautelado por el delito de asociación delictuosa, debido a que fue encontrado cerca del lugar donde Salazar fue atacado a tiros por delincuentes.

La autoridad señaló que continúan las investigaciones para identificar y capturar a todos los responsables del hecho, quienes presuntamente serían de nacionalidad extranjera y no se descarta que hayan cruzado hacia Brasil.

La Policía, en coordinación con las Fuerzas Armadas, mantiene operativos preventivos en San Matías y realiza la búsqueda de los otros implicados en el asesinato.

Mientras tanto, efectivos policiales rinden homenaje al uniformado en el Comando Departamental, donde este lunes recibió un ascenso póstumo de subteniente a teniente de la Policía, en cumplimiento de una normativa institucional.",https://www.vision360.bo/noticias/2026/08/03/61159-envian-a-palmasola-al-unico-aprehendido-por-el-asesinato-del-policia-yerson-salazar-en-san-matias
Visión 360,2026-08-03,•Seguridad,Fiscalía acusa formalmente a Rafael Arce por presunto enriquecimiento ilícito y pide la incautación de sus bienes,"La Fiscalía de La Paz formalizó la acusación contra Rafael Ernesto Arce Mosqueira, hijo del expresidente Luis Arce, por el presunto delito de enriquecimiento ilícito de particulares con afectación al Estado y solicitó que sea sometido a juicio, según informó la red Erbol. Además, pidió al tribunal la incautación de sus bienes inmuebles, vehículos y cuentas bancarias, en el marco de una investigación por la presunta adquisición irregular de un penthouse, vehículos de alta gama y movimientos económicos considerados sospechosos.

De acuerdo con la acusación, Rafael Arce fue denunciado por la presunta adquisición irregular de un penthouse y bauleras en la zona Sur de la ciudad de La Paz, además de vehículos de alta gama. Durante la investigación, la Fiscalía también identificó movimientos económicos considerados sospechosos y estableció que el acusado habría tramitado un anticipo de herencia a favor de su hijo.

La denuncia fue presentada por el exdiputado Héctor Arce. En el proceso, Rafael Arce fue declarado en rebeldía debido a que no se presentó ante las autoridades y permanece sin ser habido. En la acusación, el Ministerio Público solicita una sentencia condenatoria cuya pena será determinada durante el juicio, conforme a los fundamentos que expondrá en esa etapa. El delito atribuido contempla una sanción de entre tres y ocho años de prisión.

Lee también: Amplían por cinco meses la detención preventiva del expresidente Luis Arce en el penal de San Pedro

Asimismo, la Fiscalía requirió al tribunal que disponga la incautación de la totalidad de los bienes inmuebles y vehículos, así como de los fondos existentes en las cuentas bancarias, tanto congeladas como no congeladas, que sean de propiedad del acusado, como parte de las medidas patrimoniales dentro del proceso.

Mientras Rafael Arce avanza hacia la etapa de juicio en este caso, también enfrenta otro proceso por la presunta compra irregular de un predio productivo en Santa Cruz, para el cual habría obtenido un crédito bancario multimillonario a los 25 años.

En tanto, su padre, el expresidente Luis Arce, cumple detención preventiva en la cárcel de San Pedro por el caso Fondo Indígena, mientras que su hermano Marcelo se encuentra recluido en el penal de Palmasola, investigado por el presunto delito de legitimación de ganancias ilícitas.",https://www.vision360.bo/noticias/2026/08/03/61150-fiscalia-acusa-formalmente-a-rafael-arce-por-presunto-enriquecimiento-ilicito-y-pide-la-incautacion-de-sus-bienes
Visión 360,2026-08-03,•Seguridad,Justicia otorga detención domiciliaria sin custodia policial a la exdiputada Laura Rojas por el caso Maletas,"La exdiputada Laura Rojas fue beneficiada este lunes con detención domiciliaria sin custodia policial, previo pago de una fianza de Bs 50.000, en el caso Maletas, luego de varios intentos por obtener su libertad.

El comandante de la Policía de Santa Cruz, coronel David Gómez, confirmó que tomó conocimiento de la decisión judicial y que se pondrá en contacto con la Fiscalía para analizar lo sucedido y definir el curso de las próximas actuaciones investigativas.

“Tomamos conocimiento hace un momento de que la señora Laura Rojas había sido beneficiada con una detención domiciliaria sin custodia policial y 50.000 bolivianos de garantía”, reiteró sobre Rojas, quien fue enviada a la cárcel en enero tras destaparse el caso Maletas.

Rojas es una de las principales acusadas por la internación a Bolivia de más de 30 maletas en un vuelo privado proveniente de Estados Unidos, tras hacer pasar el numeroso equipaje como valija diplomática mediante el uso de su pasaporte diplomático.

Lee también: Tras dichos del comandante policial, el ministro Oviedo afirma que detener a Evo Morales es prioridad

Las maletas llegaron el 29 de noviembre de 2025 al aeropuerto de Viru Viru y, al día siguiente, fueron retiradas y llevadas al galpón de una empresa de seguridad. En enero comenzaron las investigaciones y se allanó el lugar, donde no se encontraron las maletas, pero sí más de 70 kilos de marihuana.

Rojas no solo es investigada por el caso de las maletas —de las que aún no se conoce su paradero ni su contenido exacto—, sino también por narcotráfico y por el uso indebido de pasaporte diplomático, dado que ya había concluido su mandato legislativo.",https://www.vision360.bo/noticias/2026/08/03/61141-justicia-otorga-detencion-domiciliaria-sin-custodia-policial-a-la-exdiputada-laura-rojas-por-el-caso-maletas
Visión 360,2026-08-03,•Seguridad,"Tras dichos del comandante policial, el ministro Oviedo afirma que detener a Evo Morales es prioridad","El ministro de Gobierno, Marco Antonio Oviedo, aseguró este lunes que para el Gobierno es una prioridad la captura del expresidente Evo Morales. Lo hizo en alusión a una declaración que un día antes hizo el comandante de la Policía, Mirko Sokol, en la que afirmó que esta aprehensión “no es una prioridad dentro del cargo de comandante general”.

“El Gobierno ha definido como tarea prioritaria detener a Evo Morales, eso es todo”, sentenció Oviedo, cuando fue consultado sobre las últimas declaraciones del comandante de la Policía Boliviana.

El jefe policial había declarado una noche antes, durante una entrevista con el periodista José Pomacusi, que la aprehensión del expresidente Morales no era una prioridad para desempeñar su cargo, tomando en cuenta que existen otros miles de casos parecidos.

“No, porque en realidad no es una prioridad dentro del cargo de comandante general. Son más de 18.000 órdenes de aprehensión que no se han ejecutado”, afirmó. Luego explicó que en el caso de la orden de aprehensión que pesa en su contra por un caso de trata se debe tomar en cuenta que la presunta víctima no llevaría adelante un proceso, mientras que en el caso de la emitida como consecuencia de los 53 días de bloqueos debería haber mayor solidez en el caso.

Lee también: Sokol: Mafias vinculadas al narcoterrorismo buscan frenar la lucha contra la corrupción policial

Para Sokol, el riesgo de ejecutar un operativo de captura de Morales no es solamente que haya un enfrentamiento que deje muertos, sino que esto podría derivar en una audiencia donde la Justicia determine alfinal liberarlo, lo que en su criterio sería muy grave.

“Yo creo que se requiere que (la acusación) sea más sólida para que se pueda ejecutar porque, imagínese, un operativo de aprehensión para que se lo lleve a un juzgado en una audiencia, y se lo libere, no valdría la pena. Se pone en riesgo”, dijo.

Explicó además que recibió información de que Morales cuenta incluso con protección de gente armada del exterior, entre ellos posiblemente ciudadanos europeos y venezolanos, lo que significa que un intento de aprehensión en estas condiciones podría derivar en enfrentamientos y muertes.

“Esto requiere un análisis profundo, porque estamos hablando de que en un operativo de aprehensión de Evo Morales existe la posibilidad de que exista un intercambio de fuego, la posibilidad de que exista bajas, y no es lo que queremos, queremos obviamente que se cumpla la ley, pero que no haya daños colaterales”, afirmó.

Sobre la protección que recibe el expresidente en el Trópico de Cochabamba, donde se encuentra autoexiliado hace más de un año, dijo que “hay información de que habría gente de otros países, gente armada” y luego complementó: “Hay diferentes versiones, escuché de Venezuela y escuché también de la gente de Europa”.

Las declaraciones de Sokol causaron varias repercusiones en el ámbito político, la mayor poarte de ellas críticas por considerar que muestran diferencias preocupantes en torno a un tema de interés nacional.

El diputado de Alianza Unidad, Alejandro Reyes, calificó las declaraciones de Sokol como un ""craso error"", tomando en cuenta el protagoinismo que Morales tuvo durante los 53 días de bloqueo y su condición de ""enemigo número uno"" del país por sus acciones desestabilizadoras.

""¿Cómo no va a ser una prioridad nacional atrapar a este señor con todo tipo de recursos y coordinación? Yo creo que ahí se equivoca el comandante y ojalá no le cuesta elcargho por esas declaraciones"", declaró y luego fue más allá. Dijo que Morales ""es un gran conspirador y enemigo de la democracia"".

""Parece que el general vive en un universo paralelo, porque parece que para él dice la aprehensión de Evo Morales es un tema menor, pero además, un tema profundamente preocupante, el comandante de la Policía, su comandante, señor Presidente, dijo que para él no existen pruebas"", opinó a su turno el secretario general de la Asamblea Legislativa Departamental (ALD) de Santa Cruz, Luis Alberto Ruiz. En su criterio, con sus declaraciones Sokol prácticamente absuelve de culpa al expresidente Morales.",https://www.vision360.bo/noticias/2026/08/03/61129-tras-dichos-del-comandante-policial-el-ministro-oviedo-afirma-que-detener-a-evo-morales-es-prioridad
Visión 360,2026-08-03,•Seguridad,Doria Medina ve que los asesinatos en San Matías revelan una “ruta de la droga” que empieza en el Chapare,"Los asesinatos recientes vinculados al narcotráfico trazan una ruta de la droga Chapare - Yapacaní - San Matías - Brasil, que exige “actuar contra el crimen organizado” y enviar un mensaje de que “los narcos no gozarán de impunidad”, afirmó el político y empresario Samuel Doria Medina.

“Los horribles crímenes de los pasados días dibujan una zona sobre la que actuar prioritariamente: se trata de la ruta de la droga Chapare - Yapacaní - San Matías - Brasil. El mensaje debe ser que en Bolivia los narcos no gozarán de impunidad”, afirmó.

El Chapare se encuentra en Cochabamba y limita con Yapacaní, en Santa Cruz. Es una región de alta producción de coca, donde las fuerzas antidroga centran sus operativos de interdicción.

Lee también: Más de 200 policías refuerzan la seguridad entre San Ignacio y San Matías tras la seguidilla de asesinatos

De las 37.215 toneladas métricas (tm) de hoja de coca que potencialmente se produjeron en el Trópico de Cochabamba (Chapare) en 2023, el 91,5% fue a dar al mercado ilegal, según el Informe de Monitoreo de Cultivos de Coca 2024, presentado en diciembre de 2025 por la Oficina de las Naciones Unidas contra la Droga y el Delito (Unodc).

San Matías, ubicada en el departamento de Santa Cruz y fronteriza con Brasil, fue escenario en los últimos días de cinco asesinatos vinculados a pugnas de poder entre las organizaciones ilícitas Primer Comando de la Capital (PCC) y Comando Vermelho.

Además de cuatro civiles, un oficial de la Policía Boliviana asignado a investigar los asesinatos fue interceptado y asesinado. Quienes acabaron con su vida se llevaron el cuerpo y lo quemaron junto con un motorizado encontrado cerca de una pista clandestina.

Lee también: ""Necesitamos presencia de Estado"", dice alcalde de San Matías, tras el tiroteo que dejó un fallecido

Sus restos fueron encontrados dos días después. Equipos especializados de la Policía se encuentran en el municipio en busca de los asesinos, mientras los militares acantonados en el lugar realizan patrullajes preventivos.

En las últimas horas fueron detenidas seis personas cuando trasladaban tres armas de fuego y, previamente, se secuestraron 60 paquetes de droga.

“Las fuerzas vivas de Santa Cruz plantean lo mismo que ya señalamos: se necesita actuar en contra del crimen organizado y fijar un límite infranqueable a las mafias”, demandó Doria Medina en un post publicado en su cuenta en X.",https://www.vision360.bo/noticias/2026/08/03/61120-doria-medina-ve-que-los-asesinatos-en-san-matias-revelan-una-ruta-de-la-droga-que-empieza-en-el-chapare
Visión 360,2026-08-03,•Seguridad,“Hay cosas que pasan de lo lógico”: Policía abrirá investigación interna ante sospecha de policías con bienes producto de actos ilegales,"“Hay cosas que pasan de lo lógico”. El comandante de la Policía, general Mirko Sokol, anunció una investigación financiera a los policías con vehículos y casas que no condicen con su nivel de ingresos y que quizá sean bienes “que no son legales”, una vez que se termine de estructurar el marco legal sobre el que se sustentará el inicio de la pesquisa.

“Ves a subalternos, subtenientes, tenientes con vehículos de último modelo, casas. Cuando me hice cargo (de la Policía) quería iniciar una investigación financiera a quienes consideramos que podrían tener tal vez bienes que no son legales. Pero nuestra normativa en el país no me permite” hacerlo, por lo que instruí trabajar en el marco legal para esta labor, explicó.

Sokol reveló que su sueldo como general de la Policía, tras más de 30 años de servicio, no supera los Bs 10.000 y que sus ingresos no le permiten contar con mayores bienes, más allá de priorizar la educación y la salud de su esposa y sus dos hijos.

Lee también: Sokol: Mafias vinculadas al narcoterrorismo buscan frenar la lucha contra la corrupción policial

Mientras tanto, los subtenientes que recién inician su carrera policial y los tenientes —que llegan a ese grado después de cinco años como subtenientes— cuentan con vehículos de último modelo y bienes inmuebles que no guardan relación con sus ingresos, al menos con los que reciben en la Policía.

Ante esa situación, el comandante de la Policía informó que instruyó al director de la Fuerza Especial de Lucha Contra el Crimen (Felcc) elaborar una norma que se adecúe a la legislación nacional y permita abrir una investigación financiera en la institución policial, empezando por su comandante.

Lee también: Ante la violencia, Bolivia y Brasil ultiman ajustes para luchar contra el narcotráfico en la frontera; la Policía Federal tendrá una misión en el país

“Me investigaron el año 2013. Fue una investigación también aleatoria que salió, porque yo en esa época trabajaba en la Felcc. Entonces tomaron a algunos efectivos de la Fuerza Especial de Lucha Contra el Narcotráfico (Felcn), de la Felcc y de no sé qué otras unidades de manera aleatoria. Y bueno, no salió nada”, recordó en el programa Que no te la charlen.

Durante la entrevista, también calculó que al menos el 10% de los 400 coroneles “cruzaron la línea” de la ilegalidad, aunque afirmó que se “están estableciendo mecanismos de control a través de la Inspectoría” y de los canales de recepción de denuncias.",https://www.vision360.bo/noticias/2026/08/03/61117-hay-cosas-que-pasan-de-lo-logico-policia-abrira-investigacion-interna-ante-sospecha-de-policias-con-bienes-producto-de-actos-ilegales
Visión 360,2026-08-03,•Seguridad,"Ante la violencia, Bolivia y Brasil ultiman ajustes para luchar contra el narcotráfico en la frontera; la Policía Federal tendrá una misión en el país","Los hechos de violencia que dejaron cinco muertos en San Matías, Santa Cruz, están ligados a una pugna de poder entre los brasileños del Comando Vermelho (CV) y del Primer Comando de la Capital (PCC), así como a disputas internas vinculadas al narcotráfico, por lo que Bolivia y Brasil acordaron activar una lucha coordinada en la frontera e instalar una “misión” de la Policía Federal en suelo boliviano.

El ministro de Gobierno, Marco Antonio Oviedo, informó sobre las iniciativas en curso para frenar las actividades ilícitas del narcotráfico, que también incluyen la presencia de la Policía Boliviana en Brasil, con el fin de consolidar la lucha coordinada en puntos focalizados de la frontera común, en el marco del plan denominado Frontera Segura, en el que ambos países vienen trabajando.

“Se ha desatado una ola de violencia muy delicada, muy grave (…). Hemos estado trabajando con la Policía brasileña; hay dos disputas: una disputa de dos clanes del Primer Comando de la Capital y del Comando Vermelho por el control de esta ruta, que es utilizada para el narcotráfico para hacer sus operaciones ilegales. La otra es que hay un nivel de descontrol que se ha venido acumulando durante todos los años en este sector y ha generado diversos grupos de interés, también nacionales”, explicó en Asuntos Centrales.

Lee también: Más de 200 policías refuerzan la seguridad entre San Ignacio y San Matías tras la seguidilla de asesinatos

La violencia se desató el 29 de julio con el ataque a una estancia y el asesinato de Manuel Égüez Hurtado, Denys Espinoza Pedraza, Luis A. Rapp y Rildo Pillay. Un día después, un grupo policial que investigaba los hechos fue emboscado en Ascensión de la Frontera; el subteniente Gerson Salazar Aliendres fue asesinado y otros dos uniformados resultaron heridos.

Los asesinos se llevaron el cuerpo del policía y quemaron la vagoneta en la que se trasladaban los uniformados. Los restos del oficial fueron encontrados 48 horas después, semienterrados en la hacienda La Purísima, sobre la carretera a Las Petas, cerca de una pista clandestina.

Lee también: ""Necesitamos presencia de Estado"", dice alcalde de San Matías, tras el tiroteo que dejó un fallecido

Oviedo informó que lo que ocurre en San Matías es el resultado de un proceso prolongado de actividades del narcotráfico que viene acompañado de violencia y terrorismo, por lo que en la mayoría de los países de Sudamérica se conceptualiza como narcoterrorismo.

Teniendo en cuenta la magnitud de lo que ocurre, una de las primeras acciones coordinadas es el trabajo con Brasil —que ya se venía realizando—, el cual implica la presencia de una misión de la Policía Federal en suelo boliviano, así como de la Policía Boliviana en Brasil.

No se dieron mayores detalles sobre cómo operará la Policía Federal de Brasil, pero se adelantó que será en el marco del Plan Frontera.

“Vamos a construir un plan que se llama Frontera Segura; se hará una cooperación conjunta para que, de manera integral, se refuerce nuestra seguridad en las fronteras. Los puntos focalizados serán Cobija, Guayaramerín, San Matías y toda la región donde tengamos altas tasas de criminalidad”, reveló.

Mientras tanto, en San Matías la Policía continúa con los operativos en busca de los asesinos del uniformado y ha recurrido al patrullaje militar con un contingente del Regimiento de Infantería 14 Florida.",https://www.vision360.bo/noticias/2026/08/03/61093-ante-la-violencia-bolivia-y-brasil-ultiman-ajustes-para-luchar-contra-el-narcotrafico-en-la-frontera-la-policia-federal-tendra-una-mision-en-el-pais
Visión 360,2026-08-03,•Seguridad,Más de 200 policías refuerzan la seguridad entre San Ignacio y San Matías tras la seguidilla de asesinatos,"La Policía Boliviana desplegó más de 200 efectivos de unidades especializadas en el eje fronterizo que une San Ignacio de Velasco y San Matías, en el departamento de Santa Cruz, como parte de un operativo destinado a reforzar la seguridad y capturar a los responsables de los recientes hechos de violencia registrados en la región.

La movilización fue instruida por el comandante general de la Policía, Mirko Sokol, luego del asesinato del subteniente Yerson Salazar Aliendres, ocurrido el viernes durante un operativo en San Matías, y del crimen del médico veterinario Luis Dagner Parada Espinoza, de 40 años, perpetrado la tarde de este domingo en San Ignacio de Velasco.

El subcomandante departamental de la Policía de Santa Cruz, coronel Juan Carlos Arteaga, informó que el contingente está conformado por efectivos desplazados desde Santa Cruz y otros departamentos.

""Aproximadamente estamos más de 200 efectivos... vamos a hacer ese patrullaje sostenido en todo este sector que comprende desde San Ignacio hasta San Matías"", señaló la autoridad en declaraciones difundidas por la red DTV.

Arteaga explicó que el operativo contempla operaciones de contención, dispositivos estacionarios de control y patrullajes permanentes a lo largo del corredor fronterizo, además de la instalación de puestos fijos en los puntos considerados críticos para fortalecer la seguridad ciudadana y prevenir nuevos hechos delictivos.

El crimen en San Ignacio

El despliegue policial se produjo horas después del ataque armado registrado alrededor de las 17:30 de este domingo en un inmueble ubicado en la calle Bolívar, esquina Chiquitos, en San Ignacio de Velasco.

De acuerdo con los primeros reportes, dos hombres que se desplazaban en una motocicleta llegaron hasta el lugar y dispararon contra el médico veterinario Luis Dagner Parada Espinoza, quien recibió entre ocho y doce impactos de bala.

La Policía trabaja en la recolección de evidencias, imágenes de cámaras de seguridad y declaraciones de testigos para establecer la dinámica del ataque e identificar tanto a los autores materiales como a los posibles responsables intelectuales.

Entre las primeras hipótesis figura la denuncia de que la víctima habría recibido amenazas hace aproximadamente tres meses. Asimismo, circuló la versión de que su nombre figuraba en una supuesta lista de unas diez personas que serían blanco de atentados; sin embargo, esa información no fue confirmada oficialmente y continúa bajo verificación.

Zona bajo presión por la violencia

El operativo se desarrolla en una región que en las últimas semanas ha estado marcada por hechos de extrema violencia. El despliegue responde también al asesinato del subteniente Yerson Salazar Aliendres, ocurrido durante un operativo policial en San Matías, un caso que evidenció la capacidad de acción de organizaciones criminales que operan en la frontera con Brasil.

Las autoridades consideran que el refuerzo de más de 200 efectivos permitirá incrementar la presencia policial en carreteras, accesos y poblaciones del eje San Ignacio–San Matías, una zona estratégica donde en los últimos años se ha reportado un incremento de actividades vinculadas al crimen organizado y al narcotráfico.",https://www.vision360.bo/noticias/2026/08/03/61051-mas-de-200-policias-refuerzan-la-seguridad-entre-san-ignacio-y-san-matias-tras-la-seguidilla-de-asesinatos
Visión 360,2026-08-03,•Internacional,La UEFA comunica a la FIFA posibles acciones legales por la filial FFE y pide que guarde su documentación,"Madrid / EFE

La UEFA ha comunicado formalmente a la FIFA que está considerando activamente emprender acciones legales por su plan de crear la filial FIFA Forward Enterprise (FFE), abierta a capital privado para comercializar sus competiciones, y la ha requerido que conserve todos los documentos relativos al mismo.

La comunicación dirigida a Infantino, con fecha de 31 de julio, a la que tuvo acceso EFE, traslada a este la idea de la UEFA de denunciar la iniciativa ante las autoridades reguladoras o emprender proyectos de arbitraje ante el proyecto conocido el pasado 28 de julio, aunque la FIFA desistió del mismo por el rechazo generado.

El documento requiere a Infantino y a la FIFA a adoptar medidas de forma inmediata para conservar toda la documentación relativa al proyecto almacenada, física o electrónicamente, que esté en posesión del organismo y pide que suspenda la destrucción de la misma, con advertencia de posibles consecuencias por ello.

Entre el material que la UEFA exige que se conserve menciona los documentos relativos al plan, su comunicación, el mecanismo de pago a las asociaciones nacionales, el plazo límite de aceptación el próximo 19 de septiembre, así como las comunicaciones con miembros del Consejo de la FIFA al respecto.

También alude a la conservación de documentación que puedan tener, entre otros, una decena de empleados de FIFA, como su director de operaciones, Kevin Lamour, quien el pasado 31 de julio denunció que la administración del organismo había sido engañada con la iniciativa de abrir el Mundial a inversores privados, “que es el proyecto de una sola persona” y que “no debe seguir adelante”, en su opinión.

La UEFA recuerda su rechazo frontal a la idea de la FIFA, por ser incompatible con la buena gobernanza del fútbol, y prevé razonable el inicio de procedimientos ante la oposición también de otras confederaciones, asociaciones miembro de la FIFA y partes interesadas del fútbol.

La postura en contra de confederaciones como la UEFA, Asia y la CONCACAF fue determinante para que la FIFA desistiera de su iniciativa, tres días después de confirmar oficialmente su proyecto. “Ha creado divisiones de tal naturaleza que, independientemente del nivel de apoyo, ya no redundan en beneficio del objetivo planteado inicialmente”, dijo Infantino al anunciar el paso atrás.

La UEFA fue la primera confederación que mostró su rechazo total a la idea, desvelada en prensa antes de que el organismo lo hiciera oficial y lo trasladara a sus federaciones miembro. De forma unánime las 55 federaciones europeas anunciaron que no iban a participar en las competiciones de la FIFA si la idea seguía adelante.

El proyecto contemplaba vender el 20 % de FIFA Forward Enterprise (FFE), una nueva filial que pretendía crear para manejar las operaciones comerciales y los eventos de la organización, como el Mundial de fútbol.

Planeaba una captación inicial de capital de hasta 4.200 millones de dólares, con una valoración de 20.000 millones, mediante inversores a largo plazo con participaciones minoritarias.

La FIFA rechazó que el Mundial estuviera en venta y dijo que la iniciativa solo se implantaría si la mayoría de sus 211 asociaciones lo querían. Afirmó que los fondos de FFE se repartirían a las federaciones mediante el programa de desarrollo FIFA Forward ya existente, que aumentaría de ocho millones por federación en el ciclo 2023-2026 a 20 millones en el de 2027-2030.

En este programa se crearía una nueva opción, FIFA Fast Forward (FFFP), por el que cada federación accedería a 20 millones adicionales de 2027 a 2030. Para el ciclo 2031-2034 la partida del programa FIFA Forward será de 22 millones y para 2035-2038 de 24 millones. En total sumaría de 86 millones con ambos durante 12 años.

Thrive Eternal, una sociedad de cartera de capital permanente, entre cuyos fundadores está un cuñado de la hija Donald Trump, iba a liderar el grupo de inversores propuesto, en un proceso en el que también colaboraría J.P. Morgan.",https://www.vision360.bo/noticias/2026/08/03/61108-la-uefa-comunica-a-la-fifa-posibles-acciones-legales-por-la-filial-ffe-y-pide-que-guarde-su-documentacion
Visión 360,2026-08-03,•Internacional,"Vozinha ilusiona a Colo Colo y se declara ""muy feliz de haber llegado"" a su nuevo club","Santiago de Chile / EFE

El portero titular de la selección de Cabo Verde, Josimar José Évora Dias'Vozinha', figura en el Mundial 2026, se declaró el domingo ""muy feliz"" de haber llegado a Santiago de Chile para concretar su vinculación con el club Colo Colo, luego de varios días de espera. ""Estoy muy feliz de haber llegado aquí y agradezco a los hinchas por la paciencia que han tenido para esperarme"" declaró a EFE el hombre que se perfila como flamante refuerzo del Colo Colo. El guardameta se mostró contento por llegar a ""un gran club"", en alusión a sus negociaciones con Colo Colo, y anticipó a los más de 300 hinchas que le vitoreaban: ""Nos vemos pronto en el Monumental"". El futbolista arribó desde Madrid al aeropuerto Arturo Merino Benítez en Santiago, donde fue recibido por un animado grupo de hinchas del club albo. Una bandera de Cabo Verde fue enarbolada al paso del jugador entre los hinchas, que coreaban su nombre y entonaban cánticos del equipo chileno. Vozinha apareció ante los entusiastas hinchas y un nutrido número de periodistas. Al interior del aeropuerto un centenar de aficionados se agolparon para verlo pasar en camino hacia el exterior donde lo esperaba el mayor número de entusiastas, que lo vieron detrás de las vallas de protección pidiéndole que se acercara. Tras sus breves palabras a la prensa los saludó con y subió en una camioneta del club hacia el hotel. El guardameta, de 40 años, tuvo dos retrasos consecutivos en su fecha de llegada al país, debido a la demora en el trámite de los documentos de su visado y a que tenía asuntos personales para resolver. El arquero tiene previsto someterse este lunes a primera hora a exámenes médicos de rigor antes de firmar un contrato por seis meses con la posibilidad de renovación por 12 más hasta 2027. El jugador, incluido en el once ideal de la Copa del Mundo revelado por la FIFA a partir de los votos de los aficionados, llega libre al Cacique, tras culminar su vínculo con el Chaves de la segunda división de Portugal. El martes en la mañana acudirá a su primer entrenamiento con el resto de plantel y al mediodía será presentado oficialmente en el Estadio Monumental. Su debut en Chile, sin embargo, aún no tiene fecha probable. Colo Colo viene de ganar, el sábado por 4-3 en su visita a Everton, y su próximo partido será también fuera de casa el próximo domingo ante Unión La Calera. Los albos, líderes de la liga chilena con 12 puntos de distancia, volverán a jugar de local el 16 de agosto ante O’Higgins, por la fecha 19, antes del superclásico del fútbol chileno ante Universidad de Chile. A horas de su viaje, el arquero mostró fotos de él en su cuenta de Instagram -donde acumula casi 30 millones de seguidores-, retomando el acondicionamiento físico luego de haber estado de algunas semanas de vacaciones tras terminar el Mundial. Su desempeño en la cita mundialista lo catapultó a la fama mundial, tras brillar en el empate sin goles ante la ahora campeona España, y contra la finalista Argentina, con la que perdió 3-2 en la prórroga de los dieciseisavos de final. Colo Colo consiguió, el pasado viernes, que ‘Vozinha’ pueda usar su apodo en el camiseta del equipo albo, luego de que la Asociación Nacional de Fútbol Profesional (ANFP) votara, de manera extraordinaria, para modificar el reglamento del campeonato chileno que lo prohibía.",https://www.vision360.bo/noticias/2026/08/03/61102-vozinha-ilusiona-a-colo-colo-y-se-declara-muy-feliz-de-haber-llegado-a-su-nuevo-club
Visión 360,2026-08-03,•Opinión,Autopsia del poder constituyente luego de 20 años,"En agosto de 2006 comenzó a funcionar la Asamblea Constituyente boliviana bajo la promesa de “refundar” el país. Dos décadas después, el balance es menos optimista que las expectativas que acompañaron aquel momento. La nueva Constitución de 2009 produjo importantes innovaciones retóricas, como el reconocimiento del Estado Plurinacional y la ampliación del catálogo de derechos colectivos. Sin embargo, el proyecto de refundación terminó subordinado a una lógica política que debilitó el constitucionalismo democrático. El problema central no fue la incorporación de los derechos indígenas, sino la utilización de la narrativa de una supuesta refundación como mecanismo de concentración del poder político y del autoritarismo.

Desde la teoría constitucional, el “poder constituyente” posee una naturaleza extraordinaria. Comenzando en la Revolución francesa de 1789, Emmanuel Sieyès lo concibió como la expresión soberana de la nación para establecer un nuevo orden jurídico, mientras que el jurista alemán, Hans Kelsen, entendía que una Constitución debía estabilizar el sistema político a través de normas aceptadas por todos. En ambos casos, el poder constituyente tiene un carácter excepcional y debe concluir cuando nace el “nuevo orden constitucional”. No puede convertirse en un principio permanente de movilización política.

Sin embargo, una parte importante de la izquierda latinoamericana reinterpretó esta tradición bajo la influencia del populismo contemporáneo. Inspirados por el sociólogo argentino, Ernesto Laclau, diversos intelectuales defendieron una concepción del pueblo como sujeto homogéneo, capaz de sustituir a todas las instituciones estatales. El “conflicto permanente” adquiría, entonces, mayor valor político que el consenso constitucional, mientras que la legitimidad descansaba más en la movilización popular que en las reglas del Estado de derecho.

Bolivia reprodujo esta lógica. Las propuestas constitucionales elaboradas en septiembre de 2006 por la coalición de organizaciones sindicales campesinas e indígenas, el Pacto de Unidad, planteaban una profunda transformación del Estado basada en la plurinacionalidad y nuevas formas de autonomía indígena. Muchas de sus aspiraciones respondían a demandas históricas de reconocimiento y participación. No obstante, el problema surgió cuando la idea de la refundación comenzó a desplazar el principio de “equilibrio institucional”, propio de una democracia constitucional.

La presencia de ciudadanos españoles cercanos al proceso venezolano reforzó esta orientación. Diversos agentes políticos vinculados a la izquierda, entre ellos Rubén Martínez Dalmau e Íñigo Errejón, asesores de Álvaro García en la Vicepresidencia, promovían interpretaciones del poder constituyente vinculadas a la dictadura de Hugo Chávez. En esta visión, la Constitución dejaba de ser un pacto de limitación del poder para convertirse en un instrumento de transformación política permanente y cooptación populista. La tensión entre legalidad e identidad popular era presentada como un conflicto inevitable que debía resolverse a favor del liderazgo político, capaz de interpretar la voluntad del pueblo. La lógica constituyente supeditada al culto a la personalidad, terminó desplazando la lógica constitucional.

El resultado fue una comprensión diletante del constitucionalismo. La Asamblea Constituyente dejó de ser un espacio destinado a construir reglas compartidas y pasó a convertirse en un escenario de legitimación de un proyecto político específico. La apelación permanente a la refundación ocultó un objetivo mucho más inmediato: consolidar la hegemonía del Movimiento al Socialismo (MAS), alrededor del liderazgo de Evo Morales.

La posterior evolución política confirmó esta tendencia. La controversia sobre la reelección presidencial mostró cómo la supremacía constitucional podía quedar subordinada a la interpretación política de un solo caudillo. El referéndum del 21 de febrero de 2016 rechazó la modificación constitucional que buscaba la reelección de Evo. Sin embargo, posteriormente el Tribunal Constitucional reconoció la reelección indefinida como un supuesto derecho humano, debilitando el principio democrático, según el cual la soberanía popular expresada en un referéndum debía ser respetada.

Desde una perspectiva comparada, el caso boliviano comparte rasgos con otros procesos latinoamericanos del llamado “nuevo constitucionalismo”. Venezuela inauguró una dinámica donde la Constitución se convirtió en un instrumento de concentración del poder presidencial. Ecuador experimentó tensiones semejantes durante el gobierno de Rafael Correa. En Chile ocurrió un fenómeno distinto, pero igualmente revelador. La propuesta constitucional de 2022 incorporó una agenda muy amplia que pretendía redefinir, simultáneamente, la estructura del Estado, los derechos sociales, la representación política y las relaciones entre los pueblos indígenas y la ciudadanía. El plebiscito mostró que la sociedad rechazó una Constitución percibida como excesivamente unida a las identidades políticas e indígenas, resultando en un texto constitucional poco integrador.

La ciudadanía chilena recordó que una Constitución necesita construir consensos duraderos, antes que representar exclusivamente las aspiraciones de una mayoría coyuntural. El presidente Gabriel Boric perdió rotundamente y declaró terminado el proceso constituyente, sin un texto cercano a la izquierda autoritaria.

La principal enseñanza política consiste en reconocer que el constitucionalismo democrático no puede sostenerse únicamente sobre narrativas de emancipación. Una Constitución debe “limitar el poder” antes que expandirlo. Debe garantizar la pluralidad antes que homogenizar al pueblo bajo una única identidad política. Debe proteger los procedimientos democráticos, incluso cuando éstos limitan las aspiraciones de quienes gobiernan.

Veinte años después, el fracaso de la Asamblea Constituyente boliviana no radica en haber reconocido la diversidad cultural del país. Su fracaso reside en haber confundido reconocimiento con hegemonía, identidad con legitimidad y poder constituyente con poder permanente. La promesa de refundar Bolivia terminó justificando una creciente concentración del poder ejecutivo, debilitando aquello que toda Constitución democrática debería preservar: la división de poderes, la alternancia política y la supremacía de las reglas sobre los liderazgos.

La lección más importante es la siguiente: ninguna democracia necesita refundarse de manera permanente. La democracia sobrevive cuando la Constitución deja de ser un manifiesto ideológico y se convierte en un pacto estable de convivencia entre ciudadanos diversos. Allí donde el poder constituyente pretende mantenerse indefinidamente vivo, la Constitución deja de limitar al poder y comienza a subordinarse a grupos elitistas que se apoderan del concepto pueblo para fines exclusivamente dictatoriales.",https://www.vision360.bo/noticias/2026/08/03/61057-autopsia-del-poder-constituyente-luego-de-20-anos
Visión 360,2026-08-03,•Opinión,Qué hacer con la plata del FMI,"Llevo ya siete días en Nepal y estaré diez días más en este humilde, pero asombroso país. Primero me asenté en Biratnagar, en la frontera con la India, y ahora estoy en la capital, Katmandú, una ciudad casi tan caótica como fascinante. Tenía pensado, entonces, dedicar esta columna a hablar sobre los retos de la economía nepalesa, que es en lo que he estado pensando intensamente en estos días, pero en nuestro país se ha anunciado con bombos y platillos el acuerdo con el Fondo Monetario Internacional. Es, sin duda, un acuerdo importantísimo para Bolivia, así que vale la pena comentarlo. Nepal esperará.

He escuchado a economistas y a políticos celebrar el acuerdo con el FMI y referirse a él como algo muy positivo. He visto al presidente y sus ministros sacar el pecho orgullosos de lo que consideran un importante logro, no solo de su administración, sino del país. No comparto ese entusiasmo. Aquí no hay nada por lo que sentir orgullo. Lo que hay que sentir es vergüenza. Este es, después de todo, un programa de rescate financiero. Es la soga que alguien te tira cuando estás ya sin aliento y a punto de hundirte. Es la última oportunidad que le da un centro de rehabilitación al alcohólico que ha destrozado su vida, está en la calle y ya no tiene a donde acudir. A un rescate con el FMI se llega después de haber sido irresponsable y tira vida por mucho tiempo. Lejos de enmarcar el acuerdo y exponerlo en la sala de la casa, por lo tanto, tendríamos que reflexionar muy seriamente cómo fue que caímos tan bajo y cómo no repetir nuestros vicios.

Digamos también que $1.900 millones es mucho menos de lo que se venía anunciando. El monto representa unas 6 veces el valor de la cuota boliviana en el FMI, pero todos esperábamos un rescate igual a 8 veces esa cuota o incluso más (recordemos que el acuerdo con Argentina de 2018, por ejemplo, se hizo por un valor superior a 12 veces la cuota de ese país). Al final, claro, platita es platita y se la recibe, pero muestra que el FMI no se la está jugando completamente con el país porque probablemente sigue viendo nubarrones importantes en su futuro. Aun así, este acuerdo puede ser una llave maestra que logre liberar fondos provenientes de otros organismos multilaterales hasta llegar a $5.000 millones.

¿Qué se debería hacer con este dinero?

Pues todo lo contrario a lo que hemos venido haciendo. Esta plata tendría que ser la anestesia que haga más llevadero el salir de nuestros vicios o la aspirina que permita pasar el chaqui del día siguiente y no tener que ceder a la tentación de seguir tomando. Y entre todos, claro, nuestro peor vicio es el enorme gasto fiscal. La incontenible gastadera del gobierno ha producido 12 años consecutivos de déficit fiscal, ha dilapidado las reservas internacionales, ha generado un corralito bancario, ha hecho que el Banco Central imprima sin ton ni son generando inflación y devaluación, y ha comprometido seriamente la estabilidad macroeconómica. Sin reducción del gasto no hay estabilidad macro y sin ella no habrá inversiones ni reactivación del aparato productivo. O dejamos de gastar o no hay futuro, con o sin el rescate del FMI.

Pero dejar de gastar duele, produce fuerte resistencia social y es, por lo tanto, muy difícil de llevar adelante políticamente. Para empezar, y solo para empezar, el gobierno debería cerrar empresas públicas (todas), reducir un 30% de la burocracia estatal, y eliminar de una buena vez la subvención a los combustibles liberando los precios de la gasolina y el diésel (transfiriendo el negocio de importación a los privados). Idealmente todo esto debería hacerse de una sola vez utilizando una política de shock. Esto es lo que en los 90 llamaríamos un “paquetazo” de ajuste. La plata del FMI debería ser usada para contrarrestar los efectos sociales del frenazo.

El año pasado, algunos meses antes de las elecciones, visité al famoso economista Arthur Laffer en sus oficinas en Nashville y pasamos un par de horas hablando de Bolivia y algunas de mis propuestas. Le planteé exactamente el plan de ajuste descrito arriba y me preguntó cómo pensaba lidiar con las protestas sociales que surgirían después de despedir a tantas personas. Mi respuesta fue que el gobierno debería hacer un programa con el BID o el Banco Mundial para ofrecerle a cada trabajador despedido de las empresas públicas o de la burocracia un año entero de sueldo como indemnización. Esto les haría más llevadera la transición hacia el sector privado y reduciría sus incentivos a protestar. Laffer me miró muy seriamente y me dijo que un año de sueldo no bastaría y había que ofrecerles dos. Su lógica era que no solo que había que evitar protestas, sino que había que hacer que el programa de ajuste sea bienvenido, abrazado e incluso impulsado por la clase trabajadora. Dos años de sueldo sin trabajar harían el truco.

Se podría pensar en algo similar para evitar protestas sociales por la liberación completa de los precios de la gasolina y el diésel (y la transferencia completa del negocio de importación de combustibles a privados). Se pueden afinar detalles y decidir si debieran ser uno o dos años de sueldo, pero el punto es que la plata del rescate se use para poder hacer lo verdaderamente importante: la reducción del gasto público.

Otra buena parte del monto que llegue debería ser usado para devolverle la deuda de $2.000 millones al sistema financiero y así poder dejar atrás el corralito financiero. Esto recuperaría la confianza y la gente tendría incentivos para dejar sus dólares en la banca e incluso traerlos desde afuera.

Lo que no debería hacerse con estos dólares es usarlos para seguir importando combustibles subsidiados, para seguir cubriendo déficits fiscales o como fondo para estabilizar el tipo de cambio vendiéndolos o deshaciéndonos de ellos para lograr alguna meta. Hay que recordar que estos dólares son solo un préstamo y no es que los generamos productivamente. Debiéramos comportarnos, entonces, como si no los tuviéramos. Para generar estabilidad cambiaria el Banco Central debería reducir la oferta monetaria de bolivianos, no vender dólares.

El rescate del FMI nos generará una enorme deuda. Es además la última soga que nos tiran y si no la aprovechamos habrá que apagar las luces. Utilicemos la plata, entonces, con la mayor responsabilidad posible. Eso significa reducir el gasto púbico de forma significativa y sentar las bases institucionales (partiendo por una reforma a la Constitución) para reactivar el aparato productivo. Si no lo hacemos, habremos salido del pozo solo temporalmente y muy pronto nos veremos en los mismos aprietos y encima tremendamente endeudados.",https://www.vision360.bo/noticias/2026/08/03/61054-que-hacer-con-la-plata-del-fmi
Visión 360,2026-08-03,•Mundo,"Un refugio para un mono amenazado en Brasil es declarado ""Patrimonio de la Vida Salvaje""","EFE / Río de Janeiro

El Parque Ecológico Mico-Leão-Dourado, un refugio en el estado brasileño de Río de Janeiro en el que los turistas pueden observar en libertad ejemplares del tamarino león dorado, uno de los primates más amenazados del mundo, fue reconocido como la primera 'Área de Patrimonio de la Vida Salvaje' terrestre del planeta. La certificación fue concedida por la organización internacional Protección Animal Mundial, que explicó -en un comunicado- este lunes que la distinción identifica destinos que combinan el turismo responsable de observación de fauna con elevados estándares de bienestar animal y conservación de la naturaleza. Hasta ahora, el programa, desarrollado junto con la World Cetacean Alliance, solo había distinguido doce áreas marinas dedicadas principalmente a la observación responsable de ballenas y otros cetáceos, por lo que el parque brasileño se convirtió en el primer refugio terrestre en integrar la red. La designación llega en un momento especialmente simbólico para el tamarino león dorado, también conocido como tití león dorado o tití leoncito, una especie endémica del Bosque Atlántico brasileño que estuvo al borde de la desaparición hace medio siglo. A comienzos de la década de los años setenta del siglo pasado se estimaba que apenas sobrevivían unos doscientos ejemplares en estado silvestre debido a la destrucción de su hábitat y al tráfico ilegal de fauna. Sin embargo, décadas de trabajo coordinado por la Asociación Mico-Leão-Dourado (AMLD), la responsable por el parque ecológico, permitieron revertir parcialmente esa situación. Según el más reciente censo divulgado por la entidad en 2023, la población silvestre asciende actualmente a unos 4.800 individuos, un resultado considerado uno de los mayores casos de éxito en la conservación de primates en el mundo, aunque la especie continúa catalogada como ""En Peligro"" de extinción. El parque ecológico ofrece senderos guiados por fragmentos del Bosque Atlántico en los que los visitantes pueden observar a los primates en su ambiente natural, además de actividades de educación ambiental y programas de sensibilización sobre la conservación de la biodiversidad. Convertido en uno de los símbolos de la biodiversidad brasileña, el tamarino león dorado aparece en el billete de veinte reales y fue uno de los candidatos para convertirse en la mascota de los Juegos Olímpicos de Río de Janeiro 2016.",https://www.vision360.bo/noticias/2026/08/03/61183-un-refugio-para-un-mono-amenazado-en-brasil-es-declarado-patrimonio-de-la-vida-salvaje
Visión 360,2026-08-03,•Mundo,La NASA lanzará el 12 de septiembre nueva tripulación a la EEI y probará nuevos trajes,"EFE / Miami (EE.UU.)

La NASA anunció este lunes que espera que la Crew-13, la misión de rotación de personal a la Estación Espacial Internacional (EEI) en colaboración con SpaceX, despegue no antes del 12 de septiembre, y en ella probarán una nueva generación de trajes de vuelo. Los astronautas Jessica Watkins y Luke Delaney, de la NASA, Josh Kutryk, de la Agencia Espacial Canadiense (CSA) y Sergey Teteriatnikov, de la rusa Roscosmos, serán los tripulantes de la cápsula Dragon que viajará el próximo mes al laboratorio orbital. Salvo en el caso de Watkins, quien fue parte de la Crew-4 en 2022, será el primer viaje a la estación para el resto de astronautas. Una de las principales novedades de la misión será el uso de trajes de vuelo de tercera generación, que están diseñados para adaptarse al crecimiento de la columna vertebral en órbita, según explicó este lunes en una rueda de prensa la directora de los programas Dragon y Ciencia de la NASA, Juliana Scheiman. Además, el experto de la CSA, Matthew Caron, informó de que Kutryk será padre por tercera vez mientras esté en el espacio. ""Tenemos un equipo médico dedicado en la CSA para dar todo el apoyo a su familia en tierra, garantizando que Josh esté tranquilo a bordo"", señaló. Los astronautas permanecerán alrededor de medio año en el espacio, realizando experimentos y tareas de mantenimiento en el laboratorio orbital. La seguridad de la estación espacial regresó al punto de mira el pasado junio, cuando la NASA llegó a preparar a la tripulación para una posible evacuación debido a una fuga de aire en el módulo ruso. Consultados al respecto, los expertos aseguraron hoy que el problema quedó resuelto y sigue en marcha el plan para retirar el laboratorio a finales de 2030, un proceso que durará unos dos años. ""Roscosmos colocó un parche adhesivo temporal que ha sellado la fuga con éxito. No hay fuga activa en este momento. El módulo se mantiene a baja presión mientras evalúan si harán una reparación estructural permanente"", explicó la gerente del programa de la EEI de la NASA, Dana Weigel. La Crew-13 será la misión tripulada número 18 de SpaceX a la estación espacial, y el vuelo 53 de una cápsula Dragon al laboratorio orbital.",https://www.vision360.bo/noticias/2026/08/03/61147-la-nasa-lanzara-el-12-de-septiembre-nueva-tripulacion-a-la-eei-y-probara-nuevos-trajes
Visión 360,2026-08-03,•Mundo,"Bachelet: ""Necesitamos unas Naciones Unidas más eficaces y cercanas a las personas""","EFE / Montevideo

La expresidenta de Chile Michelle Bachelet, una de las candidatas a ocupar el cargo de secretaria general de la ONU, aseguró que el mundo enfrenta conflictos prolongados y crecientes desigualdades y necesita ""unas Naciones Unidas más eficaces, representativas y cercanas a las personas"". Así lo dijo en una carta que fue leída en el comienzo del 'Diálogo Regional sobre el Futuro Liderazgo de las Naciones Unidas', un encuentro organizado por Uruguay para que los candidatos de Latinoamérica y el Caribe hablarán sobre el futuro liderazgo del organismo y el papel de la región en la agenda global. Bachelet, quien iba a estar presente en Montevideo, no pudo viajar por un cuadro viral agudo que la obligó a guardar reposo y envió una misiva que fue compartida con quienes estuvieron. ""El mundo enfrenta conflictos prolongados, crecientes desigualdades, una crisis climática que se agrava, retrocesos democráticos y una preocupante erosión de la confianza en las instituciones internacionales"", dijo la expresidenta chilena. Por ello, agregó: ""Necesitamos unas Naciones Unidas más eficaces, representativas y cercanas a las personas. También creo que ha llegado el momento que una persona de América latina y el Caribe asuma la secretaría general"". Bachelet subrayó que dicha región posee ""una larga tradición de compromiso con la paz, el derecho internacional, los derechos humanos, la democracia y la solución pacifica de las controversias"". Por otra parte, resaltó que, después de 80 años, la ONU vive una oportunidad que definió como histórica: ""que sea un mujer latinoamericana quien encabece la organización"". Finalmente, apuntó que dicho cargo requiere ""independencia, imparcialidad, criterio y valentía"" y detalló que quien lo ocupe estará sometido a presiones de gobiernos, potencias y distintos intereses. Resaltó que deberá ""escuchar a todos sin ser instrumento de nadie"" y actuar ""con la misma firmeza"" frente a cualquier vulneración de derecho internacional sin dobles estándares. El evento de este lunes fue convocado por el Gobierno uruguayo en el marco de la presidencia pro tempore de la Comunidad de Estados Latinoamericanos y Caribeños (Celac) que ejerce el país, así como también por la Campaña GQUAL y el Centro de Pensamiento Estratégico Internacional (Cepei). Celebrado de manera híbrida, el foro contó con la presencia de la excanciller ecuatoriana María Fernanda Espinosa y la exvicepresidenta segunda costarricense Rebeca Grynspan, mientras que el diplomático argentino Rafael Mariano Grossi y la representante guyanesa Carolyn Rodrigues-Birkett se sumaron de manera virtual. El encuentro se llevó a cabo en una etapa decisiva del proceso de selección para suceder al actual secretario general, António Guterres, cuyo mandato concluye el 1 de enero de 2027.",https://www.vision360.bo/noticias/2026/08/03/61144-bachelet-necesitamos-unas-naciones-unidas-mas-eficaces-y-cercanas-a-las-personas
Visión 360,2026-08-03,•Mundo,El bajo nivel de inglés limita el acceso a empleos mejor pagados en México,"EFE / Ciudad de México

El bajo dominio del inglés se ha convertido en una barrera para que profesionistas y recién egresados mexicanos accedan a puestos directivos, empleos tecnológicos y oportunidades laborales mejor remuneradas, en un mercado que demanda cada vez más habilidades para trabajar en empresas y con equipos internacionales.

De acuerdo con la edición 2025 del Índice EF de Dominio del Inglés, basada en el desempeño de 2,2 millones de adultos, México se posiciona en el lugar 103 de 123 naciones y regiones evaluadas.

Con una puntuación de 440, frente a la media global de 488, el país se clasifica dentro de la categoría de dominio “muy bajo”.

Esta situación coincide con la brecha identificada por el instituto educativo Kumon, que estima que menos del 5 % de los profesionistas y egresados universitarios mexicanos logra comunicarse eficazmente en ese idioma, mientras las empresas lo solicitan con frecuencia para cubrir posiciones superiores, directivas o vinculadas con negocios internacionales.

Guillermo Parás Treviño, representante de Kumon, advirtió que la distancia entre las competencias de los candidatos y las necesidades del mercado laboral podría haberse ampliado porque en los últimos años “cada vez son más los alumnos que llegan con deficiencias más marcadas o muy bajo nivel de inglés”.

Kumon, especializada en enseñanza de matemáticas, lectura e inglés, calcula que solo entre el 3 % y el 4 % de los recién egresados universitarios posee un dominio suficiente para comunicarse en contextos laborales, mientras que cerca del 20 % de los candidatos alcanza un nivel intermedio real.

Además, sostiene que cerca de la mitad de las personas que buscan trabajo reconoce haber perdido alguna oportunidad por no dominar el inglés, una habilidad que puede ampliar entre un 30 % y un 50 % las posibilidades de encontrar mejores puestos, de acuerdo con sus estimaciones.

No obstante, el rezago reflejado en los indicadores internacionales muestra que el problema va más allá de una asignatura pendiente en la escuela, ya que la puntuación de México en el índice de EF cayó 19 puntos respecto de la medición anterior, con resultados particularmente bajos en expresión escrita, con 399 puntos, y expresión oral, con 413.

Para Parás Treviño, la diferencia entre estudiar el idioma y poder utilizarlo en una entrevista, una reunión o una negociación explica por qué numerosos candidatos no logran acreditar en la práctica el nivel que señalan en sus currículos.

El dominio del inglés adquiere especial relevancia en sectores como las tecnologías de la información, la programación, el comercio exterior, el turismo y los servicios empresariales asociados al llamado ‘nearshoring’.

“Prácticamente todos los lenguajes de programación, herramientas de ‘software’ y la documentación técnica están en inglés. Dominarlo permite acceder a mejores salarios, colaborar en proyectos internacionales y trabajar de forma remota”, destacó Parás Treviño.

Según Kumon, hablar una segunda lengua puede representar ingresos hasta un 50 % superiores frente a los que reciben personas con perfiles profesionales similares que únicamente se comunican en español.

La institución calcula que entre seis y ocho millones de mexicanos dominan otro idioma, aunque advierte de existe un retroceso entre las nuevas generaciones.

El desafío ocurre, además, en un entorno laboral que exige una actualización constante. El Reporte Futuro del Empleo 2025 señala que el 40 % de las habilidades esenciales requeridas en los puestos de trabajo en México cambiará durante los próximos cinco años, ligeramente por encima del promedio mundial del 39 %.

En este contexto, aprender inglés no sustituye los conocimientos técnicos o la experiencia profesional, pero puede funcionar como una herramienta transversal para acceder a capacitación, documentación especializada y oportunidades internacionales.

Parás Treviño consideró necesario reforzar la enseñanza del idioma desde la formación básica y complementar con programas extraescolares dirigidos tanto a estudiantes como a personas adultas.

Afirmó además que para Kumon el reto no consiste únicamente en obtener una certificación, sino en alcanzar la capacidad de participar en entrevistas, presentar proyectos, comprender documentos técnicos y comunicarse con clientes o compañeros de otros países.",https://www.vision360.bo/noticias/2026/08/03/61135-el-bajo-nivel-de-ingles-limita-el-acceso-a-empleos-mejor-pagados-en-mexico
Visión 360,2026-08-03,•Mundo,Lula desafía con su candidatura a una Sudamérica cada vez más inclinada a la derecha,"EFE / São Paulo

Luiz Inácio Lula da Silva, el primer obrero en alcanzar el poder en Brasil, pensaba que a sus 80 años estaría retirado en una playa. Pero en octubre buscará un cuarto mandato porque insiste en que mientras viva ""la extrema derecha no volverá a gobernar"".

El antiguo tornero mecánico, figura central del progresismo latinoamericano y último presidente en activo de la marea rosa de los 2000, fue proclamado este domingo, una vez más, candidato presidencial por el Partido de los Trabajadores (PT), en São Paulo.

Nacido el 27 de octubre de 1945, en la aldea de Vargém Grande (ahora municipio de Caetés), en el nordeste de Brasil, vivió la extrema pobreza durante los primeros años de su vida.

Séptimo hijo de Aristides Inácio da Silva y Eurídice Ferreira de Melo, nació en una casa sin luz ni alcantarillado. Su precaria situación no le impidió convertirse en el primero de la familia con un título de formación profesional, el de tornero mecánico.

Con el tiempo se zambulló en el sindicalismo en la zona metropolitana de São Paulo, desde donde lideró masivas manifestaciones en plena dictadura militar (1964-1985).

Luego saltó a la política, fundó el PT y, cuando estaba a punto de desistir tras varias derrotas electorales, el entonces líder cubano Fidel Castro lo convenció para continuar en la batalla política, en la que sigue hasta hoy.

La izquierda brasileña, sin alternativas, vuelve a confiar en su máximo líder ""para mantener el país en el camino de la reconstrucción de las políticas públicas"", según dijo hoy el presidente del PT, Edinho Silva, en la ceremonia de proclamación.

Si en 2022 disputó unos apretados comicios ante Jair Bolsonaro, hoy inhabilitado, condenado y preso por golpismo, este año todo apunta a un duelo en un eventual balotaje con el hijo mayor del expresidente, el senador Flávio Bolsonaro.

Líder en las encuestas, Lula afronta su séptima elección presidencial tras participar en 1989, 1994, 1998, 2002, 2006 y 2022. Perdió las tres primeras, ganó las tres últimas. En sus dos primeros mandatos (2003-2010) impulsó una gran transformación social, sacando de la pobreza a millones de brasileños.

En 2018, el PT también lo postuló, pero la Justicia tumbó su candidatura, ya que por aquel entonces estaba en prisión tras ser condenado en procesos de corrupción luego anulados y archivados, lo que le permitió volver del destierro político.

Marxista en sus orígenes, Lula encara esta campaña reivindicando los datos económicos de su última gestión: crecimiento medio por encima del 2 %, desempleo en mínimos históricos, expansión del gasto social, subida del salario mínimo e inflación bajo control.

En la otra cara de la moneda, una deuda pública que ha superado la barrera del 80 % del producto interior bruto (PIB) y un déficit fiscal que roza el 10 % del PIB.

La sombra de la corrupción también amenaza sus posibilidades de reelección, ahora con su hijo en la diana.

Esta semana, un juez de la Corte Suprema autorizó la apertura de dos investigaciones por tráfico de influencias contra su hijo mayor, Fábio Luís Lula da Silva, conocido como Lulinha.

Sin embargo, Lula busca su cuarto mandato en un contexto suramericano distinto al de hace cuatro años y, sobre todo, al de comienzos del siglo XXI, cuando buena parte de la región estaba gobernada por la izquierda.

Lula hoy cuenta con pocos aliados, salvo el uruguayo Yamandú Orsi. El mapa está mayoritariamente dominado por fuerzas conservadoras. La derecha y la derecha radical gobiernan en Argentina (Javier Milei), Paraguay (Santiago Peña), Chile (José Antonio Kast), Bolivia (Rodrigo Paz), Perú (Keiko Fujimori) y Ecuador (Daniel Noboa).

A partir del viernes lo hará también en Colombia, con Abelardo de la Espriella, y Venezuela, desde la captura de su presidente Nicolás Maduro por fuerzas especiales estadounidenses, está hoy condicionada por las decisiones de la Administración de Donald Trump.

EE.UU. ha renovado su interés en América Latina y lo ha cristalizado en el llamado 'Escudo de las Américas', iniciativa anunciada para luchar contra el crimen organizado.

El Brasil de Lula no forma parte de este nuevo grupo, en medio de las tensiones con el gran vecino del norte. El propio Lula ya ha alertado de que EE.UU. ""intentará interferir en las elecciones"" en favor de Flávio Bolsonaro, aunque asegura que no le preocupa.

""Que venga a ayudarlo quien quiera. Si quiere venir Trump, que venga. Si quiere venir Milei, que venga. Yo no quiero ayuda de afuera; la única ayuda que quiero es la del pueblo brasileño"", aseveró el viernes en un acto en Fortaleza.",https://www.vision360.bo/noticias/2026/08/03/61090-lula-desafia-con-su-candidatura-a-una-sudamerica-cada-vez-mas-inclinada-a-la-derecha
Visión 360,2026-08-03,•Mundo,Trump comparte un mensaje en su red social un mapa de Venezuela como estado 51 de EEUU,"EFE / Washington

El presidente de Estados Unidos, Donald Trump, compartió el sábado en un mensaje de su red Truth Social un mapa de Venezuela en el que el país caribeño aparecía pintado con la bandera estadounidense y con la leyenda «Estado 51».

No es la primera vez que el mandatario juega con la idea de la anexión de Venezuela a Estados Unidos desde que el pasado 3 de enero fuerzas militares estadounidenses capturaron al que era presidente del país Nicolás Maduro y lo trasladaran a Nueva York, donde permanece desde entonces a la espera de que comience un juicio federal en su contra por narcoterrorismo.

El pasado 12 de mayo, en unas declaraciones a la cadena de televisión Fox, Trump aseguró que estaba «considerando seriamente» convertir al país caribeño en el estado 51 y, al día siguiente, subió a su red social el mapa de Venezuela sombreada con la bandera de las barras y las estrellas.

Desde la captura de Maduro, Estados Unidos ha ejercido un tutelaje sobre el Gobierno de la presidenta interina, Delcy Rodríguez, con el objetivo último de alcanzar la transición democrática en Venezuela, pero no ha establecido un calendario electoral.

De hecho, Trump declaró este viernes que Venezuela todavía no está «preparada» para celebrar elecciones, pero aseguró que ha habido «avances» al respecto.

Añadió, además, que «Delcy ha estado haciendo un trabajo fantástico» y destacó el beneficio que están logrando tanto las empresas estadounidenses como el pueblo venezolano del mercado petrolero.

El mensaje de Trump en su red social llega en un momento en que el Parlamento venezolano y un grupo de opositores han anunciado que iniciarán conversaciones, apoyadas por Washington, a partir de este sábado para promover la democracia en el país.

Además de con Venezuela, Trump suele referirse a la posibilidad de convertir a Canadá en el estado 51 y también ha llegado a insinuarlo respecto a Groenlandia.",https://www.vision360.bo/noticias/2026/08/03/61087-trump-comparte-un-mensaje-en-su-red-social-un-mapa-de-venezuela-como-estado-51-de-eeuu
Visión 360,2026-08-03,•Mundo,Gobernadores chavistas publican el mapa de Venezuela con su bandera en respuesta a Trump,"EFE / Caracas

Los gobernadores chavistas Freddy Bernal y Ernesto Luna, así como el exministro de Trabajo Eduardo Piñate, publicaron este domingo en la red social X una imagen del mapa de Venezuela con su bandera, luego de que el presidente de Estados Unidos, Donald Trump, lo hiciera pero con la bandera de su país y con la leyenda ""Estado 51"".

Bernal, gobernador del estado Táchira (oeste, fronterizo con Colombia), y Luna, de la región de Monagas (este), solo compartieron la imagen, que incluye, a diferencia de la publicada por Trump, el Esequibo, el territorio de unos 160.000 kilómetros cuadrados en disputa con Guyana.

Por su parte, Piñate, exgobernador de Apure (oeste, limítrofe con Colombia) y miembro de la directiva del partido oficialista PSUV, agregó un mensaje en el que dice que Venezuela ""toda siempre será tricolor y de los venezolanos, libre, soberana e independiente"".

Lee también: Japón confirma intervención del yen con EEUU y señala estar dispuesto a nuevas medidas

""Los que andan soñando con que seamos una estrella más en otra bandera se van a quedar con las ganas"", agregó en X.

El sábado, la presidenta encargada, Delcy Rodríguez, reivindicó el mapa de su país, donde dijo que hay ""un pueblo, un Gobierno y hay un Estado"".

""Reivindico el mapa de Venezuela, nuestra Venezuela toda y la Venezuela toda, nuestro mapa, también somos nosotros, nuestra gente, la identidad de ser venezolano profunda, nuestra cultura profunda, nuestra historia tan cultivada en épica, tan rica en heroísmo, tan de altura moral"", expresó en un acto.

No es la primera vez que Trump juega con la idea de la anexión de Venezuela a su país desde que el pasado 3 de enero fuerzas militares estadounidenses capturaran en Caracas a Nicolás Maduro y lo trasladaran a Nueva York, donde permanece desde entonces a la espera de que comience un juicio federal en su contra por narcoterrorismo.

El pasado 12 de mayo, en unas declaraciones a la cadena de televisión Fox, Trump aseguró que estaba ""considerando seriamente"" convertir al país caribeño en el estado 51 y, al día siguiente, subió a su red social el mapa de Venezuela sombreada con la bandera de las barras y las estrellas.

Lee también: Von der Leyen elogia gestión española y marroquí de crisis en Ceuta y pide respuesta de UE

Trump dijo recientemente que ""Delcy ha estado haciendo un trabajo fantástico"" y destacó el beneficio que están logrando tanto las empresas estadounidenses como el pueblo venezolano del mercado petrolero.

El mensaje de Trump en su red social llega en un momento en que el Parlamento venezolano y un grupo de opositores comenzaron un proceso de diálogo impulsado por Washington para promover la democracia en el país suramericano y avanzar hacia una transición.

Además de Venezuela, Trump suele referirse a la posibilidad de convertir a Canadá en el estado 51 y también ha llegado a insinuarlo respecto a Groenlandia, territorio autónomo de Dinamarca.",https://www.vision360.bo/noticias/2026/08/03/61084-gobernadores-chavistas-publican-el-mapa-de-venezuela-con-su-bandera-en-respuesta-a-trump
Visión 360,2026-08-03,•Mundo,De la Espriella dice que desobediencia civil de izquierda busca desestabilizar democracia,"EFE / Bogotá

El presidente electo de Colombia, Abelardo de la Espriella, aseguró este domingo que la ""desobediencia civil"" a su Gobierno, anunciada por la oposición de izquierda y por el mandatario saliente, Gustavo Petro, busca desestabilizar la democracia a partir del 7 de agosto cuando él asumirá el cargo.

""Están preparando la desestabilización del país, soy el presidente de todos los colombianos y haré respetar con la fuerza de la Constitución y la ley lo que los colombianos decidieron, que fue elegirme"", expresó De la Espriella en una declaración en sus redes sociales a cinco días de su investidura.

El senador Iván Cepeda, a quien De la Espriella derrotó por un estrecho margen en la segunda vuelta de las elecciones el pasado 21 de junio, anunció ayer que la oposición al presidente electo hará manifestaciones en Bogotá, Cali y Barranquilla el próximo 7 de agosto.

Lee también: Taiwán asegura que cooperación militar con EEUU es ""estrecha"" y en ""todos los niveles""

""No van a ser movilizaciones ni marchas, van a ser concentraciones en Barranquilla (...) en la ciudad de Cali vamos a estar en el monumento que hay en Puerto Resistencia (...) y en la ciudad de Bogotá en el Capitolio"", expresó Cepeda, del Pacto Histórico, el partido de Petro, quien no reconoce la elección de De la Espriella.

Cepeda explicó en una declaración en Cartagena de Indias que estas concentraciones pacíficas hacen parte de las acciones de ""desobediencia civil"" contra el presidente electo.

En ese sentido, De la Espriella hizo un llamado al país a ""no seguir legalizando lo incorrecto, lo ilegal, lo torcido"".

Lee también: El brent se hunde más del 7%, hasta los 83 dólares, ante el renovado optimismo sobre Irán

""Llamemos las cosas por su nombre y vamos a enfrentarlas como lo que son. La tal 'desobediencia civil' no es más que un eufemismo para intentar desestabilizar la democracia y no lo voy a permitir"", añadió el presidente electo.

La sesión conjunta del Congreso en la que De la Espriella prestará juramento como presidente de la República, a la que no asistirá ningún miembro del Pacto Histórico, se celebrará el próximo 7 de agosto en la Arena USC, de la Universidad Santiago de Cali, y no en el Salón Elíptico del Capitolio Nacional, sede tradicional de las posesiones presidenciales.",https://www.vision360.bo/noticias/2026/08/03/61078-de-la-espriella-dice-que-desobediencia-civil-de-izquierda-busca-desestabilizar-democracia
Visión 360,2026-08-03,•Mundo,"Taiwán asegura que cooperación militar con EEUU es ""estrecha"" y en ""todos los niveles""","EFE / Taipéi

Los intercambios militares entre Taiwán y Estados Unidos son ""estrechos"" y suceden en ""todos los niveles"", afirmó el ministro taiwanés de Defensa, Wellington Koo, en una entrevista publicada este lunes por la agencia de noticias CNA.

""(La cooperación militar con EE.UU.) es incluso mayor de lo que ustedes imaginan"", aseveró Koo, quien también expresó su agradecimiento al Comando del Pacífico de Estados Unidos por contribuir a mejorar las capacidades de combate defensivo de la isla.

Durante la conversación, el ministro también recalcó que Washington considera a Taiwán un emplazamiento ""clave"" en la primera cadena de islas del Pacífico, como se conoce a la línea de archipiélagos que va desde Japón a Borneo, pasando por Taiwán y Filipinas, y que actúa como una suerte de contención estratégica frente a China.

Respecto a la situación actual en la región, Koo recordó que la Estrategia del Indopacífico de EE.UU. aboga por los principios de ""defensa colectiva y responsabilidad compartida"" y que, por ello, cada país debería elevar su presupuesto militar y reforzar su capacidad de autodefensa para generar una ""disuasión colectiva"".

""Una vez que se consolide esa postura de disuasión colectiva, cuando el líder del Partido Comunista chino (PCCh), Xi Jinping, quiera adoptar medidas que socaven la paz en el estrecho, los cálculos que deberá sopesar se volverán extremadamente complejos"", apuntó el funcionario isleño.

Por su parte, el jefe del Departamento de Planificación Estratégica del Ministerio de Defensa, Huang Wen-chi, aseguró que, si bien los intercambios entre ambas partes no pueden hacerse públicos, basta con observar cómo adiestraban las tropas taiwanesas hace cinco años y cómo lo hacen ahora ""para hacerse una idea de todo lo que han aprendido"".

""Todos ellos son cambios concretos fruto del entrenamiento orientado al combate real"", manifestó Huang.

Lee también: El brent se hunde más del 7%, hasta los 83 dólares, ante el renovado optimismo sobre Irán

Estas declaraciones se difundieron a dos días para el inicio de la fase de ejercicios con fuego real de las maniobras Han Kuang, los simulacros anuales de las Fuerzas Armadas de Taiwán, pensados para verificar el estado de preparación de las tropas ante un eventual intento de invasión por parte de China.

En los últimos años, Taipéi ha impulsado un importante aumento de su gasto en Defensa ante la creciente presión militar de Pekín, que considera a la isla autogobernada como ""parte inalienable"" de su territorio y no descarta el uso de la fuerza para hacerse con su control.

Desde hace más de siete décadas, EE.UU. se encuentra en medio de las disputas entre ambas partes, ya que Washington es el principal suministrador de armas a Taiwán y, si bien no mantiene vínculos diplomáticos con la isla, podría defenderla en caso de conflicto con China.

Esa postura ha provocado permanentes roces entre Washington y Pekín, cuyo Gobierno ha definido a la ""cuestión taiwanesa"" como la ""línea roja"" en las relaciones entre las dos potencias.",https://www.vision360.bo/noticias/2026/08/03/61075-taiwan-asegura-que-cooperacion-militar-con-eeuu-es-estrecha-y-en-todos-los-niveles
Visión 360,2026-08-03,•Mundo,Irán niega negociaciones con EEUU pese al anuncio de Trump sobre reanudación del diálogo,"EFE / Teherán

Irán aseguró este lunes que actualmente no mantiene negociaciones con Estados Unidos y afirmó que las cuestiones relacionadas con Washington serán analizadas y decididas en función de los acontecimientos futuros, después de que el presidente estadounidense, Donald Trump, afirmara que las conversaciones con Teherán se reanudarían este lunes.

""Actualmente no tenemos negociaciones con Estados Unidos"", afirmó el portavoz del Ministerio iraní de Exteriores, Ismail Bagaei, durante una rueda de prensa.

Bagaei insistió en que cualquier avance sobre los asuntos relacionados con Estados Unidos dependerá de la evolución de la situación, horas después de que Trump afirmara que había cancelado un ""ataque masivo"" contra Irán y que este lunes se reanudarían las conversaciones con Teherán con el objetivo de alcanzar un acuerdo.

El portavoz de la diplomacia iraní indicó que, por ahora, su país mantiene conversaciones con Omán, centradas en alcanzar un acuerdo sobre una vía que garantice el tránsito seguro de la navegación por el estrecho de Ormuz.

""Estas negociaciones son bilaterales entre dos Estados ribereños. Otros pueden desempeñar un papel constructivo o destructivo en este proceso, pero el asunto corresponde a Irán y Omán"", afirmó Bagaei.

El diplomático reiteró que un acuerdo sobre una ruta segura para la navegación por Ormuz es una ""condición necesaria"" para su reapertura, ""pero no una condición suficiente"".

Bagaei advirtió de que no habrá cambios significativos en la situación del estrecho mientras continúen, según sus palabras, ""la hostilidad de Estados Unidos"", el bloqueo marítimo contra Irán, la agresión militar estadounidense y los incumplimientos de Washington.

Lee también: Von der Leyen elogia gestión española y marroquí de crisis en Ceuta y pide respuesta de UE

El ministro de Exteriores iraní, Abás Araqchí, afirmó ayer que su país avanza con Omán hacia la fase final de las negociaciones sobre la futura gestión del estrecho de Ormuz, en las que buscan establecer una nueva ruta de navegación, aunque aseguró que el acuerdo no está relacionado con la reapertura o el cierre del estratégico paso marítimo.

El estrecho de Ormuz, por donde transitaba antes de la guerra entre Irán y Estados Unidos e Israel una quinta parte del petróleo mundial, se ha convertido en uno de los principales focos de tensión del conflicto.

La República Islámica declaró el 12 de julio un nuevo cierre del estrecho después de que Washington lanzara bombardeos contra territorio iraní en respuesta a ataques de Teherán contra buques comerciales que intentaban atravesar la ruta propuesta por Omán.

Estados Unidos restableció además el bloqueo naval sobre buques y puertos iraníes en la zona.",https://www.vision360.bo/noticias/2026/08/03/61072-iran-niega-negociaciones-con-eeuu-pese-al-anuncio-de-trump-sobre-reanudacion-del-dialogo
Visión 360,2026-08-03,•Mundo,Japón confirma intervención del yen con EEUU y señala estar dispuesto a nuevas medidas,"EFE / Tokio

La ministra de Finanzas de Japón, Satsuki Katayama, afirmó este lunes que el archipiélago y Estados Unidos intervinieron de forma conjunta en el mercado de divisas para frenar el declive del yen, que se encontraba en mínimos de casi 40 años antes de la primera acción de este tipo desde 1998.

""El viernes 31 de julio (...) el Ministerio de Finanzas de Japón, en coordinación con el Departamento del Tesoro de Estados Unidos, intervino en el mercado chino para comprar yenes"", afirmó Katayama en un comunicado.

La responsable de las finanzas japonesas añadió que la medida, cuyo monto no reveló, se adoptó ""en respuesta a la reciente volatilidad excesiva y los movimientos desordenados del yen"".

""No dudaremos en realizar nuevas intervenciones coordinadas en el futuro"", apostilló Katayama, tras destacar la ""comunicación fluida"" entre Tokio y Washington en esta cuestión. En una rueda de prensa posterior, la ministra de Finanzas destacó que se trata de la primera intervención monetaria conjunta entre EE.UU. y Japón desde 1998.

Por su parte, el secretario del Tesoro de Estados Unidos, Scott Bessent, afirmó en la red social X que apoya ""firmemente las decisivas medidas monetarias y de mercado adoptadas por Japón para corregir la considerable infravaloración del yen"".

Lee también: El brent se hunde más del 7%, hasta los 83 dólares, ante el renovado optimismo sobre Irán

Bessent dio además un espaldarazo a las políticas fiscales de Takaichi, cuyo expansionismo fiscal ha desatado dudas en los mercados de bonos y ha provocado un debilitamiento del yen.

El secretario del Tesoro estadounidense afirmó que el Gobierno de la mandataria nipona ""está entrando en una nueva e ilusionante fase de la Abenomics"", como se conoce a las políticas económicas adoptadas desde 2013 por el ex primer ministro Shinzo Abe para sacar a Japón de la deflación y el estancamiento económico en los que llevaba sumido durante décadas.

Los bruscos repuntes del yen el pasado viernes y sábado, que llevaron a la moneda japonesa a situarse en la franja media de las 157 unidades por dólar un día frente a las más de 163 en las que se venía cotizando tras semanas de caídas, habían desatado las especulaciones de una intervención conjunta.

Analistas como el director de estrategia de mercado en Bannockburn Capital Markets, Marc Chandler, fijaron el volumen de la posible operación de estabilización en unos 53.000 millones de dólares, monto que no ha sido confirmado por ninguna de las partes.

Lee también: Autoridades mexicanas controlan un motín de migrantes cubanos para evitar ser deportados

El Gobierno de la primera ministra, Sanae Takaichi, y el Banco de Japón (BoJ) llevaron a cabo intervenciones en el mercado de divisas entre los pasados abril y mayo, que provocaron una apreciación de la divisa japonesa desde las 160 unidades por dólar hasta las 155 durante los primeros días de mayo.

El efecto de estas operaciones de estabilización, cuyo monto ascendió a 11,73 billones de yenes (unos 74.900 millones de dólares) según el Ministerio de Finanzas japonés, fue sin embargo reducido incluso a pesar de que el BoJ subiera a mediados de junio los tipos de interés de referencia a corto plazo al 1 %, su nivel más alto en más de tres décadas.",https://www.vision360.bo/noticias/2026/08/03/61069-japon-confirma-intervencion-del-yen-con-eeuu-y-senala-estar-dispuesto-a-nuevas-medidas
Visión 360,2026-08-03,•Mundo,Von der Leyen elogia gestión española y marroquí de crisis en Ceuta y pide respuesta de UE,"EFE / Bruselas

La presidenta de la Comisión Europea, Ursula von der Leyen, elogió este lunes la gestión ""eficiente y eficaz"" de la última crisis migratoria en Ceuta por parte de las autoridades de España y Marruecos, e insistió en dar una ""respuesta europea común"", unida y solidaria.

""Quiero elogiar la rápida gestión de las devoluciones de las personas que entraron ilegalmente en Ceuta desde Marruecos. Tanto las autoridades españolas como las marroquíes han gestionado esta situación de forma eficiente y eficaz, logrando impedir con éxito el traslado ilegal hacia la España peninsular y Europa"", dijo Von der Leyen en una carta dirigida al presidente del Gobierno español, Pedro Sánchez.

La misiva, a la que tuvo acceso EFE, responde a la que envió Sánchez a Von der Leyen el 1 de agosto para solicitar una reunión urgente de los ministros de Interior comunitarios a fin de abordar la entrada masiva de forma irregular de personas desde Marruecos a Ceuta, y en la que expresó preocupación por los Estados miembros que habían ""atacado"" a España.

Para Von der Leyen, la protección de las fronteras exteriores es ""una responsabilidad europea compartida"" y no se puede aceptar ""ningún intento de utilizar la migración ilegal como medio para ejercer presión sobre ningún Estado miembro"".

""Pero a raíz de este incidente, queda claro que debemos hacer más para reforzar aún más nuestras fronteras en los puntos críticos, tanto mediante una vigilancia atenta como mediante el uso de barreras físicas cuando sea necesario"", recalcó.

Lee también: El brent se hunde más del 7%, hasta los 83 dólares, ante el renovado optimismo sobre Irán

Pidió dar ""una respuesta europea común, una acción unida y solidaridad"" ante el reto de la migración, y acogió con satisfacción la reunión de ministros de Justicia y Asuntos de Interior que se celebrará mañana martes por videoconferencia.

""Será importante que los ministros de Interior acuerden una vía colectiva que seguir"", recalcó, y propuso basarla sobre cinco puntos: prevenir la migración irregular mediante el refuerzo de la cooperación con los socios de la UE, reforzar más las fronteras exteriores, implantar sistemas de alerta temprana, desmantelar las redes de tráfico ilícito, y reforzar los retornos.

En su opinión, esto contribuirá al debate estratégico sobre este asunto que se espera mantengan los líderes comunitarios en su próxima cumbre.

Von der Leyen puso de relieve que la ""actuación decidida"" en Ceuta pone de manifiesto el compromiso de hacer cumplir el sistema vigente y que ha sido ""crucial para evitar un mayor deterioro de la situación, así como la trágica e innecesaria pérdida de aún más vidas humanas"", y celebró las ""nuevas medidas disuasorias"" adoptadas por España para impedir nuevas llegadas ilegales, como el refuerzo de la vigilancia de la frontera marítima.

Lee también: Países BRICS discutieron el uso ético de la IA, la protección del patrimonio cultural y el desarrollo de la economía creativa

La presidenta comunitaria dejó claro que, ""desde el primer momento, la Comisión ofreció el apoyo de la UE, tanto financiero como operativo"", y recordó que la agencia para las fronteras exteriores de la UE, Frontex, ""está dispuesta a reforzar su presencia en Ceuta"" si es necesario y que Europol y la Agencia de la UE para el Asilo ""están preparadas para prestar su apoyo"".

Al mismo tiempo, sobre Marruecos dijo que es ""un socio estratégico importante, sobre todo en nuestros esfuerzos por combatir el tráfico de migrantes y la migración ilegal"", y apuntó que ya colaboran con ese país para establecer ""una asociación con la UE más estructurada y con visión de futuro"".

""En cooperación con España, especialmente en todo lo relacionado con Ceuta y Melilla, podríamos reforzar los sistemas de alerta temprana para la gestión de fronteras y mejorar nuestro apoyo técnico y financiero a Marruecos"", concluyó Von der Leyen.",https://www.vision360.bo/noticias/2026/08/03/61066-von-der-leyen-elogia-gestion-espanola-y-marroqui-de-crisis-en-ceuta-y-pide-respuesta-de-ue
Visión 360,2026-08-03,•Mundo,"El brent se hunde más del 7%, hasta los 83 dólares, ante el renovado optimismo sobre Irán","EFE / Madrid

El precio del barril de brent para entrega en octubre se hunde más del 7 % este lunes, hasta los 83,4 dólares el barril, ante el renovado optimismo acerca de un posible acuerdo entre Estados Unidos e Irán.

A las 7:00 horas (5:00 GMT) de este lunes, el brent, el crudo de referencia de Europa, desciende el 7,46 %, hasta los 83,4 dólares el barril, en el mercado de futuros de Londres. El pasado viernes, subió el 1,22 %, hasta 90,12 dólares.

Este lunes, los futuros del crudo, que han cambiado de referencia a octubre, bajan con fuerza después de que el presidente de Estados Unidos, Donald Trump, haya asegurado que las conversaciones con Irán se reanudarán este lunes, al afirmar que canceló un ""ataque masivo"" inminente con vistas a llegar a un acuerdo que ponga fin al conflicto.

Lee también: Marruecos reconoce 40.000 entradas de migrantes a Ceuta y 11 muertos en su territorio

Trump hizo las declaraciones a bordo del avión presidencial en su viaje a El Cairo, y recalcó que Arabia Saudí, Emiratos Árabes Unidos y Catar le pidieron ""cancelar"" su ataque debido a que creen que se puede alcanzar un acuerdo con Irán.

""Estábamos preparados, pero los aliados pidieron que se cancelara. La razón por la que lo pidieron es porque creen que se puede alcanzar un acuerdo sobre (el estrecho de) Ormuz"", aseguró Trump.

El presidente estadounidense aseguró que Irán también le pidió parar el previsto ataque, el cual calificó como ""el más grande desde la Segunda Guerra Mundial"".

Lee también: Países BRICS discutieron el uso ético de la IA, la protección del patrimonio cultural y el desarrollo de la economía creativa

Trump añadió que, tras hablar con Arabia Saudí, el país considera que el acuerdo ""es inminente en relación con el estrecho de Ormuz y, en última instancia, con la desnuclearización de Irán"".

Asimismo, el brent cae después de que domingo, la alianza OPEP+, liderada por Arabia Saudí y Rusia, haya decidido mantener por sexto mes consecutivo su estrategia de elevar la oferta de petróleo, poniendo desde septiembre 188.000 barriles más en el mercado, un aumento limitado por la actual dificultad de mover el crudo debido a la guerra en Oriente Medio.",https://www.vision360.bo/noticias/2026/08/03/61060-el-brent-se-hunde-mas-del-7por_ciento-hasta-los-83-dolares-ante-el-renovado-optimismo-sobre-iran
Visión 360,2026-08-03,•Columnistas,Reestructuración y resurrección,"Si en Cochabamba hay algo más venerado y tradicional que su gastronomía, es sin duda alguna su club de fútbol. Esa entidad deportiva que en los últimos 77 años ha sido estandarte de los cochabambinos dentro del balompié boliviano y sudamericano.

El Club Deportivo Jorge Wilstermann que a lo largo de su historia ha sabido llevar en innumerables ocasiones al mismo cielo a su nutrida fanaticada, en el último quinquenio ha vivido una suerte de penumbra constante, bailando una peligrosa balada de agonía que parecía ser el preludio de una muerte institucional sin remedio.

Durante el año 2025 el panorama para el ‘Aviador’ fue absolutamente oscuro desde el inicio, en plena época de transferencias cuando el equipo cochabambino iba armando la nueva plantilla, donde incluso habían nuevos jugadores entrenando en el campamento, llegó el mazazo fatal. La FIFA notificaba a los rojos con una durísima sanción que impedía la inscripción de nuevos jugadores por el lapso de al menos dos periodos. Un castigo que caía en el peor momento, pues la gran mayoría de elementos experimentados habían concluido su contrato y otros tomaron nuevos caminos para continuar su carrera en otros equipos.

Wilstermann debió afrontar la temporada 2025 con un plantel compuesto en su gran mayoría por muchachos que claramente no tenían la madurez necesaria como para cumplir un papel mínimamente aceptable en primera división, por lo que el descenso era inminente y la banca rota azotaba con tal fuerza que la palabra desaparición se hacía ineludible.

En medio de aquella tormenta apareció una pequeña luz al final del camino, pues el histórico antagonista del ‘Rojo’ recibió una sanción por suplantación de identidad, pero alguna triquiñuela jurídica fue suficiente para que Aurora y su ilustre directiva sean exonerados por el escandaloso caso Montaño. Independientemente de aquella manipulación de justicia, quedó claro que es imposible tratar sobrescribir en las hojas del destino, Wilstermann cosechaba los frutos de una pésima administración deportiva y se consumaba la pérdida de categoría.

Las puertas del purgatorio estaban abiertas de par en par, el pueblo aviador resignado a sucumbir donde incluso algún distraído insolente vaticinaba nuevos nombres para la refundación y el calendario que no daba tregua. Fue entonces que, en una de las últimas pataletas, la noche del 22 de octubre, la masa societaria tuvo una asamblea extraordinaria para analizar una propuesta final de salvataje. Un grupo de loquitos, wilstermanistas recalcitrantes y con muy buen bolsillo, hicieron posible lo imposible.

Wilstermann 360 S.A al mando de la familia Campero, Jorge Ferrufino y Marcelo Bergese, administran el club desde noviembre del cruento 2025 y por los próximos 25 años en un proyecto por demás ambicioso.

A pesar de jugar Wilstermann en segunda división desde el inicio de 2026, la S.A le ha dado bríos de seriedad a una institución que en los últimos años había sido ahogada en improvisación y amateurismo desde sus paupérrimas directivas. Una gestión con muchos más matices empresariales que deportivos le ha permitido a la nueva compañía administradora del club, alcanzar el primer gran hito que se había propuesto. Desde la mañana del 30 de julio del 2026 Wilstermann, luego de 535 días amordazado en el sistema Comet, tiene vía libre para inscribir nuevos jugadores.

Jorge Ferrufino, una de las caras más visibles de la S.A, dejó claro que este gran logro es solo el principio de lo que tiene proyectado, y cuánta razón tiene porque si bien la posibilidad de habilitar jugadores para el cuadro ‘Rojo’ llega como una inmensa ingesta de agua en el desierto, la institución pide a gritos una profunda refacción en prácticamente todas sus áreas.

Es imperdonable que en la última década las divisiones inferiores hayan sido literalmente olvidadas, dejando varias generaciones de jóvenes cochabambinos con la idea de que en Wilstermann no hay manera de hacer carrera deportiva.

Los campos deportivos y la infraestructura del club constituyen la maquinaria básica para la producción de futbolistas en una industria que cada día es económicamente más fructífera, mas sin producción no hay producto qué vender. Por eso es tan importante invertir, a mano suelta si es posible, paralelamente en lo poco o mucho que se tenga de territorio y en las categorías formativas.

El manejo de una institución que mucho tiene que ver con sociedad, economía y cultura en una ciudad como Cochabamba, exige una administración seria, responsable y audaz. Wilstermann 360 S.A por ahora va por esa línea y la inmensa comunidad aviadora puede dormir un poco mejor, pero también tiene la total responsabilidad de ser partícipe de la remontada.",https://www.vision360.bo/noticias/2026/08/03/61126-reestructuracion-y-resurreccion
Visión 360,2026-08-03,•Columnistas,Ninguna medalla abraza como un hijo,"Los vemos como si fueran de acero. Firmes. Altivos. Con una mirada capaz de cortar el hierro y una determinación que parece elevarlos por encima del resto de los mortales. Los admiramos levantando trofeos, batiendo récords y defendiendo los colores de su país.

Son soldados del deporte. Llevan la bandera de su patria con el alma, con el cuchillo entre los dientes, dispuestos a colocarla en lo más alto del podio y en la cima del mundo. Parecen invencibles.

Pero esa es solo la parte que el mundo alcanza a ver.

Cuando el estadio se vacía, las cámaras se apagan y el rugido de miles se convierte en silencio, comienza la batalla más importante de sus vidas.

Al regresar a casa, empieza la vida real, por qué  en la puerta, dejan la armadura del cuerpo y del alma. Un niño o una niña corre a su encuentro y, con un abrazo, derriba al gigante. En ese instante desaparece el campeón, el ídolo, la estrella. Solo queda un padre, una madre, un hijo o una hija. Solo queda un ser humano.

La inspiración para escribir esta columna tiene nombre y apellido: Marc Cucurella.

No fue un gol ni un título lo que me conmovió de él. Fue descubrir al padre detrás del futbolista. Al hombre que cambiaría cualquier campeonato por la salud de su pequeño hijo. Lleva el cabello largo porque a su niño le gusta jugar con él y porque teme que, si algún día la enfermedad le roba recuerdos, ese detalle le ayude a reconocer a su papá.

Sus festejos tampoco son casuales: imita a un pingüino, símbolo de fidelidad, unión y protección familiar.

Esa historia nos recuerda que antes que campeones, son padres; antes que ídolos, son hijos; antes que leyendas, son seres humanos.

Pero la de Marc Cucurella no es la única historia.

Serena Williams confesó que el nacimiento de su hija Alexis Olympia Ohanian Jr. transformó su manera de entender el éxito y la vida. Lionel Messi ha dicho que sus hijos cambiaron sus prioridades. Cristiano Ronaldo asegura que su mayor legado estará en los valores que deje a sus hijos. Y Novak Djokovic procura llevar a Stefan y Tara a sus torneos porque quiere que, cuando sean grandes, recuerden el esfuerzo de su padre y se sientan orgullosos de él.

Detrás de cada medalla también existen noches de incertidumbre, enfermedades, pérdidas y lágrimas que nunca aparecen frente a las cámaras. Ellos también sufren cuando un hijo enferma o cuando un padre y una madre se apagan.

Sin embargo, muchas veces les exigimos perfección. Los periodistas los juzgamos con dureza, los hinchas los insultan cuando fallan, los dirigentes los castigan y los gobernantes suelen recordarlos únicamente cuando ganan.

Cuando caen, pocos les tienden una mano.

Pero ellos vuelven a levantarse.

No solo por una medalla, un récord o un contrato.

Vuelven porque al cruzar la puerta de casa hay alguien que no pregunta por el resultado. Hay unos brazos pequeños que los abrazan igual después de una victoria que después de una derrota.

Los récords serán superados. Los trofeos perderán brillo. Los estadios olvidarán nombres.

Pero un hijo jamás olvidará quién estuvo a su lado.

Porque la verdadera gloria no siempre cuelga del cuello. A veces espera detrás de la puerta de casa.

Porque el mundo recuerda a los campeones por sus victorias, pero los hijos los recuerdan por el amor que les dieron cuando nadie estaba mirando.",https://www.vision360.bo/noticias/2026/08/03/61081-ninguna-medalla-abraza-como-un-hijo
Visión 360,2026-08-03,•Columnistas,¿Técnicos del exterior? No podemos volver a lo mismo,"Un rumor malintencionado que se originó en Ecuador volvió a poner en tapete un posible cambio de director técnico en la Selección boliviana: la llegada del argentino Sebastián Beccacece en reemplazo de Óscar Villegas.

La especulación no tenía pies ni cabeza, ya que contratar al exdirector técnico del seleccionado ecuatoriano habría sido volver nuevamente a lo mismo que se vivió en las últimas tres décadas.

¿Qué es lo mismo? La llegada de una gran cantidad de profesionales que no conocen el fútbol boliviano y, hasta intentar acomodarse, ya se habrán llevado una buena cantidad de dólares y las siguientes eliminatorias estarán a punto de comenzar.

Esta rutina fue algo habitual desde que Bolivia clasificó al Mundial de Estados Unidos 1994. Pasaron los Dussan Draskovic, el famoso Héctor “Bambino” Veira, Nelson Acosta, César Farías, Antonio Carlos Zago o el último caso del argentino Gustavo Costas; todos prometieron en su momento clasificación mundialista, pero a la hora de trabajar ninguno apareció.

No se pueden volver a repetir los errores de tener técnicos extranjeros que aparezcan diez días antes de una fecha FIFA o de las eliminatorias y que el resto del tiempo se la pasen viajando a sus países y dejando a un lado el trabajo de coordinación que se debe tener en otras divisiones; a fin de cuentas, hay mucho por hacer en las selecciones menores.

La llegada de Villegas cambió ese estilo que se había vuelto una mala costumbre en la Selección. Cuando el cochabambino no tiene trabajo en la mayor, siempre está supervisando con su equipo de trabajo otras divisiones.

Dolió mucho la eliminación en el repechaje de Monterrey frente a Irak y los dardos apuntaron a equivocaciones de Villegas pero hay que destacar que lo más valioso de este ciclo en la mayor es la presencia de nuevos valores, que llegarán a la siguiente clasificatoria con más partidos en sus espaldas en la Verde y en sus respectivos clubes.

Por supuesto que hay cosas por mejorar y sería conveniente reforzar el trabajo de Villegas y compañía; para seguir viendo lo que puede pasar en el futuro. Es necesario consolidar la llegada de un Director de Metodología, que en mi opinión puede ser el cargo más importante para seguir mejorando.

Volver a traer un “técnico de experiencia y jerarquía” no le asegura nada a la Selección, más cuando vimos tantos fracasos a lo largo de los últimos 30 años. Al menos con Villegas se vio otra cosa y Bolivia estuvo a un partido de llegar a una nueva cita mundialista.

Villegas no será eterno en la Verde, pero sin lugar a dudas el camino no va por repetir las nefastas experiencias con técnicos que no conocen nuestra realidad.",https://www.vision360.bo/noticias/2026/08/03/61063-tecnicos-del-exterior-no-podemos-volver-a-lo-mismo
Visión 360,2026-08-03,•Política,"Presidente y gobernadores se reunirán en Sucre para definir una agenda común de descentralización con la propuesta del ""50/50""","El presidente del Estado, Rodrigo Paz Pereira, y los nueve gobernadores del país se reunirán este miércoles 5 de agosto en la ciudad de Sucre para definir una agenda común de descentralización, a partir de la propuesta del denominado ‘50/50’, que plantea una distribución equitativa de recursos económicos, responsabilidades institucionales y procesos administrativos entre el Gobierno central, gobernaciones y municipios.

El encuentro busca establecer acuerdos para una nueva relación entre los distintos niveles del Estado y avanzar en una reforma estructural que permita una mayor autonomía en la gestión regional. La propuesta fue planteada por el presidente Paz como una alternativa para reducir la burocracia estatal y superar lo que denominó el “Estado tranca”, con el objetivo de agilizar inversiones y proyectos de desarrollo en los nueve departamentos.

Los gobernadores confirmaron su participación en la reunión y, junto con sus equipos técnicos, afinan sus planteamientos sobre la redistribución de recursos y competencias. El mandatario, durante su visita a la Chiquitania el pasado viernes, convocó a los gobiernos subnacionales a conformar una alianza nacional para “derrotar definitivamente” al “Estado tranca” y establecer mecanismos de coordinación institucional.

Previo al encuentro de autoridades, este martes 4 de agosto se instalarán mesas técnicas para analizar las propuestas regionales. La gobernadora de Pando, Gabriela de Paiva Padilla, adelantó que su departamento presentará un planteamiento desde la perspectiva de la Amazonía boliviana y destacó la necesidad de una “justa repartición de los recursos”.

En Cochabamba, autoridades departamentales también preparan sus observaciones y propuestas. El asambleísta Edwin Jiménez pidió al gobernador Leonardo Loza que remita a la Asamblea Departamental el planteamiento que llevará a Sucre, mientras que el diputado Israel Mérida afirmó que las regiones deben llegar al encuentro con proyectos concretos para enfrentar las necesidades más urgentes.

Lee también: Gobierno alista propuesta para la reunión con gobernadores sobre el 50/50 con la mirada en el 2027

Mérida señaló que Cochabamba planteará requerimientos en áreas como salud, con la solicitud de 520 nuevos ítems; infraestructura caminera, con la ruta Cochabamba-Beni; y agua, mediante proyectos como Misicuni. Además, destacó que la coordinación entre el Gobierno central, gobernaciones y municipios permitirá establecer reglas claras y una planificación conjunta.

Ante la expectativa generada por la reunión, algunas regiones plantearon la realización de un encuentro previo para que el Gobierno exponga los alcances de la propuesta del ‘50/50’ y así llegar a la cita de Sucre con mayor información y una base de consenso para la toma de decisiones.",https://www.vision360.bo/noticias/2026/08/03/61189-presidente-y-gobernadores-se-reuniran-en-sucre-para-definir-una-agenda-comun-de-descentralizacion-con-la-propuesta-del-5050
Visión 360,2026-08-03,•Política,"Más distanciados, Paz y Lara coincidirán en la Casa de la Libertad por el aniversario patrio","La Casa de la Libertad, en Sucre, reunirá a los distanciados presidente Rodrigo Paz y vicepresidente Edmand Lara en el acto oficial de la Sesión de Honor por el 6 de Agosto. Están obligados a compartir un mismo escenario, pese a las marcadas diferencias que se profundizaron con ataques mutuos y el aislamiento en la toma de decisiones de Estado durante los cerca de nueve meses que llevan en el poder.

Paz y Lara llegaron al poder tras haber ganado, sorpresivamente, las elecciones de primera y segunda vuelta con el Partido Demócrata Cristiano (PDC), en agosto y octubre, respectivamente. Asumieron su mandato el 8 de noviembre de 2025 en un acto de la Asamblea Legislativa Plurinacional, en La Paz, donde Lara ya mostraba, si no reclamos directos, al menos cierta molestia por el trato que recibió su familia.

En medio de su discurso ante el Legislativo, reclamó que a su familia no se le permitió ingresar al acto de su posesión, algo poco usual. Vistió uniforme policial, pese a haber sido dado de baja de la institución verde olivo y, como manda el protocolo, tomó juramento al presidente Paz y le entregó los símbolos de mando para ejercer la Presidencia durante los siguientes cinco años.

Lee también: Paz sostiene que el proyecto que dispone que el Gobierno asuma el pago de prediarios y del bono de vacunación es el “50/50 en acción”

Sorpresivamente, el 24 de diciembre anunció que se declaraba “opositor” al gobierno de Paz y, desde entonces, comenzó una especie de guerra de baja intensidad. El vicepresidente denunció en varias ocasiones corrupción e irregularidades en la administración estatal y, en contrapartida, el gobierno de Paz terminó por aislarlo y cerrarle la posibilidad de ejercer la Presidencia interina.

Mediante el Decreto Supremo 5552, el Ejecutivo redujo la estructura administrativa de la Vicepresidencia y su presupuesto pasó a depender del Ministerio de la Presidencia. Otro decreto, el 5515, aprobado en diciembre, incorporó la figura de la “presidencia a distancia” e impide que el vicepresidente asuma el mando ante una ausencia temporal del presidente.

Ambos volverán a verse en un acto protocolar este 6 de Agosto en la Casa de la Libertad. Lara presidirá la Sesión de Honor por el aniversario patrio y ofrecerá un breve discurso para luego dar paso al presidente Paz, quien —como manda la norma— deberá emitir un mensaje-informe sobre los primeros meses de gestión al frente de Bolivia.

“Hará mucho bien al país, al funcionamiento de la Asamblea Legislativa y a ambos personajes que puedan dar una señal de madurez, de responsabilidad y dejar de lado sus diferencias”, reflexionó el expresidente Eduardo Rodríguez en una entrevista con Unitel, precisamente sobre la relación entre las dos máximas autoridades del país.

Lee también: OEA ratifica su apoyo a Paz, pide a sectores respetar el mandato de las urnas y recomienda construir consensos para las nuevas leyes

De acuerdo con el programa oficial para el 6 de Agosto, los actos comenzarán a las 06:00 con la entrega de ofrendas florales en el frontis de la Casa de la Libertad. A las 08:00 está prevista la iza de banderas y la entonación del Himno Nacional, mientras que para las 09:00 se programó la tradicional misa de Te Deum, que había sido retirada de estos actos durante los gobiernos del MAS.

A las 10:00 está prevista la Sesión de Honor de la Asamblea Legislativa Plurinacional, en la que Paz emitirá su mensaje al país. Para las 13:00 se tiene previsto un almuerzo en el patio histórico de la Facultad de Derecho.

Paz y Lara llegan a este 6 de Agosto más distanciados que nunca. Es más, Lara reveló hace algunos días que Paz le hizo saber su interés de reunirse en un sauna ante el temor por el contenido del discurso que emitirá en el acto por el aniversario patrio.

“Hace un día vino un funcionario del Ministerio de la Presidencia, un abogado, a decirme que, si dejamos de hablar de Rodrigo Paz, si dejamos de denunciar y atacar al Presidente, vamos a recuperar presupuesto y estructura; que el Presidente quiere reunirse conmigo en un sauna y que el Presidente teme de mi discurso del 6 de agosto en Sucre. No sé a qué le tendrá miedo”, afirmó Lara el 29 de julio en DTV.",https://www.vision360.bo/noticias/2026/08/03/61132-mas-distanciados-paz-y-lara-coincidiran-en-la-casa-de-la-libertad-por-el-aniversario-patrio
Visión 360,2026-08-03,•Economía,Gobierno ratifica seguridad jurídica al sector inmobiliario y anuncia sanciones a empresas con contratos irregulares,"El Gobierno nacional ratificó este lunes la seguridad jurídica para las empresas y usuarios que operen dentro del marco legal en el sector inmobiliario, pero anunció sanciones contra aquellas compañías que hayan incurrido en contratos irregulares o vulnerado los derechos de los compradores.

La decisión fue comunicada por los ministros de Desarrollo Productivo, Rural y Agua, Óscar Mario Justiniano, y de Economía y Finanzas Públicas, José Gabriel Espinoza, tras una reunión con representantes de la Cámara Boliviana de Desarrolladores Inmobiliarios (CBDI), en la que se presentaron los resultados de las mesas técnicas instaladas a raíz de denuncias ciudadanas.

Justiniano informó que las fiscalizaciones realizadas por la Dirección General de Defensa del Usuario y del Consumidor identificaron casos en los que algunas empresas habrían modificado contratos previamente autorizados para eliminar garantías e imponer condiciones desfavorables a los compradores.

“La gente tiene la voluntad de seguir pagando, pero los contratos tienen que ser justos. No se puede meter en la misma bolsa al sector inmobiliario serio con piratas que entraron al rubro para hacer las cosas mal y aprovecharse de las familias. El certificado de Defensa del Consumidor garantiza que un contrato esté libre de cláusulas abusivas, y eso es lo que estamos fiscalizando caso por caso. Por orden directa del presidente Rodrigo Paz, lo que respete la ley se respalda, pero lo que no la respete enfrentará los procesos que correspondan”, afirmó Justiniano.

Por su parte, Espinoza aseguró que el Gobierno busca garantizar el estado de derecho y brindar certidumbre tanto a las empresas formales como a las familias que tienen contratos legales. Además, informó que se alcanzaron acuerdos para proteger la cadena de pagos y mantener durante este mes los planes establecidos con las compañías afiliadas a la CBDI, mientras se desarrollan nuevas mesas técnicas desde la próxima semana.

El ministro de Economía señaló que las medidas buscan dar tranquilidad a los actores que cumplen la normativa, aunque advirtió que se aplicarán sanciones a quienes hayan incorporado cláusulas ilegales o incumplido las disposiciones vigentes.

Asimismo, recordó que las denuncias continúan siendo analizadas caso por caso por equipos técnicos y jurídicos, y que las oficinas de Defensa del Consumidor permanecen habilitadas para recibir reclamos y brindar orientación a la población.",https://www.vision360.bo/noticias/2026/08/03/61180-gobierno-ratifica-seguridad-juridica-al-sector-inmobiliario-y-anuncia-sanciones-a-empresas-con-contratos-irregulares
Visión 360,2026-08-03,•Economía,Carine Clert asume como nueva representante residente del Grupo Banco Mundial en Bolivia,"El Grupo Banco Mundial anunció este lunes el nombramiento de Carine Clert como su nueva representante residente en Bolivia, en reemplazo de Camille Nuamah. La ejecutiva francesa, con más de 25 años de experiencia internacional en desarrollo, estará al frente del programa de apoyo de la institución al sector público y privado en el país.

Clert asume sus funciones en un contexto de nuevas perspectivas para Bolivia, donde el Grupo Banco Mundial mantiene una cartera activa de siete operaciones de inversión por cerca de 1.200 millones de dólares destinadas a proyectos de protección social, transporte, agricultura, desarrollo urbano, energía y recursos hídricos.

Además, administra 14 millones de dólares en recursos no reembolsables para iniciativas relacionadas con género, medioambiente y empleo, así como para la preparación de nuevos proyectos en corredores de transporte y logística, gas natural, energías renovables y agricultura con enfoque en cadenas de valor.

El organismo también informó que, de manera paralela, desarrolla servicios de asesoría y análisis en temas como macroeconomía, pobreza, equidad, gobernanza y fortalecimiento del sector privado, con el apoyo de la Corporación Financiera Internacional (IFC) y el Organismo Multilateral de Garantía de Inversiones (MIGA).

Antes de asumir el cargo en Bolivia, Clert coordinó entre 2022 y 2026 los programas del Banco Mundial en El Salvador y Costa Rica, donde supervisó una cartera superior a 3.600 millones de dólares en financiamiento. Durante esa gestión lideró proyectos vinculados con infraestructura, energía, agricultura, turismo, vivienda, asociaciones público-privadas y acceso al financiamiento para las micro, pequeñas y medianas empresas (MiPyMEs), en coordinación con equipos de la IFC.

La nueva representante residente es doctora en Política Social por la London School of Economics y anteriormente ocupó cargos de liderazgo en las prácticas globales de Protección Social y Empleo y de Desarrollo Humano del Banco Mundial. Con su designación, la institución busca fortalecer la cooperación con Bolivia en el impulso de proyectos de desarrollo económico y social.",https://www.vision360.bo/noticias/2026/08/03/61153-carine-clert-asume-como-nueva-representante-residente-del-grupo-banco-mundial-en-bolivia
Visión 360,2026-08-03,•Economía,Las claves del acuerdo que marca el retorno del FMI a Bolivia después de más de 20 años,"Gina Baldivieso / EFE / La Paz

El Gobierno de Bolivia y el Fondo Monetario Internacional (FMI) alcanzaron un acuerdo para un programa técnico por 1.900 millones de dólares que apoyarán las reformas puestas en marcha por la Administración de Rodrigo Paz para estabilizar la economía, y que marca el retorno del organismo al país andino tras más de 20 años.

Estas son algunas claves sobre la situación de la economía boliviana y el anuncio del acuerdo con el FMI:

Bolivia arrastra desde hace unos años una crisis económica que se manifestó con más fuerza desde 2023 por la falta de dólares, el desabastecimiento de combustibles, el descenso de las reservas internacionales netas (RIN) y una inflación que llegó a 20,40 % en 2025, año en que, además, el déficit fiscal fue de 12,2 % y la economía decreció un 1,58 %.

Uno de los orígenes de la crisis es el declive de la producción de gas natural, que hasta hace unos años fue el sustento de la economía boliviana y está en descenso tras alcanzar en 2014 un volumen histórico de 61 millones de metros cúbicos diarios (MMmcd). El promedio proyectado para este año es de 26 MMmcd.

Tras 20 años de un modelo económico estatista, el Gobierno de Rodrigo Paz, que asumió la Presidencia en noviembre pasado, empezó a hacer ajustes, como el retiro de la subvención de los combustibles y el paso del régimen cambiario fijo que rigió durante 15 años a uno flexible para contrarrestar al mercado paralelo ante la falta de dólares.

Las autoridades han asegurado que la economía empezó a mostrar signos de recuperación en el primer cuatrimestre del año, como un superávit fiscal cercano al 0,5 % y la balanza comercial positiva de más de 1.300 millones de dólares, pero que el repunte se frenó con las protestas registradas entre mayo y junio, que incidirán en una contracción de entre 0,7 y 1 % de la economía.

Durante la campaña electoral, Paz dijo que no estaba entre sus prioridades acudir al FMI, pero una vez en la Presidencia, su Gobierno tomó contacto con el organismo y, tras conversaciones técnicas desarrolladas entre mayo y junio, el pasado 29 de julio, se anunció un acuerdo para un plan técnico de 36 meses.

El contenido del acuerdo no ha sido difundido por ahora, si bien el organismo y el ministerio boliviano de Economía señalaron que es por 1.900 millones de dólares, que se enmarca dentro del Servicio Ampliado del fondo (SAF) y estará destinado a ""respaldar el programa de reformas económicas"" del Gobierno de Paz.

El FMI señaló que el programa boliviano busca ""restablecer la estabilidad macroeconómica, reconstruir las reservas internacionales, reducir las vulnerabilidades fiscales y externas, fortalecer las redes de protección social y fomentar un crecimiento sostenible impulsado por el sector privado"".

Se espera que el programa respaldado por el fondo ayude a catalizar financiación adicional de otros organismos multilaterales que alcanzará al menos 5.000 millones de dólares.

El acuerdo está sujeto a aprobación del directorio del FMI y el Legislativo boliviano y, según el Ejecutivo, prevé ""cuatro años de periodo de gracia"" y una tasa de interés que oscilará entre 4 y 4,5 %.

Entre las acciones comprometidas están continuar con la ""racionalización"" del gasto público, la reducción gradual del déficit fiscal y preservar el ""financiamiento monetario cero"" del mismo, el impulso de reformas para mejorar el clima de negocios y generar mejores condiciones para el crecimiento económico con protección social.

Las autoridades bolivianas aseguran que el acuerdo no implica ""medidas impuestas"", ni una cesión de la ""conducción"" de su política económica, sino que supone un ""respaldo internacional"" a su programa para la ""reconstrucción"" de la economía nacional.

El expresidente y líder opositor Jorge Tuto Quiroga (2001-2002) y el empresario Samuel Doria Medina, quien recientemente retiró su apoyo al Gobierno de Paz, pidieron conocer los detalles del acuerdo y coincidieron en que se dio tarde y que el monto obtenido es ""poco"" frente a las necesidades del país.

Es el primer acuerdo con el FMI tras más de 20 años, ya que bajo las Administraciones de los izquierdistas Evo Morales (2006-2019) y Luis Arce (2020-2025) la relación con el organismo fue distante por posiciones ideológicas.",https://www.vision360.bo/noticias/2026/08/03/61138-las-claves-del-acuerdo-que-marca-el-retorno-del-fmi-a-bolivia-despues-de-mas-de-20-anos
Visión 360,2026-08-03,•Economía,Amparo Ballivián: El crédito del FMI es de “libre disponibilidad” y un “sello de calidad” para la política económica,"Los $us 1.900 millones de crédito acordados con el Fondo Monetario Internacional (FMI) son de “libre disponibilidad”, son el resultado de “acciones previas” realizadas por Bolivia y constituyen una especie de “sello de calidad” para las medidas o el plan económico, explicó Amparo Ballivián, excandidata, exministra y exalta funcionaria de organismos multilaterales.

“En las actuales circunstancias de Bolivia, donde hay pocas reservas, donde hay escasez de gasolina, donde hay un tipo de cambio que está subiendo poquito a poquito todos los días, y hay escasez de dólares, eso (libre disponibilidad) es importantísimo para volver a aceitar el engranaje de la economía y empezar a salir de esta crisis”, destacó en Correo del Sur.

La administración de Rodrigo Paz logró un acuerdo “a nivel técnico” con el organismo por un crédito de $us 1.900 millones. Diferentes autoridades explicaron que el acuerdo, que aún debe pasar por el filtro del Directorio del Fondo, abre las puertas a créditos de hasta $us 5.000 millones con otros organismos internacionales.

Es decir, cuando “el Fondo da uno de estos financiamientos, está dando como un sello de calidad a las políticas de mediano plazo del país, lo que activa que otros organismos también puedan aprobar créditos de libre disponibilidad”.

Lee también: Economista: PGE dispone dólar fijo de Bs 8,96 para pago de obligaciones de empresas públicas y cambio flexible para la población

Los recursos son de libre disponibilidad y el Gobierno dispone cómo quiere utilizarlos. A diferencia de lo que ocurría en el pasado, estos créditos son aprobados —explicó— sobre la base de acciones previas: “Yo quiero hacer esto, ABC. Y quiero que ustedes me premien por haber hecho eso, por haber hecho lo correcto para la macroeconomía”.

Este nuevo mecanismo es distinto al que existía en el pasado, cuando el organismo condicionaba sus créditos a medidas como el recorte del gasto. Ante una serie de cuestionamientos, esa modalidad cambió y ahora, dijo Ballivián, son “más cautelosos al proteger el gasto social y en enfocar la reducción de gastos en otros ítems”.",https://www.vision360.bo/noticias/2026/08/03/61105-amparo-ballivian-el-credito-del-fmi-es-de-libre-disponibilidad-y-un-sello-de-calidad-para-la-politica-economica
Visión 360,2026-08-03,•Sociedad,Bolivia ya enfrentó tres Súper Niños y expertos advierten que el próximo podría ser más intenso,"Bolivia ya registró tres eventos climáticos denominados Súper Niño, ocurridos entre 1982-1983, 1997-1998 y 2015-2016, que dejaron sequías, inundaciones y millonarias pérdidas en distintas regiones del país. Ante las proyecciones que apuntan a que el fenómeno actual podría intensificarse, expertos de la Universidad Mayor de San Andrés (UMSA) recomiendan asumir medidas preventivas con anticipación.

Los especialistas de la UMSA explicaron que estos tres episodios son los únicos Súper Niños registrados hasta el momento y constituyen la referencia para analizar la evolución del fenómeno actual. Sin embargo, aclararon que las proyecciones climáticas se basan en modelos y probabilidades, por lo que el objetivo es promover la preparación y no generar alarma en la población.

El Dr. Jorge Molina, docente investigador del Instituto de Hidráulica e Hidrología de la UMSA y especialista en variabilidad y cambio hidroclimático, informó que el fenómeno se encuentra actualmente en una fase moderada, pero los modelos climáticos establecen una probabilidad superior al 90% de que evolucione hacia un Súper Niño durante los próximos meses.

De concretarse este escenario, Bolivia podría enfrentar temperaturas superiores a las habituales, un mayor riesgo de incendios forestales y cambios significativos en el comportamiento de las lluvias. Molina señaló que el país aún tiene tiempo para reducir los posibles impactos mediante una mejor planificación del abastecimiento de agua, el fortalecimiento de sistemas de alerta temprana y acciones preventivas para el sector productivo.

El Dr. Edson Ramírez, investigador del Instituto de Hidráulica e Hidrología y especialista en recursos hídricos y climatología, explicó que los efectos del fenómeno no serán iguales en todo el territorio nacional. Según los escenarios analizados, el altiplano podría registrar déficit de lluvias y sequías, mientras que el oriente tendría mayor probabilidad de precipitaciones intensas e inundaciones en determinadas etapas del evento.

Lee también: La ONU prevé un ""golpe"" de 'El Niño' a la seguridad alimentaria centroamericana

En el ámbito agropecuario, el Dr. David Cruz, especialista en cambio climático y producción agrícola de la UMSA, alertó que un Súper Niño podría afectar la producción y la seguridad alimentaria, debido a que cultivos como la papa, el maíz y las hortalizas pueden verse perjudicados por la reducción de lluvias, mientras que otros enfrentarían riesgos por inundaciones, altas temperaturas e incendios forestales.

“No podemos esperar a que llegue la emergencia para recién reaccionar. Si sabemos que existe un riesgo de sequía, debemos prepararnos desde ahora: aprovechar mejor el agua, cosechar agua de lluvia, utilizar variedades de cultivos más resistentes. Cada cultivo responde de manera distinta, por ejemplo, el banano no soporta más de un día de encharcamiento, por eso la prevención siempre será menos costosa que enfrentar las pérdidas”, afirmó Cruz.

Con el propósito de acercar información científica a la población, la UMSA anunció la realización de un ciclo abierto de prevención. La primera actividad, denominada “Alerta temprana sobre los impactos del fenómeno de El Niño 2026-2027 en Bolivia”, se realizará el 14 de agosto, de 10:00 a 13:00, en el Paraninfo del Monoblock, donde especialistas compartirán escenarios climáticos y recomendaciones para enfrentar los posibles efectos del fenómeno.",https://www.vision360.bo/noticias/2026/08/03/61177-bolivia-ya-enfrento-tres-super-ninos-y-expertos-advierten-que-el-proximo-podria-ser-mas-intenso
Visión 360,2026-08-03,•Sociedad,Escasez y filas: transporte denuncia desvío de diésel a zonas auríferas de La Paz,"El presidente de la Cámara Departamental de Transporte de La Paz, Álvaro Ayllón, denunció este lunes que existe un desvío de diésel hacia zonas auríferas, donde se paga entre Bs 25 y Bs 30 por litro del combustible. El representante sostuvo que, debido al desabastecimiento que se registra en La Paz, están obligados a hacer fila entre 48 y 72 horas.

“Tenemos conocimiento de que las zonas auríferas están comprando entre 25 y 30 bolivianos el litro. Entonces, ese es un incentivo total para que haya gente para que esté dedicando a desviar”, aseguró Ayllón en contacto con la prensa.

El representante de los transportistas sostuvo que ese desvío de combustible está incidiendo en el desabastecimiento del carburante en el departamento de La Paz. Por ello, indicó que retornaron las filas a las estaciones de servicio, lo que, a su vez, obliga a los conductores a esperar entre dos y tres días para abastecerse.

“Las filas han vuelto a restablecerse. Estamos esperando 48, 72 horas para poder abastecernos. Pese a que llega combustible, ese no abastece. Se está desviando a zonas rurales prácticamente y ahí es donde nosotros vemos un desabastecimiento”, insistió Ayllón.",https://www.vision360.bo/noticias/2026/08/03/61111-escasez-y-filas-transporte-denuncia-desvio-de-diesel-a-zonas-auriferas-de-la-paz
