sitio_noticias,fecha,seccion,titular,cuerpo,url
La Razón,2026-09-30,"Marcas, Selección boliviana",Riesgoso amistoso de Bolivia ante la temible Argentina,"Aún con las reacciones y preocupaciones que dejó el anterior partido, la Selección Boliviana rinde un bravo examen este miércoles (20.00) ante Argentina, en el Mario Kempes, de Córdoba.

La Verde viene no solo de perder 2-0 ante Paraguay, sino de una actuación bastante discreta, tanto en lo individual como en lo grupal, donde se instaló varias incertidumbres sobre la producción que se observó en varios sentidos.

De acuerdo con los escasos reportes y el poco tiempo de recuperación de un cotejo a otro, el equipo nacional mantendría una misma base, pese a otras versiones de que el seleccionador nacional Oscar Villegas realizaría cambios.

Sin embargo, al cotejo con Argentina se califica de un cotejo muy riesgoso debido a la magnitud del rival que tendrá al frente en esta jornada.

Una de las pocas variantes que se darían son obligadas, como la incógnita sobre la actuación de Diego Medina, quien terminó el anterior partido con molestias musculares.

De acuerdo con esos antecedentes, el cuadro boliviano formaría con la misma base que perdió ante la Albirroja.

Guillermo Viscarra se mantendrá en el arco, que será complementada con Yomar Rocha, Luis Haquin, Efraín Morales y Roberto Carlos Fernández en zona defensiva.

El mediocampo contará con dos volantes de contención como: Héctor Cuéllar y Gabriel Villamil u Oscar López.

Mientras que otra línea de tres contará con Ramiro Vaca, Miguel Terceros y Robson Matheus. Además que en la ofensiva estaría Jesús Maraude o Sebastián Viviani, a diferencia de Fernando Nava.

De acuerdo con las estadísticas, se enfrentaron en tres oportunidades, en las que la Verde perdió en todas ellas.

Ayer, el equipo nacional se entrenó en Córdoba, donde paró el equipo para enfrentar a los albicelestes.

Al frente estará la subcampeona del mundo, que no tendrá a su astro Lionel Messi, quien llegará directo al partido de despedida de la siguiente semana en Buenos Aires ante Benín, en el Monumental.

De acuerdo con los reportes rioplatenses, quien ocupe ese puesto será Nicolás Paz, que incluso puede llevar la casaca ‘10’ tantos años con ‘Lio’

(29/09/2026)",https://larazon.bo/marcas/2026/09/30/riesgoso-amistoso-de-bolivia-ante-la-temible-argentina/
La Razón,2026-09-30,Nacional,Defensa de Arce acusa a juez de someterse al Ejecutivo y anuncia queja,"El abogado del expresidente Luis Arce, Fernando Rivadeneira, anunció que presentará una queja ante un juez constitucional y analiza interponer una querella penal en Santa Cruz contra el juez Román Castro Quisbert, a quien acusó de no cumplir un fallo constitucional y de “supeditarse” al Órgano Ejecutivo.

Rivadeneira señaló que la defensa ya presentó una apelación contra la decisión que mantiene a Arce con detención preventiva y adelantó que recurrirá a otras instancias para cuestionar la actuación del juez.

“Vamos a solicitar un recurso de queja ante el juez constitucional, porque es increíble, este juez ordinario Román Castro Quisbert no ha cumplido las directrices de este fallo constitucional”, afirmó en entrevista.

El abogado también anunció que se analiza presentar una querella criminal contra el juez, pero no en La Paz. “Vemos que este juez aquí en La Paz se supedita a las autoridades del Órgano Ejecutivo, a las carteras de Estado. Vamos a interponer esta denuncia penal en el departamento de Santa Cruz”, sostuvo.

La defensa cuestiona que el juez haya exigido que los certificados médicos de Arce sean homologados por el Instituto de Investigaciones Forenses (IDIF) y que establezcan de manera expresa la existencia de una enfermedad grave para autorizar determinadas medidas.

Según Rivadeneira, el juez reconoció que existieron negativas a solicitudes de salidas médicas del expresidente y que la acción de libertad identificó una vulneración de derechos. Sin embargo, consideró que la autoridad judicial adoptó medidas que, a criterio de la defensa, no cumplen plenamente con la resolución constitucional.

“Ese es el fallo prevaricador de este juez”, afirmó Rivadeneira, quien cuestionó además que Castro Quisbert haya sostenido que los fallos constitucionales no serían vinculantes para su actuación, debido a su jurisdicción y competencia.

El abogado también observó el tiempo concedido a la defensa durante la audiencia. Según explicó, los tres abogados que participaron tuvieron apenas 10 minutos para fundamentar su posición.

“¿Cómo podemos hacer la fundamentación con tan escueto tiempo?”, cuestionó.

Rivadeneira sostuvo que la defensa está convencida de que existieron irregularidades en la actuación judicial y que agotará los recursos correspondientes para cuestionar la decisión y buscar que se cumplan las determinaciones constitucionales relacionadas con la situación jurídica y médica del expresidente Arce.",https://larazon.bo/nacional/2026/09/30/defensa-de-arce-acusa-a-juez-de-someterse-al-ejecutivo-y-anuncia-queja/
La Razón,2026-09-30,Columnistas,Diésel: el efecto dominó en los precios,"El diésel subió 83%. La intuición dice que el más golpeado es quien más lo usa: transportistas, mineras, constructoras. Es solo una parte de la historia: la mayor parte de la inflación llega varios pasos después del surtidor, cuando cada proveedor traslada su costo al siguiente cliente.

Esto es lo que estima «El fin de la subvención al diésel: ¿cómo repercute en los precios de Bolivia?», estudio del Centro Boliviano de Economía (CEBEC) sobre el Decreto Supremo 5716, que el 18 de septiembre llevó el diésel de Bs 9,80 a Bs 17,95 por litro. La estimación central es que, con este sinceramiento, se esperarían 5,6 puntos porcentuales adicionales de inflación acumulada en un año (entre 4,3% y 6,6%). Todo lo que sigue se apoya en los datos y la metodología de ese estudio.

¿Cómo se llega a esa cifra? La matriz insumo-producto de Bolivia, una tabla oficial que registra cuánto le compra cada una de las 39 actividades a las demás, permite simular la propagación en rondas. Según estudios sobre cada cuánto ajustan precios las empresas bolivianas, se asume que lo hacen 6 veces en un año: las «6 rondas» de la estimación central.

Ambos efectos pueden convivir en una empresa: una finca agrícola que usa diésel en su maquinaria y transporte paga más caro ese insumo —efecto directo—, y además compra fertilizantes cuyos fabricantes ya subieron sus precios por lo mismo —efecto indirecto—. La finca sube el precio de lo que vende y su cliente hace lo mismo con el suyo, ronda tras ronda.

Así se leen los resultados en diez actividades muy afectadas. Transporte y almacenamiento lidera: el diésel representa cerca de 20% de su consumo intermedio (su gasto en insumos), y un precio de Bs 17,95 por litro genera un encarecimiento inicial (efecto directo) de 16% en sus costos de producción; con el efecto indirecto de sus proveedores, sus costos totales suben 21% en el año. En Minería, el diésel representa 11% de sus insumos: el efecto directo eleva inicialmente sus costos de producción 10%, y en total suben 18%. En Construcción de obras civiles, por su maquinaria pesada, el diésel es 9% del gasto en insumos: sus costos de producción suben 7% en una primera ronda y 17% en total con los indirectos.

En las demás, el golpe llega por los proveedores. En Extracción de petróleo y gas, el diésel representa 3% de sus insumos y eleva 2% sus costos de producción al inicio; con lo que trasladan sus proveedores, los costos totales suben 17%. En Fabricación de metales comunes, el diésel es prácticamente 0% del gasto en insumos, pero su proveedor principal, la minería, le traslada su aumento y los costos totales suben 16%. En Silvicultura, pesca y caza, el diésel es 3% de sus insumos y eleva 2% sus costos al inicio; los totales suben 15%. En Agricultura y servicios conexos, es 5% del gasto en insumos, eleva 4% sus costos y los totales suben 13%.

En Refinación del petróleo y en Comercio y reparación de vehículos, el diésel es 1% de sus insumos y eleva 1% sus costos al inicio, pero los costos totales suben 12%: en la primera, porque la extracción de petróleo y gas le traslada su aumento; en el segundo, porque el transporte le traslada el flete. En Construcción de edificios, el diésel es 2% del consumo intermedio y los costos totales suben 12% por materiales más caros.

Técnicamente, lo correcto fue quitar la distorsión del precio del diésel, que incentivaba mercados paralelos e ilegales y terminó en desabastecimiento. La utilidad de este estudio es identificar cuantitativamente no solo las actividades afectadas directa e indirectamente por este sinceramiento, sino sobre todo medir su grado de afectación en costos y precios, como insumo para el debate sobre el rol de la política económica en la transición hacia una economía con menos precios distorsivos.

En una economía interconectada, la pregunta correcta no es quién usa diésel: es quién le compra a quien le subió el costo. Esa es la inflación que viene, y afecta aunque no se vea un solo litro de diésel de por medio.",https://larazon.bo/opinion/columnistas/2026/09/30/diesel-el-efecto-domino-en-los-precios/
La Razón,2026-09-30,Columnistas,El periodo constitucional concluye el 8 de noviembre del año 2030,"Asumo la responsabilidad de mis palabras y me hago cargo de las reacciones que producen. Se trata, simplemente, de ratificar un principio constitucional ordenador de nuestra vida en sociedad.

Y aunque soy consciente que las pruebas que debemos superar como sociedad no son sencillas, no sería maduro partir en el análisis de la crisis, de una línea de base que no exprese el resultado de un consenso previo establecido en la Constitución, así no me guste lo que está ocurriendo.

Esta afirmación la vengo realizando reiteradamente el último tiempo, mientras veo aparecer argumentos en contrario que apelan a razones que, en la emergencia, adquirirían la calidad de sentencia con calidad de cosa juzgada. Hay quienes parten de recursos constitucionales existentes que habría que activar, hasta los que están definiendo el mes de octubre para empezar una movilización que concluya con el gobierno Paz-Lara.

Frente a la gravedad de la situación, con un gobierno que a veces cumple perfectamente con las condiciones necesarias para profundizar los problemas y padece de una otitis indolora de efectos múltiples, prefiero ocupar la energía de mi análisis en un espacio de racionalidad y equilibrio que todavía podemos utilizar. Para el deporte nacional de la conspireta y la elucubración perversa, hay otros con los méritos suficientes.

Existen condiciones básicas necesarias para buscar una solución que no sea por el desastre. Bastaría que el gobierno acepte que el escenario actual no es el de noviembre del 2025, que todos los demócratas habíamos recibido entusiasmados; que la correlación de gobernabilidad y gobernanza se han modificado, que se ha producido una diáspora de intereses personales que frente a la ausencia de cuadros orgánicos, están buscando dónde ofrecer sus “modestos servicios” para servir a la patria; que el entorno del presidente Paz tiene una particular habilidad por mostrarlo como diletante a pesar de los esfuerzos narrativos que él realiza para darle contendido a un gobierno en crisis.

Si admitiera que esta realidad, reflexionada hasta el cansancio por ciudadanos de buena voluntad y compromiso comprobado con Bolivia, debe ser tomada en cuenta, ayer tendría que haber convocado a Samuel, Tuto, Manfred y Andrónico, a reflexionar y actuar de manera distinta desde el parlamento y en el ejecutivo. La Agenda Política agrede por su sencillez, la Ruta Crítica, no tiene la posibilidad de un Plan B y los plazos se acortan.

Sin embargo, a esos argumentos, tengo dos de naturaleza infantilmente elemental. Nuestra madurez democrática no tendría que cansarse de buscar soluciones democráticas en Democracia, dejando de lado la pulsión de rebeldía juvenil que al no tener lo que pretende, busca el atajo que nos devuelve a la niñez de niño malcriado y bochinchero, y estoy pensando en el Chapare.

Y la segunda, que esta situación bien podría ser el momento para dar un salto de consciencia colectivo en la construcción de Cohesión Social que superando el bloqueo autodestructivo, permita el ingreso de 3.500 millones de dólares por turismo, repartidos en todo el territorio nacional.

Amalaya estemos a tiempo, decimos la gente decente.",https://larazon.bo/opinion/columnistas/2026/09/30/el-periodo-constitucional-concluye-el-8-de-noviembre-del-ano-2030/
La Razón,2026-09-30,Voces,"Maderas, pruebas y verdad","El caso de la madera boliviana retenida en Chile dejó de ser solamente una investigación policial. Compromete la reputación de nuestras exportaciones, afecta a empresas y trabajadores y pone a prueba la capacidad de ambos Estados para actuar con transparencia y responsabilidad.

El 8 de junio, autoridades chilenas anunciaron la detección de más de 1.000 toneladas de madera proveniente de Bolivia con resultados positivos a sustancias ilícitas y señalaron que el operativo involucraba más de 100 toneladas de droga. La denuncia tuvo repercusión internacional y colocó bajo sospecha a toda una actividad productiva boliviana.

Pero han pasado meses y persisten preguntas fundamentales. El propio Ministerio de Gobierno de Bolivia informó que la Fiscalía chilena no había presentado hasta entonces un informe científico concluyente que certificara las cantidades denunciadas. Si existen dudas técnicas sobre un caso de semejante magnitud, corresponde aclararlas de manera definitiva.

Chile tiene una responsabilidad central: generar credibilidad sobre todo el proceso. Eso significa explicar con precisión qué procedimientos se utilizaron, cómo se tomaron y custodiaron las muestras, qué laboratorios intervinieron, qué resultados se obtuvieron y cuál es la situación procesal de las empresas involucradas. Una investigación seria no solamente debe ser correcta; también debe ser suficientemente transparente para que sus conclusiones puedan ser verificadas y generen confianza.

Las recientes declaraciones del expresidente Jorge “Tuto” Quiroga vuelven a colocar el tema sobre la mesa. “Tuto” Quiroga presentó análisis contratados por el sector exportador que cuestionan aspectos técnicos de la investigación chilena. Son informes de expertos que, si bien no sustituyen una pericia oficial ni una resolución judicial, plantean observaciones que deben ser contrastadas y respondidas técnicamente.

Bolivia, por su parte, también tiene una responsabilidad que ya no puede postergar. El Gobierno debe tomar decisiones y asumir una defensa activa del sector exportador que se ha visto perjudicado. Defender al sector no significa encubrir a nadie ni interferir en una investigación penal. Significa proteger a las empresas que hayan actuado legalmente, exigir información oficial, impulsar contrapericias independientes y evitar que toda una actividad económica cargue con una acusación sin fundamentos de forma indefinida.

Si hubo narcotráfico utilizando exportaciones bolivianas, los responsables deben ser identificados y sancionados. Pero si empresas que cumplieron la normativa fueron afectadas por procedimientos defectuosos, acusaciones no demostradas o una investigación que se prolonga sin conclusiones, el Estado boliviano tiene la obligación de respaldarlas y defender su reputación, que no es sólo de ellas sino de un país entero.

Como parlamentario supraestatal considero fundamental fortalecer la relación entre Bolivia y Chile. Existen oportunidades de cooperación, comercio e integración que debemos cuidar y profundizar. Ese trabajo lo estamos desarrollando desde que asumimos esta gestión y hemos establecido relaciones y agenda de trabajo con nuestros pares chilenos. Precisamente por eso este caso debe resolverse institucionalmente. Una relación bilateral seria no se construye evitando los problemas, sino enfrentándolos con información, cooperación judicial y respeto al debido proceso.

Chile debe aportar claridad para dar credibilidad a la investigación. Bolivia debe actuar para defender legítimamente a su sector exportador. Ambas responsabilidades son complementarias.

La integración necesita confianza. Y en este caso, la confianza solo podrá reconstruirse con verdad comprobada, transparencia y decisiones oportunas.",https://larazon.bo/voces/2026/09/30/maderas-pruebas-y-verdad/
La Razón,2026-09-30,Columnistas,Atención al cliente,"Estimado cliente, para detener el avance de la incertidumbre en su existencia, marque el número que aparecerá en su octavo sueño, a la derecha del corazón. Si quiere disecar una montaña para colocarla como trofeo primoroso en el último piso de la vitrina heredada de su abuela paterna, marque una vaca con marcador indeleble, para quedar como gente frente al creciente fervor por el maltrato animal. Califica como maltrato animal, toda obra escrita con ínfulas de barro y de abarcas recién envejecidas.

Si no quisiera nada de nada, en la vida propia ni ajena, no haga ninguna marca, no deje marcas de ninguna clase, ni en la piel, ni en las cabezas, ni en los corazones, ni en la patria deslucida, ni en el papel virtual ni en las academias de todas las pseudo ciencias. Para obtener el premio nobel de la gastronomía en su región, digite pimienta de tres colores y blanca y negra, dos piezas de cardamomo, un clavo de olor, mostaza de la india, ajonjolí, dos diminutas hojas de paico, el aroma extrañado del comino, una pizca de jengibre, cúrcuma fresca, dos ulupicas verdes unidas por un lazo familiar y un diente de ajo de altura.

Si quisiera tener éxito absoluto e inmediato en la deserción, desmarque de todo compromiso que huela a que usted deba dar algo  de sí, para el resto, para la otredad. Piense exclusivamente en su billetera, en su jopo, en su zapatito que aprieta, en la estampita en la que quiere salir sin acompañante, en su contenido facineroso para la red que lo impulsa a ser cada treinta segundos más patético y desuniformado. Por si se le ocurre ablandar su corazón y finalmente declarar su amor profundo a una futura calaca que habita en tierra de nadie, escriba y describa todas las formas en las que la suma de uno más uno es uno. Que no son muchas, quizás una melodía en sikus con la técnica dialogal. Con seguridad, el sonido. Con somera duda razonable, los días soñados de una pareja que mira el atardecer desde las playas atestadas de invasores buenos.

Para domar a la bestia, no marque nada, solo vote, vote sin pensar y siga todas las consignas, crea todas las promesas para un futuro venturoso y alfombrado de justicia social, ese concepto que consiste en otras cuestiones de fe. Vote sin chistar por todas las voces que incluyan en sus diletantes oraciones fructíferas, la palabra pueblo, en medio de cada tres palabras. Vote y vaya luego a esperar en su puerta, en una silla, a que pase el cadáver de su amigo que votó lo mismo. Si necesita las mejores condiciones laborales y los mejores beneficios para su salud, marque en el calendario con un círculo, cada día que lea un poco, de todo. Un día un poema de Juarroz, otro día una reflexión sentida de Ariana Harwicz, otro, la verdadera historia de Malitzin. Otra semana, las recetas de la hermana que inventó el mole. Aplique todo lo aprendido en el formulario que debe llenar para obtener el puesto al que postula y espere también en una puerta, en una silla, a que pase el mal rato.

Para no olvidar ni un solo segundo de las horas pasionales, dibuje a lápiz, en una hoja de su ombligo, los labios que se cierran, el cuello que se mueve en señal de asentir, los hombros por los que resbala el cabello domesticado por la luz. Los pies desnudos, una vez, y otra vez, sobre la hierba fresca. Si no requiere otro servicio, fue un placer atenderle, que pase, si puede, una jornada apacible y feroz.",https://larazon.bo/opinion/columnistas/2026/09/30/atencion-al-cliente/
La Razón,2026-09-30,Columnistas,Joint venture,"El nombre del título es el que se utilizó para la explotación, por parte del capital internacional, de los yacimientos de COMIBOL, fuera de los contratos de alquiler. Implica un aporte por cada parte, el país ponía el yacimiento y la empresa, el capital. El tema vuelve a la agenda cuando se anuncia la ampliación del Contrato de Asociación entre COMIBOL y la transnacional Illapa, cuyos propietarios son la canadiense Santa Cruz Silver Mining Ltd. con intereses actuales en las minas de Bolívar y Porco.

En 1993 se firmó el contrato de Joint Venture entre COMIBOL y COMSUR, empresa de Gonzalo Sánchez de Lozada. Este contrato establecía una participación de las utilidades entre COMIBOL y la contratista del 50%; sin embargo, esta aparente igualdad era distorsionada por otras cláusulas: COMSUR recuperaba su inversión, recibía una gratificación del 10% de las utilidades por la administración, y a la conclusión del contrato se quedaba con el 50% de los activos; COMIBOL no tenía ningún papel fiscalizador y los resultados era avalados por una auditoría externa contratada por COMSUR. Las observaciones eran: si el socio capitalista recuperaba su inversión, dejaba de ser socio y no había razón para que tenga participación en las utilidades; la empresa cubría los gastos de administración, sin que haya razón para premiarlo; a la liquidación del contrato era evidente que no tenía participación porque había recuperado sus aportes. Así el miti-miti era un sofisma.

La crisis política del 2003 hizo que Sánchez de Lozada vendiera su empresa a la Glencore, quien cambió el nombre por Sinchi Wayra. El 2007, producto de la nueva política de Estado, se buscó una transacción sobre los contratos que tenía COMSUR con COMIBOL: riesgo compartido en Bolívar y arrendamiento en Colquiri y Porco. La negociación se imponía por razones políticas, aunque el marco normativo era todavía totalmente adverso a la empresa estatal; la ley de minería aprobada en la gestión de Sánchez de Lozada en 1997, vigente todavía, era completamente favorable al sector privado; sin embargo, la promulgación de la Constitución del Estado Plurinacional el 2009, preveía la obligación de migrar a Contratos de Asociación. Antes de que se promulgara la Ley de Minería el 2014, se firmó el Contrato de Asociación para la explotación de las minas de Bolívar y Porco con la empresa Illapa, a nombre de Sinchi Wayra; el 2012 se había anulado el contrato de alquiler por Colquiri.

El nuevo contrato establecía una participación de las utilidades de 55% para COMIBOL y 45% para Illapa. El socio se comprometía a invertir 723.840.000 bolivianos, la inversión no se devolvía, los activos en su integridad serían transferidos a COMIBOL. Esta podía controlar y supervisar en cualquier etapa del proceso productivo el cumplimiento del contrato, ya que no había pago por administración; una ley posterior dio mayoría a COMIBOL en el directorio del contrato. Un parámetro para medir el cumplimiento del contrato es que, al finalizarse, en el caso de Bolívar, debía estar produciendo 2.000 TM/día. Por lo cual, antes de hablar de prolongar el contrato se debe hacer una evaluación para establecer su cumplimiento a cabalidad. El contrato fue aprobado en la Asamblea Legislativa Plurinacional por la Ley N° 386 del 3 de julio de 2013, cumpliendo la exigencia cuando se trata de enajenar recursos naturales.

Por otro lado, al analizar los resultados de la operación se establece que un 48% del costo de operación se lo realizó en el exterior, la validez de esta afirmación es dudosa; este monto determina que las utilidades mermen sustancialmente, llegando apenas al 12% del valor bruto de venta. COMIBOL debería buscar reducir este costo a fin de aumentar sus utilidades, lo que significa que la inversión se debe realizar con la refinación de los concentrados de zinc-plata y plomo-plata en el país, como ocurre actualmente en la fundición de estaño en Vinto, cuyo costo no llega al 5% del valor bruto de venta.

Otro beneficio de la refinación en el país es la recuperación de metales que, a pesar de la objetividad de su existencia, no recibimos nada. Así en los concentrados de Bolívar se tiene contenidos de indio 660 g/t, galio 597 g/t, estaño 2%; por su parte, los de Porco contienen indio 382 g/t, galio 115 g/t y estaño 2%; cantidades aparentemente pequeñas, pero, dado el volumen (casi 60.000 toneladas al año de concentrados de zinc) y los altos precios de estos minerales secundarios, pueden ser un ingreso importante para ambos socios.

Salir de nuestra situación de exportador primario es un anhelo nacional. En la gestión pasada se ilusionó a los departamentos de Oruro y Potosí con la instalación de megaproyectos de refinerías de zinc, incluso el municipio de Porco destinó un terreno para tal fin. Hoy la inversión prometida, 180 millones de dólares, es más que suficiente para refinar los concentrados de Bolívar y Porco: así valdría renovar el contrato, dando otro sentido al Joint Venture: ser socios y no patrones.",https://larazon.bo/opinion/columnistas/2026/09/30/joint-venture/
La Razón,2026-09-30,Economía y Empresa,Reaparecen las filas por gasolina en varias regiones del país,"Las filas para recargas combustible, principalmente gasolina, volvieron a aparecer en estaciones de servicio del país. En el caso de la ciudad de La Paz, desde la noche del martes se vio a varios motorizados aguardando en filas para comprar el combustible.

En el caso de La Paz, se registran filas de tres a cuatro cuadras de extensión, donde los conductores señalan que llevan al menos una hora esperando para poder abastecerse de combustible.

La noche del martes, una larga fila de vehículos prácticamente rodeada el surtidor de la plaza Triangular. El combustible se vende, pero los conductores denuncian que no abastece.

En Cochabamba, los conductores reclamaron que llevaban varias horas realizando fila. Medios televisivos constataron que hay filas en varias zonas de esa urbe; mientras que la demanda por diésel bajó considerablemente tras la eliminación de la subvención a ese carburante.

Mientras que, en Santa Cruz, los conductores reclaman que desde el fin de semana no hay combustible suficiente y deben formar filas por horas para poder cargar el combustible.

Lea más: Largas filas por gasolina se reportan en Santa Cruz, Potosí y Oruro

La protesta es generalizada, pues muchos reclaman que no pueden trabajar y exigen al Gobierno que dé una solución definitiva al problema.

La situación de las provincias y poblaciones alejadas es aún más complicada. En Tupiza, los conductores instalaron un bloqueo en demanda de combustible pese a que rige el estado de excepción.

En la localidad de Patacamaya, en La Paz, los conductores denunciaron que hace tres días que no llega combustible suficiente a esa región y la fila de vehículos crece día a día.

A la escasez de gasolina, se suma el de Gas Natural Vehicular, pues en La Paz hay filas para conseguir ese combustible.",https://larazon.bo/economia-y-empresa/2026/09/30/reaparecen-las-filas-por-gasolina-en-varias-regiones-del-pais/
La Razón,2026-09-30,Nacional,Gobierno aguarda informes de EEUU para encarar acciones por bolivianos vetados,"El vocero presidencial José Luis Gálvez informó que el Gobierno boliviano solicitó a Estados Unidos, a través de la Cancillería, información detallada sobre los fundamentos de las restricciones de visa anunciadas contra ciudadanos bolivianos.

Y aguarda esa información para asumir acciones al respecto.

Gálvez calificó de graves las acusaciones difundidas por el departamento de Estado de Washington sobre presuntos hechos de corrupción, vínculos con el narcotráfico y protección a personas involucradas en actividades criminales.

Lea más: Justiniano dice que caso Mariaca podría derivar en investigación y pedido de extradición

Asimismo, explicó que una vez con los antecedentes de cada caso, el Gobierno asumirá las acciones que corresponde.

El Gobierno, según explicó, espera conocer los antecedentes y elementos que Estados Unidos pueda proporcionar antes de establecer nuevas acciones en el país.

El vocero también negó que el presidente Rodrigo Paz hubiera sido informado previamente durante su reciente viaje a Estados Unidos sobre el anuncio de las restricciones.

En ese contexto, dijo que el anunció de Estados Unidos generó sorpresa en el Gobierno y de inmediato solicitaron información complementaria.

“Lo que corresponde de manera seria es solicitar la información por los conductos regulares y eso se hizo”, dijo en Red Uno y añadió que las instancias correspondientes podrán tomar decisiones conforme a la normativa boliviana.

Respecto al fiscal general del Estado , Roger Mariaca, el vocero sostuvo que mientras no exista una decisión conforme a la Constitución y las leyes, continúa ejerciendo sus funciones.

La Asamblea Legislativa Plurinacional otorgó el mandato al Fiscal General. “Queremos que haya independencia en la investigación de todos los casos”, afirmó.

Estados Unidos anunció el lunes restricciones de visa contra Mariaca y otros ciudadanos bolivianos. El Departamento de Estado acusó al Fiscal General de solicitar y aceptar sobornos para facilitar actividades relacionadas con el narcotráfico y ayudar a personas involucradas en delitos violentos a evadir la justicia.

El martes, desde ese país se conoció que habría una lista de otros 20 ciudadanos bolivianos que podrían quedar vetados de ingresar a esa nación.",https://larazon.bo/nacional/2026/09/30/gobierno-aguarda-informes-de-eeuu-para-encarar-acciones-por-bolivianos-vetados/
La Razón,2026-09-30,Nacional,Lara viaja a Madrid para participar en foro parlamentario iberoamericano,"El vicepresidente y presidente nato de la Asamblea Legislativa, Edmand Lara, viajará este miércoles a Madrid, España, para participar en el XII Foro Parlamentario Iberoamericano, que reunirá a representantes de 22 países del 30 de septiembre al 2 de octubre.

La Vicepresidencia informó que la participación de Lara responde a una invitación oficial de la presidenta del Congreso de los Diputados de España, Francina Armengol, y del presidente del Senado español, Pedro Rollán, a través del Ministerio de Relaciones Exteriores y los canales diplomáticos.

Revise también: Reaparecen las filas por gasolina en varias regiones del país

El encuentro abordará cuatro asuntos, entre ellos la inteligencia artificial y su impacto en los congresos, democracia frente a la fragmentación, polarización, desinformación y populismo; igualdad de género; y diplomacia parlamentaria y cooperación entre los países iberoamericanos.

“El Foro constituye un espacio de diálogo y coordinación interparlamentaria entre los 22 países iberoamericanos”, señala el comunicado de la Vicepresidencia.

La agenda también servirá como preparación para la XXX Cumbre de Jefas y Jefes de Estado y de Gobierno de la Comunidad Iberoamericana, prevista para el 4 y 5 de noviembre en Madrid.

La presencia de Lara en España se desarrolla en el marco de sus atribuciones como vicepresidente y presidente de la Asamblea Legislativa, relacionadas con la representación institucional del Estado en espacios parlamentarios iberoamericanos.",https://larazon.bo/nacional/2026/09/30/lara-viaja-a-madrid-para-participar-en-foro-parlamentario-iberoamericano/
La Razón,2026-09-30,"Internacional, Marcas",México rescata empate 1-1 en partido amistoso ante Perú,"Jairo Vélez marcó el 1-0 para la escuadra inca al minuto 26 con un remate en el área.

El originario de Ecuador es la gran apuesta del entrenador brasileño Mano Menezes como medio orquestador en su proceso rumbo al Mundial 2030.

El jugador del Alianza Lima hizo su quinto gol en seis partidos con Perú, todos en 2026.

El 1-1 mexicano cayó al 49 con el primer gol del defensa central Víctor Guzmán con el Tri: un remate de cabeza tras una pelota parada.

El sábado, en la continuación de la fecha FIFA, México se enfrentará a Estados Unidos en Arizona y Perú se medirá con Canadá en Montreal.

Alineaciones:

México: Óscar García – Jeremy Márquez, Víctor Guzmán (Diego Campillo 61′), Everardo López, Mateo Chávez – Denzell García (Luis Romo 61′), Obed Vargas, Álvaro Fidalgo (Santiago Sandoval 78′) – Isaías Violante (Roberto Alvarado 78′), Germán Berterame (Santiago Giménez 61′), Orbelín Pineda (Hugo Camberós 79′). DT: Rafael Márquez.

Perú: Pedro Gallese – Marco Huamán (Oliver Sonne 80′), Erick Noriega, Renzo Garcés, Marcos López – Oslimg Mora, Wilder Cartagena, Yoshimar Yotún (Jairo Concha 84′) – Piero Magallanes (Jhonny Vidales 68′), Adrián Ugarriza (Alex Valera 68′), Jairo Vélez (César Inga 84′). DT: Mano Menezes.

(30/09/2026)",https://larazon.bo/marcas/2026/09/30/mexico-rescata-empate-1-1-en-partido-amistoso-ante-peru/
La Razón,2026-09-30,"Internacional, Marcas","Los jovencitos de ‘Poch’, una promisoria EEUU vence a Chile","Con dos victorias en el inicio de su segundo ciclo como entrenador del US Team, Pochettino puede darse por bien servido con una prolífica producción de goles (8) y con el protagonismo de los juveniles que siguen respondiendo a su confianza.

Unos 20.000 aficionados en el Energizer Park de San Luis, Misuri, gozaron con otra promisoria actuación de una selección estadounidense que parece que se le caen los talentos del bolsillo.

Con 17 años y cuatro meses, el delantero del Borussia Dortmund Mathis Albert se convirtió en el goleador más joven de la historia de la selección estadounidense.

Su tanto en el tiempo añadido (90+6′) con un potente remate que golpeó el travesaño antes de cruzar la línea de gol le permitió superar el récord de Christian Pulisic, principal referente del equipo.

La nueva camada Pochettino venían de golear 4-1 a Perú el sábado en Orlando, en un partido en el que debutaron 11 jugadores con la selección absoluta ante las notables ausencias de figuras como el propio Pulisic, Weston McKennie y Folarin Balogun.

«Estoy muy contento, es difícil mantener este nivel de consistencia», dijo Poch en conferencia de prensa. «No hay forma de valorar este tipo de actuaciones, son muy buenas para los jugadores y el equipo en general».

Julian Hall, de 18 años, fue otra de las figuras de la noche, pues volvió a cantar gol y se convirtió en primer futbolista en marcar en sus dos primeras apariciones con la selección estadounidense.

El delantero también participó en el primer grito de gol del US Team tras recibir un pase de Sergiño Dest dentro del área, dejar pasar el balón entre sus piernas y asistir a Sebastián Berhalter (37′).

Chile pareció despertarse y generó peligro en el primer tiempo con un postazo de Ben Brereton Díaz y otro de Darío Osorio.

El equipo sudamericano se fue al descanso con el empate de Diego Ulloa y comenzó con empuje el segundo tiempo, pues a los cuatro minutos encontró la ventaja con un remate colocado de Maximiliano Gutiérrez.

Pero la ventaja visitante fue difícil poco con el empate de cabeza de Hall.

Pochettino introdujo cinco cambios después de la hora de juego y dio entrada a varios futbolistas con experiencia en el Mundial de 2026.

Uno de ellos, el defensor Chris Richards, marcó el tercer gol estadounidense a los 72 minutos, al rematar de cabeza un preciso saque de esquina de Berhalter.

En el último minuto del partido, tras una entrada del delantero chileno Leandro Hernández contra el arquero Chris Brady, se desató un altercado entre jugadores y miembros de los cuerpos técnicos de ambos equipos.

El encuentro también fue la oportunidad para homenajear al defensor Tim Ream, capitán de Estados Unidos en el Mundial de 2026, quien confirmó su retiro de la selección y recibió una despedida antes del partido en San Luis, su ciudad natal.

Estados Unidos cerrará esta ventana internacional con partidos ante México y Canadá, el 3 y 6 de octubre, respectivamente.

Chile, que el sábado perdió su amistoso 1-0 contra Canadá, se enfrentará a México el 6 de octubre en Los Ángeles.

(30/09/2026)",https://larazon.bo/marcas/2026/09/30/los-jovencitos-de-poch-una-promisoria-eeuu-vence-a-chile/
La Razón,2026-09-30,"Internacional, Marcas",La antorcha de Los Ángeles 2028 recorrerá los 50 estados de EEUU,"El recorrido comenzará en Atlanta, la última ciudad estadounidense en acoger unas justas de verano, en 1996. Culminará en California.

Hace tres décadas, la antorcha visitó 42 estados y, en un momento memorable, viajó al espacio a bordo del transbordador espacial Columbia. Para los Juegos de Los Ángeles 1984, el relevo recorrió 33 estados.

«Todos los Juegos Olímpicos comienzan con una sola llama, y ​​llevar esa llama hasta Los Ángeles es un honor y un privilegio que compartiremos con todos los rincones del país», dijo el presidente de LA28, Casey Wasserman.

Los detalles completos del recorrido, que comenzarán en la primavera estadounidense de 2028, aún se están planificando y se darán a conocer el año que viene.

Como es tradición, la antorcha olímpica se encenderá primero en Olimpia, Grecia, cuna de los Juegos Olímpicos de la Antigüedad.

Luego se transportará en avión a Atlanta, antes de iniciar su épico recorrido por Estados Unidos hasta llegar a la ceremonia de inauguración de Los Ángeles 2028.

Los próximos Juegos Olímpicos se celebrarán del 14 al 30 de julio de 2028.

(30/09/2026)",https://larazon.bo/marcas/2026/09/30/la-antorcha-de-los-angeles-2028-recorrera-los-50-estados-de-eeuu/
La Razón,2026-09-30,Sociedad,Tránsito suspende salidas hacia Los Yungas por intensa nevada,"La Unidad de Tránsito de la Policía Boliviana suspendió este miércoles las salidas e ingresos hacia la región de Los Yungas debido a la intensa caída de nieve y las condiciones de riesgo en la carretera.

“Se suspendieron las salidas a Los Yungas por la intensa nevada, por lo que no podemos poner en riego a seguridad de los conductores y pasajeros. Se recomienda a la población un poco de paciencia”, dijo el suboficial Genaro Ramírez desde la Terminal de Minasa.

La medida busca proteger a los pasajeros y conductores ante las dificultades que presenta la ruta para la circulación vehicular.

La suspensión se mantendrá mientras persistan las condiciones climáticas adversas que afectan la seguridad en el camino hacia esa región de La Paz.

Lea también: Gobierno aguarda informes de EEUU para encarar acciones por bolivianos vetados

La Policía recomendó a los conductores que retornan a la sede de Gobierno reducir la velocidad y circular con precaución debido a que la nevada persiste en la ruta.

El Servicio Nacional de Meteorología e Hidrología (Senamhi) alertó sobre nevadas débiles a temporalmente moderadas, desde el martes hasta el jueves 1 de octubre, en las provincias de Arque y Bolívar de Cochabamba y al oeste de la provincia José Manuel Avilés en Tarija.

Este fenómeno también incluye a La Paz, en las provincias: Ingavi, José Manuel Pando, Pacajes, Aroma, Gualberto Villarroel, el sur de la provincia Los Andes, sur de Omasuyos y oeste de la provincia Murillo.",https://larazon.bo/sociedad/2026/09/30/transito-suspende-salidas-hacia-los-yungas-por-intensa-nevada/
La Razón,2026-09-30,"Internacional, Marcas",Culpabilidad del City causa conmoción en calles de Mánchester,"Investigado desde 2023, una comisión independiente concluyó finalmente que el club respaldado por Abu Dabi había organizado contratos «falsos» con varios socios comerciales para inflar artificialmente sus ingresos y reducir costos en más de 900 millones de libras (1.200 millones de dólares) entre 2009 y 2018.

«Es una pena para el fútbol. El fútbol es un deporte muy grande y no podemos tener historias así», dijo Karem Fagega, un estudiante de 21 años de la ciudad del noroeste de Inglaterra, mientras negaba con la cabeza, incrédulo ante la caída de «un equipo tan bueno».

«Tienen el dinero para hacer todo bien, pero decidió hacerlo todo mal. Así que me quedé bastante sorprendida cuando me enteré», dijo Sabrina Lodi, una gestora de cuentas de 33 años, tras conocerse la noticia el martes por la noche.

Añadió, sin embargo, que en su opinión el Manchester City «no es el único que lo hace en todo el mundo», sino que son «los únicos a los que han pillado».

Para Connor Emery, un trabajador del sector minorista de 25 años, el veredicto «demoledor» fue una sorpresa. «No me lo puedo creer, la verdad. Nunca pensé que el club se metería en problemas por nada», dijo, admitiendo que esperaba que el escándalo se «barriera debajo de la alfombra».

Preguntados por las posibles consecuencias para el club, algunos dijeron que querían el descenso, pero esperaban que el club la evitara.

La ministra de Deportes, Lisa Nandy, advirtió de que «la sanción máxima es realmente muy grave» y que un club «puede ser expulsado de la Premier League».

«Personalmente creo que debería ser un descenso», dijo Corey, un estudiante de 18 años, pero el resultado «depende de lo que la Premier League tenga previsto».

«Yo querría un descenso, probablemente una deducción de puntos para que bajen de categoría», dijo Emery, pero se mostró escéptico de que eso sucede y añadió, encogiéndose de hombros: «Probablemente será una multa, seamos sinceros».

En las primeras reacciones de personas cercanas al club, el exdefensa del City Micah Richards dijo en el pódcast The Rest is Football que estaba «absolutamente devastado» por las revelaciones sobre el club en el que empezó a jugar con 14 años.

«Me siento triste. Me siento enfadado. Me siento un poco confundido», añadió, aludiendo a la falta de información ya las versiones contradictorias después de que el director ejecutivo del club, Ferran Soriano, denunciara el veredicto como una «teoría conspirativa de la Premier League» e insistiera en que el club sería «vindicado».

El excapitán del Manchester United Roy Keane dijo que, si fuera jugador del City, tiraría todas las medallas. «Sabían que haría daño a mucha gente, pero aún así lo han hecho y, si yo fuera jugador, estaría al 100% tirando esas medallas a la basura», declaró a la cadena ITV.

(30/09/2026)",https://larazon.bo/marcas/2026/09/30/culpabilidad-del-city-causa-conmocion-en-calles-de-manchester/
La Razón,2026-09-30,"Internacional, Marcas",¿Qué se juega el fútbol de Brasil ante el fin de apuestas en línea?,"El presidente Luiz Inácio Lula da Silva, que busca este mes la reelección frente al senador de derecha Flávio Bolsonaro, firmó el viernes una medida provisional que impide toda actividad de estas empresas, incluido el patrocinio.

El izquierdista justificó la decisión en los efectos nocivos de las apuestas en la salud pública y en el alto endeudamiento de las familias brasileñas.

Pero para los clubes, estos ingresos representan un maná financiero que contribuyó a asentar el dominio regional de Brasil, ganador de las últimas siete Copas Libertadores.

Esto es lo que está en juego.

Catorce de los veinte clubes de la primera división del Brasileirão tienen una casa de apuestas en línea como patrocinador principal.

Ese dinero representó el 34% de los ingresos comerciales para las cuadras en 2025, es decir, unos USD 200 millones, según la firma Galapagos Capital.

Flamengo, vigente campeón de la Libertadores y del Brasileirão, tiene con Betano el mayor contrato de patrocinio en la historia del fútbol sudamericano: USD 46 millones anuales.

Ese monto equivale a lo que el Mengão pagó este año por el mediocampista Lucas Paquetá, rompiendo el mercado sudamericano.

«¿Cómo voy a pagar a Paquetá?», dijo en un podcast su presidente, Luiz Eduardo Baptista, tras la prohibición.

La medida «pone en peligro los ingresos futuros, los contratos que hemos firmado, los pagos que tenemos que hacer», afirmó.

Betano a la vez patrocina el Brasileirão y la Copa de Brasil. La Confederación Brasileña de Fútbol recibe unos USD 14 millones anuales por la aparición de la marca en el nombre de las competiciones, según la prensa especializada.

La medida de Lula ordena que hasta el 5 de octubre sea retirada la publicidad de las llamadas «bets», pero no precisa sus efectos sobre el fútbol.

El gobierno propuso una mesa de diálogo con los clubes a organizarse esta semana, pero esta fue aplazada hasta después de la primera vuelta de las elecciones el domingo, indicó a la AFP una fuente del ministerio de Deportes.

El Senado tiene 120 días para decidir si convierte la medida provisional en ley.

Las principales asociaciones de casas de apuestas solicitaron el lunes al tribunal supremo suspenderla por supuesta inconstitucionalidad.

Lula, por su parte, reafirmó su postura.

«O Lula acaba con las apuestas o las apuestas acabarán con Brasil», dijo tras las quejas de los equipos.

Para el presidente, las «apuestas» representan «apenas» el 7% de los ingresos de los clubes.

Los expertos advierten sobre la incertidumbre que enfrentan los equipos, con una posible devaluación de sus activos comerciales y eventuales demandas en su contra.

«Una empresa endeudada, una empresa sin seguridad jurídica que no puede honrar sus compromisos sufre una devaluación», dijo a la AFP Fabiana Bentes, del centro de estudios sobre economía del deporte Sou do Esporte.

La pérdida es «muy grande», afirmó el dueño del Cruzeiro, Pedro Lourenço.

«Estamos reflexionando, revisando las cuentas. No es fácil cuantificar hoy la magnitud de la pérdida», agregó.

El club de Belo Horizonte recibirá empero un apoyo económico del gobierno estatal de Minas Gerais, que anunció esa ayuda para los clubes locales que se quedaron sin patrocinio.

El presidente del Fluminense, Mattheus Montenegro, llamó la atención sobre las dificultades que enfrentarán los equipos para encontrar nuevos patrocinadores.

«Es obvio que esto devalúa el activo, porque cualquier empresa que tenga interés en patrocinar un club de fútbol tendrá a casi todos los clubes disponibles al mismo tiempo», dijo a CNN Brasil.

Esto además «hace que la camiseta», prenda en que domina la publicidad de las «bets», «pierda valor de mercado», agregó.

Flamengo resaltó en una nota que los ingresos de las apuestas en línea han «impulsado el fútbol brasileño hasta el punto de dominar» las competiciones sudamericanas.

Los patrocinios de apuestas en clubes de Brasil empezaron a aparecer en 2019, ocupando el espacio que había dejado Caixa Económica Federal, un banco público.

Desde entonces, 12 de los 14 finalistas de la Libertadores fueron equipos brasileños.

Con una chequera robusta, los clubes del país del fútbol consolidaron una ventaja deportiva sobre sus vecinos sudamericanos.

Según el sitio especializado Transfermarkt, nueve de los diez clubes más valiosos de la región son del Brasileirão.

(30/09/2026)",https://larazon.bo/marcas/2026/09/30/que-se-juega-el-futbol-de-brasil-ante-el-fin-de-apuestas-en-linea/
La Razón,2026-09-30,Nacional,Paz se reúne con gobernadores para avanzar en el 50/50,"El presidente Rodrigo Paz se reunirá este miércoles en La Paz con los gobernadores de los nueve departamentos para abordar la aplicación del programa 50/50 y las consecuencias del incremento del precio del diésel para las administraciones departamentales.

El gobernador de La Paz, Luis Revilla, señaló que uno de los principales objetivos será acelerar el trabajo de las mesas técnicas para que una propuesta de ley sobre el 50/50 pueda ser aprobada antes del 31 de diciembre y entre en vigencia con el Presupuesto General del Estado de 2027.

“El tema central de la reunión con el presidente es el 50/50, poder avanzar de manera más ágil de lo que lo hemos hecho hasta ahora en el establecimiento de las mesas técnicas para aprobar antes del 31 de diciembre una ley que nos permita poner en marcha el 50/50 a partir del presupuesto general del Estado el próximo año”, afirmó.

Lea también: Gobierno aguarda informes de EEUU para encarar acciones por bolivianos vetados

Otro punto de la agenda será el incremento del precio del diésel tras el retiro de la subvención. Revilla señaló que el nuevo costo representa un gasto adicional para las gobernaciones, principalmente por el uso de maquinaria y la ejecución de obras.

“Ya se planteó este tema, la necesidad de que haya una mínima compensación por los costos adicionales que va a significar en el uso de la maquinaria y ejecución de algunas obras”, dijo.

El gobernador de Cochabamba, Leonardo Loza, confirmó su asistencia al encuentro y anunció que los gobernadores presentarán el documento suscrito el 24 de septiembre en Santa Cruz. En esa reunión, seis gobernaciones acordaron declararse en estado de alerta y dar al Gobierno plazo hasta el 31 de octubre para atender sus demandas.

“Estamos en estado de emergencia, estamos en estado de alerta. El Gobierno debe cumplir todos sus compromisos particularmente económicos hasta este 30 de octubre”, afirmó Loza.

Entre las demandas de las gobernaciones están una ley para aplicar el 50/50, recursos para compensar el incremento del diésel y la devolución del 12% del Impuesto Directo a los Hidrocarburos (IDH) retenido.

Las autoridades también plantearon que la redistribución de recursos departamentales se aplique desde el PGE 2027, sin afectar los ingresos de municipios y universidades públicas.

El martes, Paz se reunió con los alcaldes de las nueve ciudades capitales y El Alto, donde el Gobierno comprometió gestiones para conseguir recursos adicionales para los municipios y avanzar en una agenda de descentralización.",https://larazon.bo/nacional/2026/09/30/paz-se-reune-con-gobernadores-para-avanzar-en-el-50-50/
La Razón,2026-09-30,"Internacional, Marcas",Brasil pierde a Raphinha para amistoso contra India,"El jugador del FC Barcelona, ​​de 29 años, fue titular el martes en la victoria de Brasil por 4-2 sobre Australia, en Brisbane, en el segundo amistoso de la Canarinha en la ventana FIFA.

El atacante anotó de penalti en el minuto 45, pero fue reemplazado en el descanso por Endrick debido a molestias en el muslo derecho.

El jugador del Barcelona se sometió a un examen de imagen que confirmó la lesión y «por precaución y para facilitar su recuperación, el cuerpo médico decidió liberarlo de la convocatoria», explicó la CBF.

La entidad agregó que no llamará a ningún futbolista para reemplazarlo de cara al amistoso del sábado contra India, en Calcuta.

La dirigida por el italiano Carlo Ancelotti se reencontró selección con el triunfo después de empatar 1-1 con Australia en su primer encuentro de la gira, disputado en Townsville.

La victoria del martes fue el primer triunfo de Brasil desde su eliminación en los octavos de final del Mundial de 2026.

(30/09/2026)",https://larazon.bo/marcas/2026/09/30/brasil-pierde-a-raphinha-para-amistoso-contra-india/
La Razón,2026-09-30,"Internacional, Marcas",Scaloni: ‘hay predisposición de las partes» para seguir en Argentina,"Considerado uno de los artífices de la era dorada de la Albiceleste, el entrenador dejó en el aire su continuidad en el cargo, que ocupa desde 2018, tras perder la final del Mundial 2026 ante España.

«Después del Mundial no habíamos hablado. Nos juntamos para ver si podemos avanzar y llegar a un acuerdo», dijo en una conferencia de prensa en Ezeiza, al sur de Buenos Aires, en la víspera de un amistoso ante Bolivia en Córdoba.

El conductor de Argentina, campeón del mundo en Qatar 2022 y ganador de dos Copas América, enfrenta estas negociaciones después de la derrota ante España.

«La predisposición está de las dos partes pero recién empezamos a hablar», agregó el entrenador, que debe resolver si seguirá al frente de la Albiceleste en la etapa posterior a la despedida de Lionel Messi, que anunció hace un mes su salida de la selección.

Scaloni explicó que después del Mundial necesitó tiempo para evaluar su futuro y destacó que las posibilidades deportivas del equipo son un factor fundamental en su decisión, además de las condiciones económicas.

«Tuve que repensar bien, mirar, analizar lo que es el tema deportivo», señaló.

El técnico argentino, de 48 años, sostuvo que no habría iniciado las conversaciones si no hubiera visto posibilidades de construir un equipo competitivo.

Tras el encuentro del miércoles en Córdoba, Argentina recibirá a Burkina Faso el 3 de octubre y Benín el 6 en el Monumental de Buenos Aires.

Messi, de 39 años, jugará en este último choque, que se espera sea una emotiva despedida con la participación de los campeones de Qatar.

«Leo en principio viene el fin de semana, después del partido del 3. Si quiere venir a jugar el 3, puede», dijo Scaloni.

Consultado sobre el futuro sin Messi, el entrenador destacó la respuesta del equipo en los partidos en los que faltó su capitán y las posibilidades que ofrecen los jugadores jóvenes.

«Hasta que sea el partido de Leo no le daremos la 10 a nadie, a partir de ahí veremos. La idea es que se la queda uno, con todo lo lindo que conlleva», dijo respecto al futuro del histórico dorsal.

Anticipó que aprovechará los amigos para ensayar variantes, tanto en ataque como en defensa, aunque aseguró que conservará los principios de juego de su ciclo.

«Nuestro fútbol pasa a través de la pelota, a través de juntar gente que juega bien, eso creo que no va a cambiar», sostuvo.

El entrenador aseguró que no escuchará propuestas de otros equipos mientras siga vigente su contrato con la selección.

Comentó que una eventual salida de su colaborador Walter Samuel sería una baja importante para el cuerpo técnico, formado por otros exjugadores albicelestes como Pablo Aimar y Roberto «Ratón» Ayala.

(30/09/2026)",https://larazon.bo/marcas/2026/09/30/scaloni-hay-predisposicion-de-las-partes-para-seguir-en-argentina/
La Razón,2026-09-30,Economía y Empresa,Gobierno libera importación de gasolina de aviación y deja su precio al mercado,"Mediante Decreto Supremo 5729, el Gobierno fijó condiciones para la importación de gasolina de aviación grado 100 y determinó su comercialización a precio de mercado, sin subvención.

“El presente Decreto Supremo tiene por objeto establecer las condiciones de la importación y comercialización de Gasolina de Aviación Grado 100, con la finalidad de garantizar el abastecimiento de combustibles en el mercado interno”, dice el artículo 1 de la norma.

Asimismo, establece que el importador venderá la gasolina de aviación grado 100 a la empresa operadora de planta de suministro de combustibles de aviación en aeropuertos, para lo cual deberá contar con las autorizaciones previstas en normativa vigente.

Y remarca que la empresa operadora de planta de suministro de combustibles de aviación en aeropuerto en el territorio nacional efectuará la comercialización de gasolina de aviación grado 100 al usuario y/o cliente aeronáutico, con producto importado por sí misma o adquirido al importador.

“La comercialización de gasolina de aviación grado 100, proveniente de importaciones realizadas por personas naturales o jurídicas privadas y/o por la empresa operadora de planta de suministro de combustibles de aviación, está sujeta a precios de mercado”, indica el artículo 4.

El decreto también aclara que “la importación y posterior comercialización de la gasolina de aviación grado 100 no está sujeta a subvención”.

Lea más: El Trompillo no recibirá combustible de aviación hasta el miércoles, reportan pilotos

La norma señala además que se difiere el gravamen arancelario a cero por ciento (0%), hasta el 31 de diciembre de 2027, para la importación de gasolina de aviación Grado 100.

Y fija una alícuota específica del Impuesto Especial a los Hidrocarburos y sus Derivados (IEHD) para su importación hasta el 31 de diciembre de 2027.

El fin de semana, pilotos denunciaron desabastecimiento de gasolina de aviación, principalmente en Beni y Santa Cruz.",https://larazon.bo/economia-y-empresa/2026/09/30/gobierno-libera-importacion-de-gasolina-de-aviacion-y-deja-su-precio-al-mercado/
La Razón,2026-09-30,Economía y Empresa,YPFB logra acuerdo con Campetrol y garantiza traslado de combustibles,"Yacimientos Petrolíferos Fiscales Bolivianos (YPFB) y la Cámara Boliviana de Transporte de Derivados del Petróleo (Campetrol) alcanzaron, la noche del martes, un acuerdo para asegurar el transporte de diésel y gasolina hacia todos los departamentos del país, luego de una jornada de negociación de aproximadamente 12 horas.

El entendimiento permitirá reanudar la movilización de cisternas en las próximas horas, con el objetivo de fortalecer el abastecimiento de combustibles y transmitir tranquilidad a la población.

“Tenemos los volúmenes necesarios tanto de diésel como de gasolina a nivel nacional y nos estaba faltando concretizar este acuerdo con este sector del transporte, que nos permitirá mejorar la distribución de los combustibles en forma progresiva”, informó el vicepresidente nacional de operaciones de YPFB, Víctor Hugo Blacud, citado en un reporte institucional.

La autoridad explicó que YPFB coordina acciones con la Agencia Nacional de Hidrocarburos (ANH), el área de Logística y la Gerencia Nacional de Comercialización de YPFB para brindar las facilidades necesarias a las empresas transportistas y acelerar la distribución de carburantes en todo el territorio nacional.

La Campetrol, que agrupa a alrededor de 47 empresas de transporte de cisternas, comprometió la movilización inmediata de sus unidades para atender la demanda, especialmente en las regiones con mayores dificultades logísticas.

“Como Cámara de Transporte de Derivados de Petróleo vamos a poner todo el esfuerzo para que no les vaya a faltar combustible a los bolivianos”, afirmó el presidente de la entidad, Luis Pereira.

Lea más: Gobernación de Santa Cruz activa importación de 4 millones de litros de diésel

Como parte de los puntos de entendimiento, YPFB y la Cámara acordaron realizar esfuerzos técnicos para la contratación de una empresa especializada que lleve adelante un estudio de costos del sector transporte. Este análisis permitirá contar con información técnica para evaluar la actualización de la base de costos y contribuir a la búsqueda de soluciones estructurales.

El gerente general de YPFB Refinación, Jorge Paniagua, destacó que el acuerdo contempla las necesidades del sector transportista y el compromiso de apoyar al país en un contexto económico complejo.

“Ha sido una jornada fructífera y productiva, que se va a constituir en el punto inicial para encontrar una solución de fondo”, señaló.

Por su parte, el vicepresidente de Campetrol, Guido Vidaurre, ponderó la apertura y predisposición de las autoridades de YPFB. “Después de aproximadamente 12 horas de trabajo continuo, el resultado es la firma de este convenio de mutuo interés, que permitirá dar continuidad al suministro de combustibles en todo el territorio nacional”, manifestó.",https://larazon.bo/economia-y-empresa/2026/09/30/ypfb-logra-acuerdo-con-campetrol-y-garantiza-traslado-de-combustibles/
La Razón,2026-09-30,Sociedad,Ruta Oruro-Cochabamba sigue habilitada pese a nieve y neblina,"La carretera que une Oruro con Cochabamba permanece habilitada pese a la caída de nieve y la presencia de neblina en algunos sectores, informó este miércoles la Administradora Boliviana de Carreteras (ABC), que pidió a los conductores circular con precaución.

El tramo que requiere mayor atención corresponde a Caracollo-Confital-Bombeo, en el sector de Japo Kasa, conocido como la cumbre de la carretera hacia Cochabamba.

“La ABC mantiene un monitoreo constante del sector y desplegó personal de emergencia 24/7 para atender cualquier eventualidad”, informó la entidad.

Lea también: Gobierno aguarda informes de EEUU para encarar acciones por bolivianos vetados

La ABC recomendó a los usuarios de la Red Vial Fundamental tomar previsiones antes de emprender viaje y mantener especial cuidado ante las condiciones climáticas adversas.

La información actualizada sobre el estado de las carreteras está disponible en la plataforma de transitabilidad de la ABC. La institución también habilitó el número de WhatsApp 71219232 para consultas de los usuarios.

El Servicio Nacional de Meteorología e Hidrología (Senamhi) emitió la alerta naranja 76/26 por nevadas débiles a temporalmente moderadas en Cochabamba, Tarija, La Paz, Oruro y Potosí. La alerta rige desde el martes hasta el jueves 1 de octubre.",https://larazon.bo/sociedad/2026/09/30/ruta-oruro-cochabamba-sigue-habilitada-pese-a-nieve-y-neblina/
La Razón,2026-09-30,Economía y Empresa,"Tras acuerdo con transporte de combustibles, YPFB espera reducir filas en surtidores","Tras el acuerdo con la Cámara Boliviana de Transporte de Derivados de Petróleo (Campetrol), Yacimientos Petrolíferos Fiscales Bolivianos (YPFB) espera reducir progresivamente las filas por gasolina que reaparecieron en diferentes estaciones de servicio en el país.

La noche del martes, el vicepresidente Nacional de Operaciones de YPFB, Víctor Hugo Blacud, y representantes de Campetrol acordaron reactivar el transporte mediante cisternas.

“Las filas por la gasolina, principalmente en Santa Cruz y, seguramente, en otros sectores del país, se produjeron porque faltaba este eslabón, primordial para abastecer todo el territorio nacional”, explicó Blacud.

Asimismo, pidió paciencia a la población y aseguró que la estatal petrolera trabaja para normalizar el abastecimiento.

Lea más: YPFB logra acuerdo con Campetrol y garantiza traslado de combustibles

“Quiero que sepan que nosotros, como YPFB, estamos trabajando incansablemente para dar solución a todos estos problemas. Les pedimos un poco de paciencia: esas filas irán desapareciendo progresivamente”, manifestó.

Añadió que el acuerdo también garantizará la provisión de diésel en todo el territorio nacional, mientras se coordinan acciones con los distintos actores de la cadena de abastecimiento.

El acuerdo contempla la reanudación inmediata del transporte de combustibles en cisternas a escala nacional.

Campetrol, que agrupa a unas 47 empresas, se comprometió a movilizar sus unidades. A su vez, YPFB y la cámara acordaron avanzar en la contratación de una empresa especializada que realice un estudio de costos del sector del transporte.

En los últimos días, las filas en las estaciones de servicio del país reaparecieron en medio de la protesta de los choferes.",https://larazon.bo/economia-y-empresa/2026/09/30/tras-acuerdo-con-transporte-de-combustibles-ypfb-espera-reducir-filas-en-surtidores/
La Razón,2026-09-30,Nacional,‘El 50/50 avanza poco’: Manfred dice que Gobierno alista fondo de compensación y bonos,"El alcalde de Cochabamba, Manfred Reyes Villa, informó este miércoles que las negociaciones con el Gobierno para establecer una distribución 50/50 de los recursos avanzaron poco. Explicó que las alcaldías priorizan ahora medidas para enfrentar el deterioro de sus finanzas y en ese contexto dijo que el Gobierno alista un fondo de compensación y bonos.

“Digamos en el tema 50/50 hemos avanzado muy poco, diría yo. Más bien nos hemos enfocado en cómo estabilizar en este momento la economía de las diferentes alcaldías, por la situación que está atravesando el país”, afirmó Reyes Villa a Unitel.

El alcalde señaló que el incremento del precio de los carburantes y la reducción de los ingresos por el Impuesto Directo a los Hidrocarburos (IDH) complicaron la situación económica de los gobiernos municipales.

Lea también: Gobierno aguarda informes de EEUU para encarar acciones por bolivianos vetados

Ante este escenario, indicó que el Ejecutivo se comprometió a presentar en aproximadamente dos semanas una propuesta para crear un fondo de compensación para las alcaldías. También mencionó la posibilidad de otorgar bonos soberanos que puedan ser utilizados por los municipios en negociaciones con entidades financieras o empresas.

Reyes Villa señaló que los gobiernos municipales plantearon además la devolución del 12% del IDH relacionado con la falta de exploración y una auditoría sobre los recursos de la coparticipación tributaria.

Sobre la distribución 50/50, explicó que todavía no existe un porcentaje definido para las universidades y los municipios. Los alcaldes plantearon revisar recursos destinados a programas como la UPRE y el Fondo Productivo Social, además de dejar de asumir gastos que corresponden al nivel central.

“Nosotros queremos que las competencias que teníamos siempre no pagar Renta Dignidad ni otros temas que nos hacen pagar. Si dejamos de pagar a los médicos, que es una competencia nacional, dejarían de funcionar los hospitales de segundo nivel”, afirmó.

Reyes Villa indicó que los municipios buscan que la distribución 50/50 sea incorporada en el Presupuesto General del Estado (PGE) 2027.",https://larazon.bo/nacional/2026/09/30/manfred-el-50-50-avanza-poco-y-alcaldias-priorizan-su-crisis-financiera/
La Razón,2026-09-30,Sociedad,Bomberos activa alerta por lluvias y granizada en Santa Cruz,"El personal de Bomberos de Santa Cruz se mantiene en alerta ante las fuertes precipitaciones y la caída de granizo registrada en distintos sectores de la ciudad, informó la unidad de emergencias.

Los efectivos están preparados para atender posibles incidentes, inundaciones y afectaciones por el agua que puedan presentarse a causa de las condiciones climáticas.

Bomberos pidió a la población tomar precauciones durante las lluvias y recordó que las personas pueden solicitar asistencia ante cualquier emergencia a través de la línea 800-125050, habilitada por el Gobierno Autónomo Municipal de Santa Cruz de la Sierra.

Lea también: Tras acuerdo con transporte de combustibles, YPFB espera reducir filas en surtidores

La unidad señaló que este número está disponible para recibir reportes y activar la atención correspondiente ante situaciones de emergencia.

El Servicio Nacional de Meteorología e Hidrología (Senamhi) emitió la alerta naranja 76/26 por nevadas débiles a temporalmente moderadas en Cochabamba, Tarija, La Paz, Oruro y Potosí. La alerta rige desde el martes hasta el jueves 1 de octubre.

La noche del martes, en Santa Cruz, se registró una intensa lluvia que provocó la inundación de calles de la metrópoli tropical.",https://larazon.bo/sociedad/2026/09/30/bomberos-activa-alerta-por-lluvias-y-granizada-en-santa-cruz/
La Razón,2026-09-30,Nacional,Paz promulga ley que libera a gobernaciones del pago de prediarios,"Junto a siete gobernadores del país, el presidente Rodrigo Paz promulgó este miércoles la ley que modifica el régimen de pago de prediarios para las personas privadas de libertad y libera a las gobernaciones de esta obligación.

La nueva norma establece que el pago de este beneficio ya no estará a cargo de las entidades territoriales autónomas, por lo que las gobernaciones dejarán de destinar recursos de sus presupuestos para cubrir este gasto.

Lea también: Tras acuerdo con transporte de combustibles, YPFB espera reducir filas en surtidores

El presidente de la Cámara de Senadores, Diego Ávila, afirmó que las administraciones departamentales podrán utilizar esos recursos para sus necesidades.

La disposición se aplica a las personas privadas de libertad que cumplen detención preventiva o una condena en los centros penitenciarios del país.

La promulgación de la ley modifica la responsabilidad sobre el financiamiento de los prediarios y traslada esta obligación al nivel central del Estado.",https://larazon.bo/nacional/2026/09/30/paz-promulga-ley-que-libera-a-gobernaciones-del-pago-de-prediarios/
La Razón,2026-09-30,Nacional,Magistratura no puede destituir jueces por límites de la Ley 025 y pide reformarla,"El presidente del Consejo de la Magistratura, Carlos Spencer, pidió modificar la Ley 025 del Órgano Judicial porque, en su criterio, la norma limita las facultades de la institución para sancionar y destituir a jueces.

Spencer señaló que la legislación vigente impide al Consejo conformar tribunales con capacidad para determinar la destitución de autoridades judiciales. Por ello, planteó una revisión de las atribuciones de la institución y del régimen disciplinario.

“Una Ley 025 que no garantiza a la población, a la ciudadanía, para poder darle un resultado a través del Consejo de la Magistratura, no podemos destituir jueces porque no podemos constituir un tribunal”, dijo en conferencia de prensa.

Lea también: Tras acuerdo con transporte de combustibles, YPFB espera reducir filas en surtidores

El funcionario explicó que el Consejo puede verificar aspectos relacionados con los procedimientos y los plazos, pero no puede intervenir sobre el contenido de las resoluciones emitidas por los jueces.

“Nosotros solo podemos entrar y ver si cumplieron procedimiento y plazo, nada más. No es que nosotros tapemos estas autoridades; no podemos ingresar porque la misma ley nos prohíbe entrar a revisar fallos jurisdiccionales”, afirmó.

Spencer cuestionó además el alcance de la normativa actual y señaló que la institución necesita mayores herramientas para investigar posibles irregularidades y establecer responsabilidades dentro del ámbito disciplinario.

“Por eso hemos solicitado que se modifique la Ley 025 y otras atribuciones que tiene el Consejo de la Magistratura”, indicó.

El pedido de reforma no es nuevo. En junio, Spencer ya acudió a la Asamblea Legislativa para solicitar el tratamiento de proyectos destinados a modificar el régimen disciplinario y facilitar la sanción de autoridades judiciales.",https://larazon.bo/nacional/2026/09/30/magistratura-no-puede-destituir-jueces-por-limites-de-la-ley-025-y-pide-reformarla/
La Razón,2026-09-30,Espacio Empresarial,Entel inicia nueva etapa de atención del cliente con moderno Call Center en Santa Cruz,"“A partir de hoy se genera un antes y un después en lo que significa la atención al cliente. Estamos colocando de nuestra parte las mejores herramientas, los mejores servicios y principalmente el personal capacitado que esté enfocado en dar soluciones a los clientes”, destacó Jorge Antezana, Subgerente de Experiencia al Cliente.

El nuevo Call Center cuenta con más de 250 agentes especializados, además de equipos destinados a supervisión, monitoreo de calidad, soporte informático y análisis de procesos.

“El objetivo es acercarnos a nuestros clientes con el compromiso de mejorar cada día, estamos seguros que si van a notar una gran diferencia” aseguró Rodrigo Pacheco, Gerente Nacional Comercial.

Uno de los principales objetivos es que los clientes puedan resolver sus requerimientos de manera remota, reduciendo desplazamientos y tiempos de espera y avanzando hacia una atención orientada a la resolución en el primer contacto. Para ello se habilitó el número de WhatsApp 6400-1010

ENTEL trabaja además en la estabilización y optimización de sus procesos para alcanzar tiempos de respuesta competitivos y estándares internacionales.

La empresa informó que este Centro de Atención forma parte de un plan integral de fortalecimiento de la atención a nivel nacional, que contempla dos centros principales equipados con tecnología de punta. La sede central y de mayor envergadura estará ubicada en La Paz, permitiendo complementar las operaciones de Santa Cruz y garantizar respaldo y continuidad operativa.

Con esta nueva infraestructura, la Nueva ENTEL pone en el foco al usuario, al cliente, pero sobre todo al boliviano.",https://larazon.bo/espacio-empresarial/2026/09/30/entel-inicia-nueva-etapa-de-atencion-del-cliente-con-moderno-call-center-en-santa-cruz/
La Razón,2026-09-30,Nacional,Oviedo: Bolivia pidió a EEUU datos sobre 20 personas de nueva lista de visas,"Bolivia pidió a Estados Unidos información sobre las 20 personas que aparecen en una nueva lista relacionada con restricciones de visa, informó este miércoles el ministro de Gobierno, Marco Antonio Oviedo.

El funcionario señaló que el país espera conocer los antecedentes que sustentan esas medidas.

La consulta también abarca las versiones sobre un posible vínculo entre el fiscal general del Estado, Roger Mariaca, y el narcotraficante uruguayo Sebastián Marset.

Ya se ha solicitado la información. No soy funcionario de (…) Estados Unidos, yo soy funcionario del Gobierno de Bolivia”, dijo.

El ministro aclaró que Estados Unidos tiene potestad para determinar quién puede ingresar a su territorio y diferenció esa medida de cualquier investigación que pueda desarrollarse en Bolivia contra ciudadanos del país.

Lea también: Paz envía Ley de Electricidad al Parlamento y alista normativas para Hidrocarburos

“Una cosa es el retiro de las visas. Eso es competencia, atribución de un Estado para ver qué ciudadanos tienen derecho a ingresar y qué ciudadanos no”, explicó.

Oviedo también se refirió a las denuncias relacionadas con posibles nexos con el narcotráfico y aseguró que el Ejecutivo mantendrá sus acciones contra ese delito.

“Ustedes conocen ya la política del Gobierno. Es una política democrática, es una política sin retroceso”, afirmó.

Sobre la participación de la Asamblea Legislativa en el caso del Fiscal General, el ministro señaló que ese órgano tiene atribuciones de fiscalización y legislación, además de competencias relacionadas con la designación del titular del Ministerio Público.

“¿Por qué la Asamblea Legislativa? Porque tiene dos factores. La primera, la de legislar, y la segunda, la de fiscalizar”, afirmó.",https://larazon.bo/nacional/2026/09/30/oviedo-bolivia-pidio-a-eeuu-datos-sobre-20-personas-de-nueva-lista-de-visas/
La Razón,2026-09-30,Nacional,"Paz estuvo ‘todo el tiempo’ en Miami y no en Boca Ratón, según el vocero","El vocero gubernamental, José Luis Gálvez, aseguró que, durante su estadía en Estados Unidos, el presidente Rodrigo Paz permaneció “todo el tiempo” en Miami y no estuvo el Boca Ratón, Florida, a donde sí llegó el avión presidencial por razones de logística

«En realidad, la solicitud fue aterrizar en Miami, pero el permiso, por temas logísticos y de seguridad, fue para un aeropuerto que estaba a una hora y media aproximadamente del lugar (en Boca Ratón). De hecho, el presidente pasó todo el tiempo en Miami. Nunca se pidió aterrizar en Boca Ratón. Se pidió ir a Miami», dijo Gálvez en ANF.

El viaje de Paz para participar de la Asamblea General de la ONU generó muchas críticas debido a que el avión presidencial permaneció tres días en el aeropuerto de Boca Ratón, en la Florida.

Asimismo, el vocero aseguró que, en Miami, el Presidente se reunió con los presidentes de Paraguay Santiago Peña y de Uruguay Yamandú Orsi. Sin embargo, no específico las fechas de esos encuentros.

Lea más: Paz justifica su viaje de cuatro días a EEUU y dice que sostuvo más de 32 reuniones

El lunes, Paz dijo en conferencia de prensa que los aeropuertos donde aterriza el avión presidencial no dependen de él, sino que se asignan por temas de logística.

“La elección de aeropuertos no pasa por uno, pasa por una decisión técnica”, dijo y justificó sus cuatro días de viaje a diferentes reuniones para concretar $us 10.000 millones de respaldo al país.

Respecto a quiénes viajaron en el avión presidencia, el vocero dijo que en su condición de “hombre de familia”, Paz estuvo acompañado de su esposa, María Elena Urquidi, quien también tenía una agenda en la Asamblea de la ONU.

Y sin dar nombres, Gálvez dijo que un miembro adicional de su familia estuvo con él en “alguna parte del viaje”.",https://larazon.bo/nacional/2026/09/30/paz-estuvo-todo-el-tiempo-en-miami-y-no-en-boca-raton-segun-el-vocero/
La Razón,2026-09-30,Mundo,"Trump-Lula, una relación de grandes altibajos","Estados Unidos se mantiene oficialmente al margen de la reñida campaña electoral brasileña, pero entre telones Donald Trump se inclina con claridad por el candidato derechista Flávio Bolsonaro, rival del presidente izquierdista Luiz Inácio Lula da Silva.

Una victoria del senador e hijo del expresidente condenado Jair Bolsonaro en las elecciones cuya primera vuelta se celebra el domingo (con un balotaje previsto el 25 de octubre) representaría un enorme triunfo estratégico para Trump, que ha acumulado aliados en la región por vía electoral, o por la fuerza, como sucedió en Venezuela.

Brasil se uniría por ejemplo al Escudo de las Américas, la alianza de seguridad que el presidente estadounidense creó en marzo en una cumbre en Florida, según ha declarado Bolsonaro.

Opuestos desde el punto de vista político, Trump y Lula privilegian el contacto personal para negociar, como demostró el presidente brasileño cuando se encontró con su homólogo estadounidense en la sede de la ONU en septiembre del año pasado.

Trump calificó de «química excelente» el breve encuentro, y ambos acordaron verso para desbloquear la relación bilateral.

Lea. El desempleo en Brasil se mantiene en mínimo histórico https://larazon.bo/mundo/2026/09/29/el-desempleo-en-brasil-se-mantiene-en-minimo-historico/

Brasil había reaccionado con aspereza a los aranceles generalizados impuestos por Trump en abril de 2025 que convulsionaron el comercio mundial. Washington ya había impuesto un arancel del 25% separado al acero brasileño un mes antes.

El encuentro entre ambos líderes tuvo lugar finalmente el 7 de mayo en la Casa Blanca. Allí, Lula consiguió reactivar las negociaciones comerciales bilaterales.

Pero ambos líderes, de 80 años y cautos veteranos en la arena política, no compararon ante la prensa para explicar esa aparente «química» mutua.

Trump recibió tres semanas después de Flávio Bolsonaro en la Casa Blanca, aunque la reunión fue a puerta cerrada.

En la ajustada carrera electoral según las encuestas, Lula se erige en defensor de la soberanía brasileña ante el gobierno Trump, que afirma ostentosamente su hegemonía en la región.

«No permitiremos que los enemigos de la democracia, internos o externos, atenten contra la voluntad popular», dijo Lula ante la ONU la semana pasada, sin dar nombres.

Tras la cumbre de Trump y Lula en la Casa Blanca, la relación diplomática tenía visos de encarrilarse, pero volvió a entrar en crisis en agosto.

Estados Unidos había nominado a un embajador, Daniel Pérez, que Brasil demoraba en aceptar, ante los recuerdos de su posible intervencionismo en la campaña electoral.

El secretario de Estado, Marco Rubio, tomó la decisión de revocar el 4 de agosto el visado de la actual embajadora brasileña en Washington, María Luiza Ribeiro Viotti, que ha quedado en una posición delicada, sin poder salir de Estados Unidos a riesgo de que no se le permita volver a ocupar su puesto.

«Querían ejercer presión para que Brasil acepte a esa persona [Pérez], y lo que Brasil dijo fue: ‘Lo siento, pero así no se juega este juego'», aseguró una fuente diplomática brasileña a la AFP bajo anonimato.

«Lo que creo que va a pasar es que probablemente ellos (EEUU) simplemente esperen hasta las elecciones, porque saben que Brasil no va a dar luz verde antes», añadió esa fuente.

«Tomamos una acción recíproca (…) para demostrar de que no puede ser algo unilateral», explicó por su parte un alto cargo del Departamento de Estado a periodistas.

«Dicho esto, esa no es la situación en la que estamos interesados», indicó.

Lula dejó pasar la tormenta diplomática y volvió a reactivar las negociaciones arancelarias tras una llamada telefónica con Trump.

«El votante brasileño está preocupado por otros temas y no por la capacidad moderadora de Lula en este enfrentamiento con Estados Unidos», opina la analista Bruna Santos, directora del programa Brasil en el centro Diálogo Interamericano en Washington, en declaraciones a la AFP.

Fiel a su estilo, Trump habla con Lula y al mismo tiempo su entorno mantiene contactos con la familia Bolsonaro.

El hermano mayor de Flávio Bolsonaro, Eduardo, vive en Estados Unidos, donde se mantiene activo en redes sociales y en círculos conservadores.

En la relación bilateral hay otro tema espinoso: una demanda judicial presentada en febrero de 2025 por Trump Media, la empresa matriz de Truth Social, la plataforma social del mandatario, y otra empresa radicada en Florida, Rumble, contra el juez del Tribunal Supremo brasileño, Alexandre de Moraes.

Moraes prohibió a Trump Media y Rumble difundir mensajes considerados infundios en Brasil. Previamente había exigido a la plataforma X de Elon Musk eliminar ciertas cuentas.

Trump Media y Rumble han demandado a Moraes en Florida, y el caso está siendo aún dilucido en las cortes.

Moraes fue sometida a sanciones breves por Estados Unidos. Ahora está envuelto en otro escándalo de presunta corrupción en Brasil que ha sacudido al Tribunal Supremo.",https://larazon.bo/mundo/2026/09/30/trump-lula-una-relacion-de-grandes-altibajos/
La Razón,2026-09-30,Economía y Empresa,Paz envía Ley de Electricidad al Parlamento y alista normativas para Hidrocarburos,"El presidente Rodrigo Paz anunció que este miércoles remitirá al Parlamento el nuevo proyecto de Ley de Electricidad , mientras prepara además una nueva normativa para el sector de hidrocarburos, con el objetivo de generar condiciones que permitan acelerar inversiones y facilitar la ejecución de proyectos energéticos.

La propuesta para hidrocarburos contempla, según el anuncio, dos instrumentos legales : una ley de alcance general y otra de carácter más breve, orientada a agilizar la puesta en marcha de proyectos.

“La Ley de Hidrocarburos hay una larga y una cortita que van a facilitar los megaproyectos y proyectos cortos rápidos”, señaló la autoridad al explicar la agenda legislativa del Gobierno.

La iniciativa apunta a establecer un marco que permita diferenciar los procedimientos de acuerdo con la magnitud de las inversiones, de manera que los grandes proyectos puedan avanzar con reglas claras y que las iniciativas de menor escala encuentren mecanismos más rápidos para su ejecución.

En paralelo, el envío de la nueva Ley de Electricidad al Parlamento abre una nueva etapa para la actualización del marco normativo del sector, en un contexto en el que el Gobierno busca promover inversiones y ampliar la capacidad energética del país.

Lea también: Buscan consensos en la Asamblea para impulsar Ley de Inversiones

En ese marco, el Gobierno ya socializó el proyecto de la Ley de Electricidad con elcuerpo diplomático, empresas distribuidoras y organismos internacionales con el objetivo de recoger criterios técnicos.

Asimismo, en una entrevista con La Razón , el ministro de Hidrocarburos y Energías , Marcelo Blanco Quintanilla, explicó que la norma incorpora por primera vez un capítulo específico sobre energías renovables, aspecto que —según dijo— no fue desarrollado en anteriores gestiones. Además, destacó que el nuevo marco normativo abrirá paso a subastas públicas para proyectos energéticos.

“Lo que se está incorporando es un capítulo sobre energías renovables que no estaba cubierto. Se está abriendo paso a las subastas públicas. En el mediano y corto plazo es la incorporación de las energías renovables”, puntualizó la autoridad de Estado.

El Gobierno apunta a transformar la matriz energética mediante la incorporación de energías renovables, la participación del sector privado y la diversificación de las fuentes de generación eléctrica para convertir a Bolivia en un hub energético regional.",https://larazon.bo/economia-y-empresa/2026/09/30/paz-envia-ley-de-electricidad-al-parlamento-y-alista-normativas-para-hidrocarburos/
La Razón,2026-09-30,Economía y Empresa,El Presidente apunta a aprovechar la Hidrovía como corredor energético,"El Gobierno apunta a aprovechar la Hidrovía Paraguay-Paraná como un corredor energético para el ingreso de crudo a Bolivia , como parte de una estrategia para garantizar el abastecimiento de combustibles mientras avanza el desarrollo de nuevos campos hidrocarburíferos.

El presidente Rodrigo Paz informó que recibió el compromiso de los mandatarios de Uruguay y Paraguay para apoyar el desarrollo de Puerto Busch y la ampliación de la capacidad de transporte por la Hidrovía , una infraestructura que, además de facilitar las exportaciones, podría cumplir un papel estratégico en la importación de petróleo.

“Compromiso firme del presidente del Uruguay y de Paraguay para el desarrollo de Puerto Busch y todo lo que significa la Hidrovía, en triplicar la capacidad de barcazas para movilizar comercio que entre y salga por la Hidrovía hasta Bolivia”, afirmó Paz durante las reuniones con los gobernadores en el marco del plan 50/50.

También consulte: Urupabol viabiliza transporte de crudo por la Hidrovía a refinerías de Bolivia

El mandatario explicó que esta ruta no solo permitirá sacar minerales como el hierro del Mutún , sino también introducir petróleo crudo para su procesamiento en el país.

“No solo el Mutún pueda sacar hierro para la venta, sino que también pueda entrar crudo porque no tenemos gas; nos dejaron sin gas y hay que traer crudo para hacer gasolina, diésel y jet fuel mientras vayamos desarrollando nuevos campos”, sostuvo.

La propuesta plantea aprovechar la ubicación estratégica de Puerto Busch para conectar a Bolivia con la Hidrovía y establecer una vía de ingreso de crudo desde el exterior. El objetivo consiste en utilizar ese petróleo como materia prima para las refinerías nacionales y producir combustibles destinados al mercado interno.

Paz vinculó este proyecto con la necesidad de aprobar una nueva Ley de Hidrocarburos , que el Gobierno considera necesaria para generar condiciones que permitan acelerar inversiones y desarrollar nuevos proyectos en el sector.

“Ahí el Parlamento es importante para la aprobación de la nueva ley”, remarcó.

De esta manera, el Gobierno plantea una estrategia que articula Puerto Busch, la Hidrovía y el sector hidrocarburífero para atender la actual necesidad de importar crudo, mientras Bolivia busca recuperar su producción nacional de gas y petróleo mediante nuevos campos.",https://larazon.bo/economia-y-empresa/2026/09/30/el-presidente-apunta-a-aprovechar-la-hidrovia-como-corredor-energetico/
La Razón,2026-09-30,Mundo,Pasajeros describen el vuelo de Flydubai como una ‘montaña rusa’,"Cuando el vuelo FZ 1073 de Dubái a Tel Aviv se acercaba a la frontera jordana este miércoles, los pasajeros se enteraron  de que algo iba mal cuando el avión empezó a perder altura rápidamente.

Fue como «si tuviéramos una gran turbulencia pero no había turbulencias», dijo el pasajero Almog Italie a la AFP, al contar lo que sintió cuando el aparato perdió millas de pies de altitud en tan solo unos segundos, lo cual le recordó a una «montaña rusa».

Según datos del portal de monitoreo Flightradar, el avión se desplomó de golpe a las 05H21 GMT, pasando de una altura de 34.000 pies a menos de 17.000 en solo un minuto.

No hubo ninguna «histeria» entre los pasajeros, señaló Italia, ni siquiera cuando estalló una pelea cerca de la cabina de mando por el control de la aeronave.

«Los otros pasajeros, que estaban en la parte delantera, tomaron el control», dijo a la AFP por videollamada desde Tabuk, en Arabia Saudita, donde el avión aterrizó.

Lea: Netanyahu: Uno de los pilotos de flydubai ‘intentó estrellar el avión’ https://larazon.bo/mundo/2026/09/30/netanyahu-uno-de-los-pilotos-de-flydubai-intento-estrellar-el-avion/

Según algunos pasajeros, la disputa se produjo porque uno de los pilotos intentó matar a su compañero.

Pero, aún así, «la gente guardó la calma», dijo Italia.

En unas fotos enviadas a la AFP por uno de los pasajeros, aparecen algunos -incluidos niños- en un salón del aeropuerto. Los hay que están sentados en el suelo, y un hombre lleva una camiseta blanca y unos pantalones salpicados de sangre.

Miryam Shira Ohayon, que iba a bordo del avión, explicó que, en un momento dado, la aeronave estaba «bastante fuera de control».

«El copiloto intentó matar al piloto y, básicamente, llevar a cabo un atentado suicida en el avión», contó la mujer mientras hablaba por teléfono con su madre, que la esperaba en el aeropuerto israelí de Ben Gurión y que puso las manos libres en el celular para que la prensa pudiera escucharla.

El avión «estaba realmente a punto de estrellarse», dijo la mujer, pero esto no ocurrió «gracias al ingenio de muchas personas que consiguieron controlar al copiloto y lo neutralizaron».

«También había un médico que hizo primeros auxilios, y gente que los atendió a ambos. Aparte del piloto, no hubo heridos, pero el mayor miedo era estrellarnos, que es exactamente lo que intentaba hacer», agregó.

En un video grabado dentro del avión, que fue publicado por israelíes en redes sociales, un pasajero, con una herida abierta en la cabeza, pidió ayuda y avisaba de que iban a aterrizar en Arabia Saudita, país con el que Israel no tiene relaciones diplomáticas.

«Estamos aquí durante un ataque en el avión. Acabamos de neutralizar a los terroristas y nos preparamos para aterrizar», decía el hombre, en hebreo.

«Si alguien me escucha: necesitamos ayuda. Estamos a punto de aterrizar en Tabuk, al parecer en Arabia Saudita. Una zona desconocida. Todos los pasajeros están bien, excepto el piloto», agregó, e insistió: «Necesitamos ayuda».",https://larazon.bo/mundo/2026/09/30/pasajeros-describen-el-vuelo-de-flydubai-como-una-montana-rusa/
La Razón,2026-09-30,Mundo,Netanyahu: Uno de los pilotos de flydubai ‘intentó estrellar el avión’,"El primer ministro israelí, Benjamin Netanyahu, acusó este miércoles a uno de los pilotos del vuelo de Flydubai con destino a Tel Aviv de haber apuñalado al otro e intentó «estrellar el avión», lo que obligó a realizar un aterrizaje de emergencia en Arabia Saudita.

En un comunicado, la compañía de Emiratos Árabes Unidos instó «a todas las partes a abstenerse de hacer especulaciones prematuras» porque por el momento «se desconocen las razones» de lo sucedido.

Los 174 pasajeros, entre ellos 166 israelíes, se encuentran sanos y salvos, según la aeronave, y han podido partir por la tarde hacia Israel.

Algunos pasajeros han descrito un violento altercado en la cabina y una repentina pérdida de altitud antes de que algunos viajeros lograran reducir a uno de los pilotos.

Netanyahu ha rendido homenaje a estos «héroes» que han permitido «salvar numerosas vidas» y evitar una catástrofe.

El dirigente dice estar «en contacto constante con las autoridades» sauditas, que actualmente interrogan al sospechoso. Ha «ordenado a los servicios de seguridad que se preparan ante cualquier posible amenaza adicional».

Lea. Pasajeros describen el vuelo de Flydubai como una ‘montaña rusa’ https://larazon.bo/mundo/2026/09/30/pasajeros-describen-el-vuelo-de-flydubai-como-una-montana-rusa/

El ministro de Defensa, Israel Katz, denunció un «intento de ataque terrorista yihadista», sin decir en qué se basa para afirmarlo.

Ni la compañía aérea ni Arabia Saudita lo han corroborado.

«Estábamos a punto de estrellarnos» y se evitó «sencillamente gracias al ingenio de muchas personas que redujeron al copiloto y lo neutralizaron», afirmó la pasajera Miryam Shira Ohayon desde el aeropuerto de Tabuk (suroeste del reino) donde el avión aterrizó.

«También había un médico que hizo primeros auxilios, y gente que los atendió a ambos. Aparte del piloto, no hubo heridos, pero el mayor miedo era estrellarnos, que es exactamente lo que intentaba hacer», agregó.

Según esta pasajera, otros dos pilotos, que viajaban en el vuelo como pasajeros, tomaron el mando del avión durante el aterrizaje.

En un vídeo difundido por el medio israelí Ynet, un pasajero se graba con la cabeza ensangrentada, pide ayuda y avisa de que van a aterrizar en Arabia Saudita, país con el que Israel no tiene relaciones diplomáticas.

«Estamos aquí durante un ataque en el avión. Acabamos de neutralizar a los terroristas y nos preparamos para aterrizar», dice el hombre en hebreo.

«Si alguien me escucha: necesitamos ayuda. Estamos a punto de aterrizar en Tabuk, al parecer en Arabia Saudita. Una zona desconocida. Todos los pasajeros están bien, excepto el piloto», agrega, e insiste: «necesitamos ayuda».

En unas fotos enviadas a la AFP por una de las personas a bordo del vuelo, se ve a los pasajeros, entre ellos niños, en una sala del aeropuerto, algunos sentados en el suelo, antes de partir hacia Tel Aviv. Un hombre viste una camiseta blanca y vaqueros manchados de sangre.

«Se oyeron gritos en el avión. Después de abrir la cabina y vieron sangre, y que alguien había apuñalado al piloto con un cuchillo», declaró una pasajera del vuelo en un mensaje escrito transmitido a la televisión israelí.

El avión «comenzó a bajar a toda velocidad. Era aterrador», describió otro pasajera a la misma cadena. «Creímos que no saldríamos vivos».

Según los datos del sitio Flightradar, el aparato perdió bruscamente altitud durante el vuelo, pasando de cerca de 34.000 pies a las 05H21 GMT a menos de 17.000 pies a las 05H22 GMT.

Fue como «si tuviéramos una gran turbulencia pero no había turbulencias», declaró el pasajero Almog Italia a la AFP. Para él fue como una «montaña rusa».

La señal de socorro se activó y el ejército israelí hizo despegar aviones de combate, al pensar que podría tratarse de un secuestro por parte de piratas aéreos. Pronto se descartó la hipótesis, según las cadenas de televisión israelíes 12 y KAN.",https://larazon.bo/mundo/2026/09/30/netanyahu-uno-de-los-pilotos-de-flydubai-intento-estrellar-el-avion/
La Razón,2026-09-30,Economía y Empresa,ATT inicia gestiones para la participación de Bolivia en proyecto CONDOSAT,"La Autoridad de Regulación y Fiscalización de Telecomunicaciones y Transportes ( ATT ) impulsa la participación de Bolivia en el proyecto satelital CONDOSAT , una iniciativa que busca abrir nuevas alternativas de conectividad y fortalecer el acceso a servicios de telecomunicaciones mediante tecnología espacial.

La ATT informó que inició las gestiones para la participación del país en este proyecto durante el Digital Summit , realizado en Madrid en febrero de 2026.

Desde entonces, la entidad mantiene espacios de coordinación con representantes de la Unión Europea, la Embajada de España y HISPASAT. Para avanzar en los aspectos técnicos y de cooperación vinculados con la iniciativa.

Vea: ABE explora opciones para renovar la conectividad satelital de Bolivia

“Bolivia avanza hacia nuevas alternativas de conectividad satelital”, señaló la ATT al informar sobre las gestiones desarrolladas alrededor de CONDOSAT (condominio satelital).

La entidad reguladora destacó que estos espacios permiten fortalecer la cooperación y el intercambio técnico con actores nacionales e internacionales. Todo con el objetivo de generar condiciones para el desarrollo del proyecto.

La iniciativa se enmarca en la búsqueda de nuevas soluciones para ampliar la conectividad del país. Especialmente mediante alternativas que permitan complementar la infraestructura tradicional de telecomunicaciones.

Con CONDOSAT, Bolivia busca avanzar en una agenda de transformación tecnológica que incorpore cooperación internacional, innovación y nuevas capacidades para el sector de las telecomunicaciones.

la semana pasada el Gobierno anuncio un entendimiento con HISPASAT y la Unión Europea para el desarrollo de un nuevo esquema satelital en el país y ante el próximo final de la vida útil del satélite Túpac Katari",https://larazon.bo/economia-y-empresa/2026/09/30/att-inicia-gestiones-para-la-participacion-de-bolivia-en-proyecto-condosat/
La Razón,2026-09-30,Mundo,Ministros de Comercio del G20 se reúnen a la sombra de los aranceles,"Los ministros de Comercio del G20 iniciaron conversaciones el miércoles en Estados Unidos bajo la sombra de los aranceles globales del presidente Donald Trump.

Funcionarios del Grupo de los 20 principales economías mantienen dos días de intensas reuniones bilaterales en Milwaukee.

El encuentro tiene lugar en medio de una creciente guerra comercial entre Estados Unidos y Canadá, oleadas de aranceles estadounidenses y las investigaciones de Trump sobre los países miembros por exceso de capacidad industrial.

Los analistas prevén pocos avances.

Lea: Trump defiende la ‘autorregulación’ ante líderes de la IA https://larazon.bo/mundo/2026/09/29/trump-defiende-la-autorregulacion-ante-lideres-de-la-ia/

China rechaza las preocupaciones sobre sus exportaciones y las críticas al exceso de capacidad, que se considera que reducen los precios de manera injusta al inundar los mercados con sus productos.

Mientras tanto, los países buscan acuerdos con el gobierno de Trump.

El principal responsable de comercio de Estados Unidos, Jamieson Greer, es el anfitrión de la cita.

La reunión de ministros de Comercio del G20 se celebra después de que los ministros de Finanzas se reunieron en Asheville para preparar el terreno para la cumbre de líderes de diciembre en Miami.

También figuran esta semana en la agenda los esfuerzos para eliminar el trabajo forzoso en las cadenas de suministro y el uso de los suministros de alimentos como instrumento de presión.

El G20 está formado por 19 naciones más la UE y la Unión Africana.",https://larazon.bo/mundo/2026/09/30/ministros-de-comercio-del-g20-se-reunen-a-la-sombra-de-los-aranceles/
La Razón,2026-09-30,Nacional,Los nueve gobernadores acuerdan reunirse el 12 de octubre en Pando por el 50/50,"Los nueve gobernadores del país acordaron volver a reunirse el 12 de octubre en Cobija, Pando, para avanzar en la propuesta del 50/50 y definir las demandas de las regiones ante el Gobierno nacional.

El encuentro tendrá como antecedente una primera jornada de mesas técnicas prevista para el 5 de octubre en La Paz, donde las autoridades departamentales trabajarán con representantes del Ejecutivo sobre la redistribución de recursos y las competencias de las gobernaciones.

La gobernadora de Pando, Gabriela de Paiva, informó que la reunión del 12 de octubre permitirá abordar las necesidades particulares de cada departamento y avanzar en una agenda común.

Lea también: Paz envía Ley de Electricidad al Parlamento y alista normativas para Hidrocarburos

“Es una invitación mía a los nueve gobernadores, con los ministros correspondientes, para poder seguir avanzando en un cronograma de trabajo el día 12 de octubre en la ciudad de Cobija”, dijo la autoridad departamental al concluir el encuentro.

Entre las principales propuestas de las gobernaciones está la transferencia del 15% de la coparticipación tributaria a los gobiernos departamentales. De Paiva también planteó cambios a la Ley 154 y una norma que permita a las gobernaciones gestionar recursos de cooperación internacional de forma directa.

El gobernador de Santa Cruz, Juan Pablo Velasco, señaló que el pedido de las regiones debe tener carácter permanente y no depender de créditos o recursos extraordinarios.

“Las gobernaciones tenemos que ser parte de la coparticipación tributaria”, afirmó Velasco, quien agregó que “15% es lo mínimo que nosotros podemos requerir”.

La reunión en Pando será la primera que congregue a los nueve gobernadores en Cobija y tendrá como uno de sus objetivos avanzar en una propuesta que pueda incorporarse al Presupuesto General del Estado (PGE) 2027.",https://larazon.bo/nacional/2026/09/30/los-nueve-gobernadores-acuerdan-reunirse-el-12-de-octubre-en-pando-por-el-50-50/
La Razón,2026-09-30,Economía y Empresa,Ejecutivo plantea economía circular para reducir costos y generar valor agregado,"El Gobierno central de Bolivia busca incorporar la economía circular como una herramienta para, entre otros objetivos, reducir los costos y generar mayor valor agregado.

Asimismo , se plantea elevar la productividad y competitividad de su industria , con una visión que apunta también a optimizar procesos, generar nuevos modelos de negocio en la producción nacional.

El viceministro de Políticas de Industrialización Sostenible y Artesanía , Gustavo Jáuregui Gonzáles , propuso esta perspectiva durante el Ciclo de Talleres para la Construcción Participativa del Instrumento de Economía Circular, que se desarrolló en Cochabamba.

Vea: El festival El Buen Café reúne a 12 productores en La Paz

Jáuregui señaló que la economía circular ya no debe abordarse únicamente desde una perspectiva ambiental, sino como parte de una estrategia para fortalecer el aparato productivo y generar mejores condiciones para las empresas.

“ Esta agenda trasciende lo ambiental y se convierte en una agenda industrial, económica y empresarial ”, afirmó.

En ese contexto, proyectó que la economía circular puede ayudar a las industrias a aprovechar mejor sus recursos, disminuir desperdicios, optimizar sus procesos productivos y encontrar nuevas oportunidades de negocio e inversión.

El Gobierno plantea que la nueva política de industrialización combine productividad, competitividad, innovación, sostenibilidad y generación de valor agregado , con una construcción basada en las necesidades de quienes producen, invierten y generan empleo.

“El objetivo no es generar un documento más, sino un instrumento aplicable que se traduzca en acciones, proyectos, inversiones y resultados medibles”, argumentó Jáuregui.

El viceministro remarcó además la necesidad de pasar de la planificación a la ejecución y del diagnóstico a la acción, mediante una articulación entre el sector público, privado y comunitario productivo.

Bajo ese esquema, el Estado apunta a establecer condiciones y reglas claras , mientras las empresas aportan inversión, producción e innovación.

Jáuregui vinculó esta transformación con el desafío exportador del país y planteó que Bolivia necesita mejorar la calidad y competitividad de su producción para ganar espacio en los mercados internacionales.

“No queremos solamente que Bolivia exporte más. Queremos que Bolivia exporte mejor. Y para exportar mejor necesitamos producir mejor: con mayor productividad, mayor calidad, mayor innovación y mayor competitividad”, afirmó.

El taller reunió a representantes de la Unión Europea (UE), la Cooperación Alemana-GIZ, la Cámara de Industria, Comercio y Servicios de Cochabamba (ICAM) y el Pacto Global Red Bolivia.

La iniciativa establece linamientos para recoger propuestas del sector productivo y construir un instrumento que convierta la economía circular en acciones concretas para la industria nacional.",https://larazon.bo/economia-y-empresa/2026/09/30/ejecutivo-plantea-economia-circular-para-reducir-costos-y-generar-valor-agregado/
La Razón,2026-09-30,Economía y Empresa,"Visita de Kast facilitará el vínculo comercial regional de Bolivia, según Paz","La próxima visita del presidente de Chile, José Antonio Kast , a Bolivia abrirá una agenda para fortalecer la interconexión comercial con Potosí y Oruro , como parte de las gestiones del Gobierno para impulsar los corredores bioceánicos y ampliar las rutas de comercio exterior.

El presidente Rodrigo Paz informó que conversó con Kast sobre mecanismos para facilitar el desarrollo de estas conexiones y avanzar en una mayor integración comercial entre ambos países.

“Hemos hablado con el presidente Kast para facilitar lo de las bioceánicas. En principio, Kast viene de visita a Bolivia y la idea es fortalecer toda la interconexión comercial con Oruro y Potosí, que son básicamente las que generan la puerta de entrada y salida”, afirmó Paz durante las reuniones con los gobernadores en el marco del plan 50/50.

También vea: El Presidente apunta a aprovechar la Hidrovía como corredor energético

El mandatario también planteó convertir el Puerto Seco en un punto estratégico para atraer inversiones y fortalecer la actividad logística vinculada con los corredores comerciales.

“Le hablé de Puerto Seco para que sea un punto de inversión, porque hay que entender que si Bolivia no produce, ¿qué vamos a repartir a municipios y gobernaciones?”, sostuvo.

La agenda también contempla avanzar en la conexión entre Tarija, Chuquisaca y Potosí . Paz informó que el Banco Mundial apoyará los estudios para el tramo entre Las Carreras y Tupiza , en la zona de Hornillos, con una extensión de poco más de 108 kilómetros.

“Hemos logrado la aceptación y ahora hay que ponerlo en papel porque cuando cerremos eso ya se cierra el otro bioceánico, que es el Hito BR-94 desde Paraguay, pasando por Tarija, Chuquisaca y Potosí”, explicó.

El Gobierno proyecta que los dos corredores bioceánicos —uno en el norte amazónico y otro en el sur— movilicen entre $us 7.000 millones y $us 10.000 millones en comercio futuro cada uno .

Remarcó que estas rutas deben servir para ampliar el movimiento de mercancías y generar nuevas oportunidades de inversión en los departamentos que forman parte de los corredores.",https://larazon.bo/economia-y-empresa/2026/09/30/visita-de-kast-facilitara-el-vinculo-comercial-regional-de-bolivia-segun-paz/
La Razón,2026-09-30,Nacional,Petro acusa a EEUU de proteger a Cerimedo tras sanción a Mariaca,"El expresidente de Colombia Gustavo Petro cuestionó a Estados Unidos por las restricciones de visa contra el fiscal general del Estado, Roger Mariaca, y acusó al Departamento de Estado de Estados Unidos de proteger al consultor argentino Fernando Cerimedo.

“El Departamento de Estado protegiendo gente a sueldo del narcotráfico y de la matriz de la falsedad para manipular la mente humana”, escribió Petro en su cuenta de X.

El exmandatario colombiano también acusó a Cerimedo, a quien relacionó con operaciones de desinformación electoral. “Cerimedo es un narco y un falseador de elecciones”, publicó Petro, y pidió a los bolivianos defender la justicia nacional.

Revise también: Paz envía Ley de Electricidad al Parlamento y alista normativas para Hidrocarburos

Pues, Mariaca se encuentra, desde hace meses, a cargo de la investigación contra el consultor y exasesor personal del presidente Rodrigo Paz.

El lunes, Estados Unidos anunció restricciones de visa contra Mariaca. Washington acusó al fiscal de solicitar y aceptar sobornos para facilitar actividades de narcotráfico y favorecer a personas involucradas en delitos graves.

Mariaca rechazó las acusaciones y cuestionó la medida estadounidense. El fiscal afirmó que continuará con las investigaciones que lleva adelante el Ministerio Público y denunció una interferencia externa en asuntos de la justicia boliviana.

El conflicto también alcanza las pesquisas contra Cerimedo, consultor argentino investigado en Bolivia por enriquecimiento ilícito y feminicidio en grado de tentativa.",https://larazon.bo/nacional/2026/09/30/petro-acusa-a-eeuu-de-proteger-a-cerimedo-tras-sancion-a-mariaca/
La Razón,2026-09-30,Economía y Empresa,GLP mantendrá subvención y Gobierno prevé eliminar la de gasolina hasta fin de año,"El Gobierno prevé mantener la subvención al Gas Licuado de Petróleo (GLP) durante la próxima gestión, mientras plantea eliminar el subsidio estatal a la gasolina hasta fin de año.

El viceministro del Tesoro , Óscar Navarro , señaló que la política apunta a que la gasolina siga el mismo camino del diésel, con el fin de la subvención.

“Nosotros esperamos que la siguiente gestión ya no exista la subvención a carburantes de gasolina y diésel, GLP no se va a tocar, sí va a existir un subsidio”, afirmó Navarro.

La definición establece una diferencia entre el tratamiento que tendrán los combustibles en el PGE 2027. Mientras el Gobierno prevé dejar de destinar recursos para sostener los precios de la gasolina y el diésel, mantendrá el apoyo al GLP, un combustible de uso masivo en los hogares.

Vea también : Tras acuerdo con transporte de combustibles, YPFB espera reducir filas en surtidores

La medida llega después de que el Ejecutivo avanzara este año con el retiro de la subvención al diésel , una política que durante años mantuvo su precio interno por debajo del costo de importación.

El cambio trasladó una mayor parte del costo del carburante al mercado y elevó el precio de referencia, con efectos sobre el transporte y las actividades productivas.

El diésel tiene un peso importante en la estructura de costos de sectores como el transporte de carga y pasajeros, la agricultura y otras actividades que utilizan maquinaria y vehículos para producir y trasladar bienes. Por ello, el retiro del subsidio generó reclamos de diferentes sectores que advierten sobre el impacto de los nuevos costos.

En el caso del GLP, el Gobierno apunta a mantener la subvención para evitar un traslado similar del costo a los hogares. Navarro ratificó que este combustible no ingresará, por ahora, al proceso de eliminación del subsidio .",https://larazon.bo/economia-y-empresa/2026/09/30/glp-mantendra-subvencion-y-gobierno-preve-eliminar-la-de-gasolina-hasta-fin-de-ano/
La Razón,2026-09-30,Nacional,Fiscalía niega reunión de Roger Mariaca con Marset y exige pruebas,"La Fiscalía General del Estado negó este miércoles una supuesta reunión del fiscal Roger Mariaca con el narcotraficante Sebastián Marset, 10 días antes de su extradición a Estados Unidos.

Mediante un comunicado, la entidad pidió a la periodista Amalia Pando que presente pruebas sobre esas afirmaciones que “no corresponden a la verdad”.

“Ante la gravedad de esta afirmación que afecta el honor de una autoridad y por responsabilidad con la opinión pública, la Fiscalía General del Estado solicita a la periodista presentar las pruebas que respalden lo manifestado”, señala el documento.

Lea también: Paz envía Ley de Electricidad al Parlamento y alista normativas para Hidrocarburos

La Fiscalía también pidió una retractación pública en caso de que no existan elementos que respalden esa declaración. La institución planteó que esa rectificación se difunda por los mismos medios en los que se emitió la acusación.

En los últimos días, existen cuestionamientos sobre Mariaca, luego de que Estados Unidos restringiera su visa y lo acusara de corrupción relacionada con el narcotráfico. El fiscal rechazó esos señalamientos y pidió respeto a la soberanía boliviana.

La Fiscalía también defendió el derecho a la libertad de expresión, pero cuestionó la difusión de acusaciones que no cuenten con respaldo documental o probatorio.

“La libertad de expresión debe ser plenamente garantizada, pero no puede confundirse con la difusión de afirmaciones falsas o acusaciones sin respaldo probatorio”, señala el comunicado.",https://larazon.bo/nacional/2026/09/30/fiscalia-niega-reunion-de-roger-mariaca-con-marset-y-exige-pruebas/
La Razón,2026-09-30,Economía y Empresa,Anapo alerta por elevado precio de agroinsumos y menor siembra de granos,"Los productores de la zona norte de Santa Cruz enfrentan una campaña agrícola marcada por el alto costo del diésel y de los agroinsumos , una situación que ya redujo el área sembrada.

Ahora, las dificultades amenazan con profundizar la caída de la producción de granos, advirtió Juan Pablo Espinoza, presidente de Anapo Filial Norte .

El dirigente explicó que el problema ya no se concentra únicamente en la disponibilidad de combustible, sino en la capacidad de los agricultores para comprarlo debido a su elevado precio.

“Hay diésel, lo que falta es plata para comprarlo, los precios están bien altos. El efectivo es lo que nos tiene en terapia intensiva a los productores”, afirmó a Canal Rural.

Para la zona norte, los productores proyectaban sembrar entre 380.000 y 400.000 hectáreas entre las campañas de invierno y verano. Sin embargo, Espinoza señaló que el área ya muestra una reducción significativa.

En la campaña de invierno, el sector esperaba alcanzar unas 380.000 hectáreas, pero hasta ahora solo logró sembrar alrededor de 220.000 hectáreas .

“Hay gente que no pudo sembrar por el tema del diésel”, señaló el dirigente.

Consulte también : IICA y FAO lanzan Rueda Virtual de Negocios Agroalimentarios

Espinoza advirtió que las dificultades podrían repetirse durante la campaña de verano, debido a que los productores también enfrentan un incremento en el precio de semillas, fertilizantes y otros insumos necesarios para la producción.

“Pero los insumos también están caros. Yo creo que esta campaña de verano va a tener la misma situación, varios agricultores no van a poder sembrar y así está bajando el área de siembra y, por ende, habrá menos alimentos”, sostuvo.

A la presión de los costos se suma el comportamiento irregular de las lluvias en algunas zonas. El dirigente explicó que la falta de precipitaciones afecta los rendimientos y reduce todavía más la rentabilidad de los cultivos.

“ El diésel está caro y en varias zonas no llovió, entonces, la producción está rindiendo poco ”, afirmó.

La combinación de mayores costos, menor disponibilidad de recursos y bajos rendimientos también está provocando cambios en las actividades productivas de algunas familias.

“Mucha gente está cambiando de rubro a la ganadería porque no da para producir como antes”, señaló Espinoza.

El sector agrícola advierte que una menor superficie cultivada y rendimientos más bajos pueden reducir la oferta de granos y presionar la disponibilidad de alimentos en el mercado interno.

Para Anapo Filial Norte, la situación refleja el impacto que tiene el encarecimiento del combustible sobre toda la estructura productiva: desde la preparación de los terrenos y la siembra hasta el transporte y la cosecha, en un contexto en el que los agricultores también deben afrontar mayores precios de los insumos y condiciones climáticas adversas.",https://larazon.bo/economia-y-empresa/2026/09/30/anapo-alerta-por-elevado-precio-de-agroinsumos-y-menor-siembra-de-granos/
La Razón,2026-09-30,Economía y Empresa,"Subvención al diésel se mantiene, pues costo internacional supera los Bs 21: Velasco","El gobernador de Santa Cruz, Juan Pablo Velasco, consideró este miércoles que aún existe un grado de subvención al diésel con el precio de Bs 19,95 el litro fijado por el Gobierno, pues con la logística el costo internacional de importar ese combustible al país está por encima de Bs 21 el litro.

“La quita de la subvención ayuda mucho, igual hay un precio subsidiado porque el precio internacional termina siendo Bs 21, Bs 22 con la logística. El barril de petróleo está en 95, 96 (dólares) en altos históricos y no es rentable.

Velasco remarcó que no se cortó del todo la subvención; sin embargo, resaltó que la brecha es menor y dijo que confía en que la oferta y la demanda del mercado ajustarán los precios.

Asimismo, destacó que la gobernación de Santa Cruz ya importa combustible para consumo interno y dijo que iniciaron el trabajo con nuevos proveedores internacionales y no con los que operan con el Gobierno.

Lea más: Tras acuerdo con transporte de combustibles, YPFB espera reducir filas en surtidores

“Este sistema que hemos implementado para facilitar la importación está disponible para las ocho gobernaciones para que puedan abastecer de diésel y gasolina a sus departamentos”, acotó.

El martes, la gobernación cruceña informó de la llegada de 4 millones de litros de diésel con una alianza público-privada para importar.

En ese contexto, informó que las empresas interesadas en traer el combustible a esa región, tienen 10 ofertas de tres empresas: Ossagut Energy, NUR SRL y TerraFuel SRL.

Los precios oscilan entre Bs 22 y Bs 22,89 por litro, aunque varían de acuerdo con el volumen solicitado, desde 5.000 a 3 millones de litros, y el transporte se cotiza por separado, por lo que el costo final puesto en el establecimiento del comprador será superior al precio publicado por litro.",https://larazon.bo/economia-y-empresa/2026/09/30/subvencion-al-diesel-se-mantiene-pues-costo-internacional-supera-los-bs-21-velasco/
La Razón,2026-09-30,Nacional,Gobierno y gobernadores acuerdan tres puntos para avanzar en el 50/50,"Los gobernadores y el Gobierno acordaron avanzar en tres puntos para fortalecer las autonomías departamentales, en el marco de las negociaciones sobre el modelo 50/50. La agenda será retomada el lunes en La Paz, con la participación de equipos técnicos de las nueve gobernaciones.

El gobernador de La Paz, Luis Revilla, informó que las comisiones técnicas volverán a trabajar para profundizar la discusión sobre la distribución de recursos y las responsabilidades de los diferentes niveles del Estado.

“Necesitamos aprobar una ley, necesitamos hacer una discusión profunda sobre la temática tributaria, sobre las responsabilidades del nivel central y de las gobernaciones”, explicó.

La gobernadora de Pando, Gabriela de Paiva, detalló que los tres primeros puntos de trabajo serán la coparticipación tributaria para las gobernaciones, la modificación de la Ley 154 y una reforma que permita a los gobiernos departamentales gestionar recursos internacionales de manera autónoma.

El primer planteamiento contempla que las gobernaciones accedan progresivamente al 15% de la coparticipación tributaria. De Paiva aclaró que la aplicación será paulatina y estará sujeta a las posibilidades fiscales del Estado.

“La coparticipación tributaria de las gobernaciones del 15%, obviamente de manera cualitativa, paulatina en la medida de las posibilidades”, señaló.

El segundo punto está relacionado con la modificación de la Ley 154, mientras que el tercero busca permitir que las gobernaciones puedan acceder a financiamiento y recursos internacionales sin requerir previamente la aprobación del Gobierno central.

De Paiva señaló que estos cambios forman parte de una agenda destinada a profundizar las autonomías y responder a las particularidades de cada departamento.

“Cada región es única, con sus propias características, sus propias dificultades, y esto es en pro de profundizar las autonomías”, afirmó.

Además de las mesas técnicas del lunes, los gobernadores y ministros sostendrán una reunión el 12 de octubre en Cobija, Pando. Según De Paiva, en ese encuentro se abordará una agenda específica con cada departamento y las autoridades nacionales.

Revilla confirmó la reunión y explicó que los equipos técnicos deberán avanzar en las propuestas antes del encuentro con los ministros.

De Paiva indicó que el modelo 50/50 continuará siendo analizado en las mesas técnicas y que las conclusiones serán presentadas después de la jornada de trabajo.

Los acuerdos forman parte de las negociaciones entre el Gobierno y las entidades territoriales para modificar la distribución de recursos y fortalecer las capacidades de las gobernaciones.",https://larazon.bo/nacional/2026/09/30/gobierno-y-gobernadores-acuerdan-tres-puntos-para-avanzar-en-el-50-50/
La Razón,2026-09-30,Nacional,COB respalda a Mariaca y rechaza intervención de EEUU en asuntos internos,"Luego de que Estados Unidos sancionara y vetara al fiscal general del Estado, Roger Mariaca, la Central Obrera Boliviana (COB) expreso su respaldo a la autoridad y rechazó la intervención de ese país en asuntos internos.

El Gobierno de Estados Unidos acusó a Mariaca de supuestos sobornos que recibió para facilitar el narcotráfico.

“En ese marco, expresamos nuestro respaldo institucional al Fiscal General del Estado, Dr. Roger Mariaca Montenegro, en el ejercicio de las funciones que le asignan la Constitución y las leyes, destacando la importancia de que el Ministerio Público actúe con independencia, imparcialidad y dentro del marco jurídico vigente”, dice un pronunciamiento del ente obrero.

Lea más: EEUU sanciona a Fiscal General y le prohíbe entrar a ese país

Asimismo, indicó que los “asuntos internos de Bolivia deben resolverse por las autoridades e instituciones bolivianas, con pleno respeto a la soberanía nacional y al principio de no intervención”.

En ese contexto, remarcó que dará su respaldo moral e institucional al Ministerio Público y el fiscal Mariaca.

“Convocamos al pueblo boliviano a mantener la unidad, la paz social y el respeto a las instituciones democráticas, fortaleciendo la soberanía, la justicia y la convivencia entre todos los bolivianos”, acotó el comunicado.

Mariaca y otras personas están en una lista del Gobierno de EEUU vetados para obtener visas a ese país debido a supuestos hechos de corrupción vinculados al narcotráfico.",https://larazon.bo/nacional/2026/09/30/cob-respalda-a-mariaca-y-rechaza-intervencion-de-eeuu-en-asuntos-internos/
La Razón,2026-09-30,Economía y Empresa,Cámara de Comercio plantea plan para evitar bloqueos y garantizar combustibles,"La Cámara Departamental de Comercio de La Paz (CDCLP) planteó al Gobierno cuatro medidas urgentes para evitar nuevos bloqueos y garantizar la circulación de personas, alimentos, combustibles y medicamentos .

La institución se refirió a los 53 días de aislamiento durante este año , una situación que considera no puede repetirse.

“La Paz no puede volver a vivir lo mismo”, señaló el presidente de la CDCLP, José Reyes Pericón, al advertir que las interrupciones de las carreteras afectan directamente a la actividad económica y al abastecimiento del departamento.

La Cámara destacó además el peso económico de La Paz y sostuvo que el departamento concentra más de la mitad de los depósitos del sistema financiero nacional , aporta cerca del 43% de la recaudación anual de impuestos y registra exportaciones superiores a $us 1.700 millones al año .

Vea: CNC plantea que el precio del diésel corrige distorsión, pero exige abastecimiento y transparencia

Ante este escenario, la CDCLP planteó un paquete de cuatro medidas para reducir el impacto de eventuales conflictos sociales y generar condiciones para la recuperación económica.

La primera consiste en garantizar la transitabilidad mediante un plan de contingencia que mantenga abiertos los corredores destinados al transporte de alimentos, combustibles y medicamentos, además del acceso al aeropuerto de El Alto.

La segunda apunta a prevenir los conflictos con una mesa departamental permanente que reúna al Gobierno nacional, la Gobernación, los municipios, el sector privado y las organizaciones sociales para atender las demandas antes de que deriven en bloqueos.

Como tercera medida, la Cámara pidió asegurar el abastecimiento regular de diésel y gasolina para La Paz y El Alto, acompañado de información pública sobre los volúmenes disponibles y los plazos de distribución.

Finalmente, propuso reactivar la economía paceña mediante la eliminación de trabas a las exportaciones y la aplicación de arancel cero para insumos y bienes de capital que no se produzcan en el país.

La institución señaló que el sector privado reconoce el derecho a la protesta, pero considera necesario compatibilizarlo con el derecho de la población a trabajar, movilizarse y acceder a bienes y servicios esenciales.

“Los paceños no pedimos que nos regalen nada. Pedimos que nos dejen trabajar”, afirmó Reyes Pericón.

La Cámara pidió al Gobierno asumir estas propuestas y una coordinación permanente con las autoridades departamentales y municipales para evitar nuevos periodos de aislamiento y recuperar la actividad comercial y empresarial de La Paz.",https://larazon.bo/economia-y-empresa/2026/09/30/camara-de-comercio-plantea-plan-para-evitar-bloqueos-y-garantizar-combustibles/
La Razón,2026-09-30,Nacional,Gobierno califica de especulación versión sobre un ministro en nueva lista de EEUU,"El Gobierno calificó de “especulación” la versión del exministro Carlos Romero sobre la posible presencia de un ministro de la administración de Rodrigo Paz en la nueva lista de funcionarios bolivianos a quienes Estados Unidos anunció restricciones de visa.

El viceministro de Régimen Interior y Policía, Hernán Paredes, respondió a las declaraciones de Romero y señaló que esa versión corresponde al ámbito de las interpretaciones de exautoridades.

“Son especulaciones que están en el campo de la gestión política de algunas exautoridades”, dijo Paredes este miércoles.

Lea también: Paz envía Ley de Electricidad al Parlamento y alista normativas para Hidrocarburos

Estados Unidos anunció el martes restricciones de visa para otros 20 funcionarios bolivianos a quienes acusa de corrupción, pero hasta este miércoles no hizo públicos sus nombres. La nueva medida se suma a las restricciones anunciadas un día antes contra ciudadanos bolivianos, entre ellos el fiscal general Roger Mariaca.

Romero había señalado que un ministro del actual Gobierno podría aparecer en la segunda nómina y cuestionó que Washington todavía no haya divulgado las identidades de las personas alcanzadas por la medida.

Paredes afirmó que el Ejecutivo respetará la decisión de Estados Unidos y que Bolivia aplicará los procedimientos que correspondan si existen elementos que deban ser tratados por la Justicia.

“Nosotros respetamos las decisiones que tome el Gobierno americano y nosotros, desde Bolivia, vamos a cumplir el debido proceso en todos estos temas”, afirmó.

Por su parte, el ministro de Gobierno, Marco Antonio Oviedo, dijo que desconoce los nombres de los 20 funcionarios anunciados por Washington.

“No la conozco, no soy del Gobierno de EEUU, yo soy funcionario del Gobierno de Bolivia”, respondió Oviedo.

Con el anuncio, Estados Unidos prevé ampliar las restricciones migratorias aplicadas a ciudadanos bolivianos, aunque la identidad de los 20 nuevos afectados todavía no fue difundida oficialmente.",https://larazon.bo/nacional/2026/09/30/gobierno-califica-de-especulacion-version-sobre-un-ministro-en-nueva-lista-de-eeuu/
La Razón,2026-09-30,Nacional,Universidades respaldan a Mariaca y rechazan ‘injerencia extranjera’ tras veto de EEUU,"La Confederación Universitaria de Bolivia (CUB) expresó su respaldo al fiscal general del Estado, Roger Mariaca, y rechazó la intervención de otros Estados en asuntos de la institucionalidad boliviana, después de que Estados Unidos restringiera la visa de la autoridad.

En un comunicado, la organización universitaria afirmó que la medida estadounidense no debe afectar la institucionalidad ni el derecho a la defensa dentro de Bolivia.

“Las universidades de Bolivia no vamos a permitir que un simple comunicado extranjero rompa la institucionalidad nacional y quebrante las bases del legítimo derecho a la defensa”, señala el pronunciamiento.

Lea también: Paz envía Ley de Electricidad al Parlamento y alista normativas para Hidrocarburos

El Departamento de Estado de Estados Unidos anunció el 28 de septiembre restricciones de visa contra Mariaca y otras autoridades y exautoridades bolivianas. En el caso del fiscal general, Washington lo acusó de corrupción relacionada con la protección al narcotráfico. Mariaca rechazó los señalamientos y cuestionó la intervención estadounidense.

La CUB señaló que Mariaca tiene la responsabilidad de investigar presuntos hechos de corrupción y cuestionó que las acusaciones externas puedan derivar en acciones contra una autoridad designada conforme a la legislación boliviana.

“Uno de los pilares de la Universidad Pública es la defensa de la soberanía”, señala el comunicado.

La organización convocó además a la unidad del sistema universitario para respaldar la soberanía nacional y las instituciones del país.

“La injerencia extranjera no puede definir los rumbos de Bolivia”, dice el pronunciamiento.",https://larazon.bo/nacional/2026/09/30/universidades-respaldan-a-mariaca-y-rechazan-injerencia-extranjera-tras-veto-de-eeuu/
La Razón,2026-09-30,Economía y Empresa,Transporte cooperativizado apuesta por GNL para reducir costos tras la subvención,"La Federación de Cooperativas del Transporte de La Paz, Ramiro Choque, afirmó que el transporte cooperativizado respalda el levantamiento de la subvención al diésel y planteó acelerar la conversión de vehículos y camiones a Gas Natural Licuado (GNL) como una alternativa para reducir los costos operativos.

“Apoyamos que se levante la sub porque hay contrabandistas que afectan la economía del país”; afirmó Ramiro Choque, presidente de esa federación, al referirse a la decisión del Gobierno de retirar el subsidio al combustible.

El dirigente señaló que el sector espera que el Ministerio de Hidrocarburos defina un precio competitivo para el GNL, debido a que los transportistas analizan convertir sus unidades para utilizar este combustible.

“El ministro de Hidrocarburos se ha comprometido a darnos el precio del GNL porque queremos instalar GNL en las movilidades y camiones”, explicó.

Vea: Gobierno estudia viabilidad del uso de gas natural licuado para el transporte pesado

Choque puso como referencia el precio del energético en Perú y señaló que un costo similar en Bolivia permitiría al transporte mantener sus gastos bajo control.

“El kilo en Perú cuesta 2 soles y medio y en Bolivia para nosotros si cuesta en Bs 6 va a ser excelente y no van a subir los precios de fletes”, sostuvo.

El representante del transporte también destacó que el uso de GNL ya forma parte de la operación de camiones en Perú y descartó que su utilización implique necesariamente un incremento de riesgos.

“En Perú hay camiones con GNL y no han pasado accidentes”, afirmó.

Además, consideró que Bolivia podría aprovechar el GNL que actualmente se pierde durante las operaciones del sector hidrocarburífero. “Aquí en el país el GNL están botando al aire y tendríamos que aprovechar”, manifestó.

El transporte cooperativizado espera abordar estos planteamientos en una próxima reunión con el Gobierno. “Nosotros vamos a esperar a la reunión con el Gobierno”, señaló Choque.

La propuesta del sector apunta a que la transición desde el diésel hacia el GNL permita reducir el impacto del nuevo esquema de precios del combustible sobre los costos de operación y, principalmente, evitar que el incremento llegue a los fletes.",https://larazon.bo/economia-y-empresa/2026/09/30/transporte-cooperativizado-apuesta-por-gnl-para-reducir-costos-tras-la-subvencion/
La Razón,2026-09-30,Nacional,Loza rechaza cambiar al Fiscal General por retiro de visa de EEUU,"El gobernador de Cochabamba, Leonardo Loza, rechazó que el retiro de la visa estadounidense al fiscal general del Estado, Roger Mariaca, pueda ser utilizado como argumento para pedir su alejamiento del cargo y sostuvo que la medida migratoria no constituye una sentencia ni una investigación judicial.

“Si un país te quita la visa, eso no implica que te tienen que sacar del cargo. Para nada. Eso no es ninguna sentencia. Ni siquiera una investigación. Para mí, mi criterio”, afirmó Loza.

La autoridad señaló que el Fiscal General fue elegido mediante los mecanismos establecidos por la Constitución Política del Estado y que una decisión migratoria de otro país no puede determinar su permanencia en el cargo.

“El fiscal general del Estado no es designado con una visa, es electo por la Asamblea como manda la Constitución Política del Estado”, sostuvo.

En esa línea, consideró incorrecto plantear que el retiro de la visa pueda derivar en un cambio de la máxima autoridad del Ministerio Público. “Así que para mí es falso la figura con que con el tema de la visa se pueda cambiar al fiscal general”, afirmó.

Loza también demandó respeto a la independencia de las instituciones bolivianas frente a decisiones adoptadas por otros países.

“Estados Unidos debe saber y debe conocer que tiene que respetar la independencia judicial que tiene el pueblo boliviano”, señaló.

El gobernador también se refirió a la reunión que sostuvo con el presidente Rodrigo Paz, a la que calificó de breve y destinada a evaluar los compromisos establecidos el 5 de agosto.

“Se ha promulgado una ley y hemos tenido una corta reunión para evaluar la agenda que habíamos establecido el 5 de agosto”, explicó.

Consultado sobre las gestiones para obtener mayores recursos económicos para las gobernaciones, Loza afirmó que ese es uno de los principales objetivos de su participación en las negociaciones.

“Todo por conseguir más recursos económicos por mi departamento”, afirmó.

Loza también rechazó que las movilizaciones anunciadas para octubre respondan a una instrucción del expresidente Evo Morales y negó que exista una determinación del exmandatario para activar esas protestas.

“No, para nada, no dictó Evo Morales, es mentira. Es la gran mentira que se difunde en los medios de comunicación”, afirmó.

Según el gobernador, cualquier movilización que pueda activarse responderá a decisiones adoptadas por las bases y no a una instrucción directa de Morales.

“Y si alguna determinación se activó es por decisión de los compañeros de base. Evo Morales solo dirigió esa ampliación”, sostuvo.",https://larazon.bo/nacional/2026/09/30/loza-rechaza-cambiar-al-fiscal-general-por-retiro-de-visa-de-eeuu/
La Razón,2026-09-30,Nacional,Bolivia activa mesa internacional para ejecutar su nueva política antidroga,"Bolivia puso en marcha este miércoles una mesa de coordinación contra el narcotráfico y el crimen organizado con la participación de 13 países, la Unión Europea, Naciones Unidas y la Organización de Estados Americanos (OEA), como parte de la aplicación de la Política Antidroga 2026-2030.

El espacio reúne a representantes de Argentina, Brasil, Canadá, Chile, Colombia, Corea, Ecuador, España, Estados Unidos, Francia, Paraguay y Perú, además de organismos internacionales. La Oficina de las Naciones Unidas contra la Droga y el Delito (UNODC) acompañará el trabajo técnico.

El ministro de Gobierno, Marco Antonio Oviedo, explicó que la estrategia busca responder a un escenario en el que las organizaciones dedicadas al narcotráfico operan a través de varios países y recurren a nuevas rutas, tecnología y mecanismos financieros.

Lea también: Paz envía Ley de Electricidad al Parlamento y alista normativas para Hidrocarburos

“Tenemos por delante un desafío complejo, pero contamos con una hoja de ruta clara y con aliados estratégicos”, afirmó Oviedo durante la instalación de la mesa.

La nueva política fue aprobada el 4 de septiembre y establece nueve líneas de acción para los próximos cinco años. Entre ellas están la desarticulación de organizaciones criminales transnacionales, la interdicción, la inteligencia financiera, el control de precursores químicos, el control de cultivos de coca, la prevención del consumo y la cooperación internacional.

La representante de UNODC en Bolivia, Mónica Mendoza, señaló que la mesa permitirá coordinar programas, intercambiar información técnica y detectar necesidades para evitar que distintos organismos ejecuten acciones similares sin coordinación.

El nuevo mecanismo incorpora asuntos relacionados con la salud pública, el desarrollo alternativo y el fortalecimiento institucional. Con ello, la política antidroga busca combinar acciones contra la oferta de drogas con medidas de prevención, tratamiento y reintegración.

La instalación de esta instancia ocurre semanas después de la aprobación de la Política Antidroga 2026-2030 y tras la presentación del informe de UNODC sobre cultivos de coca de 2025, que registró 36.400 hectáreas en Bolivia, un 7% más que el año anterior.",https://larazon.bo/nacional/2026/09/30/bolivia-activa-mesa-internacional-para-ejecutar-su-nueva-politica-antidroga/
La Razón,2026-09-30,Economía y Empresa,Camiones no distribuirán GLP el jueves por incremento del diésel,"La Cámara Nacional de Distribuidores de GLP advirtió que suspenderá desde el jueves la distribución de gas licuado de petróleo (GLP) en los barrios, debido al impacto del incremento del precio del diésel.

El sector asegura que el 95% de sus camiones utiliza este combustible para el trabajo.

El presidente de la organización, Fernando Segovia, informó que los distribuidores ya plantearon al Ministerio de Hidrocarburos una compensación para cubrir el mayor costo que implica movilizar las garrafas hasta los barrios.

“En negociaciones con el Ministerio le hemos hecho conocer cuánto nos afecta el diésel en el tema de la distribución de GLP, ya que todos los camiones, el 95%, son a diésel y esto pues nos está ocasionando pérdidas”, explicó.

También lea: Transporte cooperativizado apuesta por GNL para reducir costos tras la subvención

Segovia señaló que hasta este miércoles el sector no recibió una respuesta y advirtió que la medida podría alcanzar a unas 134 empresas distribuidoras que operan en todo el país.

“Lastimosamente hasta el día de hoy no hemos tenido una respuesta. En las empresas a nivel nacional son cerca de 134 y más o menos esa cantidad sería la que pararían a partir de mañana”, aseveró.

En Santa Cruz, unas 14 empresas forman parte del sector que analiza suspender el servicio. Segovia sostuvo que, si el Gobierno no presenta una solución, las distribuidoras dejarán de llevar GLP a los barrios de la ciudad y también en otras regiones del país.

“Los asociados han pedido que no se distribuya porque ya no le dan los costos para hacer la distribución normal en la calle”, manifestó.

El dirigente explicó que el tamaño de las empresas determina también el número de vehículos que deben movilizar. Las compañías más grandes cuentan con entre 15 y 20 camiones, mientras que las pequeñas operan con cuatro o cinco unidades.

Ante la consulta sobre si desde este jueves se interrumpirá la distribución, Segovia fue directo: “Sí, a partir de mañana estaríamos dejando de distribuir el GLP”.

El sector espera ahora una respuesta del Ministerio de Hidrocarburos, mientras busca un mecanismo que permita absorber el mayor costo del diésel sin trasladarlo a la operación de distribución.",https://larazon.bo/economia-y-empresa/2026/09/30/camiones-no-distribuiran-glp-el-jueves-por-incremento-del-diesel/
La Razón,2026-09-30,Nacional,Reyes pide al Gobierno transparentar el viaje de Paz,"El diputado de Unidad Alejandro Reyes pidió al Gobierno brindar una explicación “clara y coherente” sobre el viaje del presidente Rodrigo Paz a Estados Unidos y, en particular, sobre el paso del avión presidencial FAB-002 por Boca Ratón, Florida, tras la agenda del mandatario en Nueva York.

El cuestionamiento surge luego de que se conociera que la aeronave permaneció entre el 24 y el 27 de septiembre en Boca Ratón, una ciudad del sur de Florida. El Gobierno sostuvo que se trató de una decisión logística y que Paz permaneció en Miami.

Paz, por su parte, defendió su viaje y afirmó que cumplió una agenda de trabajo destinada a generar acuerdos e inversiones para Bolivia. Durante una conferencia, señaló que sostuvo más de 32 reuniones y aseguró que el desplazamiento permitió avanzar en compromisos por unos $us 10.000 millones.

En ese contexto, Reyes consideró que corresponde al Ejecutivo aclarar las dudas que persisten sobre la visita y evitar que la falta de información sea utilizada para generar cuestionamientos políticos.

“Lo que hay que hacer es transparentar los motivos del viaje que ya han sido claros”, afirmó.

El legislador sostuvo que una explicación oficial permitiría cerrar las interrogantes y evitar que el tema sea utilizado por el vicepresidente Edmand Lara, quien anunció que solicitará información sobre los gastos, las actividades desarrolladas y las personas que acompañaron al Presidente durante su viaje.

“Lo que hay que hacer es dar una explicación clara y punto, sino es darle comidilla a gente como Edmand Lara, que lo único que hace es vivir de ello”, señaló.

Reyes también se refirió a las versiones sobre la existencia de empresas de ciudadanos bolivianos en Estados Unidos y consideró que esa situación, por sí misma, no constituye una irregularidad.

“Se emitirá alguna explicación, pero en todo caso muchos bolivianos tienen empresas en Estados Unidos. Es, no más, fácil de hacer una empresa para poder generar intercambio comercial”, afirmó.

Los cuestionamientos al viaje se produjeron después de que se conociera el itinerario del FAB-002 y su permanencia en Boca Ratón, mientras que el Ejecutivo no había informado inicialmente los detalles de ese tramo ni la agenda desarrollada durante esos días. Posteriormente, Paz explicó que la elección de los aeropuertos responde a decisiones técnicas y defendió el uso de la aeronave presidencial como una herramienta de trabajo.

Ante este escenario, Reyes insistió en que la administración de Paz debe proporcionar información suficiente para despejar las dudas.

“Una explicación clara y coherente tendrá que dar el Gobierno”, concluyó.",https://larazon.bo/nacional/2026/09/30/reyes-pide-al-gobierno-transparentar-el-viaje-de-paz/
La Razón,2026-09-30,Economía y Empresa,Gigantescos reservorios de hidrocarburos en Santa Cruz generan expectativa,"El Gobierno pone sus expectativas en el potencial hidrocarburífero de Santa Cruz y anunció que trabajará durante los próximos cuatro a cinco años en el proyecto piloto Montecristo X9 con la expectativa de encontrar “gigantescos reservorios” de gas y petróleo.

El presidente Rodrigo Paz Pereira destacó el proyecto durante un discurso en Palacio Quemado y señaló que los resultados de Montecristo podrían convertirse en una fuente de energía para el país.

“En Okinawa, Montecristo, hay una esperanza de nuevos y gigantescos reservorios (de hidrocarburos) en Bolivia y estos 4 o 5 años vamos a trabajar para que esos reservorios sean la fuente de energía para que los bolivianos tengan tranquilidad”, afirmó.

Vea también: GLP mantendrá subvención y Gobierno prevé eliminar la de gasolina hasta fin de año

YPFB inició el 15 de septiembre las pruebas del pozo Montecristo-9, en la formación Los Monos. Durante el inicio de las operaciones, el Gobierno señaló que el área podría presentar un potencial comparable con Vaca Muerta, en Argentina, aunque los resultados de las pruebas determinarán finalmente la magnitud de los recursos disponibles.

De confirmarse las expectativas oficiales, Montecristo-9 podría aportar alrededor del 13% de la producción nacional de gas, lo que abriría una nueva perspectiva para el abastecimiento energético y la recuperación del sector hidrocarburífero.

Paz vinculó el desarrollo de nuevos reservorios con la necesidad de atraer capital nacional y extranjero hacia la exploración y explotación de hidrocarburos. El mandatario sostuvo que una mayor redistribución de responsabilidades y recursos entre el Gobierno central, gobernaciones y municipios permitirá que las regiones impulsen proyectos productivos.

“Cuando le pregunten (al gobernador): ‘Oiga, ¿de dónde va a salir la energía?’ Aquí hay energía, hay gas, tenemos electricidad, tenemos capacidad de proponer la energía para que sus empresas se puedan instalar y con eso generar empleo, generar economía”, explicó.

El presidente también cuestionó la falta de una política sostenida de exploración durante las últimas dos décadas y atribuyó a ese proceso la actual situación de las reservas de gas del país.

Paz recordó que Bolivia recibió importantes inversiones extranjeras durante la etapa de mayor desarrollo de su industria petrolera y mencionó a empresas como Repsol, Chevron y Petrobras.

“REPSOL, Chevron, Petrobras, todas las que exploraron hidrocarburos en Bolivia eran extranjeras”, señaló, al plantear nuevamente la apertura del sector a la inversión.

El mandatario sostuvo que Bolivia debe recuperar su capacidad de exploración para evitar una crisis energética y generar las condiciones para que los nuevos proyectos hidrocarburíferos aporten al abastecimiento interno, la generación de empleo y la actividad económica.

El proyecto Montecristo-9 representa así una de las principales apuestas del Gobierno para ampliar el horizonte hidrocarburífero del país, aunque su verdadero potencial dependerá de los resultados de las pruebas y de las posteriores etapas de evaluación y desarrollo.",https://larazon.bo/economia-y-empresa/2026/09/30/gigantescos-reservorios-de-hidrocarburos-en-santa-cruz-generan-expectativa/
La Razón,2026-09-30,Nacional,Justicia revoca domiciliaria y amplía por 60 días la detención preventiva de Marcelo Arce,"La Sala Penal Primera del Tribunal Departamental de Justicia de Santa Cruz revocó la detención domiciliaria de Luis Marcelo Arce Mosqueira, hijo del expresidente Luis Arce, y dispuso que permanezca con detención preventiva en el penal de Palmasola por otros 60 días.

La determinación fue asumida este miércoles tras la apelación presentada por el Ministerio Público contra la resolución que había sustituido la detención preventiva por medidas menos gravosas. La audiencia se realizó dentro del proceso por presunta legitimación de ganancias ilícitas.

El fiscal Néstor Torrez Tapia informó que la Sala Penal declaró procedente el recurso presentado por la Fiscalía y amplió el periodo de detención preventiva de Arce Mosqueira.

Lea también: Paz envía Ley de Electricidad al Parlamento y alista normativas para Hidrocarburos

Con esta resolución, el hijo del exmandatario continuará recluido en Palmasola durante los próximos 60 días, mientras avanza la investigación.

Arce Mosqueira permanecía en el penal desde marzo, cuando un juez dispuso su detención preventiva por 140 días. El 24 de septiembre, otra resolución había sustituido esa medida por detención domiciliaria durante las 24 horas, además de una fianza de Bs 200.000 y otras restricciones. La Fiscalía y el Viceministerio de Transparencia apelaron esa decisión.

La Sala Penal Primera también programó para el 9 de octubre, a las 12.10, una audiencia de control del plazo de la detención preventiva ante el Juzgado 27 de Instrucción Penal Cautelar.

El proceso contra Arce Mosqueira continúa por la presunta legitimación de ganancias ilícitas y la nueva resolución no implica una definición sobre su responsabilidad penal.",https://larazon.bo/nacional/2026/09/30/justicia-revoca-domiciliaria-y-amplia-por-60-dias-la-detencion-preventiva-de-marcelo-arce/
La Razón,2026-09-30,Mundo,Rusia usará armas nucleares si la OTAN ataca su territorio,"La OTAN ha confirmado este miércoles que las autoridades de Rusia han enviado un «documento» en el que avisan del uso de su arsenal, incluyendo armas nucleares, ante un posible ataque aliado a su territorio, a lo que el bloque militar ha respondido asegurando su carácter defensivo y que sus maniobras no suponen un riesgo para Rusia.

La Alianza Atlántica ha recibido un «documento» de parte de Rusia al que ya ha «remitido una respuesta», ha indicado la portavoz de la OTAN, Allison Hart, en declaraciones remitidas a Europa Press. En su réplica, la OTAN ha señalado a Moscú que se trata de «una alianza defensiva y que ninguna de sus actividades o maniobras supone un riesgo para ninguna parte de Rusia».

De esta forma, la OTAN ha subrayado la denuncia «enérgica» de «la amenaza del uso de la fuerza, incluida cualquier retórica nuclear irresponsable» por parte de Moscú, instando a que ponga fin a su «guerra no provocada en Ucrania».

Lea: Emisario ruso se reunió con funcionarios de EEUU en Washington https://larazon.bo/mundo/2026/09/29/emisario-ruso-se-reunio-con-funcionarios-de-eeuu-en-washington/

«El uso de tácticas híbridas por parte de Rusia es un signo de desesperación. Pero no nos disuadirá de nuestro apoyo a Ucrania», ha añadido la portavoz aliada, que señaló que la OTAN cuenta con los medios necesarios para defender cada centímetro de su territorio.

«Seguimos siendo fuertes, estamos preparados y somos capaces de hacer frente a cualquier amenaza», ha recalcado Hart.

En 2024, Rusia llevó a cabo un cambio de su doctrina nuclear para «corregir los enfoques» actuales con una actualización y ampliación del tipo y origen de amenazas ante las cuales Moscú respondería con armamento nuclear.

En la práctica el paso sirvió para fijar nuevos criterios que van más allá de las amenazas nucleares contra Moscú, ya que estaría justificada una respuesta nuclear «incluso si el enemigo, utilizando armas convencionales, crea una amenaza crítica» a la soberanía rusa.",https://larazon.bo/mundo/2026/09/30/rusia-usara-armas-nucleares-si-la-otan-ataca-su-territorio/
La Razón,2026-09-30,Sociedad,Gobernación de Santa Cruz abre 1.000 becas internacionales para jóvenes,"La Gobernación de Santa Cruz, a través de la Dirección Departamental de Gestión Educativa, lanzó el Programa Internacional de Liderazgo con Inteligencia Artificial y Competencias para el Futuro del Trabajo, que permitirá a 1.000 jóvenes acceder a formación especializada.

La iniciativa es desarrollada junto a Vital Dignity Academy, de Toronto, Canadá. Contempla 200 becas con cobertura del 100% y 800 con el 79%, destinadas a jóvenes de entre 18 y 30 años.

La formación tendrá una duración aproximada de dos meses, desde mediados de octubre hasta mediados de diciembre.

Estará organizada en cuatro sesiones: liderazgo en la era de la inteligencia artificial; la IA como herramienta, no como reemplazo; pensamiento estratégico, comunicación e innovación; y un módulo final orientado a liderar, crear y actuar.

Las postulaciones estarán habilitadas del jueves 1 al martes 6 de octubre, a través de las redes sociales oficiales de la Gobernación de Santa Cruz, donde se difundirá el enlace y las indicaciones para el registro.

El requisito indispensable será contar con cédula de identidad. Una vez concluida la etapa de inscripción y selección, se dará a conocer la nómina de los jóvenes que accederán a las becas.

La directora de Gestión Educativa, Kessia Cabello, destacó que la alianza permitirá acercar conocimientos y herramientas de alcance internacional a la juventud cruceña.

“Estamos convencidos de que la educación, el liderazgo, la innovación y el conocimiento son herramientas fundamentales para construir el futuro de nuestro departamento”, afirmó.

Desde el equipo técnico de la Dirección Departamental de Gestión Educativa, Kimberly Soto señaló que se realizará el acompañamiento durante las diferentes etapas del proceso.

“Vamos a seguir trabajando para abrir puertas, generar alianzas y acercar nuevas oportunidades que permitan que el talento de nuestros jóvenes tenga dónde crecer”, sostuvo.",https://larazon.bo/sociedad/2026/09/30/gobernacion-de-santa-cruz-abre-1-000-becas-internacionales-para-jovenes/
La Razón,2026-09-30,Nacional,Ávila plantea revisar el modelo autonómico tras devolución de prediarios,"El presidente de la Cámara de Senadores, Diego Ávila, planteó revisar el modelo de autonomías del país después de la promulgación de la ley que devuelve al Gobierno central el financiamiento de los prediarios de las personas privadas de libertad.

Durante el acto de promulgación, Ávila señaló que la norma también abre una discusión sobre la relación entre las competencias asignadas a las gobernaciones y los recursos que reciben para cumplir sus funciones.

“Las autonomías necesitan competencias, pero también recursos para ejercerlas”, afirmó el presidente del Senado.

Lea también: Paz envía Ley de Electricidad al Parlamento y alista normativas para Hidrocarburos

La nueva norma libera a las gobernaciones del pago de los prediarios, una obligación que durante años fue cubierta con recursos departamentales. Para Ávila, la devolución de esa responsabilidad representa un punto de partida para revisar el esquema autonómico.

El legislador planteó que el debate abarque las competencias, facultades y el componente fiscal de las autonomías, dentro de las discusiones sobre una posible reforma constitucional.

“Este es un paso que ya nos muestra cómo trabajamos, pero seguramente será un proceso a través del cual podamos cambiar radicalmente el modelo de autonomías”, señaló.

Ávila consideró que la transferencia de una competencia al nivel central no debe cerrar el debate, sino abrir una discusión sobre cómo dotar a los gobiernos departamentales de capacidad suficiente para atender las necesidades de sus regiones.",https://larazon.bo/nacional/2026/09/30/avila-plantea-revisar-el-modelo-autonomico-tras-devolucion-de-prediarios/
La Razón,2026-09-30,Mundo,Invierno: Rusia ataca el suministro eléctrico de Ucrania,"Rusia atacó este miércoles la infraestructura energética de Ucrania con una ola de drones y misiles, lo que motivó llamados urgentes a tomar de medidas contingencia a medida que se avecina el invierno.

Según Ucrania, fueron los primeros ataques a gran escala de la temporada en la campaña rusa para dejar a la capital Kiev sin calefacción y electricidad antes del invierno, una táctica que Moscú ha empleado en los cuatro años y medio de guerra.

Al menos cuatro personas murieron en Kiev y sus alrededores, incluido un niño encontrado bajo los escombros de un edificio destruido, según las autoridades.

Las sirenas de alerta resonaron por la ciudad para llamar a los pobladores a refugiarse en albergues y estaciones de metro ante la incursión de misiles balísticos y de crucero, así como drones de alta velocidad.

El Ministerio de Defensa ruso dijo que había efectuado «un ataque masivo con misiles y drones» contra Kiev y la región circundante, dirigido a la infraestructura energética.

La empresa energética ucraniana DTEK confirmó que la red eléctrica sufrió daños, afectando el suministro de 8.000 hogares. Los ingenieros restablecieron el servicio pero lo calificaron como «otra noche difícil para la capital».

El suministro energético es crucial en Ucrania durante los duros meses invernales.

El presidente, Volodimir Zelenski, reveló que el suministro de agua también fue cortado y que «infraestructura crítica» fue golpeada en ataques por todo el país.

El primer ministro, Serguii Koretski, indicó que los ataques son el inicio de una nueva campaña rusa invernal contra el sector energético.

«Desde el verano prácticamente no ha pasado un día sin que el enemigo ataque nuestra infraestructura energética», publicó Koretski en Telegram.

«Sin embargo, es la primera vez que hay un ataque combinado a tan gran escala desde el final» del invierno anterior, agregó.

Lea: Rusia usará armas nucleares si la OTAN ataca su territorio https://larazon.bo/mundo/2026/09/30/rusia-usara-armas-nucleares-si-la-otan-ataca-su-territorio/

Ucrania inició una evaluación del alcance de los daños en su sistema energético, castigado por ataques realizados desde el inicio de la guerra en febrero de 2022.

«Las autoridades locales deben comprobar la preparación de los sistemas de energía de reserva para las instalaciones críticas en las comunidades y completar todo el trabajo de su instalación y conexión lo más rápido posible», indicó Koretski.

Los bombardeos del miércoles ocurrieron después de que la fuerza aérea ucraniana advirtiera de una amenaza de proyectiles balísticos dirigidos a la capital.

«La región de Kiev ha sufrido otro ataque enemigo con misiles y drones», expresó el jefe de la administración militar regional, Timur Tkachenko.

Las autoridades capitalinas dijeron que los ataques alcanzaron edificios residenciales y comerciales, provocando incendios y grandes daños en inmuebles y vehículos.

Kiev se ha enfrentado cada vez más a drones y misiles rusos a medida que el peor conflicto de Europa desde la Segunda Guerra Mundial entra en su quinto año.

El martes por la noche, el jefe del gobierno alemán, Friedrich Merz, demostró que una reunión entre los ministros de Relaciones Exteriores de Alemania y Rusia, celebrada el sábado al margen de la Asamblea General de la ONU en Nueva York, había demostrado que Moscú «no está en absoluto interesado en negociaciones serias» sobre Ucrania.",https://larazon.bo/mundo/2026/09/30/invierno-rusia-ataca-el-suministro-electrico-de-ucrania/
La Razón,2026-09-30,Mundo,Mercado petrolero apuesta a la prudencia ante falta de avances,"Los precios del petróleo cerraron alza el miércoles y recuperaron parte de las pérdidas del día anterior, en medio de la incertidumbre sobre las negociaciones entre Estados Unidos e Irán para poner fin al conflicto en Oriente Medio.

El precio del barril de Brent del mar del Norte para entrega en noviembre subió un 0,92% hasta 103,53 dólares.

El contrato para diciembre se mueve en torno a los 97 dólares, lo que significa que el jueves, mecánicamente, el barril de Brent de referencia podría volver a situarse «por debajo del umbral psicológico de los 100 dólares», señaló Arne Lohmann Rasmussen, analista de Global Risk Management.

En tanto, el barril de West Texas Intermediate (WTI) para noviembre subió 1,16% hasta 90,42 dólares.

Por un lado, «se ha confirmado que Estados Unidos e Irán se están comunicando, aunque a través de mediadores, con el objetivo de poner fin a las hostilidades», lo que evita un brusco repunte de los precios, señaló David Morrison, analista de la firma de corretaje Trade Nation.

Pero por otro lado, no parece que las conversaciones estén produciendo avances.

Irán anunció el miércoles que recibió una respuesta formal de Washington a su última oferta para poner fin a la guerra, sin precisar su contenido.

Teherán exige el cese de las hostilidades en todos los frentes de Oriente Medio, incluido Líbano, donde Israel se enfrenta al movimiento islamista Hezbolá; el desbloqueo de sus activos retenidos en el extranjero; el levantamiento de las sanciones que afectan a su sector petrolero, así como el fin del embargo estadounidense.

Sin embargo, el presidente Donald Trump rechazó esta propuesta y aseguró el lunes que no había ofrecido a Irán ni levantar las sanciones ni descongelar los fondos.

Sin acuerdo, «los ataques recíprocos podrían reanudarse en cualquier momento» y hacer repuntar los precios del crudo, estimó Tamas Varga, analista de PVM.

Aunque la plataforma de seguimiento de materias primas Kpler muestra que está saliendo más petróleo de Oriente Medio, la situación en el estrecho de Ormuz sigue lejos de la normalidad. Tres buques fueron atacados el martes allí, informó la agencia británica de seguridad marítima UKMTO.",https://larazon.bo/mundo/2026/09/30/mercado-petrolero-apuesta-a-la-prudencia-ante-falta-de-avances/
La Razón,2026-09-30,Nacional,Magistratura interviene la oficina de jueza vinculada al caso Marset,"El Consejo de la Magistratura inició una revisión técnica de expedientes relacionados con una jueza señalada por una presunta visita al narcotraficante uruguayo Sebastián Marset antes de su captura en Santa Cruz.

La intervención fue encabezada por Emilio Arredondo, representante distrital del Consejo de la Magistratura, quien informó que el objetivo es revisar las actuaciones de la autoridad judicial y determinar si existen irregularidades que ameriten acciones legales.

La revisión se activó después de que circularan versiones sobre una supuesta visita de la jueza a uno de los inmuebles que habría ocupado Marset antes de su captura, ocurrida el 13 de marzo en Santa Cruz.

Arredondo explicó que el levantamiento de información estará a cargo de la Unidad Jurídica y la Unidad de Transparencia del Consejo de la Magistratura. Ambas instancias revisarán principalmente los procesos relacionados con Marset y con alias El Colla, señalado como presunto testaferro del narcotraficante uruguayo.

“Vamos a hacer levantamiento de estos expedientes. Estamos analizando en este momento con la Unidad Jurídica y la Unidad de Transparencia qué acciones vamos a tomar en contra de esta servidora pública”, afirmó Arredondo, citado por Unitel.

El representante distrital señaló que la revisión permitirá establecer si hubo actuaciones irregulares dentro de los procesos judiciales relacionados con el caso y, a partir de los resultados, definir si corresponde iniciar acciones penales contra la jueza.

La intervención también contempla la revisión de información relacionada con la presunta liberación de bienes que habían sido secuestrados dentro de las investigaciones contra la organización vinculada con Marset.

Arredondo indicó que ese aspecto será incluido entre los elementos que serán analizados antes de establecer eventuales responsabilidades.

La Magistratura busca determinar si las actuaciones de la jueza se ajustaron a los procedimientos establecidos y si existió alguna irregularidad vinculada con los procesos derivados del caso Marset.

Por ahora, las versiones sobre la presunta reunión o visita de la jueza son materia de verificación y la revisión de los expedientes deberá establecer si existen elementos que sustenten posibles responsabilidades administrativas o penales.",https://larazon.bo/nacional/2026/09/30/magistratura-interviene-la-oficina-de-jueza-vinculada-al-caso-marset/
La Razón,2026-09-30,Sociedad,La Paz: aulas del colegio Niño Jesús en riesgo de colapso ante llegada de lluvias,"Padres de familia y autoridades municipales en La Paz alertan sobre el inminente riesgo de colapso de las aulas en la unidad educativa Niño Jesús , ubicada en la zona de Villa Salomé, ante la llegada de la temporada de lluvias. La infraestructura escolar, con más de 60 años de antigüedad, presenta graves problemas estructurales que exigen una intervención urgente y la transferencia de predios entre la Gobernación y la Alcaldía.

Así lo evidenció el concejal Fernando Ruiz durante una inspección al establecimiento educativo. En el lugar, constató el grave deterioro de la infraestructura, caracterizado por filtraciones de agua en los techos, además de grietas en muros y cubiertas.

Asimismo, observó pisos partidos y distintos ambientes convertidos en depósitos improvisados para almacenar pupitres, fotocopiadoras en mal estado y material educativo en desuso.

Ante esta situación, el legislador solicitará una reunión formal con la Gobernación y la Alcaldía de La Paz para acelerar el trámite que permita transferir los predios al municipio y gestionar su refacción.

“Vamos a mandar la nota para tener una reunión formal con la Gobernación y también con el alcalde para su inmediata reparación. Es importante que puedan pasar los predios a la Alcaldía de La Paz para refaccionar esta unidad educativa”, señaló Ruiz durante la inspección.

En el recorrido se advirtió que algunos ambientes presentan condiciones que impiden su utilización para actividades educativas.

También se identificaron muros afectados, aparentemente por problemas relacionados con el terreno, además de espacios convertidos en depósitos donde se encuentran pupitres deteriorados, fotocopiadoras y otros materiales en desuso.

La inspección contó con la presencia de funcionarios de la Gobernación, tomando en cuenta que la infraestructura pertenece actualmente a esa instancia. Ruiz explicó que existe un trámite para la transferencia de los predios al Gobierno Municipal de La Paz, pero gestiona una forma oportuna para refaccionar estos ambientes antes de la época de lluvias.

“Tenemos conocimiento de que hay un trámite para el proceso de transferencia. Nosotros vamos a enviar la nota al gobernador para poder conocer cómo está este trámite y buscar que se pueda acelerar”, explicó el concejal.

Lea también: Desde el 26 de octubre se pagará el bono Juancito Pinto

Ruiz sostuvo que la transferencia de la infraestructura permitiría que la Alcaldía pueda intervenir de manera directa en el establecimiento. Así se podrá atender las deficiencias que actualmente afectan a los ambientes destinados a la educación de los estudiantes.",https://larazon.bo/sociedad/2026/09/30/la-paz-aulas-del-colegio-nino-jesus-en-riesgo-de-colapso-ante-llegada-de-lluvias/
La Razón,2026-09-30,Sociedad,El Apthapi Andino encabeza la elección del Plato Metrópoli Alteño,"De los seis platos que están en carrera para ser elegidos como el Plato Metrópoli Alteño , el Apthapi Andino encabeza la lista con 134 votos en los primeros 15 días. El concurso estará abierto hasta el 8 de enero de 2027.

Le siguen el fiambre con 126 votos, el pesque de quinua con 88, el ají de fideo con 84, el wallake con 73 y finaliza la sopita de fideo con 66 votos.

Si su plato preferido se está quedando atrás, puede votar en el siguiente enlace: https://elplatometropoli.elalto.gob.bo/

El secretario municipal de Desarrollo Económico, Willy Tancara, explicó que el objetivo es promover la gastronomía alteña. Asimismo, fortalecer la identidad de la ciudad con esta primera versión del concurso.

La iniciativa convoca a toda la población alteña a participar de la elección entre los platos tradicionales que se consumen en el municipio, para definir cuál representará a la ciudad.

Para participar, se habilitó un código QR donde la ciudadanía podrá emitir su voto por el plato que considere más representativo de la ciudad. La votación estará abierta hasta el 8 de enero de 2027, fecha en que se darán a conocer los resultados oficiales.

Lea también: ¿Fiambre, wallake o sopa de fideo? El Alto busca su ‘Plato Metrópoli’

El plato ganador representará oficialmente la gastronomía alteña ante el país y formará parte del circuito gastronómico y turístico que impulsa el municipio.",https://larazon.bo/sociedad/2026/09/30/el-apthapi-andino-encabeza-la-eleccion-del-plato-metropoli-alteno/
La Razón,2026-09-30,Sociedad,Defensoría advierte riesgo alimentario en centros de acogida por alza del diésel,"Luego de inspecciones en centros de salud y acogida a nivel nacional, la Defensoría del Pueblo advirtió sobre un riesgo “inminente” para el derecho a la alimentación de poblaciones en situación de vulnerabilidad bajo custodia del Estado. Las verificaciones fueron realizadas en 54 establecimientos de todo el país.

“Queremos alertar sobre un riesgo inminente en el derecho a la alimentación de las personas en situación de vulnerabilidad bajo custodia del Estado. Realizamos 54 verificaciones a nivel nacional y el resultado es definitivamente muy preocupante. Queremos enviar un mensaje claro a la población, pero también a los diferentes niveles del Estado —central, departamental y municipal— para que adopten las medidas necesarias y eviten que este riesgo para el derecho a la alimentación se profundice”, señaló el defensor del Pueblo, Pedro Callisaya.

El relevamiento técnico, realizado en establecimientos ubicados en las nueve capitales departamentales y El Alto, constató una situación presupuestaria crítica en centros de acogida para niñas, niños y adolescentes. Asimismo, en hogares para adultos mayores y hospitales públicos de segundo y tercer nivel.

De acuerdo con el informe defensorial, uno de los principales factores que incide en esta situación es el incremento generalizado de precios registrado tras la eliminación de la subvención al diésel, además de las variaciones del mercado.

Como consecuencia, señala el informe defensorial, el 67% de los centros de NNA y el 60% de los hogares de PAM reportaron un incremento en el costo de adquisición de alimentos.

Asimismo, el 56% de los establecimientos destinados a la niñez y el 73% de los hogares de personas adultas mayores señalaron que los recursos asignados son insuficientes para cubrir la cantidad y diversidad nutricional requeridas.

Los hallazgos también evidencian dificultades en el abastecimiento diario. En los centros de NNA, el 17% ya no cuenta con reservas suficientes de alimentos frescos, como carne, verduras y frutas, mientras que el 22% presenta un desabastecimiento parcial.

En los hogares de personas adultas mayores, el 20% reportó falta de productos secos y el 27% carencia de alimentos frescos. Para afrontar este déficit, algunos establecimientos adoptaron medidas de contingencia que afectan otros componentes de la atención. Entre ellos, solicitar donaciones (40%), sustituir alimentos por opciones de menor costo (33%). Asimismo, reducir recursos destinados a transporte, educación, pañales y medicamentos psiquiátricos.

Lea también: Gobernación de Santa Cruz inicia relevamiento y publicación de precios de alimentos

En el ámbito sanitario, el 52% de los 21 hospitales visitados reportó limitaciones presupuestarias para garantizar la alimentación y nutrición de sus pacientes.

Ante esta situación, el Defensor del Pueblo dirigió un emplazamiento urgente al nivel central del Estado, al Ministerio de Salud. Asimismo, a los Gobiernos Departamentales y Municipales, así como a los Servicios Departamentales de Gestión Social, para que adopten medidas correctivas inmediatas.

La autoridad defensorial demandó la asignación de recursos extraordinarios y la actualización de los presupuestos institucionales de acuerdo con el costo de vida actual. El objetivo es garantizar el derecho a la alimentación y prevenir afectaciones a la dignidad y la salud de estas poblaciones.",https://larazon.bo/sociedad/2026/09/30/defensoria-advierte-riesgo-alimentario-en-centros-por-alza-del-diesel/
La Razón,2026-09-30,Mundo,Brasil y EEUU mantienen reunión con crisis de aranceles de fondo,"Brasil y Estados Unidos mantuvieron este miércoles una reunión «constructiva» presencial en medio de la crisis de aranceles impuestos por Washington, informó el gobierno brasileño, los días de las presidenciales en el país sudamericano.

El gobierno de Donald Trump aplicó en julio dos rondas de tarifas a varios productos brasileños por supuestas prácticas comerciales desleales y otras infracciones, que Brasilia rechaza.

El presidente de izquierda Luiz Inácio Lula da Silva ha acusado a Estados Unidos de intentar interferir en los comicios del domingo, en los que busca la reelección contra el derechista Flávio Bolsonaro, hijo del expresidente Jair Bolsonaro (2019-2022), aliado de Trump.

Los ministros brasileños de Relaciones Exteriores y Comercio, Mauro Vieira y Márcio Elias Rosa, se reunieron con el representante comercial estadounidense, Jamieson Greer, al margen del encuentro de ministros de Comercio del G20 en Milwaukee, Estados Unidos.

Fue una reunión «constructiva, con discusión de los principales temas de la agenda comercial bilateral», según una nota de la cancillería brasileña.

Ambas partes «manifestaron disposición a trabajar con celeridad en la búsqueda de un entendimiento mutuamente satisfactorio».

Según Brasilia, el gobierno estadounidense enviará en las próximas semanas una propuesta de trabajo para las negociaciones «contemplando cuestiones tarifarias y no tarifarias».

Se trata del primer encuentro presencial entre ambas partes desde los aranceles aplicados en julio.

Lula, de 80 años, habló en agosto durante más de una hora con Trump por teléfono en un tono «amistoso» y «cordial», según el gobierno brasileño.

Las tensiones entre Brasilia y Washington se arrastran desde 2025, cuando Estados Unidos impuso un primer tarifazo a productos brasileños en represalia por un juicio a Jair Bolsonaro, condenado por un intento de golpe de Estado.

Hasta ahora Trump no apoyó explícitamente al hijo de su aliado para los comicios, si bien recibió a Flávio Bolsonaro este año en un encuentro privado en la Casa Blanca.",https://larazon.bo/mundo/2026/09/30/brasil-y-eeuu-mantienen-reunion-con-crisis-de-aranceles-de-fondo/
La Razón,2026-09-30,Economía y Empresa,COMIBOL plantea ley para reforzar la lucha contra la minería ilegal y el jukeo,"La Corporación Minera de Bolivia ( COMIBOL) presentó a la Asamblea Legislativa Plurinacional un anteproyecto de ley para fortalecer la lucha contra la minería ilegal y enfrentar el “jukeo” de minerales.

El diputado Omar Muriel Vásquez informó este miércoles que recibió el documento elaborado por COMIBOL y anunció que la propuesta busca reforzar los mecanismos de prevención y control frente a las actividades ilícitas vinculadas con la minería.

El anteproyecto plantea fortalecer las acciones destinadas a proteger los recursos estratégicos del Estado y mejorar la capacidad de las instituciones para prevenir, controlar y responder ante la sustracción ilegal de minerales.

Lea: Indígenas dan un ultimátum a la minería y exigen retirar dragas

COMIBOL explicó que la propuesta recoge la problemática que enfrentan las operaciones mineras estatales frente al jukeo y otras actividades relacionadas con la extracción ilegal de minerales.

La corporación minera considera que este problema requiere una respuesta coordinada entre las instituciones competentes del Estado. Del mismo modo, la minería estatal y sus trabajadores, con el objetivo de mejorar las tareas de prevención, control y respuesta.

El documento incorpora además la necesidad de articular las competencias de las distintas instituciones involucradas en la lucha contra la minería ilegal. De manera que las acciones de control tengan una respuesta más efectiva en las áreas donde operan las empresas estatales.

COMIBOL socializó el anteproyecto y entregó la propuesta a representantes de las cámaras de Diputados y de Senadores. Todo con el objetivo de abrir su tratamiento dentro de la Asamblea Legislativa.

La iniciativa busca establecer un marco legal más sólido para proteger la producción minera estatal. Así como los recursos minerales del país frente a actividades ilegales que afectan las operaciones y los ingresos del Estado.",https://larazon.bo/economia-y-empresa/2026/09/30/comibol-plantea-ley-para-reforzar-la-lucha-contra-la-mineria-ilegal-y-el-jukeo/
La Razón,2026-09-30,Nacional,Oviedo dice que la Asamblea puede fiscalizar a Mariaca,"El ministro de Gobierno, Marco Antonio Oviedo, afirmó que la Asamblea Legislativa tiene atribuciones para fiscalizar las actuaciones del fiscal general del Estado, Roger Mariaca, después de que Estados Unidos revocara su visa y lo señalara por presuntos actos de corrupción y vínculos con el narcotráfico.

“Es el Órgano Legislativo el que tiene dos facultades: debe legislar y, la segunda, fiscalizar. La segunda razón es porque de la Asamblea Legislativa sale el nombramiento del fiscal general”, sostuvo Oviedo este miércoles.

La autoridad hizo la declaración al ser consultada sobre las acciones que deberían adoptarse en Bolivia después de que el Departamento de Estado estadounidense incluyera a Mariaca entre las autoridades alcanzadas por sus medidas migratorias.

Oviedo pidió diferenciar la decisión adoptada por Estados Unidos de las actuaciones que puedan desarrollarse dentro de Bolivia.

“Hay que dividir las cosas, una cosa es el retiro de las visas y eso es competencia y atribución de un Estado para ver qué ciudadanos pueden ingresar o no a su país. Por la segunda, la Asamblea Legislativa se ha pronunciado”, afirmó.

El ministro señaló así que la medida migratoria estadounidense corresponde a las atribuciones de ese país, mientras que cualquier eventual fiscalización de Mariaca debe desarrollarse dentro de los mecanismos institucionales bolivianos.

La declaración se produce después de que legisladores plantearan que el caso sea tratado en la Asamblea Legislativa y que se solicite información oficial a Estados Unidos sobre las acusaciones contra el Fiscal General.

El Departamento de Estado estadounidense acusó a Mariaca de haber utilizado sus cargos públicos para solicitar y aceptar sobornos con el propósito de facilitar actividades de narcotráfico y ayudar a delincuentes violentos a evadir la justicia. Estas afirmaciones corresponden a señalamientos del Gobierno estadounidense y no constituyen, por sí mismas, una sentencia judicial en Bolivia.

“Mariaca (…) abusó de sus cargos públicos al solicitar y aceptar sobornos para facilitar el narcotráfico y ayudar a criminales violentos a evadir la justicia”, señala el comunicado difundido el lunes.

El documento añade que las acciones atribuidas al Fiscal General ponen en riesgo los esfuerzos del presidente Donald Trump contra el narcoterrorismo y afectan, según la posición estadounidense, instituciones democráticas que Bolivia busca fortalecer mediante su participación en el programa Escudo de las Américas.

Mariaca rechazó las acusaciones y defendió la independencia del Ministerio Público. El caso generó además pedidos de explicación y mecanismos de fiscalización dentro de la Asamblea Legislativa.",https://larazon.bo/nacional/2026/09/30/oviedo-dice-que-la-asamblea-puede-fiscalizar-a-mariaca/
La Razón,2026-09-30,Mundo,Protección al consumidor de EEUU investiga a gigantes de la IA,"La agencia estadounidense de protección al consumidor abrió una investigación a los grandes actores de la inteligencia artificial (IA), incluidos OpenAI y Anthropic, para determinar los riesgos de sus modelos para los consumidores, informó el miércoles varios medios.

La Comisión Federal de Comercio (FTC) trata de establecer si los «laboratorios», como se autodenominan, han infringido leyes federales durante incidentes en los que algunos de sus IA navegaron espontáneamente por internet e irrumpieron en varios sitios y plataformas.

Tanto la FTC, como OpenAI, Anthropic y Google no han respondido de inmediato a las solicitudes de comentarios de la AFP.

El martes, en una reunión con directivos del sector, el presidente Donald Trump recordó que el Departamento de Justicia y las agencias competentes se asegurarían de que la IA, como producto, cumpliera con la ley.

En 2023, la FTC ya había adelantado una investigación a OpenAI, con el fin de revisar si ChatGPT pudo ocasionar un perjuicio a algunos consumidores, en particular al generar información falsa sobre ciertas personas. La investigación no continuó.

Desde el inicio del verano, OpenAI, Anthropic, Google y Meta han revelado una serie de incidentes en los que modelos de lenguaje en fase de pruebas accedieron a internet y datos privados en diversas plataformas, sin autorización.

Hasta ahora, ningún operador de los sitios afectados ha acudido a la justicia, incluido Hugging Face, víctima de la incursión más importante por parte de modelos fuera de control.

El martes, sin embargo, una organización de consejeros legales por la seguridad de las nuevas tecnologías, llamada LASST, demandó a OpenAI ante un tribunal de San Francisco por infringir la ley del estado de California.

Si bien LASST no ha sido blanco de las incursiones de modelos de IA, asegura que tiene interés en actuar contra los presuntos grandes riesgos que presenta esta tecnología.",https://larazon.bo/mundo/2026/09/30/proteccion-al-consumidor-de-eeuu-investiga-a-gigantes-de-la-ia/
La Razón,2026-09-30,Economía y Empresa,Ejecutivo se abre a revisar incremento salarial ante nuevo escenario económico,"El Gobierno nacional dejó este miércoles abierta la posibilidad de revisar el incremento salarial ante el nuevo escenario económico que atraviesa Bolivia.

El ministro de Trabajo , Williams Bascopé, afirmó que el Ejecutivo deberá evaluar distintos indicadores antes de asumir una posición sobre el aumento para los trabajadores.

“En el tema del incremento salarial, (…) seguramente en su momento se lo va a tener que repensar, evaluar y ver de acuerdo a todo lo que está pasando, porque hay un sinceramiento económico”, declaró Bascopé a ANF.

La autoridad sostuvo que el Gobierno debe analizar el comportamiento de la economía y sus efectos antes de plantear cualquier expectativa sobre el incremento salarial.

Lea: CNC advierte sobre incremento salarial y formalizar la economía

“Sería irresponsable de nuestra parte (como Gobierno) no evaluar todos estos aspectos. Hay que hacerlo”, afirmó.

Bascopé también evitó anticipar una cifra o comprometer un incremento y pidió esperar el análisis económico correspondiente.

“Hay que ver también el comportamiento económico. No quiero ser irresponsable de vender ilusiones que no son”, señaló.

El ministro realizó estas declaraciones durante una jornada de socialización con periodistas de El Alto, en la que explicó los recientes decretos supremos aprobados por el Gobierno.

Entre las medidas mencionó la eliminación de la subvención al diésel, la prioridad nacional para el cierre de empresas deficitarias y la creación de créditos dirigidos a productores nacionales para financiar capital de inversión y operaciones, además de la compra de maquinaria y vehículos de carga pesada.

Bascopé defendió la eliminación del subsidio al diésel y sostuvo que el esquema anterior favorecía a grupos dedicados al contrabando de combustible hacia países vecinos.

La autoridad explicó que el Gobierno busca ordenar las cuentas públicas y generar un nuevo escenario económico mediante el retiro de mecanismos que, según su argumento, permitían que recursos estatales terminaran fuera del país.",https://larazon.bo/economia-y-empresa/2026/09/30/ejecutivo-se-abre-a-revisar-incremento-salarial-ante-nuevo-escenario-economico/
La Razón,2026-09-30,Economía y Empresa,Urupabol apunta a triplicar barcazas para abaratar ingreso de crudo a Bolivia,"El bloque regional Urupabol, que integran Bolivia, Paraguay y Uruguay, acordó trabajar en un plan para triplicar la capacidad de barcazas que transportan mercancías por la Hidrovía Paraguay-Paraná.

Se trata de una medida que el Gobierno boliviano considera clave para abaratar el ingreso de petróleo crudo al país.

El presidente Rodrigo Paz Pereira informó que el acuerdo surgió de la reunión que sostuvo con sus pares de Uruguay, Yamandú Orsi, y Paraguay, Santiago Peña , el 23 de septiembre en Nueva York, en el marco de la Asamblea General de las Naciones Unidas.

“El compromiso firme del presidente de Uruguay, Yamandú Orsi, y de Santiago Peña, presidente de Paraguay, para el desarrollo de Puerto Busch y todo lo que significa la hidrovía, consiste en triplicar la capacidad de barcazas para movilizar el comercio que entra y sale de la hidrovía hasta Bolivia”, afirmó Paz durante un acto en Palacio Quemado.

También vea: Visita de Kast facilitará el vínculo comercial regional de Bolivia, según Paz

El Mandatario anunció además que los equipos técnicos de los tres países se reunirán en las próximas dos semanas en Asunción para avanzar en un mecanismo que permita transportar petróleo crudo hacia Bolivia por la vía fluvial .

Paz explicó que el objetivo consiste en aprovechar la Hidrovía como una ruta de menor costo para internar el crudo que luego procesarán las refinerías Gualberto Villarroel, de Cochabamba, y Guillermo Elder Bell, de Santa Cruz.

“El problema es que, al ser mediterráneos, nos cuesta más caro traerlo a nosotros. Por eso estamos trabajando con Urupabol, porque te sale más barato traerlo por la hidrovía; siempre por agua es más barato”, sostuvo.

El Gobierno proyecta que la ampliación de la capacidad logística permitirá reducir los costos de transporte del crudo y, posteriormente, mejorar las condiciones de abastecimiento de gasolina, diésel y jet fuel en el mercado interno.

Paz señaló que la reactivación de Urupabol forma parte de su agenda para enfrentar las dificultades energéticas y logísticas que arrastra Bolivia y aprovechar su conexión con el Atlántico a través de la Hidrovía Paraguay-Paraná.

La estrategia también contempla fortalecer Puerto Busch y la red portuaria vinculada con Paraguay y Uruguay para ampliar las alternativas de comercio exterior boliviano.

Además del componente energético, el Gobierno proyecta utilizar esta ruta para sacar minerales bolivianos hacia los mercados internacionales.

Paz puntualizó que los tres países coordinan infraestructura para facilitar la salida de la producción de hierro del complejo siderúrgico de El Mutún hacia el océano Atlántico.

La revitalización de Urupabol también incorpora otros objetivos de integración, como seguridad fronteriza, cielos abiertos y digitalización migratoria. Los gobiernos prevén realizar una nueva cumbre presidencial en Bolivia para consolidar estos acuerdos como parte de una agenda de integración de largo plazo.",https://larazon.bo/economia-y-empresa/2026/09/30/urupabol-apunta-a-triplicar-barcazas-para-abaratar-ingreso-de-crudo-a-bolivia/
La Razón,2026-09-30,Economía y Empresa,Hidrocarburos dice que ya se normaliza el suministro de carburantes,"El Gobierno anunció la normalización del suministro de gasolina y otros combustibles después de cerrar acuerdos con los cisternistas nacionales, según informó este miércoles el ministro de Hidrocarburos, Marcelo Blanco.

La autoridad explicó que las negociaciones entre YPFB, las refinerías y los transportistas generaron demoras en los últimos días y afectaron la distribución de combustibles en distintos puntos del país.

“Estamos trabajando en temas logísticos, YPFB y las refinerías han estado negociando con los cisterneros nacionales y por eso hubo demoras logísticas, pero esperamos que el normal abastecimiento se recupere a la brevedad posible”, afirmó Blanco.

Vea: Gigantescos reservorios de hidrocarburos en Santa Cruz generan expectativa

El ministro señaló que las partes cerraron los acuerdos la noche del martes y que, desde entonces, comenzó a restituirse el suministro.

“Con la firma de los acuerdos ya se tiene que restituir el suministro de combustibles, que ya se está normalizando tras la firma de los acuerdos anoche (martes)”, sostuvo.

Blanco explicó que el problema se concentró en las negociaciones con los transportistas nacionales, mientras que YPFB gestionó directamente las condiciones con los proveedores internacionales.

“Es un tema de negociado lo de los cisterneros locales porque con los internacionales hemos negociado nosotros, pero por eso han tardado las negociaciones”, indicó.

En paralelo, el ministro defendió la decisión del Gobierno de eliminar la subvención a los combustibles y afirmó que el Estado ya no podía sostener el costo mensual que representaba este mecanismo.

“La quita de subvención era un hecho porque no podíamos seguir gastando $us 200 millones al mes”, afirmó.

Blanco aseveró que el Gobierno tuvo que priorizar el uso de los recursos públicos ante el elevado costo de mantener el subsidio.

“Eran los puentes, las escuelas, los hospitales o la subvención como lo ha dicho el Presidente. Entonces, se ha quitado la subvención”, señaló.

El Ministerio de Hidrocarburos espera que el cierre de los acuerdos logísticos permita recuperar de manera progresiva la distribución de combustibles y evitar nuevas interrupciones en el abastecimiento.",https://larazon.bo/economia-y-empresa/2026/09/30/hidrocarburos-dice-que-ya-se-normaliza-el-suministro-de-carburantes/
La Razón,2026-09-30,Economía y Empresa,EERB Patria asumirá renovación y transformación del parque automotor del transporte público,"El Gobierno creó la Entidad Ejecutora de Renovación Vehicular Patria (EERB Patria) para impulsar la renovación y transformación del parque automotor del transporte público, informó el ministro de Trabajo , Williams Bascopé, durante una rueda de prensa.

La entidad nace en el marco del Decreto Supremo 5726 y tendrá bajo su responsabilidad cuatro programas destinados a facilitar la transición y renovación de las unidades que prestan el servicio público de transporte.

Lea: Ejecutivo se abre a revisar incremento salarial ante nuevo escenario económico

“Esta entidad está encargada de la renovación vehicular Patria, EERB Patria, así será la sigla”, explicó Bascopé.

El ministro detalló que la nueva entidad ejecutará el Programa de Conversión a Gas Natural Vehicular (GNV) , el Programa de Descalificación y Reposición de Cilindros de GNV , el Programa Nacional de Transformación de Vehículos a Diésel a GNV y el Programa Nacional de Renovación de Vehículos Patria .

“Son cuatro programas que tenemos”, afirmó la autoridad.

Uno de los principales componentes de EERB Patria permitirá el financiamiento para la compra de vehículos y renovación de las unidades del transporte público. Bascopé aclaró que el programa no se limitará a la conversión de motores a GNV.

“No solamente va a ser el tema de conversión a GNV, también va a acompañar el tema de la compra para poder financiar la compra de vehículos del parque automotor”, señaló.

El Gobierno prevé financiar estos programas con recursos asignados por el Tesoro General de la Nación, de acuerdo con la disponibilidad financiera, además de recursos provenientes de anteriores programas de conversión a gas.

“Recursos asignados por el Tesoro General de la Nación, de acuerdo a la disponibilidad financiera que se tenga, recursos provenientes de la anterior conversión que se tenía”, fundamentó Bascopé.

La EERB Patria también accederá a donaciones y créditos nacionales o extranjeros, en el marco de la normativa vigente.

Aunque el Decreto Supremo 5726 ya establece la creación de la entidad y sus principales líneas de acción, el Gobierno todavía debe aprobar la reglamentación que definirá quiénes podrán acceder a los programas, los requisitos y los procedimientos para obtener los beneficios.

“Todo este tema para el parque automotor, todas las especificaciones, el procedimiento, los requisitos, van a venir recién en un reglamento que lo vamos a trabajar”, indicó el ministro.

Bascopé señaló que el reglamento se encuentra en elaboración y que el Gobierno prevé avanzar con su aprobación en los próximos días.",https://larazon.bo/economia-y-empresa/2026/09/30/eerb-patria-asumira-renovacion-y-transformacion-del-parque-automotor-del-transporte-publico/
La Razón,2026-09-30,Economía y Empresa,Tesoro e Hidrocarburos difieren sobre el futuro de la subvención de gasolina,"El Gobierno aún no tiene una definición sobre la eliminación de la subvención a la gasolina, según afirmó el ministro de Hidrocarburos, Marcelo Blanco. Sin embargo, desde el Ministerio de Economía anticiparon que el subsidio podría desaparecer hasta finales de este año.

“Sobre la eliminación de la subvención de gasolina no hay nada todavía”, señaló Blanco al ser consultado sobre el futuro del precio subvencionado del combustible.

La declaración del ministro contrasta con la posición del viceministro del Tesoro, Óscar Navarro, quien aseveró que el Gobierno prevé retirar la subvención a la gasolina durante esta gestión, después de aplicar una medida similar al diésel.

“Nosotros esperamos que la siguiente gestión ya no exista la subvención a carburantes de gasolina y diésel, GLP no se va a tocar, sí va a existir un subsidio”, afirmó Navarro.

Revise también: GLP mantendrá subvención y Gobierno prevé eliminar la de gasolina hasta fin de año

De esta manera, mientras Hidrocarburos sostiene que todavía no existe una decisión sobre la gasolina, el Tesoro plantea como escenario que el próximo año Bolivia ya no mantenga la subvención para la gasolina ni para el diésel.

El tratamiento del GLP, en cambio, tendría un camino diferente. Navarro señaló que el Gobierno mantendrá el subsidio a este combustible, considerado de uso extendido en los hogares.

La definición sobre la gasolina marcará el siguiente paso de la política de combustibles del Gobierno, luego de la eliminación de la subvención al diésel y del impacto que esa medida generó sobre los costos de transporte y otros sectores de la economía.",https://larazon.bo/economia-y-empresa/2026/09/30/tesoro-e-hidrocarburos-difieren-sobre-el-futuro-de-la-subvencion-de-gasolina/
La Razón,2026-09-30,Nacional,Cámara Forestal denuncia quema de madera boliviana en Arica,"El presidente de la Cámara Forestal de Bolivia, Pedro Colanzi, denunció este miércoles que autoridades chilenas procedieron con la incineración de cargas de madera boliviana retenidas en Arica, pese a que existía una instrucción fiscal para suspender su destrucción mientras continuaban las actuaciones del caso.

Colanzi calificó el hecho como un nuevo perjuicio para las empresas involucradas en la investigación por la presunta presencia de sustancias controladas en madera exportada desde Bolivia y advirtió que la destrucción de las cargas impide realizar nuevas pericias sobre la mercancía.

“Están quemando la evidencia que liberaba al sector forestal de este caso”, afirmó durante una conferencia de prensa, en la que cuestionó el procedimiento aplicado por autoridades chilenas.

El pronunciamiento se produce después de que la Fiscalía Regional de Arica y Parinacota instruyera el 21 de septiembre suspender los procesos de destrucción de las especies incautadas, mientras se resolvían solicitudes relacionadas con las cargas.

Sin embargo, integrantes de una comisión investigadora del Senado boliviano que se encuentra en Arica denunciaron este miércoles que observaron la destrucción de parte del cargamento en una instalación del Servicio de Salud de esa ciudad. El hecho también fue reportado por el medio chileno El Mostrador.

Colanzi señaló que, durante más de cuatro meses de investigación, las empresas afectadas no han recibido, según su versión, una explicación que demuestre cómo una sustancia ilícita habría sido introducida en la madera ni cómo habría podido extraerse posteriormente.

El dirigente afirmó además que las empresas contrataron a exagentes de la Administración de Control de Drogas de Estados Unidos (DEA) para revisar los antecedentes técnicos. Según los informes mencionados por Colanzi, los análisis realizados por especialistas cuestionan la capacidad de los procedimientos empleados y sostienen que los resultados corresponponderían a trazas de diferentes sustancias.

“Hay trazas de alguna sustancia ilícita, tanto como cocaína, paracetamol, cafeína y otras sustancias que tienen miles de explicaciones lógicas como puede haber llegado ahí”, sostuvo.

La Cámara Forestal mantiene su posición de que la madera exportada por las empresas bolivianas no fue impregnada deliberadamente con sustancias controladas. En anteriores pronunciamientos, la entidad había pedido que las cargas fueran preservadas para garantizar nuevas pericias y el debido proceso.

Colanzi también cuestionó el impacto económico generado por el caso. Señaló que 23 empresas están afectadas y estimó pérdidas acumuladas de hasta $us 35 millones para el sector, además del daño reputacional que, según dijo, no puede ser cuantificado.

“El esfuerzo de miles y miles de trabajadores en Bolivia” es lo que, en su criterio, se está destruyendo junto con la madera retenida, afirmó.

El presidente de la Cámara Forestal sostuvo que el caso puede trascender al sector maderero y afectar a otros productos bolivianos que utilizan puertos chilenos para sus exportaciones.

“Así como en este momento ha podido ser el sector forestal el que se ha visto afectado, también ha podido ser afectado nuestro sector sojero, nuestro sector de minerales, nuestro sector de carne o cualquier otro sector que exporta por los puertos de Arica”, advirtió.

Por ello, exigió al Gobierno boliviano adoptar acciones para defender los intereses de las empresas afectadas y garantizar las condiciones para el comercio exterior boliviano.

“Exigimos al Estado chileno” que respete los principios legales y “también exigimos al Gobierno boliviano que tome acciones decididas para frenar este abuso”, afirmó.

La controversia se suma a la preocupación expresada anteriormente por la Cámara Forestal sobre la destrucción de las cargas. El 23 de septiembre, la entidad había informado que una moratoria obtenida por las defensas legales permitía mantenerlas preservadas mientras avanzaban la investigación y las actuaciones judiciales.

El caso involucra a 23 empresas bolivianas y surgió en junio, cuando autoridades chilenas incautaron más de 1.000 toneladas de madera bajo la hipótesis de que estaban impregnadas con sustancias ilícitas. La defensa de las empresas cuestiona los análisis y ha solicitado preservar las cargas para nuevas pericias.",https://larazon.bo/nacional/2026/09/30/camara-forestal-denuncia-quema-de-madera-boliviana-en-arica/
La Razón,2026-09-30,Economía y Empresa,Mujeres de Bolivia y la región debaten el futuro de la minería,"La experiencia de mujeres que ocupan espacios técnicos, gremiales, legislativos y de gestión pública llegará este 1 de octubre al 4.º Foro Multisectorial “Minería con Igualdad”.

El encuentro reunirá a representantes de Bolivia, Chile, Colombia y Ecuador para debatir sobre el papel de las mujeres en la industria minera.

El foro pondrá en una misma mesa distintas experiencias de profesionales que han desarrollado su trayectoria en una actividad históricamente vinculada a una mayor presencia masculina.

«El intercambio permitirá abordar los avances alcanzados y las dificultades que todavía enfrentan las mujeres para acceder a espacios técnicos, de liderazgo y de toma de decisiones», señalan los organizadores.

También consulte: COMIBOL plantea ley para reforzar la lucha contra la minería ilegal y el jukeo

Desde Chile participará Nathalie Rimmelin , presidenta de la Red de Ingenieras en Minas, quien expondrá la experiencia de las profesionales que han ganado espacio en áreas técnicas y de liderazgo de la industria minera chilena.

Lina Beatriz Franco , geóloga, especialista en políticas públicas y presidenta saliente de la Agremiación Nacional de Minería, representa a Colombia. Su participación incorporará al debate la mirada técnica y gremial, además de su experiencia en políticas públicas.

También llegará desde Ecuador Rebeca Illescas , exministra de Minas, quien aportará al encuentro su experiencia desde la gestión pública y los espacios de decisión vinculados con el desarrollo minero.

Por Bolivia participará Ana María Araníbar , representante de Women in Mining Bolivia (WIM Bolivia), organización que impulsa la participación y el liderazgo femenino en la industria.

La perspectiva legislativa estará a cargo de Cecilia Requena , diputada nacional de la Asamblea Legislativa Plurinacional, mientras que Ivar Villarroel , asesor técnico en equidad de género, contribuirá al análisis sobre las condiciones necesarias para ampliar las oportunidades de participación y desarrollo profesional.

El foro abordará la participación femenina desde diferentes ámbitos: ingeniería, geología, políticas públicas, gestión gubernamental, representación legislativa, liderazgo gremial y equidad de género.

La discusión también buscará mostrar el aporte que las mujeres ya realizan en la actividad minera, tanto en las áreas técnicas y operativas como en la gestión empresarial, las políticas públicas, la sostenibilidad y la relación con las comunidades.

«Uno de los principales valores del Foro será la diversidad de las trayectorias de sus participantes : ingeniería de minas, geología, políticas públicas, gestión gubernamental, representación legislativa, liderazgo de organizaciones de mujeres y equidad de género confluirán en una misma conversación», acotan.

El encuentro tendrá además un componente dirigido a las nuevas generaciones. Estudiantes universitarias, entre ellas jóvenes vinculadas a universidades de Oruro y Potosí, tendrán la oportunidad de conocer las experiencias de profesionales que construyeron sus carreras dentro del sector.

La organización plantea que este intercambio permita a las estudiantes identificar oportunidades profesionales y conocer referentes femeninos que desarrollaron sus carreras en distintas áreas de la minería.

El 4.º Foro Multisectorial “Minería con Igualdad” es organizado por Women in Mining Bolivia (WIM Bolivia) y NPM Minerales S.A. y busca generar un espacio de diálogo sobre los cambios que atraviesa la industria y el papel que pueden desempeñar las mujeres en su desarrollo.

Más que concentrar la discusión únicamente en la inclusión, el encuentro propone poner en debate las experiencias concretas de mujeres que ya participan en la transformación del sector y acercarlas a las futuras profesionales de la minería.

La cita reunirá así a representantes de cuatro países para compartir experiencias, identificar desafíos y discutir nuevas oportunidades para una mayor participación femenina en una industria clave para las economías de la región.",https://larazon.bo/economia-y-empresa/2026/09/30/mujeres-de-bolivia-y-la-region-debaten-el-futuro-de-la-mineria/
La Razón,2026-09-30,Economía y Empresa,El Tesoro apunta a un PGE con déficit menor al 6% y enviarlo a la Asamblea hasta octubre,"El Gobierno trabaja en la elaboración del Presupuesto General del Estado (PGE) 2027 con la meta de reducir el déficit fiscal a un nivel no mayor al 6% y prevé remitir el proyecto a la Asamblea Legislativa hasta el 31 de octubre , informó el viceministro del Tesoro, Óscar Navarro .

“Nosotros estamos apostando por un presupuesto que tenga un déficit no mayor al 6%, entonces tenemos que reducir muchos gastos que no eran necesarios para el Estado”, afirmó la autoridad.

Navarro explicó que el Ministerio de Economía todavía no cuenta con un monto definitivo del presupuesto, debido a que continúa con la revisión de los requerimientos presentados por las diferentes entidades públicas.

“No tenemos todavía un monto de presupuesto, se lo está construyendo y se han recibido de las entidades sus presupuestos nacionales, departamentales y municipales”, señaló.

El siguiente paso consiste en realizar un proceso de consistencia entre las solicitudes de las instituciones y las posibilidades financieras del Estado para consolidar el PGE.

“Se hace un proceso de consistencia y se arma el Presupuesto General del Estado para remitirlo a la Asamblea Legislativa”, explicó Navarro.

Lea: Entra en vigor la Ley del PGE y abre evaluación de empresas públicas

El Tesoro prevé concluir esta etapa y cumplir con el plazo constitucional para presentar el proyecto de presupuesto ante el Legislativo.

“El presupuesto ya está en elaboración y al 31 de octubre se va a remitir dentro del plazo establecido por la Constitución a la Asamblea Legislativa”, afirmó.

La reducción del déficit estará acompañada por una revisión del gasto público. El Gobierno busca identificar partidas que considera prescindibles para disminuir las necesidades de financiamiento y avanzar hacia una mayor disciplina fiscal.

En paralelo, Navarro confirmó que la subvención a los combustibles continuará durante 2026 , pero anticipó que el Ejecutivo espera eliminarla en el presupuesto de la próxima gestión.

“En este año la subvención va a seguir, para el siguiente presupuesto esperamos que no exista subvención”, sostuvo.

El anuncio se produce después del retiro de la subvención al diésel , que elevó el precio del carburante y trasladó una mayor parte de su costo hacia los usuarios. La medida impacta especialmente en el transporte y en sectores productivos que dependen del diésel para movilizar mercancías, maquinaria y producción.

El Gobierno busca que el retiro progresivo de este gasto contribuya a reducir la presión sobre las cuentas públicas, en un escenario marcado también por la necesidad de importar combustibles para cubrir la demanda interna.",https://larazon.bo/economia-y-empresa/2026/09/30/el-tesoro-apunta-a-un-pge-con-deficit-menor-al-6-y-enviarlo-a-la-asamblea-hasta-octubre/
La Razón,2026-09-30,Sociedad,Gobierno e Iniaf impulsan acciones contra el ingreso ilegal de semillas,"El Gobierno nacional, a través del Viceministerio de Lucha Contra el Contrabando y el Instituto Nacional de Innovación Agropecuaria y Forestal (Iniaf) suscribieron un convenio interinstitucional para fortalecer la lucha contra el contrabando de semillas y material vegetal de propagación.

El convenio busca establecer, formalizar y regular mecanismos de cooperación técnica, operativa e interinstitucional para combatir el contrabando de estos insumos, especialmente en zonas de frontera, pasos no habilitados y otros puntos de riesgo.

Se prevé que la entidad estatal, brinde apoyo al Iniaf, a través del Comando Estratégico Operacional de Lucha Contra el Contrabando, en el marco de sus atribuciones.

Lea también: Gobernación de Santa Cruz abre 1.000 becas internacionales para jóvenes

El viceministro de Lucha Contra el Contrabando, José Maurice Castro, destacó la importancia del convenio y señaló que estas acciones buscan garantizar la seguridad e integridad nacional, en zonas fronterizas.

Por su parte, el director general ejecutivo interino del Iniaf, Luis Fernando Barba, destacó la este acuerdo como un avance para controlar las semillas y material vegetal que ingresan al país.

“Es un paso muy importante porque estamos buscando a nivel de Estado la credibilidad de nuestro país”, afirmó.",https://larazon.bo/sociedad/2026/09/30/gobierno-e-iniaf-impulsan-acciones-contra-el-ingreso-ilegal-de-semillas/
La Razón,2026-09-30,Sociedad,La Paz: campaña 37 del Programa Manitos inicia cirugías gratuitas,"La campaña 37 del Programa Manitos inició este lunes en La Paz con cirugías gratuitas de mano y miembro superior dirigidas a personas de escasos recursos.

La iniciativa es impulsada por la Fundación Mercantil Santa Cruz – “Puedes Creer”, en coordinación con la Fundación SOS Mano Bolivia, la Clínica del Sur, el Gobierno Autónomo Municipal de La Paz y especialistas de ReSurge International, entre otras instituciones.

Se prevé que las intervenciones se realicen hasta el 2 de octubre en la Clínica del Sur, en la zona de Obrajes. El tratamiento contempla, además de las cirugías, controles médicos, curaciones y rehabilitación durante el periodo postoperatorio.

Los pacientes serán atendidos por lesiones, secuelas y condiciones congénitas que afectan las manos y las extremidades superiores.

De acuerdo con datos de la Fundación, el Programa Manitos realizó más de 2.000 procedimientos quirúrgicos gratuitos y benefició a más de 930 personas en sus 36 campañas.",https://larazon.bo/sociedad/2026/09/30/la-paz-campana-37-del-programa-manitos-inicia-cirugias-gratuitas/
La Razón,2026-09-30,Sociedad,El Alto: La Marcha de las Diversidades se realizará este sábado,"La Alcaldía de El Alto invita a la población a participar de la decimosexta Marcha de las Diversidades Sexuales e Identidad de Género, que este año se denomina “Diversidad que resiste, Derechos que avanzan”, que se realizará este sábado 3 de octubre con el propósito de visibilizar y reivindicar los derechos de la población LGBTI.

El director de Niñez, Género y Atención Social del GAMEA, Adalid Jiménez, informó que la movilización es organizada por la Unidad de Poblaciones Diversas y constituye un espacio de expresión y reivindicación de derechos.

“Como Municipio tenemos una serie de políticas públicas pensadas en potencializar las capacidades de esta población diversa, porque existen grandes profesionales y técnicos. Por ello, queremos proyectar el fortalecimiento productivo de este importante sector de la población de El Alto”, agregó Jiménez.

Por su parte, Andy Alanoca, representante del colectivo TLGB El Alto, informó que la concentración será en la plaza Sebastián Pagador y que la marcha recorrerá la avenida del Policía y la avenida Cívica, hasta llegar a la plaza del Obelisco, donde se instalará el palco principal.

A su turno, el jefe de la Unidad de Poblaciones Diversas del GAMEA, Sergio Pusarico, informó que la movilización se desarrollará desde las 17.00 hasta aproximadamente las 21.00.

“Diversidad que resiste, Derechos que avanzan” es el lema de esta movilización, que busca visibilizar a la población LGBTI y promover el respeto de sus derechos.",https://larazon.bo/sociedad/2026/09/30/el-alto-la-marcha-de-las-diversidades-se-realizara-este-sabado/
La Razón,2026-09-30,Economía y Empresa,Blanco ratifica que ‘por ahora se mantiene’ la subvención a la gasolina,"El ministro de Hidrocarburos, Marcelo Blanco , salió este miércoles a despejar los rumores sobre una eventual eliminación de la subvención a la gasolina y afirmó que, por el momento, el Gobierno mantiene el beneficio.

“Quiero dar tranquilidad a la población: por el momento, la subvención a la gasolina se mantiene. Nuestra prioridad es recuperar la continuidad del abastecimiento y avanzar progresivamente hacia una provisión normal de combustible”, escribió Blanco en su cuenta de X.

La aclaración surge en medio de las dificultades registradas en los últimos días para garantizar un suministro continuo de carburantes. El Gobierno concentra ahora sus esfuerzos en recuperar la distribución y normalizar la provisión en las estaciones de servicio.

Quiero dar tranquilidad a la población: por el momento, la subvención a la gasolina se mantiene. Nuestra prioridad es recuperar la continuidad del abastecimiento y avanzar progresivamente hacia una provisión normal de combustible.

— Marcelo Blanco Quintanilla (@MarceloBlancoQ) September 30, 2026

Vea: Transporte cooperativizado apuesta por GNL para reducir costos tras la subvención

El Ejecutivo eliminó la subvención al diésel el 18 de septiembre y elevó su precio, mientras mantiene por ahora el esquema subvencionado para la gasolina.

Blanco ya anticipó anteriormente que el Gobierno no decidió retirar la subvención a la gasolina y que cualquier eventual modificación requeriría evaluar previamente sus efectos y las medidas de apoyo para los sectores afectados.

La nueva aclaración del ministro mantiene, por ahora, sin cambios el tratamiento de la gasolina, mientras el Ejecutivo busca estabilizar el abastecimiento de combustibles.

La prioridad inmediata, según Blanco, es recuperar la continuidad del suministro antes de plantear nuevas modificaciones en la política de subvenciones.",https://larazon.bo/economia-y-empresa/2026/09/30/blanco-ratifica-que-por-ahora-mantiene-la-subvencion-a-la-gasolina/
La Razón,2026-09-30,Nacional,TSJ reorganiza juzgados de Santa Cruz para casos de corrupción y crimen organizado,"El Tribunal Supremo de Justicia (TSJ) aprobó la reorganización de juzgados penales en Santa Cruz para crear instancias especializadas en procesos relacionados con corrupción y delitos vinculados al crimen organizado.

El presidente del TSJ, Romer Saucedo, informó que la Sala Plena aprobó dos acuerdos para ejecutar la medida, que contempla la selección de jueces con perfiles considerados adecuados para atender exclusivamente este tipo de procesos.

“Se crearán juzgados especializados que conocerán materia anticorrupción y además conocerán delitos vinculados al crimen organizado”, explicó Saucedo, quien señaló que la decisión responde a la situación que atraviesa el Órgano Judicial.

La reorganización alcanzará a los 28 juzgados de instrucción penal de Santa Cruz, que actualmente atienden diferentes tipos de delitos. Según Saucedo, estas instancias serán refuncionalizadas para establecer juzgados especializados en casos de corrupción y crimen organizado.

Los jueces seleccionados dejarán de atender otros procesos para concentrarse en las causas correspondientes a sus nuevas competencias. El resto de los juzgados continuará con la atención de delitos ordinarios y procesos relacionados con hechos de violencia contra mujeres, niñas, niños y adolescentes.

Saucedo señaló que la decisión también recoge recomendaciones de organismos de cooperación internacional y responde a los lineamientos establecidos por la Sala Plena del TSJ.

Como parte de la implementación, el Tribunal Supremo de Justicia instruirá al Consejo de la Magistratura la emisión de nuevos títulos para los jueces que sean designados en las áreas especializadas.

La medida estará acompañada por acciones de control. Saucedo informó que la Sala Plena instruyó el despliegue de la Unidad de Transparencia del Órgano Judicial en Santa Cruz para recopilar información sobre el funcionamiento de los juzgados y posibles irregularidades.

“Se ha instruido el despliegue de la Unidad de Transparencia hasta el distrito de Santa Cruz para que pueda recabar toda la información necesaria y remitir actuados a las instancias disciplinarias y también ante el Ministerio Público respecto de aquellos malos servidores que estén en contrasentido de las líneas institucionales emitidas por el TSJ”, afirmó.

La información recopilada por esa unidad podrá ser remitida, cuando corresponda, a las instancias disciplinarias del Órgano Judicial o al Ministerio Público para el inicio de las acciones que correspondan.

Con esta reorganización, el TSJ busca concentrar en juzgados específicos los procesos considerados de mayor complejidad por involucrar hechos de corrupción y estructuras vinculadas al crimen organizado, mientras se mantiene la atención del resto de las causas penales en los juzgados ordinarios.",https://larazon.bo/nacional/2026/09/30/tsj-reorganiza-juzgados-de-santa-cruz-para-casos-de-corrupcion-y-crimen-organizado/
La Razón,2026-09-30,Nacional,Magistratura anuncia acciones si se confirma visita de jueza a Marset,"El Consejo de la Magistratura analizará posibles acciones disciplinarias o penales si se confirma que la jueza Livia Alarcón se reunió con el capo uruguayo del narcotráfico Sebastián Marset pocos días antes de su captura, informó el decano de esa institución, Manuel Baptista.

El funcionario explicó que la Sala Plena todavía no recibió de manera oficial los antecedentes sobre la presunta reunión, por lo que primero deberá conocer y verificar la información antes de adoptar una determinación.

“Vamos a tomar una decisión como Sala Plena con los tres consejeros de la Magistratura para tomar el camino adecuado sin vulnerar derechos de nadie, pero también dando respuestas a la población”, afirmó Baptista.

El decano consideró que, si los hechos denunciados son confirmados, se trataría de una situación de gravedad para el sistema judicial. “Sí serían muy escandalosos en nuestro país”, sostuvo.

Baptista señaló además que el Consejo recibió información atribuida al Departamento de Estado de Estados Unidos y mencionó que podría surgir una lista más amplia de personas presuntamente relacionadas con hechos bajo investigación.

Explicó que, si durante la verificación se establece alguna responsabilidad atribuible a jueces, el Consejo de la Magistratura puede activar procesos disciplinarios dentro de sus competencias o remitir los antecedentes al Ministerio Público cuando existan indicios de posibles delitos.

El caso se suma a otras denuncias que involucran a administradores de justicia. Baptista informó que el Consejo solicitará informes a sus representantes distritales en Beni sobre las denuncias contra cinco jueces observados en Trinidad y Riberalta.

Según explicó, esos casos fueron conocidos también mediante publicaciones de medios de comunicación, pero sostuvo que la institución debe contar con información formal para establecer si corresponde iniciar alguna actuación.

“Las noticias no pueden quedar simplemente como noticias”, afirmó Baptista al referirse a las denuncias difundidas públicamente.

El decano pidió a los ciudadanos que presenten sus denuncias mediante los canales institucionales, inicialmente ante las representaciones distritales del Consejo de la Magistratura.

Indicó que, si una representación distrital no atiende adecuadamente una denuncia, los ciudadanos pueden acudir directamente a las oficinas del Consejo de la Magistratura en Sucre, donde funcionan las instancias encargadas de control y fiscalización.

La eventual intervención del Consejo dependerá, por tanto, de la recepción de antecedentes oficiales y de la verificación de los hechos denunciados, antes de definir si corresponde activar la vía disciplinaria o remitir el caso al Ministerio Público.",https://larazon.bo/nacional/2026/09/30/magistratura-anuncia-acciones-si-se-confirma-visita-de-jueza-a-marset/
La Razón,2026-09-30,,La Razón Digital Bolivia -,"Ver toda la sección >

Ver toda la sección >

Ver toda la sección >

Ver toda la sección >

Ver toda la sección >

Ver toda la sección >

Ver toda la sección >

Ver toda la sección >

Ver toda la sección >

Ver todo el suplemento >

Ver todo el suplemento >

Ver todo el suplemento >

Ver todo el suplemento >

Ver todo el suplemento >

Ver todo el suplemento >

Ver toda la sección >

Ver toda la sección >

Ver toda la sección >

Ver toda la sección >

Ver toda la sección >

Ver toda la sección >

Ver toda la sección >

Ver toda la sección >

Ver toda la sección >

Ver todo el suplemento >

Ver todo el suplemento >

Ver todo el suplemento >

Ver todo el suplemento >

Ver todo el suplemento >

Ver todo el suplemento >

Se trata del fiscal superior más antiguo. La Fiscalía General del Estado confirmó la designación en cumplimiento de las normas

LA RAZÓN E-PAPER Octubre 01, 2026

LA RAZÓN E-PAPER Septiembre 30, 2026

EFEMÉRIDE DE SANTA CRUZ

LA RAZÓN E-PAPER Septiembre 29, 2026

El mandatario sostuvo que la mayor conectividad beneficiará también a otros departamentos, debido a que permitirá ampliar las opciones de transporte

Pese a la mejora, la calificación Caa2 mantiene a Bolivia dentro...

El ministro de Hidrocarburos aseguró que el Gobierno prioriza recuperar el...

El cuarto Foro Multisectorial “Minería con Igualdad” reunirá este 1 de...

‘Las autonomías necesitan competencias, pero también recursos para ejercerlas’, afirmó el presidente del Senado

El fiscal Néstor Torrez Tapia informó que la Sala Penal declaró procedente el recurso presentado por la Fiscalía y amplió...

El diputado Alejandro Reyes pidió al Gobierno brindar una explicación “clara y coherente” sobre el viaje del presidente Rodrigo Paz...

La nueva política fue aprobada el 4 de septiembre y establece nueve líneas de acción para los próximos cinco años

Un concejal solicitará una reunión con la Gobernación y la Alcaldía para acelerar la transferencia de los predios al gobierno municipal.

El programa durará dos meses, abordará herramientas para el futuro laboral y está dirigido a personas de 18 a 30...

Uno de los principales factores que incide en esta situación es el incremento de precios tras la eliminación de la...

La noche del martes, en Santa Cruz, se registró una intensa lluvia que provocó la inundación de calles de la...

La primera autoridad edil informó que el proyecto ya fue revisado en el Concejo Municipal y remitido al Ejecutivo para...

Se busca determinar los riesgos de sus modelos para los consumidores

El músico, baterista y compositor boliviano alista una reinterpretación de una canción de Yuri Ortuño.

Espacio Empresarial Entel inicia nueva etapa de atención del cliente con moderno Call Center en Santa Cruz septiembre 30, 2026 12:02 Espacio Empresarial Entel y la Cámara de Comercio Internacional ICC Bolivia fortalecen su vínculo en el ecosistema empresarial septiembre 28, 2026 08:47 Espacio Empresarial PIL Bolivia recibe la Palmera Dorada en Expocruz 2026 por su stand el “Expreso PIL” septiembre 25, 2026 12:49 Espacio Empresarial Banco Ganadero renueva su propuesta en Expocruz 2026 con nuevas soluciones digitales septiembre 25, 2026 11:57

En el marco de las celebraciones por el aniversario de la Independencia de los Estados Unidos Mexicanos, la embajada de...

La Embajada de la República Popular de China en Bolivia ofreció un concurrido evento con motivo de conmemorar el 77...

La Residencia Oficial del Consulado de Chile abrió sus puertas para celebrar sus fiestas patrias. El encuentro permitió al cónsul...

Cuando el sol abrasa y la boca se seca, un zumo de naranja yungueña se siente como bálsamo que todo lo cura y arregla. Por eso la casera sabe que no importa dónde ponga su carro lleno de doradas naranjas e instrumentos para pelarlas y exprimirlas, pues todo el día habrá quien necesite su vital jugo, incluyendo, claro, a los elegantes y enternados.

Texto: Claudio Rossel Arce

Foto: Rubén Atahuichi

En el marco de las celebraciones por el aniversario de la Independencia de los Estados Unidos Mexicanos, la embajada de...

La Embajada de la República Popular de China en Bolivia ofreció un concurrido evento con motivo de conmemorar el 77...

La Residencia Oficial del Consulado de Chile abrió sus puertas para celebrar sus fiestas patrias. El encuentro permitió al cónsul...

Cuando el sol abrasa y la boca se seca, un zumo de naranja yungueña se siente como bálsamo que todo lo cura y arregla. Por eso la casera sabe que no importa dónde ponga su carro lleno de doradas naranjas e instrumentos para pelarlas y exprimirlas, pues todo el día habrá quien necesite su vital jugo, incluyendo, claro, a los elegantes y enternados.

Texto: Claudio Rossel Arce

Foto: Rubén Atahuichi

La estatal presentó en Expocruz 2026 su nueva estrategia, que comienza con la recuperación y ampliación progresiva su flota.

La potencia norteamericana ofrece inversión y combate al crimen a cambio de alineamiento en medio de tensiones geopolíticas.

'Aperture', el primer adelanto de su cuarto álbum, es una apuesta electrónica que combina ambición artística y cifras récord de...

La Razón, medio de comunicación digital líder en noticias de Bolivia y el mundo, conecta a su audiencia a través de todas las plataformas digitales. Con una sólida presencia en redes sociales, programas de streaming innovadores, y el revolucionario e-paper, nuestro periódico digital inteligente, ofrecemos información confiable, ágil y al alcance de todos.

Dirección: Colinas de Santa Rita s/n, Alto Auquisamaña (Galpón de La Razón) La Paz - Bolivia

Correo electrónico:

[email protected]

[email protected]

WhatsApp:

+591 67198163

+591 77220575

© 2021-2025 COMUNICACIONES EL PAÍS S.A ( Desarrollo web Arcadia SRL )",https://larazon.bo/
La Razón,2026-09-30,Economia y empresa,Economía y Empresa -,"Economía y Empresa

El cuarto Foro Multisectorial “Minería con Igualdad” reunirá este 1 de octubre a profesionales de Chile, Colombia, Ecuador y Bolivia

El ministro de Hidrocarburos afirmó que todavía no existe una decisión sobre el subsidio a la gasolina, mientras el viceministro...

La nueva entidad ejecutará cuatro programas, entre ellos la conversión a GNV, la transformación de vehículos a diésel y el...

El ministro de Hidrocarburos, Marcelo Blanco, atribuyó las demoras en la distribución a las negociaciones logísticas entre YPFB, las refinerías...

Bolivia, Paraguay y Uruguay buscan ampliar la capacidad de transporte por la Hidrovía Paraguay-Paraná para facilitar el ingreso de petróleo

El ministro de Trabajo afirmó que el Ejecutivo deberá evaluar el comportamiento de la economía antes de definir un eventual...

El anteproyecto busca fortalecer la prevención, el control y la respuesta frente a la sustracción ilegal de minerales en operaciones...

Montecristo X9 concentrará trabajos durante los próximos cuatro a cinco años. El Gobierno espera que los resultados confirmen un nuevo...

El sector afirma que el incremento del precio del combustible elevó sus costos de operación y exige una compensación

El sector respalda la eliminación de la subvención al diésel, pero plantea acceder a GNL a un precio competitivo

Los transportistas también denunciaron presuntas irregularidades en la distribución de carburantes y demandaron una investigación.",https://larazon.bo/economia-y-empresa/
La Razón,2026-09-30,Columna,ÁGORA REPUBLICANA archivos,"Ver toda la sección >

Ver toda la sección >

Ver toda la sección >

Ver toda la sección >

Ver toda la sección >

Ver toda la sección >

Ver toda la sección >

Ver toda la sección >

Ver toda la sección >

Ver todo el suplemento >

Ver todo el suplemento >

Ver todo el suplemento >

Ver todo el suplemento >

Ver todo el suplemento >

Ver todo el suplemento >

Ver toda la sección >

Ver toda la sección >

Ver toda la sección >

Ver toda la sección >

Ver toda la sección >

Ver toda la sección >

Ver toda la sección >

Ver toda la sección >

Ver toda la sección >

Ver todo el suplemento >

Ver todo el suplemento >

Ver todo el suplemento >

Ver todo el suplemento >

Ver todo el suplemento >

Ver todo el suplemento >

Asumo la responsabilidad de mis palabras y me hago cargo de las reacciones que producen. Se trata, simplemente, de ratificar ...

En momentos que se están definiendo las fechas en las que se declarará la emergencia, se determinarán los plazos y ...

El estudiar Bolivia a partir de la población en el territorio y los lugares en los que ha decidido vivir ...

La sociedad boliviana necesita realizar una tarea titánica para lograr cohesión social y superar la confrontación, la ruptura y la ...

El 18 de septiembre concluyen los 90 días de la declaración del Estado de Excepción y el nivel de agitación ...

Las abuelas, en su sabiduría, tenían sentencias concluyentes que acompañaban cada circunstancia. El título de esta nota es propicio para ...

Llegamos al turismo como resultado de una investigación que ofreciera cualidades para generar cohesión social, condición humana elemental para integrar ...

Las investigaciones que realizamos sobre el debate Autonómico, nos llevan a preguntarnos qué debemos alcanzar para superar la crisis. Partimos ...

""Paraguay es de los pocos países del mundo capaz de producir alimentos para su población, y para más de 100 ...

Bolivia y Paraguay comparten mucho más que una frontera; se integran por una historia, un territorio, una vocación de integración ...

El vocero de la entidad departamental señaló que la iniciativa busca transparentar el comportamiento de los precios.

La Razón, medio de comunicación digital líder en noticias de Bolivia y el mundo, conecta a su audiencia a través de todas las plataformas digitales. Con una sólida presencia en redes sociales, programas de streaming innovadores, y el revolucionario e-paper, nuestro periódico digital inteligente, ofrecemos información confiable, ágil y al alcance de todos.

Dirección: Colinas de Santa Rita s/n, Alto Auquisamaña (Galpón de La Razón) La Paz - Bolivia

Correo electrónico:

[email protected]

[email protected]

WhatsApp:

+591 67198163

+591 77220575

© 2021-2025 COMUNICACIONES EL PAÍS S.A ( Desarrollo web Arcadia SRL )",https://larazon.bo/columna/agora-republicana/
La Razón,2026-09-30,Columna,CAINCO archivos,"Ver toda la sección >

Ver toda la sección >

Ver toda la sección >

Ver toda la sección >

Ver toda la sección >

Ver toda la sección >

Ver toda la sección >

Ver toda la sección >

Ver toda la sección >

Ver todo el suplemento >

Ver todo el suplemento >

Ver todo el suplemento >

Ver todo el suplemento >

Ver todo el suplemento >

Ver todo el suplemento >

Ver toda la sección >

Ver toda la sección >

Ver toda la sección >

Ver toda la sección >

Ver toda la sección >

Ver toda la sección >

Ver toda la sección >

Ver toda la sección >

Ver toda la sección >

Ver todo el suplemento >

Ver todo el suplemento >

Ver todo el suplemento >

Ver todo el suplemento >

Ver todo el suplemento >

Ver todo el suplemento >

El diésel subió 83%. La intuición dice que el más golpeado es quien más lo usa: transportistas, mineras, constructoras. Es ...

Hay un dicho que todo cruceño conoce, ""el camba nace donde quiere"". Se repite entre risas, casi como una broma ...

Dos gobiernos pueden anunciar la misma medida técnica —una regla fiscal, un ajuste cambiario, una reforma legal— y obtener resultados ...

Nadie planta un cultivo de ciclo largo, como los cítricos o la macadamia, pensando en la primera cosecha, sino en ...

En economía solemos distinguir entre el diagnóstico, las opciones de política y la capacidad de implementarlas. En Bolivia, desafortunadamente, hemos ...

Hace unos días estuve frente a un grupo de jóvenes que acababa de terminar una etapa importante, una de esas ...

Bolivia es un país con una extraordinaria riqueza en biodiversidad, extensas áreas boscosas y un enorme potencial para contribuir de ...

El Bicentenario, hace un año, nos encontró con la cabeza puesta en otra parte, en las filas de combustible, el ...

Una joven llega a un taller de formación con una idea escrita a mano en un cuaderno: transformar residuos orgánicos ...

Todos hemos escuchado la frase de que los negocios se hacen entre personas. Y es cierto, por más digital que ...

Los trabajadores mineros impidieron la intervención de los bomberos y asumieron por cuenta propia el rescate de las víctimas.

La Razón, medio de comunicación digital líder en noticias de Bolivia y el mundo, conecta a su audiencia a través de todas las plataformas digitales. Con una sólida presencia en redes sociales, programas de streaming innovadores, y el revolucionario e-paper, nuestro periódico digital inteligente, ofrecemos información confiable, ágil y al alcance de todos.

Dirección: Colinas de Santa Rita s/n, Alto Auquisamaña (Galpón de La Razón) La Paz - Bolivia

Correo electrónico:

[email protected]

[email protected]

WhatsApp:

+591 67198163

+591 77220575

© 2021-2025 COMUNICACIONES EL PAÍS S.A ( Desarrollo web Arcadia SRL )",https://larazon.bo/columna/cainco/
La Razón,2026-09-30,Columna,CONTANTE Y SONANTE archivos,"Ver toda la sección >

Ver toda la sección >

Ver toda la sección >

Ver toda la sección >

Ver toda la sección >

Ver toda la sección >

Ver toda la sección >

Ver toda la sección >

Ver toda la sección >

Ver todo el suplemento >

Ver todo el suplemento >

Ver todo el suplemento >

Ver todo el suplemento >

Ver todo el suplemento >

Ver todo el suplemento >

Ver toda la sección >

Ver toda la sección >

Ver toda la sección >

Ver toda la sección >

Ver toda la sección >

Ver toda la sección >

Ver toda la sección >

Ver toda la sección >

Ver toda la sección >

Ver todo el suplemento >

Ver todo el suplemento >

Ver todo el suplemento >

Ver todo el suplemento >

Ver todo el suplemento >

Ver todo el suplemento >

Estimado cliente, para detener el avance de la incertidumbre en su existencia, marque el número que aparecerá en su octavo ...

La máquina para hacer cocineros se atascó. Un cocinero estaba a medio salir, así que salió solo medio cocinero. Un ...

Es que del jardín, se extraña el olor a la tierra y el color de las flores, pocas, rojas e ...

En el pollo sinfónico, bar situado a medio camino entre el barrio de los balcones y el barrio entrópico alto, ...

El capitán, apurado y en problemas, entró al diminuto baño hecho para el uso de los oficiales de aquel submarino ...

Los demonios tienen a veces unos ángeles en el interior, que aparecen en tiempos difíciles, a apagar incendios, a desenredar ...

El reflejo de la luna en una taza con café. Delante del reflejo, unos ojos cansados mirando, por mucho tiempo. ...

Un símil, en el mundo de la creatividad, es una capacidad mental que logra explicar una cosa, con otra. El ...

El exilio interior en el siglo XXI seguramente no difiere mucho de aquellos del siglo XVIII, fines. Siglo en el ...

Parece no pasar nada en las ojivas de los misiles nucleares. Están silentes, esperando, algo. Tampoco parece pasar mucho adentro ...

Esta tarifa establece una leve reducción en relación al monto transitorio que, por ejemplo, en adultos, baja de Bs 4,50...

La Razón, medio de comunicación digital líder en noticias de Bolivia y el mundo, conecta a su audiencia a través de todas las plataformas digitales. Con una sólida presencia en redes sociales, programas de streaming innovadores, y el revolucionario e-paper, nuestro periódico digital inteligente, ofrecemos información confiable, ágil y al alcance de todos.

Dirección: Colinas de Santa Rita s/n, Alto Auquisamaña (Galpón de La Razón) La Paz - Bolivia

Correo electrónico:

[email protected]

[email protected]

WhatsApp:

+591 67198163

+591 77220575

© 2021-2025 COMUNICACIONES EL PAÍS S.A ( Desarrollo web Arcadia SRL )",https://larazon.bo/columna/contante-y-sonante/
La Razón,2026-09-30,Columna,RÁFAGAS archivos,"Ver toda la sección >

Ver toda la sección >

Ver toda la sección >

Ver toda la sección >

Ver toda la sección >

Ver toda la sección >

Ver toda la sección >

Ver toda la sección >

Ver toda la sección >

Ver todo el suplemento >

Ver todo el suplemento >

Ver todo el suplemento >

Ver todo el suplemento >

Ver todo el suplemento >

Ver todo el suplemento >

Ver toda la sección >

Ver toda la sección >

Ver toda la sección >

Ver toda la sección >

Ver toda la sección >

Ver toda la sección >

Ver toda la sección >

Ver toda la sección >

Ver toda la sección >

Ver todo el suplemento >

Ver todo el suplemento >

Ver todo el suplemento >

Ver todo el suplemento >

Ver todo el suplemento >

Ver todo el suplemento >

El nombre del título es el que se utilizó para la explotación, por parte del capital internacional, de los yacimientos ...

La noticia viene con las acusaciones mutuas de dos empresas en pugna por la compra de los concentrados de zinc ...

El 28 de agosto de 1986 la Marcha por la Vida fue cercada por el mayor dispositivo militar-policial desde la ...

La Cumbre Minera concluyó en encuentros del Ministerio con actores sectoriales, cada uno por separado. La información dada a conocer ...

¡Albricias! La balanza comercial de Bolivia durante los últimos seis meses es positiva, se exportaron productos por un valor de ...

El próximo 22 de julio se dará inicio a una cumbre minera. Su realización es compromiso del ministro del área ...

0 El gobierno acaba de “sincerar” el tipo de cambio, disponiendo un dólar flotante a su inicio de Bs 9,73 ...

El lamento del presidente sobre la pequeñez de la minería boliviana frente a nuestros vecinos -Chile y Perú- nos obliga ...

Valga la pena recordar. El 5 de diciembre de 1984 el Congreso aprobó la Ley de Acortamiento de mandato del ...

Con la urgencia de apagar un incendio, el gobierno ha firmado acuerdos con los sectores cooperativista mineros, compromisos que lograron ...

Desde la Agamdech informaron de 24 de los 29 municipios del departamento se declararon en desastre por este fenómeno.

La Razón, medio de comunicación digital líder en noticias de Bolivia y el mundo, conecta a su audiencia a través de todas las plataformas digitales. Con una sólida presencia en redes sociales, programas de streaming innovadores, y el revolucionario e-paper, nuestro periódico digital inteligente, ofrecemos información confiable, ágil y al alcance de todos.

Dirección: Colinas de Santa Rita s/n, Alto Auquisamaña (Galpón de La Razón) La Paz - Bolivia

Correo electrónico:

[email protected]

[email protected]

WhatsApp:

+591 67198163

+591 77220575

© 2021-2025 COMUNICACIONES EL PAÍS S.A ( Desarrollo web Arcadia SRL )",https://larazon.bo/columna/rafagas/
Red Uno,2026-09-30,Nacional,Tribunal Supremo de Justicia crea juzgados especializados para luchar contra la corrupción,"El presidente del Tribunal Supremo de Justicia, Romer Saucedo, confirmó la aprobación de dos acuerdos de sala plena para establecer la refuncionalización de juzgados en materia penal.

“Quiero informar a toda la población boliviana que por disposición de nuestra sala plena, el día de hoy, se han aprobado dos acuerdos de sala plena para establecer la refuncionalización de juzgados en materia penal”, afirmó el titular del Poder Judicial al detallar los alcances institucionales.

Especialidad en corrupción y crimen organizado

Esta transformación busca una atención directa frente a las contingencias actuales del sistema de administración de justicia nacional.

“Esto implica que a partir de la fecha se crearán juzgados especializados que conocerán materia anticorrupción y además conocerán delitos vinculados al crimen organizado”, puntualizó Saucedo al referirse a la selección de perfiles en el distrito de Santa Cruz.

Los administradores de justicia seleccionados enfocarán sus labores operativas únicamente en causas de alta complejidad y repercusión social.

“Ante esta situación, también es importante informar que estos jueces se dedicarán de manera exclusiva a conocer este tipo de delitos siguiendo las recomendaciones de la cooperación internacional”, remarcó el presidente judicial respecto a los criterios adoptados.

Ajuste de tribunales en Santa Cruz

La reestructuración modificará el funcionamiento operativo que mantenían los despachos ordinarios en la región cruceña. “En el caso de Santa Cruz, se tenían 28 juzgados de instrucción, los que conocían todo tipo de delitos”, aseveró la autoridad al ratificar que recurrirán al apoyo internacional para la formación académica.

Las medidas administrativas contemplan mecanismos estrictos de fiscalización sobre el desempeño del personal judicial en sus distintas reparticiones.

“Por último, informar que de igual manera se ha instruido el despliegue de la unidad de transparencia hasta el Distrito de Santa Cruz para que puedan recabar toda la información necesaria”, concluyó Saucedo al ratificar el compromiso de la Sala Plena.

Mira la programación en Red Uno Play",https://www.reduno.com.bo/nacional/tribunal-supremo-de-justicia-crea-juzgados-especializados-para-luchar-contra-la-corrupcion-2026930194423
Red Uno,2026-09-30,Deportes,¿Dónde está Vini Jr.? La descabellada teoría viral que afirma que fue reemplazado por un doble,"En las últimas horas, una descabellada conspiración ha inundado las redes sociales y tiene a miles de fanáticos del fútbol debatiendo sin parar. Según la hipótesis que se volvió tendencia mundial, el atacante estrella del Real Madrid habría sido reemplazado por otra persona tras su participación en el Mundial 2026.

Sin embargo, los internautas más obsesivos fueron más allá y comenzaron a comparar fotografías recientes con imágenes del pasado. Señalan supuestas inconsistencias en la forma de su cuerpo, variaciones en sus tatuajes e incluso marcas en la piel que, según ellos, ""no corresponden"" al Vini original.

Mira la programación en Red Uno Play",https://www.reduno.com.bo/deportes/donde-esta-vini-jr-la-descabellada-teoria-viral-que-afirma-que-fue-reemplazado-por-un-doble-20269301963
Red Uno,2026-09-30,Deportes,¡Todo listo! Bolivia y Argentina se enfrentan en el Mario Kempes de Córdoba,"La herida de aquella fatídica noche en Buenos Aires aún sigue latente en el aficionado nacional, pero el fútbol siempre ofrece una oportunidad para la redención. La selección boliviana vuelve a verse las caras con Argentina este miércoles, a partir de las 20:00, en un compromiso que va mucho más allá de un simple partido de preparación.

El recuerdo más reciente nos remonta al 15 de octubre de 2024 por las Eliminatorias. En aquella jornada, la Albiceleste se impuso por un contundente 6-0 en el estadio Monumental, en una noche donde la Verde sufrió uno de los golpes más duros de los últimos tiempos frente al entonces campeón del mundo.

Un nuevo escenario y una baja clave

Esta noche la historia propone un escenario y unas condiciones distintas. El cruce se disputará en el estadio Mario Alberto Kempes de Córdoba en el marco de la fecha FIFA, y tendrá un matiz muy especial: la ausencia de Lionel Messi sobre el césped, quien fue reservado por el cuerpo técnico argentino para su posterior choque frente a Benín.

Mira la programación en Red Uno Play",https://www.reduno.com.bo/deportes/todo-listo-bolivia-y-argentina-se-enfrentan-en-el-mario-kempes-de-cordoba-2026930182620
Red Uno,2026-09-30,Economia,"Ministro Blanco: “Por el momento, la subvención a la gasolina se mantiene”","El ministro de Hidrocarburos y Energías, Marcelo Blanco Quintanilla, informó a través de su cuenta en X, que por el momento, la subvención a la gasolina se mantiene, ante la situación de abastecimiento de combustible registrada en el país.

A través de una publicación en sus redes sociales, la autoridad buscó transmitir tranquilidad a la población y aclaró la situación respecto a la subvención.

“Quiero dar tranquilidad a la población: por el momento, la subvención a la gasolina se mantiene”, señaló Blanco.

Prioridad: normalizar el abastecimiento

El ministro indicó que la principal prioridad del Gobierno está centrada en recuperar la continuidad en la distribución de carburantes.

“Nuestra prioridad es recuperar la continuidad del abastecimiento y avanzar progresivamente hacia una provisión normal de combustible”, afirmó.

El mensaje fue difundido mientras el Gobierno trabaja en medidas destinadas a regularizar la provisión de carburantes en el país.

La subvención continúa por ahora

La declaración de Blanco establece que no existe, por el momento, una eliminación de la subvención a la gasolina , por lo que la situación se mantiene mientras las autoridades buscan normalizar el abastecimiento.

La autoridad no detalló en esta publicación hasta cuándo se mantendrá la subvención ni si existe una fecha definida para modificarla.

Mira la programación en Red Uno Play",https://www.reduno.com.bo/economia/ministro-blanco-por-el-momento-la-subvencion-a-la-gasolina-se-mantiene-202693018193
Red Uno,2026-09-30,Tendencias,"Murió Peppino Mazzullo, la icónica y entrañable voz de Topo Gigio","El entretenimiento internacional despide a una de sus figuras más queridas tras confirmarse el fallecimiento del actor italiano Peppino Mazzullo a sus 100 años en Messina, Sicilia. De acuerdo al portal La 100 , el intérprete partió en su residencia de Santo Stefano di Briga dejando un vacío imborrable en la industria tras dar vida al personaje creado por Maria Perego.

Un legado que marcó a la televisión mundial

Mazzullo asumió el reto de interpretar al entrañable personaje en 1961 y mantuvo ese rol de forma ininterrumpida hasta el año 2006. Durante esos 45 años de trabajo constante, su talento consolidó la identidad del simpático ratón que conquistó los hogares de diferentes países.

La labor del artista acompañó infinidad de programas de televisión, presentaciones especiales y diversas producciones que marcaron la infancia de varias generaciones. Su inconfundible trabajo vocal se transformó en un elemento central del éxito global que alcanzó la emblemática marioneta a lo largo de las décadas.

Aunque la familia y sus allegados no revelaron las causas de su muerte, el mundo del espectáculo recuerda su extenso camino profesional ligado a casi medio siglo de historia televisiva. Con su partida a un siglo de vida, se apaga la trayectoria del hombre que dio alma a una de las figuras más recordadas de la pantalla chica.

Mira la programación en Red Uno Play",https://www.reduno.com.bo/tendencias/murio-peppino-mazzullo-la-iconica-y-entranable-voz-de-topo-gigio-2026930181613
Red Uno,2026-09-30,Comision de diputados inicia tratamiento de la ley antibloqueo 2026930181342,Comisión de Diputados inicia tratamiento de la Ley antibloqueo,"La Comisión de Justicia Plural, Ministerio Público y Defensa Legal del Estado de la Cámara de Diputados inició el tratamiento del denominado proyecto de Ley para Garantizar la Libre Transitabilidad , conocido como Ley Antibloqueos.

La Cámara de Diputados mantiene actualmente en tratamiento distintos proyectos relacionados con la libre circulación y la regulación de los bloqueos, entre ellos el PL 718/2025-2026 , denominado “Proyecto de Ley que regula la protesta social legítima y el derecho a la libre transitabilidad”.

Diez proyectos fueron unificados

De acuerdo con lo explicado durante la jornada, la propuesta que analiza la comisión reúne los aportes de 10 proyectos de ley que fueron considerados para elaborar un texto unificado.

El proyecto habría sido estructurado en 29 artículos, tres disposiciones transitorias y una disposición final, luego de recoger aportes de diferentes sectores e instituciones.

El presidente de la Comisión de Justicia Plural, Manolo Rojas, señaló que se trata de una propuesta que fue trabajada y consensuada con diferentes sectores.

Sanciones de hasta 10 años

Uno de los puntos que genera mayor atención está relacionado con el régimen de sanciones.

Según la explicación brindada desde la comisión, el proyecto contempla una pena mínima de tres años y una máxima de 10 años para determinadas conductas vinculadas con los bloqueos.

La pena máxima, de acuerdo con lo informado, se aplicaría cuando durante el bloqueo se produzca agresión física, independientemente de los días de incapacidad que determine posteriormente la autoridad competente.

Estas características corresponden a la versión del proyecto explicada durante la jornada y deberán ser verificadas en el texto legislativo que finalmente sea aprobado por la Asamblea.

Proyecto busca regular la protesta y garantizar el tránsito

La propuesta se encuentra dentro de un debate legislativo que busca establecer límites entre el derecho a la protesta y la afectación al derecho de terceros a circular libremente.

En anteriores propuestas analizadas por la Cámara de Diputados se planteó expresamente diferenciar la protesta pacífica de conductas que obstruyan servicios esenciales, corredores humanitarios, cadenas de abastecimiento o infraestructura crítica.

El proyecto oficial actualmente registrado en Diputados también señala como objeto regular la protesta social legítima y el derecho a la libre transitabilidad.

Mira la programación en Red Uno Play",https://www.reduno.com.bo/noticias/comision-de-diputados-inicia-tratamiento-de-la-ley-antibloqueo-2026930181342
Red Uno,2026-09-30,El dolar paralelo repunta al cierre de la jornada de este miercoles en el mercado informal 202693018821,El dólar paralelo repunta al cierre de la jornada de este miércoles en el mercado informal,"La cotización de la divisa estadounidense en el mercado informal o paralelo cerró la jornada de este miércoles 30 de septiembre mostrando variaciones importantes a lo largo del día, con un repunte en su cotización final en comparación con los valores registrados durante las horas previas.

De acuerdo con el reporte emitido por el portal especializado dolarboliviahoy.com , el dólar concluyó la jornada posicionándose en Bs 12,03 para la compra y Bs 12,01 para la venta .

Comportamiento de la divisa durante la jornada

El movimiento del tipo de cambio informal experimentó distintas oscilaciones a lo largo del día:

6:00 a.m.: La jornada comenzó con la divisa cotizándose en Bs 12,00 para la compra y Bs 11,92 para la venta.

12:00 p.m. (Mediodía): Los valores descendieron temporalmente, ubicándose en Bs 11,97 para la compra y Bs 11,95 para la venta.

Cierre de jornada: Finalmente, el billete verde rebotó al alza, cerrando la sesión en Bs 12,03 para la compra y Bs 12,01 para la venta.

Paralelamente, el Banco Central de Bolivia (BCB) fijó el tipo de cambio oficial para esta misma fecha en Bs 12,02 , situándose muy cerca de los valores de cierre reportados en el circuito paralelo.

Mira la programación en Red Uno Play",https://www.reduno.com.bo/noticias/el-dolar-paralelo-repunta-al-cierre-de-la-jornada-de-este-miercoles-en-el-mercado-informal-202693018821
Red Uno,2026-09-30,El alto dos bebes y un recien nacido mueren en las ultimas 24 horas 2026930175856,El Alto: Dos bebés y un recién nacido mueren en las últimas 24 horas,"Dos bebés perdieron la vida en las últimas 24 horas en la ciudad de El Alto , según el reporte policial. Uno de los casos corresponde a una broncoaspiración , mientras que el otro estuvo relacionado con una infección respiratoria .

El capitán Américo Guzmán informó que los padres trasladaron a ambos menores hasta el Hospital Corea , pero las complicaciones se agravaron antes de que pudieran recibir atención médica.

“Lastimosamente, por falta de auxilio inmediato y falta de conocimiento ellos llegan a perder la vida”, explicó el jefe policial.

Los menores estaban bajo medicación

De acuerdo con el reporte, ambos bebés contaban con antecedentes clínicos y se encontraban bajo medicación al momento de presentar las complicaciones.

“Eso también estaban con medicamentación y contaban con el debido historial clínico anterior”, señaló Guzmán.

La Policía recomendó a los padres y familiares acudir oportunamente a centros de salud ante cualquier complicación respiratoria en menores.

Recién nacido murió tras el trabajo de parto

En otro hecho registrado durante el mismo periodo, un recién nacido falleció después del trabajo de parto , cuando sus padres se trasladaban en un taxi hacia un centro médico.

Según el reporte policial, la labor de parto se presentó durante el trayecto y los padres, que serían primerizos, aparentemente no realizaron maniobras de reanimación al recién nacido.

“Tal vez la experiencia al ser padres primerizos, ellos evitan el tema de las limpias en vías aéreas, verificar que cuente con respiración o llanto”, explicó el capitán Guzmán.

Policía reporta los tres casos

Los tres hechos fueron registrados durante las últimas 24 horas y serán evaluados por las instancias correspondientes para establecer las circunstancias exactas de cada fallecimiento.

La Policía reiteró la importancia de buscar atención médica inmediata ante complicaciones de salud en bebés y de recibir orientación profesional sobre los cuidados durante y después del parto.

Mira la programación en Red Uno Play",https://www.reduno.com.bo/noticias/el-alto-dos-bebes-y-un-recien-nacido-mueren-en-las-ultimas-24-horas-2026930175856
Red Uno,2026-09-30,Confirman el fallecimiento de juan carlos espinoza privado de libertad en palmasola 2026930175315,"Confirman el fallecimiento de Juan Carlos Espinoza, privado de libertad en Palmasola","El Centro Penitenciario de Palmasola, en Santa Cruz, registró el traslado y posterior fallecimiento del recluso Juan Carlos Espinoza Vaca tras agravarse su estado de salud.

Sobre este hecho, el mayor Corcuy informó que “el lunes 28 de septiembre ha sido trasladado oportunamente, con todas las medidas de seguridad, el señor Juan Carlos Espinoza Vaca al Hospital Francés”.

En este sentido, remarcó que “fue trasladado al hospital, sufrió el deceso, él se encontraba con una enfermedad de base, diabetes, tuberculosis y una enfermedad respiratoria aguda”.

Detalles de la custodia y notificación familiar

El hombre llevaba un tiempo prolongado cumpliendo su medida cautelar en el recinto cruceño antes de presentar la situación médica que derivó en su traslado para recibir asistencia médica.

Al respecto, la autoridad policial complementó que “él estuvo recluido aproximadamente unos 8 meses. Ya se contactó a sus familiares”.

Se conoce que el fallecido, estaba privado de su libertad en el centro penitenciario de Palmasola debido al caso ‘Maletas’, el cual se remonta al 29 de noviembre de 2025, cuando la exdiputada Laura Rojas arribó en un vuelo privado al aeropuerto internacional Aeropuerto Internacional Viru Viru, en Santa Cruz, acompañada de dos menores de edad y un ciudadano extranjero.

En la aeronave se transportaban 31 maletas con contenido que, según los informes preliminares, no fue precisado públicamente.

Mira la programación en Red Uno Play",https://www.reduno.com.bo/noticias/confirman-el-fallecimiento-de-juan-carlos-espinoza-privado-de-libertad-en-palmasola-2026930175315
Red Uno,2026-09-30,Ministro asegura que se normalizara el abastecimiento tras acuerdo con cisterneros 20269301720,Ministro asegura que se normalizará el abastecimiento tras acuerdo con cisterneros,"El ministro de Hidrocarburos y Energías, Marcelo Blanco , informó que el abastecimiento de combustible en el país se está normalizando , luego de que se concretaran acuerdos con los cisterneros locales y la refinería.

La autoridad explicó que las negociaciones con el transporte nacional demoraron la distribución, mientras que con los cisterneros internacionales las gestiones fueron realizadas por el Gobierno, YPFB y la refinería.

“Han cerrado ayer la firma de los acuerdos y ya se tiene que empezar a restituir normalmente el combustible”, señaló Blanco.

Acuerdos con los cisterneros

El ministro indicó que los acuerdos alcanzados permitirán retomar de manera regular el traslado de los carburantes.

“Se está normalizando ya desde anoche. Se han firmado los acuerdos con los cisterneros locales y la refinería ha firmado también esos acuerdos y ya se está normalizando”, afirmó.

Estos acuerdos se suman a otras medidas implementadas por el Gobierno para recuperar la regularidad en la distribución de gasolina y diésel. En septiembre, el Ejecutivo informó sobre mecanismos de control de despachos y disponibilidad de combustible en estaciones de servicio.

“Hay combustible”

Ante la situación de abastecimiento que se registró en diferentes puntos del país, Blanco fue enfático al asegurar que existe carburante disponible.

“Sí, hay combustible!”, afirmó el ministro.

El Gobierno ya había señalado anteriormente que el abastecimiento comenzaba a normalizarse y que las medidas de control sobre YPFB y la ANH buscaban garantizar la distribución de gasolina y diésel.

Se espera la restitución de la distribución

Con el cierre de los acuerdos con los transportistas de cisternas, la expectativa del Ejecutivo es que el suministro pueda recuperar su regularidad y que el combustible llegue nuevamente a las estaciones de servicio.

La normalización dependerá ahora de la continuidad de la cadena logística de transporte, despacho y distribución.

Mira la programación en Red Uno Play",https://www.reduno.com.bo/noticias/ministro-asegura-que-se-normalizara-el-abastecimiento-tras-acuerdo-con-cisterneros-20269301720
Red Uno,2026-09-30,Fiscalia denuncia en redes sociales aprehension irregular de mariaca 2026930232824,Fiscalía denuncia en redes sociales aprehensión irregular de Mariaca,"El Ministerio Público denunció que efectivos policiales ingresaron a instalaciones de la Fiscalía General en Sucre y afirmó que funcionarios estarían aprehendidos, mientras que el fiscal general Roger Mariaca habría sido retenido en el aeropuerto Viru Viru.

La Fiscalía General del Estado denunció la noche de este miércoles una intervención en sus instalaciones de Sucre y cuestionó la legalidad del operativo.

En una transmisión difundida por los canales oficiales de comunicación del Ministerio Público, se afirmó que personal de la Fiscalía, incluidos funcionarios de comunicación y fiscales que se encontraban en el lugar, habría sido aprehendido, sin que, según la denuncia, se exhibieran órdenes o documentación que explicara los motivos del operativo.

“Denunciamos ante toda la población boliviana esta intervención que se está haciendo de manera ilegal e informal”, se señaló durante la transmisión la encargada de comunicación de la fiscalía

Denuncian retención de Mariaca en Viru Viru

La Fiscalía también afirmó que el fiscal general del Estado, Roger Mariaca , habría sido retenido en el Aeropuerto Internacional de Viru Viru , en Santa Cruz.

Según la denuncia difundida por el Ministerio Público, hasta ese momento no se habría presentado una orden de aprehensión que explicara las razones de la intervención.

“El fiscal general del Estado ha sido retenido en el aeropuerto Viru Viru de manera informal sin tener ningún documento ni orden de aprehensión”, se afirmó en la transmisión.

Cuestionan actuación policial

De acuerdo con la denuncia de la Fiscalía, un teniente coronel se habría presentado en las instalaciones de la institución en representación de la Policía Boliviana para ejecutar las presuntas órdenes de aprehensión.

Sin embargo, el Ministerio Público sostuvo que los efectivos no habrían exhibido los documentos correspondientes.

La Fiscalía también denunció que policías impidieron el ingreso de periodistas que se encontraban en las afueras de la institución y pretendían acceder a la conferencia de prensa convocada para explicar lo ocurrido.

Situación en desarrollo

El hecho se encuentra en desarrollo y los motivos formales del operativo, las eventuales órdenes de aprehensión y la situación jurídica de Mariaca y de los funcionarios mencionados deberán ser establecidos por las autoridades competentes.

Mira la programación en Red Uno Play",https://www.reduno.com.bo/noticias/fiscalia-denuncia-en-redes-sociales-aprehension-irregular-de-mariaca-2026930232824
Red Uno,2026-09-30,Economia,Dólar oficial baja: BCB fijó la cotización para el jueves 1 de octubre,"El dólar oficial inicia el nuevo mes de octubre con una cotización de Bs 12,00 , de acuerdo con el registro del Banco Central de Bolivia (BCB). El valor se mantiene sin variación respecto a la jornada anterior.

La evolución de la cotización oficial durante los últimos días fue:

Con esta disposición, el Banco Central continúa ajustando los parámetros de la moneda extranjera dentro del sistema financiero formal, en medio de la expectativa de los sectores económicos y comerciales del país.

Mira la programación en Red Uno Play",https://www.reduno.com.bo/economia/dolar-oficial-baja-bcb-fijo-la-cotizacion-para-el-jueves-1-de-octubre-202693023054
Red Uno,2026-09-30,Opinion,Aportes y Lineamientos Estratégicos para la Reforma del Sistema de Transporte Público Urbano en la ciudad de Santa Cruz,"Santa Cruz de la Sierra atraviesa un punto de quiebre que demanda decisiones firmes: el sistema de transporte público actual está agotado y exige una transformación estructural e impostergable.

La realidad que enfrentan a diario miles de cruceños está marcada por unidades obsoletas, inseguridad, altos índices de contaminación, desorden en las rutas y una estructura opaca que frena la libre competencia, el buen servicio y la modernización.

Frente a esta problemática, me permito recomendar a este Órgano Legislativo considerar las siguientes medidas prioritarias:

1. Reordenamiento integral de líneas y paradas fijas: Reestructurar los recorridos y exigir de forma estricta el abordaje y descenso de pasajeros únicamente en paradas preestablecidas, eliminando definitivamente la práctica actual de parar en cada esquina o a mitad de la calle.

2. Sistema de cobro electrónico e inteligente: Digitalizar el pago del pasaje mediante tarjetas electrónicas y código QR desde dispositivos móviles, utilizando validadoras/máquinas de expendio bajo monitoreo y control directo del municipio para transparentar el recaudo.

3. Fiscalización y sanciones mediante tecnología: Implementar un sistema de control y monitoreo mediante cámaras de seguridad para sancionar severamente las infracciones de tránsito, incluyendo la suspensión de la licencia de conducir a los conductores reincidentes.

4. Fijación de tarifas con criterio técnico: Sustituir las presiones coyunturales por estudios técnicos rigurosos que evalúen tramos, flujo de pasajeros, costos reales de operación y, fundamentalmente, la calidad del servicio brindado.

5. Transición y cambio de la matriz energética: Reducir la dependencia de los combustibles fósiles líquidos iniciando una migración inmediata hacia el gas natural vehicular (GNV) y trazando una hoja de ruta progresiva hacia la electromovilidad y tecnologías limpias.

6. Licitación pública para la concesión de rutas: Implementar un proceso de licitación transparente por periodos determinados (por ejemplo, 10 a 15 años). Este esquema contractual debe fijar obligaciones claras en inversión, renovación paulatina de flota, incorporación de tecnología, cumplimiento de frecuencias, seguridad vial y estándares de calidad.

Un proceso de licitación con reglas claras e iguales para todos no solo garantizará comodidad, orden y tarifas justas para los vecinos, sino que optimizará el impacto urbano y ambiental, e incorporará ingresos tributarios municipales que hoy no existen.

La ciudadanía lleva años pagando por un servicio deficiente. Con el respaldo ciudadano y una planificación técnica transparente, el Alcalde y el Concejo Municipal tienen la oportunidad histórica de liderar este debate y consolidar un sistema de transporte público moderno, organizado, seguro y sostenible que merece Santa Cruz.

Mira la programación en Red Uno Play",https://www.reduno.com.bo/opinion/aportes-y-lineamientos-estrategicos-para-la-reforma-del-sistema-de-transporte-publico-urbano-en-la-ciudad-de-santa-cruz-2026930224740
Red Uno,2026-09-30,Nacional,Aprehenden a Roger Mariaca y Alberto Zeballos en Viru Viru,"El fiscal general del Estado, Roger Mariaca, y el fiscal departamental de Santa Cruz, Alberto Zeballos, fueron aprehendidos durante un operativo policial ejecutado en el aeropuerto internacional de Viru Viru, en Santa Cruz.

De acuerdo con los primeros reportes, ambos llegaron en un vuelo procedente de Chuquisaca y fueron interceptados por efectivos policiales cuando descendieron de la aeronave, antes de recoger su equipaje.

Los agentes los esposaron y trasladaron inicialmente a un ambiente dentro de la terminal aérea. Según el reporte difundido desde el lugar, Mariaca cuestionó el procedimiento y solicitó conocer la orden que respaldaba su aprehensión.

Operativos simultáneos y más personas arrestadas

El despliegue policial comenzó durante la noche y contó con la participación de agentes de Inteligencia vestidos de civil y efectivos uniformados.

Además de las aprehensiones de Mariaca y Zeballos, se reportó el arresto de otras cinco personas.

De manera simultánea, efectivos policiales intervinieron dependencias del Ministerio Público en Santa Cruz y la Fiscalía General del Estado, en Sucre. Durante los procedimientos se realizaron inspecciones y se recabaron documentos y otros elementos relacionados con la investigación.

Aprehensiones tras acusaciones de Estados Unidos

El operativo se produce días después de que el Gobierno de Estados Unidos anunciara la revocación de visas a funcionarios y exfuncionarios de Bolivia, Colombia y Perú, a quienes atribuyó hechos de corrupción y otras acciones que, según Washington, afectan a instituciones democráticas.

En la lista difundida por el Departamento de Estado aparecen 13 funcionarios y exfuncionarios bolivianos, entre ellos Mariaca y Zeballos.

Estados Unidos formuló además acusaciones contra Mariaca relacionadas con sus acciones frente al narcotráfico. El fiscal general rechazó previamente esos señalamientos y vinculó la medida estadounidense con investigaciones desarrolladas por el Ministerio Público.

El Gobierno boliviano calificó las acusaciones de “graves” y solicitó a Estados Unidos información para que las autoridades nacionales puedan investigarlas.

Hasta el momento, se aguarda información oficial que detalle los delitos investigados, las órdenes que sustentan las aprehensiones y la situación jurídica de Mariaca, Zeballos y las demás personas involucradas en los operativos.

Mira la programación en Red Uno Play",https://www.reduno.com.bo/nacional/aprehenden-a-roger-mariaca-y-alberto-zeballos-en-viru-viru-202693022360
Red Uno,2026-09-30,Que cambiara para santa cruz con el nuevo hub de viru viru 202693022338,¿Qué cambiará para Santa Cruz con el nuevo Hub de Viru Viru?,"El Hub de Viru Viru fue presentado este miércoles como un proyecto destinado a ampliar la conectividad aérea de Santa Cruz, impulsar el turismo, el comercio y la logística, además de fortalecer la conexión de Bolivia con otros países.

El gobernador de Santa Cruz, Juan Pablo Velasco , explicó que el proyecto contempla un crecimiento de la capacidad de atención del aeropuerto. Actualmente Viru Viru moviliza alrededor de 2 millones de pasajeros al año y, con la nueva infraestructura, se proyecta alcanzar entre 4 y 6 millones.

“Esto es traer Bolivia al mundo, es traer más turismo, es aumentar servicios, logística y áreas comerciales”, señaló Velasco, al destacar el impacto que tendría el proyecto en la economía departamental.

Uno de los principales cambios estará relacionado con la carga aérea. La ubicación de Viru Viru y sus condiciones operativas permitirían desarrollar un centro de conexión para aeronaves de carga, facilitando el movimiento de productos y generando mejores condiciones para empresarios y productores que buscan llegar a nuevos mercados.

El proyecto también contempla mejoras en los accesos al aeropuerto. El alcalde Manuel Saavedra informó que se acordó ampliar la avenida Cristo Redentor desde el octavo anillo hasta Viru Viru.

Durante el acto, el presidente Rodrigo Paz remarcó que el objetivo del hub no debe limitarse a una nueva terminal aeroportuaria, sino que debe traducirse en mayor conectividad aérea.

“El proyecto del hub no es solo ver una nueva terminal o generar cambios en infraestructura. La empresa que gane este proyecto tiene que traer aerolíneas, tiene que traer conectividad con el mundo”, sostuvo.

La expectativa también alcanza al turismo y a la actividad empresarial. Una mayor cantidad de conexiones internacionales podría facilitar la llegada de visitantes, empresarios e inversionistas, mientras que una infraestructura aeroportuaria orientada a carga puede favorecer las exportaciones y la distribución de productos.

El lanzamiento del Hub de Viru Viru se concretó con la firma del decreto supremo que habilita el diseño, construcción, equipamiento, operación, mantenimiento, modernización, ampliación y financiamiento del proyecto.

Con esta decisión, Viru Viru inicia una nueva etapa de planificación para convertirse en un centro aeroportuario de mayor escala, mientras Santa Cruz apunta a fortalecer su papel como puerta de entrada y salida de Bolivia hacia el mundo.

Mira la programación en Red Uno Play",https://www.reduno.com.bo/noticias/que-cambiara-para-santa-cruz-con-el-nuevo-hub-de-viru-viru-202693022338
Red Uno,2026-09-30,Dictan 180 dias de detencion preventiva para chofer presuntamente involucrado en asalto a librecambista 2026930223126,Dictan 180 días de detención preventiva para chofer presuntamente involucrado en asalto a librecambista,"El taxista acusado participar en el atraco de un librecambista fue enviado con detención preventiva a la cárcel de Palmasola por un lapso de 180 días. Sobre la implicación del sujeto, la fiscal Rosmeri Barrientos señaló que “él es la persona que ha cooperado con los autores materiales e intelectuales en este caso y les ha brindado el transporte correspondiente”.

La versión del imputado y las pruebas

El acusado intentó desvincularse del hecho durante su declaración ante la Justicia.

Al respecto, Barrientos explicó que “declaró, él niega esta situación, más bien indica que le pagaron 30 bolivianos por esa carrera, por el tiempo que estuvo esperando supuestamente a sus pasajeros”.

El Ministerio Público sustentó la medida cautelar basándose en las exigencias del Código de Procedimiento Penal.

En este sentido, la fiscal Barrientos complementó que “son varios los elementos, pero los suficientes que exige el Código de Procedimiento están; sumado al análisis de la comunidad de los elementos, tenemos conocimiento de que él ya estuvo guardando detención preventiva anteriormente por un hecho similar, al margen de otros tipos penales a los cuales también estuvo detenido”.

La evidencia de los videos

Respecto al vínculo entre los involucrados, la fiscal concluyó que “desde el momento en que él presta colaboración existe un vínculo; ellos se han puesto de acuerdo para que él espere en una avenida, en la avenida Capitán Arrien, eso no lo dice el Ministerio Público de manera lírica, está plenamente demostrado con el desdoblamiento de diferentes imágenes de las cámaras de seguridad de diferentes domicilios”.

Mira la programación en Red Uno Play",https://www.reduno.com.bo/noticias/dictan-180-dias-de-detencion-preventiva-para-chofer-presuntamente-involucrado-en-asalto-a-librecambista-2026930223126
Red Uno,2026-09-30,Audiencia de apelacion de cerimedo queda suspendida por falta de notificacion 2026930214929,Audiencia de apelación de Cerimedo queda suspendida por falta de notificación,"La audiencia de apelación de Fernando Cerimedo fue suspendida este miércoles debido a que una de las partes no fue notificada, por lo que quedó pendiente el análisis del recurso presentado por su defensa para cuestionar la detención preventiva.

La audiencia debía instalarse en la Sala Penal Primera y estaba relacionada con los incidentes y la detención preventiva dispuesta dentro del proceso por tentativa de feminicidio, cuya audiencia cautelar se realizó el pasado 21 de agosto.

El abogado de Cerimedo explicó que la audiencia no pudo desarrollarse por la falta de notificación a una de las partes y señaló que, mientras se espera una nueva fecha, la defensa continuará con las acciones legales para cuestionar las acusaciones contra su defendido.

“Nosotros vamos a desvirtuar paso a paso todas las acusaciones que hay en su contra”, afirmó el abogado, al referirse a los procesos por tentativa de feminicidio, enriquecimiento ilícito, legitimación de ganancias ilícitas y violencia familiar y psicológica.

La defensa sostiene que Cerimedo es inocente y que demostrará, durante el desarrollo de los procesos, que las acusaciones no tienen sustento.

Mira la programación en Red Uno Play",https://www.reduno.com.bo/noticias/audiencia-de-apelacion-de-cerimedo-queda-suspendida-por-falta-de-notificacion-2026930214929
Red Uno,2026-09-30,Zamora sobre hub viru viru hoy hacemos realidad un proyecto esperado por decadas 202693021438,Zamora sobre Hub Viru Viru: “Hoy hacemos realidad un proyecto esperado por décadas”,"El ministro de Obras Públicas, Mauricio Zamora, destacó este miércoles la realización del Hub de Viru Viru y aseguró que el proyecto fue priorizado por el presidente Rodrigo Paz como parte de una nueva visión de infraestructura para Bolivia.

Durante su intervención en el acto, Zamora afirmó que recibió una instrucción directa del mandatario para avanzar con el proyecto y señaló que, después de varios meses de trabajo, se llegó a una etapa que calificó como histórica para la región.

“Hoy el sueño de Santa Cruz de ser el corazón de integración aérea de Latinoamérica empieza a hacerse realidad. Lo que parecía solo una eterna promesa se concreta. Hoy el Hub de Viru Viru es una realidad. Bolivia al mundo y el mundo a Bolivia cobra sentido con este proyecto anhelado por décadas”, señaló Zamora.

Zamora sostuvo que durante años proyectos estratégicos para Santa Cruz fueron postergados y afirmó que el Gobierno actual busca cambiar esa situación mediante una agenda de infraestructura que permita conectar al país con mercados nacionales e internacionales.

En ese marco, mencionó entre las prioridades del Gobierno la consolidación de carreteras hacia los puertos del Pacífico y Atlántico, la recuperación de la política ferroviaria, el proyecto Puerto Busch, la mejora de la conectividad a internet y la modernización del sistema aeronáutico mediante la apertura de los cielos del país.

El ministro también destacó el trabajo coordinado entre el Gobierno nacional, la Gobernación y los municipios. Como ejemplo, mencionó el convenio suscrito con el alcalde de Santa Cruz para desarrollar nuevos carriles en la autopista que conecta el aeropuerto con la ciudad.

“Esta es la forma de trabajar en conjunto, Gobierno nacional, gobernadores, alcaldes”, afirmó Zamora.

“Hoy es un gran día en la historia de Santa Cruz. Hoy, 30 de septiembre, el último día del mes aniversario de esta tierra, entregamos el mejor regalo que se le puede dar. Hoy hacemos realidad un proyecto esperado por décadas”, agregó.

Mira la programación en Red Uno Play",https://www.reduno.com.bo/noticias/zamora-sobre-hub-viru-viru-hoy-hacemos-realidad-un-proyecto-esperado-por-decadas-202693021438
Red Uno,2026-09-30,Paz firma decreto que permitira la construccion de hub de viru viru 2026930212659,Paz firma decreto que permitirá la construcción de Hub de Viru Viru,"El presidente Rodrigo Paz participó en el acto de lanzamiento de la implementación del Hub de Viru Viru , en Santa Cruz, donde destacó la importancia del proyecto para ampliar la conectividad aérea de Bolivia.

Durante su discurso, el mandatario señaló que el objetivo no debe limitarse a la infraestructura aeroportuaria, sino a generar nuevas conexiones internacionales.

“La empresa que gana este proyecto nos tiene que traer líneas aéreas, nos tiene que traer conectividad con el mundo”, afirmó Paz.

El presidente agregó que el propósito es generar mayor movimiento de empresarios, turistas y comercio.

“Lo importante es que nos conecten, que nos pongan en el mundo, Bolivia en el mundo y el mundo en Bolivia”, sostuvo.

Firma de decreto para viabilizar el proyecto

Durante el acto se anunció la firma de un decreto supremo destinado a permitir la concreción del proyecto.

Paz explicó que la iniciativa debe ser entendida como un proyecto de alcance nacional y no únicamente regional.

“Este esfuerzo nacional es de toda la patria, no es de una sola región. Es un trabajo de todos los bolivianos y de todas las bolivianas”, manifestó.

El Gobierno ya había anunciado a mediados de septiembre que a finales de ese mes se presentaría la licitación para impulsar el Hub de Viru Viru.

Santa Cruz como punto de conexión

Paz destacó la ubicación geográfica de Santa Cruz y sostuvo que el departamento puede convertirse en un punto de conexión para Bolivia con otros mercados.

“Santa Cruz se está convirtiendo en una oportunidad de Bolivia en el mundo. Santa Cruz es una puerta para Bolivia en el mundo”, expresó.

El mandatario también señaló que el proyecto podría generar beneficios para otros departamentos mediante una mayor conectividad aérea y movimiento económico.

“Si llegan más aerolíneas, más conectividad, por ende mayor servicio para Pando, para Beni, para Tarija, para Oruro, para todos los departamentos”, indicó.

“Este es nuestro momento”

Al finalizar su discurso, Paz llamó a impulsar proyectos de infraestructura en medio de la actual situación económica del país.

“Este es el momento que nos toca construir a nosotros. Este es el momento que nos toca desarrollar una nueva sociedad”, manifestó.

El presidente cerró su intervención destacando la importancia de Santa Cruz dentro del proyecto de integración nacional y reiteró su consigna de “Bolivia en el mundo y el mundo en Bolivia”.

Mira la programación en Red Uno Play",https://www.reduno.com.bo/noticias/paz-firma-decreto-que-permitira-la-construccion-de-hub-de-viru-viru-2026930212659
Red Uno,2026-09-30,Jueza vetada por eeuu yo jamas me podria reunir con una persona narcotraficante 202693021158,Jueza vetada por EEUU: “Yo jamás me podría reunir con una persona narcotraficante”,"La jueza anticorrupción, Albania Caballero, cuyo nombre figura entre las personas a las que Estados Unidos habría retirado la visa, aseguró que desconoce oficialmente esa situación y afirmó que continúa desempeñando sus funciones con normalidad en el Palacio de Justicia.

“Yo no tengo conocimiento, yo pediría a través de la Cancillería que me informen”, señaló la autoridad judicial al ser consultada sobre la supuesta medida en su contra. Caballero sostuvo que primero necesita conocer las razones para asumir una posición y ejercer su defensa.

“Yo tengo que ver las razones también para poder defenderme”, manifestó, al remarcar que sus colegas y abogados conocen sus actuaciones.

Ante las versiones que relacionan el retiro de visas con supuestos encuentros con personas vinculadas al narcotráfico, Caballero negó haber tenido algún contacto de ese tipo y cuestionó cualquier posible relación con esas acusaciones.

“El narcotráfico es una lacra, yo jamás me podría reunir con una persona narcotraficante”, afirmó la jueza.

Caballero también aseguró que continúa asistiendo diariamente a su fuente laboral y que cumple sus funciones con normalidad en el Palacio de Justicia.

Mira la programación en Red Uno Play",https://www.reduno.com.bo/noticias/jueza-vetada-por-eeuu-yo-jamas-me-podria-reunir-con-una-persona-narcotraficante-202693021158
Red Uno,2026-09-30,Economia,"""Es una demanda histórica de la región"": Autoridades cruceñas destacan la realización del Hub de Viru Viru","El presidente Rodrigo Paz, acompañado por ministros de Estado y autoridades locales, encabezó el acto oficial para dar inicio al proyecto Hub Viru Viru en el departamento de Santa Cruz.

Durante el evento, el alcalde cruceño Manuel Saavedra destacó la trascendencia de la obra al señalar que “hoy han cambiado las cosas, de esa pampa a ese aeropuerto internacional, ahora se abre un nuevo momento; llega un Hub, un sueño, una demanda histórica de nuestra región, este es un gran paso”.

Alianza estratégica para dinamizar la economía nacional

La ceremonia contó con la presencia de los ministros Mauricio Zamora de Obras Públicas y Ernesto Justiniano de Defensa, así como del gobernador Juan Pablo Velasco, el alcalde de Warnes Mario Cronenbold y el titular del Comité Pro Santa Cruz, Stello Cochamanidis.

Con respecto al alcance territorial de la infraestructura, Saavedra enfatizó que “en algún momento se planteaba cierta polémica de dónde estaba Viru Viru y créanme que ahora hay que mirar más allá de eso, podemos discutir años donde empieza y donde termina un municipio, pero lo que no podemos tener dudas es para qué va a servir el Hub: para traer inversiones, oportunidades, para conectarnos con el resto del planeta”.

Por su parte, el gobernador de Santa Cruz, Juan Pablo Velasco remarcó que ""es una obra monumental, el Viru Viru Hub que va a tener una capacidad de 2  millones de pasajeros anuales que pasan hoy a 4 o 6 millones, eso es movimiento económico, eso es mostrarle Bolivia al mundo, eso es que venga más turismo, es aumentar los servicios, no solo aeroportuarios, sino logísticos, zonas francas comerciales que se pueden hacer"".

Además remarcó que ""esto puede cambiar nuestra posición de Santa Cruz y Bolivia en el mapa, ser un nodo logístico que realmente podamos ser o brindar servicios logísticos a todo el continente"". En cuanto a la participación de los gobiernos locales en el proyecto, destacó que ""no queremos mirar desde afuera este proyecto, queremos ser parte como Gobernación. Conocemos nuestra infraestructura, nuestra gente, conocemos lo que necesitamos, entonces la Gobernación de Santa Cruz y los municipios tenemos que ser parte del proyecto”

Mira la programación en Red Uno Play",https://www.reduno.com.bo/economia/es-una-demanda-historica-de-la-region-autoridades-crucenas-destacan-la-realizacion-del-hub-de-viru-viru-202693021110
Red Uno,2026-09-30,Dos mujeres protagonizaron pelea en una fila por gasolina en santa cruz 2026930204218,Dos mujeres protagonizaron pelea en una fila por gasolina en Santa Cruz,"En inmediaciones de un surtidor, ubicado en el kilómetro 8 de la doble vía La Guardia en Santa Cruz, dos mujeres protagonizaron una violenta pelea a golpes en medio de la espera para cargar gasolina. Ante la disputa, la mujer que grabó el video afirmó “miren la intolerancia de las personas peleando en la cola”.

Altercado registrado en video

Según testigos, el enfrentamiento se originó cuando algunas personas intentaron ingresar sin respetar el turno a la fila de vehículos que aguardaban por suministro.

El registro audiovisual captó el momento exacto en que la disputa escaló al plano físico frente a la mirada de los transeúntes.

Al finalizar la grabación, la vecina concluyó indicando ”Se están peleando por las colas aquí en la puerta del condominio”.

Mira la programación en Red Uno Play",https://www.reduno.com.bo/noticias/dos-mujeres-protagonizaron-pelea-en-una-fila-por-gasolina-en-santa-cruz-2026930204218
Red Uno,2026-09-30,Cochabamba adelanta la limpieza de torrenteras y bocatormentas para prevenir inundaciones 2026930202935,Cochabamba adelanta la limpieza de torrenteras y bocatormentas para prevenir inundaciones,"Ante los drásticos cambios en el clima y el registro de lluvias atípicas en el departamento, la Unidad de Gestión de Riesgos (UGR) del Gobierno Autónomo Municipal de Cochabamba (GAMC) decidió adelantar los trabajos de limpieza de bocatormentas y torrenteras en la ciudad. La medida busca prevenir inundaciones y emergencias que tradicionalmente se atendían a finales de noviembre, trasladando la planificación al mes de octubre.

Dennis Rosales, director de la UGR del GAMC, detalló los puntos críticos donde se concentran las labores preventivas : ""Centrado ya con los puntos más álgidos que es la laguna Coña Coña, que se está dragando, hemos venido haciendo un barrido en todo el canal de la Arquímedes, que es uno de los puntos más conflictivos que tenemos en la temporada de lluvias, se está trabajando la limpieza. Estamos ya con lo que es la Tadeo Haenke, haciendo la limpieza, la torrentera Pintumayu, para proceder con Logustani, a La Pajcha, a los canales de riegos donde tenemos afectación. Ya estamos haciendo un barrido, redoblando esfuerzos para, por lo menos en este mes de octubre, concluir con estas torrenteras"".

Mantenimiento en pasos a desnivel y sistema de bombeo

Como parte de la estrategia para evitar anegamientos en las principales arterias viales, el municipio también ejecuta limpiezas permanentes en los pasos a desnivel de la urbe.

Al respecto, Rosales indicó que ""en los pasos a desnivel se realiza un mantenimiento y una verificación del correcto funcionamiento de nuestras bombas. Están todos completamente concluidos, pero ya de aquí a un mes, ya para la temporada de lluvia, se va a hacer una verificación nuevamente del funcionamiento de nuestras bombas, que están en este momento funcionando al 100%"".

Las autoridades municipales confirmaron que el cien por ciento de las torrenteras y bocatormentas recibirán atención y limpieza integral hasta concluir el mes de octubre. Sin embargo, hicieron un enérgico llamado a la población para tomar conciencia definitiva y frenar la mala costumbre de arrojar basura y escombros a estos cauces, factor que incrementa drásticamente el riesgo de colapsos e inundaciones durante la época de precipitaciones.

Mira la programación en Red Uno Play",https://www.reduno.com.bo/noticias/cochabamba-adelanta-la-limpieza-de-torrenteras-y-bocatormentas-para-prevenir-inundaciones-2026930202935
Red Uno,2026-09-30,Deportes,Argentina goleó 4-0 a Bolivia en el amistoso disputado en Córdoba,"Argentina goleó 4-0 a Bolivia en el estadio Mario Alberto Kempes de Córdoba, en el amistoso internacional disputado este miércoles.

La Albiceleste tomó la iniciativa desde el inicio del encuentro y consiguió abrir el marcador a los 19 minutos. Lautaro Martínez apareció para marcar el 1-0 y darle la ventaja al conjunto argentino.

Argentina mantuvo el dominio y amplió la diferencia con un tanto de Nico Paz , quien marcó el segundo gol para establecer el 2-0 ante la Verde.

La superioridad del conjunto argentino continuó y Cristian “Cuti” Romero volvió a vencer la resistencia boliviana para marcar el tercer tanto y dejar el marcador 3-0.

El cuarto gol llegó posteriormente por intermedio del “Flaco” López , que puso el 4-0 definitivo en el estadio Mario Alberto Kempes.

Bolivia intentó reaccionar y descontar en el tramo final del encuentro, pero no logró encontrar el camino al gol frente a una selección argentina que mantuvo la ventaja hasta el final.

La Verde inició el partido con Guillermo Viscarra en el arco; Efraín Morales, Marcelo Torrez, Diego Arroyo y Yomar Rocha en defensa; Jesús Maraude, Héctor Cuellar, Robson Tomé y Roberto Fernández en el mediocampo; mientras que Ramiro Vaca y Miguel Terceros estuvieron en el ataque.

Argentina, por su parte, formó con Emiliano “Dibu” Martínez; Agustín Giay, Cristian Romero, Lisandro Martínez y Román Vega; Exequiel Palacios, Alexis Mac Allister y Nico Paz; Gianluca Prestianni, Julián Álvarez y Lautaro Martínez.

El encuentro fue dirigido por el árbitro colombiano Jhon Ospina Londoño.

Mira la programación en Red Uno Play",https://www.reduno.com.bo/deportes/argentina-goleo-4-0-a-bolivia-en-el-amistoso-disputado-en-cordoba-202693020190
Red Uno,2026-09-30,Gobernacion y pobladores acuerdan inspeccion tecnica en el botadero de cotapachi 202693020155,Gobernación y pobladores acuerdan inspección técnica en el botadero de Cotapachi,"El problema de la acumulación de basura en el municipio de Quillacollo persiste debido al bloqueo continuo en el botadero de Cotapachi. Ante esta situación, la Gobernación de Cochabamba sostuvo una reunión de concertación con los comunarios de la zona para buscar una salida al conflicto.

Durante el encuentro, el secretario de Medio Ambiente de la Gobernación enfatizó la necesidad de dar cumplimiento a las normativas vigentes: ""Lo que hemos hecho hincapié es dar cumplimiento a lo que está establecido en el manifiesto y en la licencia ambiental para el botadero de Quillacollo"".

Como resultado de la reunión , las autoridades y los comunarios acordaron realizar una verificación exhaustiva en el lugar. ""Hemos quedado en forma conjunta con los pobladores de realizar esta inspección para el día viernes. Vamos a comenzar a las 8 en punto y previo a ello, mañana se están cursando las notas respectivas tanto al Gobierno Autónomo Municipal de Quillacollo como también a los pobladores o a los representantes que van a ser partícipes de esta inspección ocular"", detalló el secretario, agregando que se contará con todo un equipo técnico especializado para el levantamiento de información.

La autoridad también subrayó que el objetivo primordial es velar por el bienestar de la ciudadanía y del sector productivo : ""Siempre velando el bien mayor ¿Qué significa? Es que estos botaderos, estos rellenos realmente cumplan y no afecten a la salud. Si se va a evidenciar toda la situación de la afectación a la salud de la población como también a la parte productiva, vamos a tener también los informes respectivos tal cual están establecidos en la norma"".

Asimismo, el representante de la Gobernación indicó que la problemática de los residuos fue tratada en una instancia metropolitana, donde se concluyó que la acción aislada de los municipios resulta insuficiente: ""Si los municipios van a ir independientemente solos, no van a poder lograr. Entonces lo que se ha tenido en la reunión de la metropolitana es que los municipios, principalmente de la provincia de Quillacollo, puedan unirse. Es así, se tiene previsto generar un plan, una propuesta, un proyecto realmente en forma conjunta y articulado"".

Finalmente, en la búsqueda de soluciones a largo plazo para la región, se informó sobre gestiones de cooperación internacional: ""Hemos tenido contactos con entidades técnicas de la República de Corea, los cuales ya en las notas nos manifiestan positiva la respuesta. Entonces los expertos estarán a mediados de octubre para poder hacer este trabajo conjunto. Creemos que sí debemos hacer un trabajo conjunto para de una buena vez darle solución"".

Mira la programación en Red Uno Play",https://www.reduno.com.bo/noticias/gobernacion-y-pobladores-acuerdan-inspeccion-tecnica-en-el-botadero-de-cotapachi-202693020155
Red Uno,2026-09-30,Deportes,"Guerra total en el fútbol mundial: la FIFA acusa a la UEFA de ""acoso"" y de buscar un golpe electoral","La tensión en la cúpula del fútbol mundial alcanzó un punto de no retorno. La FIFA presentó un duro escrito ante el Tribunal de Florida (EE. UU.) en el que acusa directamente a la UEFA de actuar ""de mala fe y con fines de acoso"", denunciando una supuesta ""campaña de desinformación"" destinada a interferir en las elecciones presidenciales del organismo internacional.

El conflicto estalló a raíz de un pedido de la entidad europea para acceder a documentos sobre la creación de ""FIFA FORWARD ENTERPRISE"" (FFE), un multimillonario proyecto valorado en más de 30.000 millones de dólares. Según la UEFA, la iniciativa escondía supuestas irregularidades dirigidas por Gianni Infantino.

Sin embargo, la FIFA rechazó categóricamente las acusaciones y afirmó que las insinaciones sobre supuestos beneficios personales para Infantino carecen de todo fundamento ético y legal. Según el documento judicial, el proyecto buscaba potenciar el desarrollo del fútbol mediante acuerdos comerciales transparentes y sujeto a la aprobación del Consejo.

Desde la trinchera del ente máximo del fútbol aseguran que la UEFA lanzó estas acusaciones a la prensa buscando alterar el mapa político, justo cuando se acerca la fecha límite del 18 de noviembre para presentar candidaturas a la presidencia, con miras a las elecciones de marzo en Rabat.

Para la FIFA, la maniobra legal en Estados Unidos no responde a una necesidad legítima de pruebas, sino a un intento desesperado por ensuciar la imagen de su presidente. Con este cruce, la relación entre las dos organizaciones más poderosas del deporte rey entra en su etapa más hostil.

Mira la programación en Red Uno Play",https://www.reduno.com.bo/deportes/guerra-total-en-el-futbol-mundial-la-fifa-acusa-a-la-uefa-de-acoso-y-de-buscar-un-golpe-electoral-2026930195729
Red Uno,2026-09-30,Ypfb garantiza distribucion de glp tras acuerdo transitorio con transportistas 202693019320,YPFB garantiza distribución de GLP tras acuerdo transitorio con transportistas,"Tras intensas jornadas de diálogo iniciadas para resolver las demandas del transporte de GLP, YPFB garantiza la distribución del carburante tras un acuerdo transitorio con los transportistas.

Durante las mesas de trabajo, el vicepresidente de operaciones de YPFB, Víctor Hugo Blacud, destacó que “hemos establecido estas mesas de trabajo, desde el día de ayer; a las 3 de la tarde hemos estado trabajando con este sector y finalmente hoy día hemos podido llegar a acuerdos que son en beneficio de toda la población boliviana para garantizar el abastecimiento de GLP a nivel nacional”.

Las negociaciones acordaron que el reajuste definitivo de las tarifas de transporte estará respaldado por un análisis especializado externo.

Sobre este punto, Blacud explicó que entre los consensos se estableció que “se tiene que ajustar las tarifas de flete para este sector con los resultados de una consultoría independiente, de esa manera vamos a poder hacer el ajuste de los fletes de una manera responsable con todo el sector que corresponde al transporte nacional de GLP”.

Desde el sector privado del transporte de gas respaldaron la firma del compromiso temporal mientras se formalizan los estudios económicos.

El representante del Transporte GLP, José Luis Sejas, confirmó que “se llegó a un acuerdo transitorio hasta que se haga un estudio de tarifa a nivel nacional o a nivel internacional con empresas independientes, lo cual garantiza el abastecimiento a nivel nacional de GLP, ya sea para Santa Cruz y todo el país”.

Periodo de evaluación técnica prevé certidumbre en tres semanas

La empresa estatal proyecta contar con los resultados numéricos de la consultoría en el menor tiempo posible para formalizar la nueva escala de costos.

Al respecto, Blacud precisó que “estamos viendo que podríamos hacerlo en unos 21 días, que es lo que se ha conversado con ellos también, pero esperamos poder hacerlo en el tiempo más breve posible, y de esa manera también poder dar tranquilidad y certidumbre al mismo sector”.

Las labores logísticas para poner en marcha la flota nacional demandarán un despliegue paulatino en las principales plantas de distribución. Sobre la operativa,

Blacud puntualizó que “estimamos que a partir de mañana ya podrán las cisternas empezar a trabajar y esto se va a ir seguramente agilizando y normalizando paulatinamente, tenemos que entender que se tiene que reactivar todo este servicio de manera progresiva”.

Mira la programación en Red Uno Play",https://www.reduno.com.bo/noticias/ypfb-garantiza-distribucion-de-glp-tras-acuerdo-transitorio-con-transportistas-202693019320
Red Uno,2026-09-30,Vuelven las largas filas por gasolina en surtidores de la paz 2026930192945,Vuelven las largas filas por gasolina en surtidores de La Paz,"Largas filas de vehículos se registraron este miércoles en distintos surtidores de la ciudad de La Paz , particularmente en la zona de Sopocachi , donde conductores llegaron para abastecerse de combustible.

De acuerdo con el reporte desde la avenida Jaime Freyre, la fila se extendía por más de ocho cuadras, generando una importante concentración de motorizados.

Subvención gasolina

Según el reporte periodístico, varios conductores acudieron a las estaciones de servicio después de escuchar versiones sobre un supuesto retiro de la subvención a la gasolina .

La información provocó preocupación entre los usuarios, quienes optaron por acudir a los surtidores ante la posibilidad de un eventual cambio en el precio del combustible.

Sin embargo, esta versión fue desmentida por el Gobierno . El ministro de Hidrocarburos y Energías, Marcelo Blanco, señaló que, por el momento, la subvención a la gasolina se mantiene. Esta posición ya había sido expresada anteriormente por la autoridad, cuando aclaró que la medida adoptada correspondía al diésel y no a la gasolina.

“Por el momento, la subvención se mantiene”

En una reciente publicación, Blanco buscó llevar tranquilidad a la población y afirmó:

“Quiero dar tranquilidad a la población: por el momento, la subvención a la gasolina se mantiene.”

El ministro agregó que la prioridad del Gobierno es “recuperar la continuidad del abastecimiento y avanzar progresivamente hacia una provisión normal de combustible”.

Filas también se reportaron en otros puntos

La concentración de vehículos no se limitó a un solo surtidor. El reporte señaló que se observaron situaciones similares en otras estaciones de servicio de La Paz.

Las autoridades exhortaron a la población a informarse a través de canales oficiales y evitar tomar decisiones basadas en versiones no confirmadas.

Mira la programación en Red Uno Play",https://www.reduno.com.bo/noticias/vuelven-las-largas-filas-por-gasolina-en-surtidores-de-la-paz-2026930192945
Red Uno,2026-09-30,Magistratura investigara resoluciones emitidas por jueza senalada en el caso marset 2026930191332,"Presidente del Consejo de la Magistratura afirma que Alarcón fue destituida, pero TCP frenó la ejecución","El presidente del Consejo de la Magistratura, Carlos Spencer, afirmó que Livia Alarcón fue destituida por faltas gravísimas y que la decisión fue ratificada por Sala Plena, aunque una medida cautelar del Tribunal Constitucional impidió ejecutar la sanción.

El presidente del Consejo de la Magistratura, Carlos Spencer, afirmó que la jueza Livia Alarcón ya fue destituida como resultado de un proceso disciplinario iniciado por faltas consideradas gravísimas.

“Esa juez se encuentra ya destituida por un proceso del departamento de Santa Cruz”, sostuvo Spencer, quien explicó que el proceso tuvo que ser trasladado a Oruro debido a que en Santa Cruz no pudo constituirse el Tribunal Disciplinario.

Según su explicación, la decisión de primera instancia fue posteriormente revisada y ratificada por la Sala Plena del Consejo de la Magistratura .

Una medida cautelar frenó la ejecución

Spencer señaló que, pese a la destitución, una medida cautelar emitida por el Tribunal Constitucional Plurinacional (TCP) impidió que la sanción fuera ejecutada.

“El Tribunal Constitucional le da esta medida cautelar para que no se ejecute la destitución”, afirmó.

El presidente de la Magistratura cuestionó además que esta medida haya sido concedida mientras el proceso constitucional permanece pendiente de resolución.

La existencia de este antecedente de destitución también fue confirmada por el encargado distrital del Consejo de la Magistratura en Santa Cruz, quien explicó que la sanción fue impugnada mediante un amparo constitucional y se encuentra en revisión en Sucre.

Revisarán los fallos de la jueza

Las declaraciones de Spencer se producen después de que el Consejo de la Magistratura interviniera el despacho de Alarcón en Santa Cruz, tras la difusión de imágenes que presuntamente la vincularían con un inmueble relacionado con Sebastián Marset , horas antes de la captura del narcotraficante.

El Consejo informó que realizará un levantamiento técnico de expedientes y actuaciones judiciales para establecer si existen irregularidades y determinar las acciones que correspondan.

“Se está haciendo el levantamiento correspondiente para poder ver si existen responsabilidades en estos procesos que ella ha podido determinar medidas cautelares y otras que ella ha podido beneficiar”, manifestó Spencer.

La vinculación con Marset aún debe ser investigada

El Consejo de la Magistratura confirmó que tomó conocimiento de un video difundido en redes sociales donde se ve un vehículo que supuestamente pertenece a la jueza.

Sin embargo, la propia institución aclaró que las imágenes deben ser verificadas y que actualmente no se puede establecer como un hecho confirmado que la persona registrada sea la jueza.

Spencer pide resolver la medida cautelar

El presidente del Consejo de la Magistratura pidió al actual Tribunal Constitucional que resuelva con celeridad los procesos que mantienen suspendidas las destituciones de jueces sancionados disciplinariamente.

“Le pedimos al Tribunal Constitucional que resuelvan a la brevedad posible todos los procesos que han sido destituidos los jueces y que no se resuelven a la fecha”, afirmó.

Spencer sostuvo que mientras la medida cautelar permanezca vigente, el Consejo no puede ejecutar plenamente la destitución que ya fue determinada dentro del proceso disciplinario.

Mira la programación en Red Uno Play",https://www.reduno.com.bo/noticias/magistratura-investigara-resoluciones-emitidas-por-jueza-senalada-en-el-caso-marset-2026930191332
Red Uno,2026-09-30,Tendencias,"A los 89 años, el secreto mejor guardado de Morgan Freeman para la energía y la eterna actividad","A sus 89 años , la vigencia de Morgan Freeman en la industria del cine sigue sorprendiendo a propios y extraños. Lejos de pensar en el retiro, el icónico actor mantiene una agenda profesional intensa y, en una reciente entrevista con NBC News , compartió algunos de los pilares que le permiten sostener semejante nivel de energía.

Consultado sobre su rutina y los secretos detrás de su vitalidad, Freeman fue contundente respecto a sus hábitos alimenticios: ""Como lo menos que puedo. Si inventaran una pastilla, simplemente tomaría la pastilla. No me molestaría en hacer todo lo demás"" , aseguró con total franqueza, dejando en claro que para él la comida es simplemente un combustible funcional, según publica el portal TN .

Para complementar esta escueta ingesta de alimentos, el actor reveló que su rutina matutina incluye ""un puñado de vitaminas y suplementos"" acompañados por una bebida antioxidante. Ante la duda de si esta fórmula realmente da resultados, Freeman respondió fiel a su estilo y con su característico sentido del humor: ""Todavía estoy acá"" .

Más allá de la nutrición, el actor ganador del Oscar atribuye gran parte de su vitalidad al hecho de mantenerse en movimiento constante. ""Tengo trabajo que hacer. Mantenerme ocupado es una cosa"" , reflexionó sobre su longeva trayectoria y su particular relación con la fama, donde reconoció que muchas veces la gente lo identifica de inmediato no solo por su rostro, sino por su inconfundible y grave tono de voz.

Con una carrera repleta de éxitos y una vitalidad envidiable, Morgan Freeman demuestra que la clave de su longevidad artística radica en una fórmula tan simple como efectiva: mantenerse ocupado, cuidarse a su manera y nunca perder el humor.

Mira la programación en Red Uno Play",https://www.reduno.com.bo/tendencias/a-los-89-anos-el-secreto-mejor-guardado-de-morgan-freeman-para-la-energia-y-la-eterna-actividad-2026930181735
Red Uno,2026-09-30,Deportes,¡De ídolo del Barcelona a una nueva vida! ¿Qué fue de Carles Puyol?,"A más de una década de su retiro de las canchas, la leyenda del Barcelona y campeón del mundo con España dio un giro completo a su rutina cotidiana. Lejos de las concentraciones, los estadios y las luces del fútbol profesional, el histórico capitán azulgrana eligió una vida rodeada de naturaleza.

A sus 48 años, Puyol se instaló junto a su pareja, Vanesa Lorenzo, y sus dos hijas en La Massana, una zona tranquila del Principado de Andorra. Allí construyó un día a día enfocado en el bienestar familiar y el deporte al aire libre.

""Me levanto con mis hijas, las llevo al colegio y una vez ahí es tiempo para mí. Hago deporte, salgo a caminar con mis perros a la montaña y después tengo alguna reunión de trabajo. Por la tarde las voy a buscar. Es una vida muy tranquila, muy familiar, y es lo que me gusta"", relató el exfutbolista en una reciente presentación en Berlín.

Su estado físico y el vínculo con el Barcelona

Puyol defendió la camiseta culé durante 15 temporadas, convirtiéndose en un símbolo de garra y liderazgo. Ganó seis Ligas, tres Ligas de Campeones y dos Mundiales de Clubes, además de alcanzar los 100 partidos con la selección española. Sin embargo, su retiro a los 36 años llegó forzado por lesiones físicas que hoy combate con entrenamiento diario, alimentación equilibrada y gestión del estrés para mantenerse con energía.

""Por suerte mantengo una vida activa. El fútbol es mi pasión y ahora me toca apoyar al club de mi vida desde casa; intento no perderme ningún partido"", concluyó.

Mira la programación en Red Uno Play",https://www.reduno.com.bo/deportes/de-idolo-del-barcelona-a-una-nueva-vida-que-fue-de-carles-puyol-2026930174231
Red Uno,2026-09-30,El alto investigan hostal con camaras ocultas que grababa a parejas 2026930173345,El Alto: Investigan hostal con cámaras ocultas que grababa a parejas,"La Policía continúa investigando el hallazgo de una cámara de seguridad escondida en un hostal de la zona Villa Adela, en la ciudad de El Alto , que presuntamente habría sido utilizada para captar momentos íntimos de parejas que se alojaban en el lugar.

El comandante regional de El Alto, Cnl. Limbert Coca , informó que el caso ya fue remitido al Ministerio Público y que dos personas se encuentran aprehendidas , a la espera de que la Fiscalía defina su situación jurídica.

El celular del administrador está bajo investigación

Según el jefe policial, durante el registro del lugar se estableció que la cámara oculta habría estado conectada y siendo monitoreada mediante el teléfono celular del administrador del hostal .

“Esa cámara era monitoreada por el equipo celular de la persona que había alquilado ese ambiente justamente para atender con habitaciones para parejas y que tengan intimidad”, explicó Coca.

La Policía busca determinar quién instaló el dispositivo, cómo funcionaba y qué tipo de imágenes fueron registradas.

Investigan posible captación de imágenes íntimas

La autoridad policial señaló que, de manera preliminar, existe la sospecha de que la cámara habría sido utilizada para registrar imágenes privadas de las parejas que ingresaban al establecimiento.

“Se presume que era para captar momentos íntimos de las parejas”, indicó Coca.

El contenido y las imágenes encontradas serán analizados dentro de la investigación. El caso fue derivado a la División de Trata y Tráfico de Personas , debido a que, según la Policía, se investiga si la captación y eventual difusión de ese material podría constituir un delito.

También encontraron medicamentos

Durante la requisa de algunos ambientes del hostal, los investigadores encontraron además una cantidad de medicamentos que, según el reporte policial, serían pastillas abortivas .

Este hallazgo también fue puesto en conocimiento del Ministerio Público para que se determine si corresponde abrir una investigación por delitos contra la salud pública.

Dos personas esperan su situación jurídica

Mientras avanzan las pericias y la revisión del contenido registrado por la cámara, las dos personas aprehendidas permanecen a disposición de la Fiscalía.

La Policía deberá establecer las responsabilidades correspondientes y determinar si existió captación, almacenamiento o eventual difusión de imágenes íntimas sin consentimiento.

Mira la programación en Red Uno Play",https://www.reduno.com.bo/noticias/el-alto-investigan-hostal-con-camaras-ocultas-que-grababa-a-parejas-2026930173345
Red Uno,2026-09-30,Internacional,"Netanyahu recibe a uno de los pasajeros israelíes que ""estranguló"" al copiloto del avión","El primer ministro israelí, Benjamín Netanyahu, recibió este miércoles en Ben Gurión a uno de los pasajeros israelíes que, junto a otros dos, asegura que inmovilizó y estranguló al copiloto que había apuñalado a su compañero de cabina , provocando que el vuelo descendiera en picado.

""Le hice una llave de estrangulamiento y lo saqué (de la cabina) primero. Intentaba destruir el panel de control"", relató el israelí Yaniv a Netanyahu según imágenes divulgadas por la oficina del primer ministro, quien le abrazó y le tildó de ""héroe"".

Yaniv, aún con la camisa ensangrentada, contó también que el piloto apuñalado quedó ""aprisionado"" contra la puerta de la cabina , que él desde fuera vio ""los asientos vacíos"" y se apresuró a tomar los mandos del avión, hasta que un piloto que iba de pasajero le relevó.

En un comunicado posterior publicado en X, Netanyahu aclamó la ""extraordinaria valentía"" del co-piloto herido, a quien identificó como el capitán Smit Machchhar, de nacionalidad india.

""A pesar de haber sido apuñalado y sufrir heridas graves, contraatacó, resistió, abrió la puerta de la cabina y permitió que los pasajeros y la tripulación redujeran al atacante, evitando así una catástrofe aérea"", dijo el primer ministro.

Medios israelíes señalan que el otro tripulante y presunto agresor es de nacionalidad omaní, dato que no ha sido corroborado por las autoridades. Omán e Israel no tienen relaciones diplomáticas.

Aterrizaje de emergencia

De acuerdo con declaraciones al diario israelí Ynet, el israelí Musayev (dentista de profesión) es otra de las tres personas que ayudó a maniatar al atacante y ofreció ayuda médica al piloto herido.

""El piloto se encontraba en estado muy grave, con una hemorragia intensa en la cabeza y las manos. Yo era el único médico a bordo. Logré detener la hemorragia y el piloto se mantuvo en una situación bastante estable hasta el aterrizaje, momento en el que su estado empeoró ligeramente"", dijo este pasajero a Ynet.

Durante el altercado, el avión descendió en picado durante unos dos minutos causando pánico entre los viajeros, y el vuelo, procedente de Dubái y que se dirigía a Tel Aviv, fue desviado a Arabia Saudí, donde aterrizó de emergencia.

Netanyahu aseguró en un vídeomensaje que el objetivo era ""estrellar el avión con sus ocupantes""; una hipótesis repetida por el ministro de Defensa, Israel Katz, que incluso lo ha calificado de intento de ""ataque terrorista yihadista"".

Un segundo avión de Flydubai con los 178 pasajeros israelíes afectados aterrizó horas más tarde en Ben Gurión, donde fueron recibidos entre vítores de alegría, banderas israelíes y cánticos de 'Am Israel Jai' ('El pueblo de Israel vive'), un eslogan identitario que ha resurgido desde los ataques de Hamás del 7 de octubre de 2023.

Equipos de paramédicos estaban esperando a los pasajeros en el aeropuerto , a quienes les realizaron evaluaciones médicas, y solo trasladaron a un hombre de 51 años con una contusión y en estado leve al hospital, según comunicó el servicio de emergencias de Magen David Adom.

La aerolínea Flydubai confirmó en un comunicado que se había producido ""un altercado en la cabina de mando"" del avión, pero pidió ""abstenerse de especulaciones prematuras"" hasta que se aclaren las causas del incidente.

Netanyahu apunta a que uno de los pilotos intentó estrellar el avión de Flydubai

El primer ministro de Israel, Benjamín Netanyahu, apuntó a que uno de los pilotos del vuelo Flydubai, que sufrió un incidente este miércoles y acabó aterrizando en Arabia Saudí, intentó estrellar la aeronave tras apuñalar a su compañero en la cabina.

""Durante el vuelo, cuando se aproximaban al país, uno de los pilotos apuñaló al otro piloto. Al parecer, intentó estrellar el avión con sus ocupantes"", afirma el mandatario en un vídeocomunicado emitido por su oficina, en su primer mensaje tras el incidente en la aeronave.

Netanyahu aseguró que se trata de un ""incidente de seguridad extremadamente grave"" y dio órdenes a los organismos de seguridad israelíes para prepararse ante otras ""posibles amenazas adicionales"".

Por su parte, el ministro de Defensa, Israel Katz, fue más allá y calificó de ""intento de atentado terrorista yihadista"" el suceso. ""El grave incidente a bordo del vuelo de Flydubai fue un intento de atentado terrorista yihadista. Fue frustrado únicamente gracias al heroísmo de varios pasajeros israelíes que irrumpieron en la cabina de mando, redujeron al terrorista y, con sus propias manos, devolvieron el control de la aeronave a otro miembro de la tripulación"", dijo Katz en un comunicado distribuido por su ministerio.

Netanyahu anunció que había hablado con uno de los pasajeros de la aeronave, quien le explicó cómo el avión entró en barrena y comenzó a caer en picado.

El Canal 12 de la televisión israelí ha difundido varios vídeos que muestran los momentos de caos durante el repentino descenso. La nave descendió más de 5 kilómetros en menos de dos minutos, según el diario israelí Haaretz.

Las imágenes mostradas en la televisión de Israel muestran también al presunto agresor maniatado, después de que pasajeros le neutralizaran. También hay imágenes de uno de los pilotos ensangrentado y tendido en el suelo de la aeronave.

""Otro miembro de la tripulación que se encontraba en el avión entró en la cabina de pilotos y consiguió estabilizar el avión"", continúa explicando Netanyahu en el comunicado.

Netanyahu había advertido ayer martes sobre presuntos indicios que apuntaban a que ""enemigos"" de Israel podrían atacar el país antes de las elecciones del 27 de octubre, sin dar más detalles. Tras estas declaraciones, el líder de la oposición, Yair Lapid, le exigió mantener un encuentro para recibir información sobre la situación de seguridad aludida.

Este miércoles, tras el intento de secuestro del vuelo de Flydubai, Lapid escribió en la red social X: ""Nada que se parezca siquiera al incidente del avión de esta mañana apareció en la actualización de seguridad con el primer ministro anoche"".

Tras el incidente, el agresor ha sido detenido e interrogado por las autoridades saudíes.

EFE

Mira la programación en Red Uno Play",https://www.reduno.com.bo/internacional/netanyahu-recibe-a-uno-de-los-pasajeros-israelies-que-estrangulo-al-copiloto-del-avion-2026930172447
Éxito Noticias Bolivia,2026-09-30,ECONOMIA,Alcaldía de El Alto no autorizará subida de pasajes y exigirá a transportistas cumplir sus rutas,"Éxito Noticias, 30 de septiembre 2026.- El alcalde de El Alto, Eliser Roca, descartó que en esa ciudad se vaya a autorizar un incremento en las tarifas del transporte público, pese al impacto que genera el aumento del precio del diésel. La autoridad señaló que este tema no está en discusión y que la prioridad será mejorar el servicio que reciben los usuarios.

Roca explicó que gran parte de los vehículos que prestan el servicio en El Alto funcionan con gas y gasolina, mientras que el uso de diésel sería reducido. “Definitivamente no se habla de subida de costos de transporte”, afirmó el alcalde, al señalar que elevar los pasajes representaría un mayor perjuicio para la población alteña que ya enfrenta el incremento en otros productos y servicios.

En lugar de discutir una subida de tarifas, la Alcaldía anunció que concentrará sus esfuerzos en controlar el llamado “trameaje” y exigir que los transportistas cumplan sus recorridos completos. “Vamos a hacer el cumplimiento de parada a parada de las movilidades”, sostuvo Roca, quien remarcó que las líneas deberán respetar sus rutas y brindar un servicio adecuado a los usuarios.",https://exitonoticias.com.bo/alcaldia-de-el-alto-no-autorizara-subida-de-pasajes-y-exigira-a-transportistas-cumplir-sus-rutas/404872/
Éxito Noticias Bolivia,2026-09-30,NACIONAL,"Decreto 5729 libera el precio del combustible de aviación que estaba fijado en Bs 10,57","Éxito Noticias, 30 de septiembre 2026 .- El Gobierno amplió su política de ajuste sobre los combustibles con la decisión de liberar el precio del combustible de aviación, que hasta ahora se comercializaba bajo una tarifa establecida por el Estado.

La medida, establecida mediante el Decreto Supremo 5729, elimina el precio fijo de Bs 10,57 por litro y permite que este carburante se comercialice de acuerdo con las condiciones del mercado.

La determinación se suma al retiro de la subvención al diésel, cuyo precio inicial fue establecido en Bs 17,95 por litro. El valor del carburante podrá modificarse posteriormente en función de las variaciones de la cotización internacional del petróleo.

Con estas disposiciones, la administración de Rodrigo Paz avanza en la reducción de las subvenciones a los hidrocarburos, dentro de las medidas que aplica para disminuir el gasto estatal y acercar los precios internos de los combustibles a las referencias internacionales.",https://exitonoticias.com.bo/decreto-5729-libera-el-precio-del-combustible-de-aviacion-que-estaba-fijado-en-bs-1057/404874/
Éxito Noticias Bolivia,2026-09-30,SOCIAL,Policía suspende salidas a los Yungas por intensa nevada en la carretera,"Éxito Noticias, 30 de septiembre 2026.- La intensa nevada obligó a la Policía de Tránsito a suspender temporalmente las salidas y el ingreso de vehículos hacia los Yungas desde la Terminal de Minasa, debido a las condiciones de riesgo que presenta la carretera.

El suboficial Genaro Ramírez informó que la medida busca evitar accidentes y proteger a conductores y pasajeros mientras persista el mal tiempo. “Se suspendieron las salidas a Los Yungas por la intensa nevada, por lo que no podemos poner en riego a seguridad de los conductores y pasajeros”, señaló.

La Policía también pidió precaución a los conductores que retornan hacia La Paz, principalmente por la reducción de visibilidad y la acumulación de nieve en distintos puntos de la ruta. La suspensión continuará hasta que las condiciones permitan restablecer el tránsito de manera segura.

El Servicio Nacional de Meteorología e Hidrología (Senamhi) mantiene una alerta por nevadas débiles a temporalmente moderadas hasta el jueves 1 de octubre, fenómeno que afecta a distintos sectores de La Paz, Cochabamba y Tarija.",https://exitonoticias.com.bo/policia-suspende-salidas-a-los-yungas-por-intensa-nevada-en-la-carretera/404880/
Éxito Noticias Bolivia,2026-09-30,MUNDO,Argentina elimina límites a venta de tierras a extranjeros,"Éxito Noticias, 30 de septiembre 2026.- La Corte Suprema eliminó el martes (29.09.2026) las restricciones a la compra de tierras por parte de extranjeros en Argentina, un asunto que ha provocado fuertes resistencias en la sociedad al punto de que no ha podido ser tratado en el Parlamento.

La ley de Tierras, aprobada en 2011, establecía que los extranjeros no podían poseer más del 15% de las terrenos rurales del país, con límites también a nivel provincial y municipal.

El presidente Javier Milei la derogó por decreto en diciembre de 2023. Pero un tribunal frenó esa decisión en marzo de 2024, ante una demanda de un centro de excombatientes de la guerra de Malvinas.

Ahora, el máximo tribunal argentino rechazó la demanda porque consideró que esa organización no estaba habilitada para presentar el reclamo.

El pronunciamiento “no supone abrir juicio sobre la validez constitucional” de esa parte del decreto, señala el fallo al que accedió la AFP, aunque especialistas explicaron que la decisión permite aplicarlo en la práctica.

CECIM repudia fallo

El abogado constitucionalista Andrés Gil Domínguez advirtió en X que, a partir de la sentencia, “cualquier persona física o jurídica extranjera o cualquier Estado extranjero pueden comprar toda la tierra rural a donde quieran -incluida las zonas de frontera- sin límite alguno”.

El Centro de ex combatientes Islas Malvinas (CECIM), que había presentado la demanda, repudió el fallo: “La Corte resolvió el problema político de Milei. Acaba de poner, este 29 de septiembre, a la República Argentina en venta”, señaló en un comunicado.

El gobierno también intentó flexibilizar la compra de tierras por parte de extranjeros a través del Congreso este año.

Incluyó los cambios en un proyecto más amplio sobre propiedad privada, pero en agosto retiró ese capítulo porque no reunía los votos necesarios y enfrentaba resistencia entre sus propios aliados y en diversos sectores sociales que se movilizaron contra la norma.

//DW",https://exitonoticias.com.bo/argentina-elimina-limites-a-venta-de-tierras-a-extranjeros/404883/
Éxito Noticias Bolivia,2026-09-30,NACIONAL,EE.UU. anuncia restricciones de visa contra otros 20 funcionarios bolivianos por presunta corrupción,"Éxito Noticias, 30 de septiembre 2026.- El Departamento de Estado de Estados Unidos anunció nuevas restricciones de visa contra otros 20 funcionarios bolivianos a los que vincula con presuntos hechos de corrupción, días después de incluir al fiscal general Roger Mariaca entre los ciudadanos bolivianos afectados por estas medidas.

En una publicación, la administración estadounidense señaló a Mariaca por presuntamente aceptar sobornos de narcotraficantes para ayudarlos a evadir la justicia. Además, informó que aplicará restricciones migratorias a otros 20 funcionarios bolivianos que identifica como corruptos.

Esta nueva medida amplía una primera lista que incluyó a 12 ciudadanos bolivianos vinculados principalmente con el sistema de justicia y la Policía, además de un exministro del gobierno de Luis Arce.

Las acusaciones contra Mariaca generaron una reacción del Gobierno boliviano. Autoridades nacionales calificaron los señalamientos de Estados Unidos como “muy graves” y anunciaron que solicitarán información complementaria para conocer los elementos que sustentan las restricciones contra el fiscal general.

El Departamento de Estado no detalló en la publicación los nombres de los 20 funcionarios alcanzados por la nueva medida ni precisó las acusaciones individuales contra cada uno.",https://exitonoticias.com.bo/ee-uu-anuncia-restricciones-de-visa-contra-otros-20-funcionarios-bolivianos-por-presunta-corrupcion/404886/
Éxito Noticias Bolivia,2026-09-30,OPINION,“Modelo de desarrollo cruceño: 1.300.000 descargas y una gran verdad”,"Éxito Noticias, 30 de septiembre 2026.- Han pasado cinco años, pero me parece que fue ayer, cuando, en esa inolvidable noche del 22 de septiembre de 2021, se presentó el libro “Modelo de Desarrollo Cruceño: Factores y valores que explican su éxito”. La entrega se hizo en homenaje a la Efeméride Departamental de Santa Cruz, ante un auditorio colmado por más de 100 personalidades en el Museo de Historia y Archivo Histórico de la Universidad Autónoma Gabriel René Moreno (UAGRM), por parte de dos instituciones: la emblemática Sociedad de Estudios Geográficos e Históricos de Santa Cruz (SEGH-SC) -la misma que lanzara el célebre Memorándum de 1904- y el IBCE – Instituto Boliviano de Comercio Exterior (IBCE).

La conceptualización del Modelo de Desarrollo Cruceño como una narrativa de un caso de éxito -demostrable en tiempo y espacio, aunque no necesariamente replicable por razones objetivas- fue un gran acierto respaldado por una enorme cantidad de estadísticas: por cierto, el IBCE acaba de lanzar un documental sobre el libro, disponible en Youtube.com ( https://www.youtube.com/watch?v=nrGoOpLrBFk ).

Cuatro autores contribuyeron a entender la forma de ser y hacer en Santa Cruz: los economistas Carlos Hugo Barbery Alpire (“De la aldea inhóspita y alejada a la metrópoli dinámica e interconectada”); Gary Antonio Rodríguez Álvarez (“Hacia una definición del espíritu cruceño”) y Pablo Mendieta Ossio (“Bases económicas del desarrollo cruceño: fuentes, concurrencias y desafíos”); y el psicólogo Oscar Soruco López, más conocido como Tumpa (“El alma cruceña”).

Fue tal la expectativa que se dio, que la edición original de 1.500 ejemplares, como dice el modismo popular cruceño, “se hizo chichisco” -se esfumó en menos de lo que canta un gallo- llevando a una segunda edición de 3.000 libros casi agotada a la fecha, gracias a que hubo gente de buena voluntad que los llevó al interior del país y al extranjero, tal el caso del actual Presidente del Comité pro Santa Cruz, Stello Cochamanidis Garcés, quien entregó la obra a instituciones y autoridades en el exterior, en franca actitud de militancia con la región.

Pero, ese no fue el mayor éxito, hubo más: ¿Sabía que en apenas cinco años, la versión digital del libro “Modelo de Desarrollo Cruceño: Factores y valores que explican su éxito” lleva más de 1.300.000 descargas por Internet? Algo inédito, como me dijera un respetado amigo que sabe de literatura e historia, Jorge Cuba Akiyama -gran comunicador y periodista, narrador y escritor, además ex corresponsal de Agencias Internacionales, en definitiva, una persona de vasta experiencia- cuando, a solo un año de su publicación, le comenté sobre la inusitada cantidad de descargas del libro, él me respondió, a priori: “No creo que haya un libro en Bolivia con un registro de 350.000 copias (…) No debe haber en la historia de Bolivia un tiraje tan alto (…) Es algo que no debe tener parangón. Estoy absolutamente seguro que es el libro más consumido en el país”.

Gracias a Dios, a 5 años de publicado, el libro tiene más de 1.300.000 descargas.

Esto equivale a descargar un libro por hora, las 24 horas del día, 365 días al año, desde 2021. Si lo quiere tener, puede descargarlo desde el Sitio Web del IBCE ( https://ibce.org.bo/…/Libro_Modelo_Desarrollo_Cruceno.pdf ).

Las estadísticas sobre las visitas a la Web del IBCE para obtener el libro digital dicen, en números redondos, que un 86% se hizo desde Bolivia; le siguen Estados Unidos y Venezuela con un 2% cada uno; China con un 1,5% y, México y Perú con un 1%. El resto de las descargas se distribuyó, en porcentajes menores, entre Argentina, Brasil, Chile, Holanda, Colombia, Ecuador y España.

Las principales ciudades desde las que se descargó el libro fueron: Santa Cruz de la Sierra (34%), La Paz (32%), Cochabamba (13%), Chuquisaca (2%), Oruro (2%), Beni (1,5%), Tarija (1,2%), Potosí (1%) y Pando (0,4%). A nivel internacional, destacan entre las principales localidades: Lima (0,5%), Virginia (0,5%), Santiago (0,4%), São Paulo (0,3%) y Buenos Aires (0,3%). El 62% de las personas que descargaron el libro fueron mujeres y un 38%, hombres. En cuanto a la edad, el 52% se situó entre los 18 y 34 años.

Lo más importante del libro es que todo lo escrito está respaldado, como se dice, “dato mata relato y el hito, al mito”. Si quiere solazarse al comprobarlo, puede descargar la revista “Comercio Exterior” que se acaba de lanzar bajo el título “Santa Cruz: Cifras del exitoso Modelo de Desarrollo Cruceño”, que igualmente se puede obtener desde el Sitio Web del IBCE ( https://ibce.org.bo/ibcemail/noticias.php?id=3422 ).

Como alguna vez dije, lo mejor de todo es que este libro demuestra que “la otra Bolivia posible” está en Santa Cruz, donde la verdadera inclusión social surge de un modelo de desarrollo que, literalmente, acrisola la bolivianidad, no por la fuerza, sino, por las ganas de vivir y triunfar en paz.

A estas alturas de mi vida, doy gracias a Dios y puedo morir tranquilo, porque, he superado con creces lo dicho por el poeta: he plantado más de un árbol, tengo dos hermosos hijos y escribí más de un libro, uno de ellos descargado más de 1.300.000 veces…

(*) Gary Antonio Rodríguez Álvarez es Economista y Magíster en Comercio Internacional",https://exitonoticias.com.bo/modelo-de-desarrollo-cruceno-1-300-000-descargas-y-una-gran-verdad/404893/
Éxito Noticias Bolivia,2026-09-30,POLITICA,Paz: “Hoy día Bolivia no tiene reservas gasíferas y no será por culpa de estos últimos cinco meses”,"Éxito Noticias, 30 de septiembre 2026.- El presidente Rodrigo Paz atribuyó la actual escasez de reservas de gas en Bolivia a dos décadas de baja inversión y exploración hidrocarburífera, y sostuvo que la falta de reinversión impidió reponer las reservas del país.

Paz señaló que YPFB no impulsó nuevas actividades de exploración durante los últimos 20 años, mientras empresas extranjeras como Repsol, Chevron y Petrobras participaron en operaciones del sector. En ese contexto, remarcó que los recursos naturales pertenecen a Bolivia y que su aprovechamiento debe respetar la Constitución.

El mandatario aclaró que la situación actual no puede atribuirse a las autoridades que asumieron recientemente. “Hoy día Bolivia no tiene reservas gasíferas y no será por culpa de estos últimos cinco meses que son autoridades ustedes o los 10 meses donde estamos nosotros”, afirmó.

Paz sostuvo que su Gobierno mantiene expectativas sobre posibles nuevos reservorios, principalmente en Santa Cruz. Mencionó trabajos realizados junto al gobernador Juan Pablo Velasco en zonas como Okinawa y Montecristo, donde identificaron áreas con potencial hidrocarburífero.

“Y estos cuatro o cinco años vamos a trabajar para que esos reservorios sean la fuente de energía para que los bolivianos tengan tranquilidad”, afirmó el presidente.",https://exitonoticias.com.bo/paz-hoy-dia-bolivia-no-tiene-reservas-gasiferas-y-no-sera-por-culpa-de-estos-ultimos-cinco-meses/404902/
Éxito Noticias Bolivia,2026-09-30,"PORTADA, SEGURIDAD",Fiscalía acusa formalmente a Armin Dorgathen y nueve personas por contratos de YPFB con Botrading,"Éxito Noticias, 30 de septiembre 2026.- El Ministerio Público presentó una acusación formal contra el expresidente de YPFB Armin Dorgathen y otras nueve personas por presuntas irregularidades en los contratos suscritos con Botrading para la adquisición de combustible crudo.

La Fiscalía presentó el documento el 22 de septiembre ante el Juzgado Quinto de Instrucción Penal, Anticorrupción y Violencia Contra la Mujer, donde detalló los delitos atribuidos a cada uno de los acusados.

Dorgathen, Abraham Cruz Taca, Cinthia Pedraza y Gabriela Delgadillo enfrentan cargos por uso indebido de influencias, incumplimiento de deberes, contratos lesivos al Estado y conducta antieconómica, en grado de autoría. El Ministerio Público también solicitó la confiscación de bienes muebles, inmuebles y valores de todos los acusados.

Omar Alarcón Saigua enfrenta acusación por incumplimiento de deberes, negociaciones incompatibles con el ejercicio de las funciones públicas y contratos lesivos al Estado. Por su parte, Julio César Camargo Pérez, Miguel Ángel Colque Pacheco y Luis Rolando Ayala Sánchez afrontan cinco cargos, entre ellos uso indebido de influencias, incumplimiento de deberes, contratos lesivos al Estado, conducta antieconómica y negociaciones incompatibles.

La acusación también alcanza a Walter Elías Monasterios Orgaz y Gabriela Liceth Peña Vargas por incumplimiento de deberes y conducta antieconómica. El caso se centra en los contratos de YPFB con Botrading durante la gestión de Dorgathen, quien dirigió la estatal petrolera durante el gobierno de Luis Arce.",https://exitonoticias.com.bo/fiscalia-acusa-formalmente-a-armin-dorgathen-y-nueve-personas-por-contratos-de-ypfb-con-botrading/404900/
Éxito Noticias Bolivia,2026-09-30,"NACIONAL, POLITICA, PORTADA",Rodrigo Paz promulga ley que libera a las gobernaciones del pago de prediarios,"Éxito Noticias, 30 de septiembre 2026.- El Gobierno asumirá el financiamiento de los prediarios de las personas privadas de libertad, luego de que el presidente Rodrigo Paz promulgara este miércoles la ley que modifica la responsabilidad sobre este beneficio.

La norma, promulgada junto a siete gobernadores del país, establece que las gobernaciones ya no deberán destinar recursos de sus presupuestos para cubrir los prediarios de personas con detención preventiva o sentencia en los centros penitenciarios.

Con este cambio, el nivel central del Estado asumirá el pago que anteriormente correspondía a las entidades territoriales autónomas. El presidente del Senado, Diego Ávila, señaló que los gobiernos departamentales podrán disponer de esos recursos para atender otras necesidades.

La modificación redefine así la distribución de responsabilidades en el financiamiento de los prediarios y libera a las gobernaciones de una obligación que afectaba sus presupuestos.",https://exitonoticias.com.bo/rodrigo-paz-promulga-ley-que-libera-a-las-gobernaciones-del-pago-de-prediarios/404896/
Éxito Noticias Bolivia,2026-09-30,"PORTADA, SEGURIDAD",Gobierno creará dos unidades de élite con apoyo de EE.UU. para combatir al narcotráfico en la frontera con Brasil,"Éxito Noticias, 30 de septiembre 2026.- El Gobierno boliviano prevé instalar dos unidades policiales de élite en zonas fronterizas con Brasil para reforzar la lucha contra organizaciones vinculadas al narcotráfico, informó el ministro de Gobierno, Marco Antonio Oviedo.

Una de las unidades podría operar en San Ignacio de Velasco o San Matías, en Santa Cruz, mientras que la segunda tendría su base en Santa Ana del Yacuma, Beni. Según Oviedo, ambas contarán con equipamiento especializado y recibirán capacitación de instructores extranjeros.

“Van a ser unidades muy equipadas que van a tener muchos elementos y cursos de super especialización” para la “represión al narcoterrorismo”, afirmó el ministro desde Riberalta.

La medida surge tras los hechos violentos registrados en zonas fronterizas, algunos de ellos atribuidos a presuntos integrantes del Comando Vermelho y relacionados, según las autoridades, con disputas por rutas del narcotráfico frente al PCC.

Oviedo también anunció una próxima reunión con autoridades de Brasil para fortalecer el intercambio de inteligencia y la coordinación de operaciones policiales. La iniciativa se enmarca en los acuerdos alcanzados durante una reunión de autoridades bolivianas con representantes de Estados Unidos, incluidos funcionarios del Departamento de Estado, Departamento de Guerra, Departamento del Tesoro, INL y DEA.",https://exitonoticias.com.bo/gobierno-creara-dos-unidades-de-elite-con-apoyo-de-ee-uu-para-combatir-al-narcotrafico-en-la-frontera-con-brasil/404889/
Éxito Noticias Bolivia,2026-09-30,"NACIONAL, PORTADA",Nevadas y neblina afectan la carretera Oruro – Cochabamba; ABC pide circular con precaución,"Éxito Noticias, 30 de septiembre 2026.- La carretera Oruro – Cochabamba permanece transitable pese a las nevadas y la presencia de neblina en algunos sectores, informó la Administradora Boliviana de Carreteras (ABC), que pidió a los conductores circular con precaución.

El tramo que requiere mayor atención es Caracollo-Confital-Bombeo, específicamente en el sector de Japo Kasa, donde las condiciones climáticas reducen la visibilidad y pueden dificultar la circulación.

La ABC informó que mantiene vigilancia permanente en ese punto y desplegó personal de emergencia durante las 24 horas para responder ante posibles incidentes. Asimismo, recomendó a los usuarios de la Red Vial Fundamental tomar previsiones antes de emprender viaje.

Las condiciones responden a la alerta naranja emitida por el Servicio Nacional de Meteorología e Hidrología (Senamhi) por nevadas débiles a temporalmente moderadas. La advertencia abarca a Cochabamba, Tarija, La Paz, Oruro y Potosí y estará vigente hasta el jueves 1 de octubre.

La ABC habilitó además canales de consulta para conocer el estado de las carreteras y reportar cualquier eventualidad durante los viajes.",https://exitonoticias.com.bo/nevadas-y-neblina-afectan-la-carretera-oruro-cochabamba-abc-pide-circular-con-precaucion/404876/
Éxito Noticias Bolivia,2026-09-30,SOCIAL,Más de 30 médicos llevarán atención gratuita a Irupana este 10 de octubre,"Éxito Noticias, 30 de septiembre 2026.- Más de 30 profesionales de la salud se trasladarán este 10 de octubre al municipio de Irupana, en La Paz, para brindar atención médica gratuita a la población, informó Rufo Calle, presidente de la Asamblea Legislativa Departamental de La Paz.

La brigada reunirá a médicos generales, ginecólogos, pediatras, dentistas, enfermeros y otros especialistas. Ginecología figura entre las áreas con mayor demanda, mientras que la atención odontológica y pediátrica también formará parte de la jornada.

Los habitantes de Irupana solo deberán presentar su cédula de identidad para acceder a las consultas. La Asamblea coordina la actividad con el municipio, que se encarga de difundir la campaña entre las comunidades.

Calle explicó que los profesionales instalarán carpas y trasladarán equipos y medicamentos para atender a personas que no cuentan con recursos económicos. Los fármacos entregados durante la campaña serán gratuitos.

La Asamblea Departamental prevé además convocar a empresas públicas y privadas para que se sumen a estas jornadas, principalmente con la donación de medicamentos. La iniciativa forma parte de las brigadas médicas que la institución desarrolla durante los fines de semana en distintos municipios del departamento.",https://exitonoticias.com.bo/mas-de-30-medicos-llevaran-atencion-gratuita-a-irupana-este-10-de-octubre/404907/
Éxito Noticias Bolivia,2026-09-30,ECONOMIA,Bascopé plantea “repensar” el incremento salarial ante la situación económica del país,"Éxito Noticias, 30 de septiembre 2026.- El ministro de Trabajo, Williams Bascopé, afirmó que el Gobierno deberá evaluar y repensar la posibilidad de un incremento salarial, tomando en cuenta la situación económica que atraviesa el país.

Durante su visita a la ciudad de El Alto, la autoridad evitó anticipar una decisión sobre un eventual aumento y señaló que primero se debe analizar el comportamiento de la economía y las posibilidades que tendrá el Estado a futuro.

“Hay que repensar, hay que evaluar, hay que sincerar este tema y ver las posibilidades a futuro”, sostuvo Bascopé.

El ministro también advirtió que sería irresponsable generar expectativas sobre un incremento salarial sin conocer previamente las condiciones económicas del país. “No quiero ser irresponsable de vender ilusiones que no son”, afirmó.

Bascopé remarcó que cualquier determinación deberá considerar el escenario económico actual antes de asumir compromisos respecto a los salarios.",https://exitonoticias.com.bo/bascope-plantea-repensar-el-incremento-salarial-ante-la-situacion-economica-del-pais/404911/
Éxito Noticias Bolivia,2026-09-30,SEGURIDAD,Policía arresta a cuatro personas tras robo e intercambio de disparos en Los Andes de La Paz,"Éxito Noticias, 30 de septiembre 2026.- La Policía arrestó a cuatro personas por un robo registrado en la zona Los Andes de La Paz, hecho que derivó en un intercambio de disparos y movilizó a efectivos de Tránsito y Radio Patrullas. La investigación continúa para establecer las circunstancias del hecho y determinar la participación de los involucrados.

El director departamental de la Policía de La Paz, coronel Ricardo Terrazas, informó que los efectivos de la Estación Policial Integral de Munaipata intervinieron durante el operativo y lograron identificar inicialmente un vehículo blanco y una motocicleta. Posteriormente, las pesquisas permitieron ubicar un vehículo plomo presuntamente relacionado con el caso.

Durante la noche, una persona herida por impacto de arma de fuego llegó hasta una clínica ubicada en la avenida 6 de Agosto. Los investigadores establecieron que el herido habría estado dentro del vehículo plomo, por lo que procedieron con el arresto de su conductor. Con este avance, la Policía ya tiene a cuatro personas arrestadas y secuestró motorizados que serán sometidos a las pericias correspondientes.

Terrazas destacó la intervención de los policías de Tránsito, quienes actuaron durante el intercambio de disparos pese a no contar con chalecos antibalas. La autoridad señaló que los efectivos expusieron su integridad al intervenir en el hecho.

El jefe policial indicó que los investigadores revisan videos y otros elementos para determinar qué provocó la balacera y establecer la responsabilidad de cada uno de los involucrados. También pidió esperar los resultados de las diligencias para no afectar el desarrollo de la investigación.

“Estamos en pleno proceso de investigación y estamos obteniendo buenos resultados”, afirmó Terrazas, quien anticipó que la Policía podría brindar mayores detalles en las próximas horas.",https://exitonoticias.com.bo/policia-arresta-a-cuatro-personas-tras-robo-e-intercambio-de-disparos-en-los-andes-de-la-paz/404914/
Éxito Noticias Bolivia,2026-09-30,NACIONAL,Gobierno asegura que se normaliza el abastecimiento de gasolina tras acuerdo con cisternistas,"Éxito Noticias, 30 de septiembre 2026.- El Gobierno aseguró este martes que el abastecimiento de gasolina comenzó a normalizarse en el eje troncal del país, luego de que Yacimientos Petrolíferos Fiscales Bolivianos (YPFB) y la refinería cerraran acuerdos con los transportistas cisterna nacionales.

El ministro de Hidrocarburos, Marcelo Blanco, explicó que las negociaciones con los cisternistas locales generaron demoras en el despacho de combustibles durante los últimos días, situación que derivó en filas en distintos puntos de abastecimiento.

“Han negociado yacimientos y la refinería, y han tardado en la negociación, es por eso que había una demora, pero ya han cerrado ayer la firma de los acuerdos”, afirmó Blanco.

El ministro señaló que los acuerdos permitirán reanudar con normalidad el traslado de gasolina hacia las principales ciudades del eje troncal. Explicó que, tras el retiro de la subvención a los combustibles, el Gobierno tuvo que ajustar aspectos logísticos relacionados con el transporte y la distribución.

“Ya se tiene que empezar a restituir normalmente el combustible”, sostuvo la autoridad, quien aseguró que existe carburante disponible y que las operaciones de despacho ya comenzaron a recuperarse.

Blanco pidió paciencia a la población mientras las entidades encargadas completan el proceso de normalización. Afirmó que la situación empezó a mejorar desde la noche del lunes, después de la firma de los acuerdos entre la refinería y los cisternistas nacionales.

“Se está normalizando ya desde anoche, se han firmado los acuerdos con los cisterneros locales y la refinería ha firmado también sus acuerdos”, indicó.

La autoridad reiteró que el problema respondió principalmente a dificultades logísticas y de transporte, y aseguró que el Gobierno trabaja para restablecer el suministro regular de gasolina en los próximos días.",https://exitonoticias.com.bo/gobierno-asegura-que-se-normaliza-el-abastecimiento-de-gasolina-tras-acuerdo-con-cisternistas/404921/
Éxito Noticias Bolivia,2026-09-30,"MUNDO, POLITICA","Incidente en vuelo Flydubai “fue un intento de ataque terrorista”, según Israel","Éxito Noticias, 30 de septiembre 2026.- El primer ministro de Israel, Benjamin Netanyahu, señaló este miércoles (30.09.2026) que uno de los pilotos del vuelo Flydubai que sufrió un incidente y acabó aterrizando de emergencia en Arabia Saudita, intentó estrellar la aeronave tras apuñalar a su compañero en la cabina. “Durante el vuelo, cuando se aproximaban al país, uno de los pilotos apuñaló al otro piloto. Al parecer, intentó estrellar el avión con sus ocupantes”, afirmó.

La oficina del mandatario compartió un video donde este agrega que se trata de un “incidente de seguridad extremadamente grave”, por lo que dio órdenes a los organismos de seguridad israelíes para prepararse ante otras “posibles amenazas adicionales”. “El piloto que apuñaló a su compañero ha sido arrestado y actualmente está siendo interrogado por las autoridades sauditas”, agregó.

Por su parte, el ministro de Defensa, Israel Katz, fue más allá. “El grave incidente a bordo del vuelo de Flydubai fue un intento de atentado terrorista yihadista. Fue frustrado únicamente gracias al heroísmo de varios pasajeros israelíes que irrumpieron en la cabina, redujeron al terrorista y, con sus propias manos, devolvieron el control de la aeronave a otro miembro de la tripulación”, dijo Katz en un comunicado distribuido por su ministerio.

Netanyahu anunció que había hablado con uno de los pasajeros de la aeronave, quien le explicó cómo el avión comenzó a caer en picado. El Canal 12 de la televisión israelí ha difundido varios videos que muestran los momentos de caos durante el repentino descenso. La nave cayó más de 5 kilómetros en menos de dos minutos, según el diario israelí Haaretz .

Las imágenes mostradas en la televisión de Israel muestran también al presunto agresor maniatado, después de haber sido neutralizado. También hay imágenes de uno de los pilotos ensangrentado y tendido en el suelo de la aeronave.

“Otro miembro de la tripulación que se encontraba en el avión entró en la cabina de pilotos y consiguió estabilizar el avión”, explica Netanyahu en el comunicado. El primer ministro había advertido el martes sobre presuntos indicios que apuntaban a que “enemigos” de Israel podrían atacar el país antes de las elecciones del 27 de octubre, sin dar más detalles. Ahora, ordenó aumentar las medidas de seguridad tanto en vuelos de aerolíneas israelíes como extranjeras que se dirijan al país.

El vuelo de Flydubai, que salió de Dubái con dirección a Tel Aviv, terminó aterrizando de emergencia en Tabuk (Arabia Saudita), desde donde horas más tarde los pasajeros, la mayoría de ellos israelíes, abordaron un vuelo de reemplazo para llegar a su destino.

//DW.",https://exitonoticias.com.bo/incidente-en-vuelo-flydubai-fue-un-intento-de-ataque-terrorista-segun-israel/404933/
Éxito Noticias Bolivia,2026-09-30,SEGURIDAD,Fallece en un hospital interno de Palmasola vinculado al caso maletas,"Éxito Noticias, 30 de septiembre 2026.- Juan Carlos Espinoza, uno de los privados de libertad con detención preventiva por el denominado caso “maletas”, falleció el lunes en un hospital de Santa Cruz, informó la presidenta de la Asamblea Permanente de Derechos Humanos, María Galvis. El interno se encontraba en Palmasola y fue trasladado de emergencia debido a complicaciones relacionadas con su estado de salud.

El alcaide de Palmasola, Emerson Corcuy, confirmó que Espinoza fue evacuado al hospital Francés, donde recibió atención médica, pero finalmente perdió la vida alrededor de las 15:45 del lunes 28 de septiembre. La autoridad penitenciaria explicó que el interno tenía enfermedades de base, entre ellas diabetes y tuberculosis.

Por el momento, no se conocieron detalles oficiales sobre la causa exacta del fallecimiento. Galvis señaló que Espinoza padecía varias enfermedades y consideró que su estado de salud pudo haberse complicado durante el tiempo que permaneció con detención preventiva, aunque esta situación deberá ser determinada mediante las investigaciones correspondientes.

Espinoza estaba procesado por los delitos de tráfico de sustancias controladas, confabulación y asociación delictuosa dentro del caso “maletas”. El proceso investiga una serie de hechos vinculados al exjuez Hebert Zeballos, quien también se encuentra involucrado en la investigación.

Según los antecedentes del caso, Espinoza figuraba como responsable legal de una empresa de seguridad relacionada con Zeballos. Su fallecimiento se produjo mientras permanecía en detención preventiva y ahora las autoridades deberán establecer oficialmente las circunstancias y la causa de su muerte.",https://exitonoticias.com.bo/fallece-en-un-hospital-interno-de-palmasola-vinculado-al-caso-maletas/404936/
Éxito Noticias Bolivia,2026-09-30,"PORTADA, SEGURIDAD",Consejo de la Magistratura interviene despacho de jueza tras presunta visita a Marset; revisarán expedientes,"Éxito Noticias, 30 de septiembre 2026. – El Consejo de la Magistratura intervino el despacho de la jueza Livia Alarcón en Santa Cruz y abrió una investigación de oficio, luego de que se difundieran imágenes que presuntamente muestran a la autoridad judicial ingresando a una vivienda vinculada al narcotraficante uruguayo Sebastián Marset, horas antes de su captura.

La intervención tiene como principal objetivo revisar los expedientes que podrían estar relacionados con Marset y con alias “El Colla”, señalado como uno de sus presuntos testaferros. El encargado distrital del Consejo de la Magistratura en Santa Cruz, Emilio Arredondo, explicó que la Unidad Jurídica y la Unidad de Transparencia estarán a cargo del levantamiento y análisis de la documentación para determinar si existieron irregularidades.

Según los registros de cámaras de seguridad difundidos, la jueza habría llegado alrededor de las 20:00 del 13 de marzo de 2026 a un inmueble ubicado en el barrio Las Palmas y permaneció allí hasta aproximadamente la medianoche. Horas después de esa supuesta visita, la Policía Boliviana ejecutó el operativo que terminó con la aprehensión de Marset.

Arredondo señaló que la investigación también contempla la revisión de actuaciones relacionadas con bienes que fueron secuestrados dentro del caso Marset y que posteriormente habrían sido liberados. “Vamos a hacer levantamiento de estos expedientes”, afirmó el representante, quien indicó que, una vez concluida la revisión, se analizará qué acciones corresponden contra la servidora pública y si existen elementos que ameriten otro tipo de responsabilidades.

A este proceso se suma un antecedente disciplinario de la jueza, quien ya habría recibido una sanción de destitución en un caso anterior. Sin embargo, esa medida fue frenada mediante un amparo constitucional que actualmente se encuentra en revisión en Sucre. El Consejo de la Magistratura deberá establecer ahora si los nuevos elementos permiten identificar posibles irregularidades en las actuaciones de la autoridad judicial vinculadas al caso Marset.",https://exitonoticias.com.bo/consejo-de-la-magistratura-interviene-despacho-de-jueza-tras-presunta-visita-a-marset-revisaran-expedientes/404938/
Éxito Noticias Bolivia,2026-09-30,"PORTADA, SEGURIDAD",Oviedo dice desconocer nueva lista de 20 personas observadas por EE.UU. y defiende política antidrogas,"Éxito Noticias, 30 de septiembre 2026.- El ministro de Gobierno, Marco Antonio Oviedo, afirmó que desconoce la nueva lista de 20 personas que habrían sido observadas por Estados Unidos. La autoridad señaló que la decisión de retirar o negar visas corresponde exclusivamente a cada Estado, en función de sus propias atribuciones y criterios.

“Una cosa es el retiro de las visas. Eso es competencia, atribución de un Estado para ver qué ciudadanos tienen derecho a ingresar y qué ciudadanos no”, sostuvo Oviedo al ser consultado sobre la situación y las recientes versiones relacionadas con ciudadanos bolivianos.

En relación con el retiro de la visa al fiscal general del Estado, Roger Mariaca, explicó que la Asamblea Legislativa se pronunció sobre el caso debido a sus atribuciones de legislación y fiscalización. Además, recordó que es esta instancia la que participa en el nombramiento del Fiscal General, por lo que consideró que tiene competencia para abordar el tema.

Sobre las denuncias que vinculan a ciudadanos bolivianos con actividades de narcotráfico, Oviedo aseguró que la posición del Gobierno es mantener una política “drástica” y “sin retroceso”. La autoridad destacó los resultados de los operativos antidrogas desarrollados en el país y afirmó que estas acciones forman parte de la estrategia gubernamental contra el narcotráfico.",https://exitonoticias.com.bo/oviedo-dice-desconocer-nueva-lista-de-20-personas-observadas-por-ee-uu-y-defiende-politica-antidrogas/404945/
Éxito Noticias Bolivia,2026-09-30,"PORTADA, SEGURIDAD",Gobierno afirma que grupos criminales tendrían una estrategia de ataques para desestabilizar al país,"Éxito Noticias, 30 de septiembre 2026. – El viceministro de Régimen Interior, Hernán Paredes, afirmó que organizaciones criminales estarían desarrollando una estrategia de ataques contra Bolivia y que algunas de sus acciones tendrían relación con intentos de desestabilización política. La autoridad hizo estas declaraciones al referirse a los hechos delictivos registrados recientemente en el país.

Paredes sostuvo que durante los 53 días de conflictos y bloqueos registrados anteriormente se identificó, según información manejada por el Gobierno, el presunto financiamiento proveniente de organizaciones criminales hacia algunos grupos que protagonizaban movilizaciones en carreteras y ciudades, principalmente en La Paz.

“Muchas [están] ligadas a algunas labores de desestabilización política”, señaló la autoridad. Explicó que estos grupos presuntamente facilitan recursos económicos a otras personas para que puedan participar en movilizaciones y generar conflictos, por lo que consideró necesario reforzar las labores de prevención e investigación.

En ese sentido, Paredes afirmó que el Gobierno considera que actualmente existe una mayor preparación para enfrentar este tipo de situaciones. “Esos 53 días para nosotros hacen un espacio de aprendizaje y de reforzar líneas de trabajo”, manifestó, al señalar que la experiencia adquirida durante los conflictos anteriores permitirá fortalecer las acciones frente a posibles nuevos escenarios de violencia o movilización.",https://exitonoticias.com.bo/gobierno-afirma-que-grupos-criminales-tendrian-una-estrategia-de-ataques-para-desestabilizar-al-pais/404942/
Éxito Noticias Bolivia,2026-09-30,"NACIONAL, PORTADA, SOCIAL",Choferes salen disconformes de la reunión con el Gobierno: exigen respuestas y un plan concreto ante el alza del diésel,"Éxito Noticias, 30 de septiembre 2026.- El representante de los choferes, Víctor Tarqui, afirmó que el sector salió disconforme de la reunión con el Gobierno y cuestionó que las autoridades no presentaran un plan concreto para enfrentar el impacto que genera el incremento del diésel en el transporte público, interdepartamental y pesado.

En contacto con radio Éxito, Tarqui señaló que en el encuentro participaron los ministros de Obras Públicas, Economía e Hidrocarburos, además del presidente de YPFB, pero, según dijo, las autoridades no respondieron a los planteamientos de los transportistas ni presentaron alternativas frente al nuevo precio del combustible.

El dirigente cuestionó que el diésel haya alcanzado los Bs 18 por litro y sostuvo que el incremento elevó los costos de operación del sector. “No han medido absolutamente nada, no han considerado absolutamente nada”, afirmó al referirse a las consecuencias de la medida.

Uno de los puntos que generó discrepancias fue la situación del transporte urbano. Tarqui rechazó la posición de las autoridades de que este sector ya no utiliza diésel y aseguró que varios sindicatos todavía cuentan con vehículos que funcionan con ese combustible, entre ellos los que cubren las rutas entre El Alto y La Paz.

El dirigente también cuestionó la propuesta gubernamental de impulsar una conversión masiva de vehículos a Gas Natural Vehicular (GNV). Aseguró que el sector ya enfrenta dificultades para acceder a kits de conversión y cilindros, por lo que consideró insuficiente que las autoridades planteen esta alternativa sin garantizar los equipos necesarios.

“En este momento no existe el tema de los cilindros, el tema de los kits prácticamente no existe”, sostuvo Tarqui.

Respecto a las tarifas, el representante de los choferes informó que el sector se reunirá con la Autoridad de Regulación y Fiscalización de Telecomunicaciones y Transportes (ATT) para analizar los costos y la situación de los usuarios. Remarcó que cualquier modificación de pasajes debe considerar tanto el incremento de los gastos de operación como la capacidad económica de la población.

Tarqui anunció además una reunión en Chuquisaca con representantes del transporte interdepartamental, donde prevén analizar los costos y plantear sus demandas al Ministerio de Obras Públicas y la ATT. Posteriormente, el sector del transporte pesado se reunirá en Cochabamba para evaluar el incremento de los fletes y el aumento de los precios de repuestos e insumos.

El dirigente también expresó preocupación por el comportamiento del dólar y su efecto sobre los costos del transporte. Señaló que el incremento de los combustibles genera un efecto sobre otros precios y termina afectando a los usuarios y a la canasta familiar.

“Nosotros mismos, como transportistas, ¿a quién tendríamos que cargar la factura? A la población, a nuestros usuarios”, manifestó.

Tarqui sostuvo que el sector planteó al Gobierno buscar un precio intermedio para el combustible y advirtió que las bases de las federaciones mantienen molestia por la falta de respuestas. Señaló que los dirigentes buscan evitar que el conflicto llegue a medidas de presión mayores, pero afirmó que las autoridades deberán presentar propuestas concretas en las próximas reuniones.

El representante de los choferes insistió en que la conversión a GNV no puede convertirse en la única respuesta del Gobierno y pidió tomar en cuenta las diferentes realidades del transporte en cada departamento. Mientras continúan las reuniones con las autoridades, el sector aguarda definiciones sobre los estudios de costos, las tarifas y los fletes.",https://exitonoticias.com.bo/choferes-salen-disconformes-de-la-reunion-con-el-gobierno-exigen-respuestas-y-un-plan-concreto-ante-el-alza-del-diesel/404928/
Éxito Noticias Bolivia,2026-09-30,"NACIONAL, PORTADA",Censo Agropecuario arranca el 5 de octubre en Beni y Santa Cruz y llegará a los nueve departamentos,"Éxito Noticias, 30 de septiembre 2026.- El Censo Agropecuario comenzará este lunes 5 de octubre en los departamentos de Beni y Santa Cruz y avanzará de manera escalonada hasta cubrir las zonas rurales y periurbanas de los nueve departamentos del país. El operativo busca actualizar la información sobre la actividad agrícola, pecuaria, forestal y ambiental para orientar futuras políticas públicas.

El coordinador general del Programa Censo Agropecuario, Thelmo Junior Arce Laurel, explicó a radio Éxito que el levantamiento se desarrollará en tres fases y contempla un barrido de las unidades de producción agropecuaria existentes en el territorio nacional.

La primera etapa comenzará en Beni y Santa Cruz. A mediados de octubre, el operativo llegará a Oruro, Chuquisaca, Tarija y Pando, mientras que la tercera fase incluirá a La Paz, Cochabamba y Potosí. Las brigadas permanecerán 45 días en campo en cada municipio para recopilar la información.

“Cada comunidad, estancia, rancho, sindicato, va a ser levantado a nivel obviamente de sus productores y de las personas que realizan la actividad agropecuaria en el país”, explicó Arce.

El censo permitirá identificar las unidades productivas y recopilar información directamente de productores, propietarios y representantes de establecimientos agropecuarios. Para ello, los empadronadores aplicarán una boleta de 170 preguntas distribuidas en 17 secciones.

Una de las principales novedades del operativo será el uso de dispositivos móviles. Los equipos utilizarán tablets y un aplicativo desarrollado por profesionales de la institución para registrar los datos durante el recorrido por las comunidades y unidades productivas.

Arce explicó que el programa reclutó y capacitó a personas de los propios municipios donde se desarrollará el censo. Los empadronadores y jefes de brigada recibirán capacitación sobre el manejo de los dispositivos, el contenido de la boleta y los procedimientos para recopilar la información.

El funcionario destacó que los datos permitirán conocer con mayor precisión qué se produce en Bolivia, dónde se concentra la producción y cuáles son las condiciones en las que trabajan los productores. La información también permitirá realizar posteriormente análisis sobre productividad, impacto económico, uso de suelos y potencial de determinados cultivos y actividades agropecuarias.

“Es la oportunidad de que cada una de las comunidades y de los productores reflejen la información en el marco de los periodos que estamos haciendo referencias para las preguntas”, señaló Arce.

Según el coordinador, los resultados también servirán para identificar necesidades del sector y definir políticas públicas en los niveles municipal, departamental y nacional. El operativo se extenderá durante los próximos meses y permitirá construir una base de información actualizada sobre la estructura productiva agropecuaria del país.",https://exitonoticias.com.bo/censo-agropecuario-arranca-el-5-de-octubre-en-beni-y-santa-cruz-y-llegara-a-los-nueve-departamentos/404925/
Éxito Noticias Bolivia,2026-09-30,"NACIONAL, POLITICA, PORTADA",Gobierno prevé eliminar la subvención a la gasolina en 2027 y reducir el déficit fiscal al 6%,"Éxito Noticias, 30 de septiembre 2026.- El Gobierno prevé eliminar la subvención a la gasolina desde la próxima gestión y mantener únicamente el subsidio al GLP, como parte de un plan para reducir el déficit fiscal a un nivel no mayor al 6%.

El viceministro del Tesoro y Crédito Público, Oscar Navarro, explicó que la medida busca focalizar los subsidios y reducir el impacto que tienen los gastos estatales sobre las cuentas públicas. Señaló que la subvención a la gasolina se mantendrá durante este año, pero la próxima gestión el Gobierno espera retirarla.

“Nosotros esperamos de que en la siguiente gestión no exista subvención a los carburantes. ¿A todos? ¿A ninguno? No, solamente gasolina y diésel. O sea, GLP no se va a tocar”, afirmó Navarro.

El viceministro indicó que el Gobierno trabaja con el objetivo de llevar el déficit fiscal a menos del 6%, por lo que deberá aplicar una reducción de los gastos, principalmente en el gasto corriente. En ese contexto, sostuvo que la eliminación de los subsidios forma parte del proceso de ajuste que analiza la administración estatal.

Navarro también informó que el Gobierno ya inició la elaboración del Presupuesto General del Estado (PGE) 2027 y prevé remitirlo a la Asamblea Legislativa antes del 31 de octubre. Explicó que todavía no existe un monto definido, debido a que las autoridades se encuentran en la etapa de consolidación de los requerimientos de las diferentes entidades.

“Se ha recibido de todas las entidades sus presupuestos, nacionales, departamentales y municipales. Se hace un proceso de consistencia y se arma el presupuesto general del Estado”, explicó.

El funcionario señaló que la elaboración del presupuesto considera la necesidad de reducir los gastos corrientes y establecer una programación que permita cumplir con la meta fiscal planteada para la próxima gestión.",https://exitonoticias.com.bo/gobierno-preve-eliminar-la-subvencion-a-la-gasolina-en-2027-y-reducir-el-deficit-fiscal-al-6/404919/
Éxito Noticias Bolivia,2026-09-30,SOCIAL,Magisterio Urbano marchó en La Paz en rechazo a la crisis económica; advierten con más movilizaciones,"Éxito Noticias, 30 de septiembre 2026. – El Magisterio Urbano realizó este miércoles una marcha por el centro de La Paz en rechazo a las medidas económicas adoptadas por el Gobierno y advirtió que continuará con sus movilizaciones mientras espera respuestas de las autoridades. El dirigente de la Confederación de Trabajadores de Educación Urbana de Bolivia, Wilfredo Ajllahuanca, señaló que la protesta se desarrolló de manera simultánea en sus 31 federaciones departamentales y regionales.

Ajllahuanca afirmó que la situación económica del país se está profundizando y que las medidas aplicadas por el Gobierno estarían afectando principalmente a las familias trabajadoras. “Las políticas económicas que está aplicando el Gobierno lo único que están haciendo día a día es acrecentar la cantidad de personas, padres de familia que están sin empleo”, manifestó.

El dirigente también expresó su preocupación por la pérdida del poder adquisitivo de los salarios y sostuvo que esta situación obliga al sector a retomar las movilizaciones en las calles. Señaló que el magisterio busca defender la educación “única, fiscal y gratuita” y pidió al Gobierno atender las demandas de los trabajadores y de otros sectores afectados por la crisis.

Asimismo, Ajllahuanca advirtió que las protestas podrían incrementarse debido al impacto económico en distintos sectores del país. “El hambre, la precarización de nuestros salarios no conoce estado de excepción”, afirmó, al señalar que ya existen pronunciamientos de otros sectores tanto del occidente como de los valles y el oriente. Recordó además que el magisterio ya había expresado su rechazo al Decreto Supremo 5503 desde diciembre y enero.",https://exitonoticias.com.bo/magisterio-urbano-marcho-en-la-paz-en-rechazo-a-la-crisis-economica-advierten-con-mas-movilizaciones/404947/
Opinión,2026-09-30,"Viru Viru, Paz, Aeropuerto, Bloqueadores, hub",Paz lanza convocatoria para el Hub de Viru Viru: “Ya los bloqueadores no van a ganar”,"El presidente Rodrigo Paz lanzó este miércoles la convocatoria para la implementación del Hub de Viru Viru, tras firmar el decreto supremo que viabiliza el proyecto durante un acto realizado en Santa Cruz. La iniciativa busca convertir al aeropuerto en un centro internacional de pasajeros y carga.

“No es solo hacer un aeropuerto, no es solo poner a Santa Cruz y a Bolivia en el mundo, es construir la patria que todos tenemos derecho a construir. Porque en el momento que se entienda la dimensión de este proyecto, ya los bloqueadores no van a ganar, ya los que bloquean el desarrollo no van a ganar”, afirmó Paz durante su discurso.

El mandatario sostuvo que el proyecto no debe limitarse a la construcción o remodelación de una terminal, sino que debe atraer aerolíneas y generar mayor conectividad para pasajeros, carga, productores y mercados. También lo vinculó con proyectos de carreteras, ferrocarriles y la hidrovía Paraguay-Paraná.

El ministro de Obras Públicas, Mauricio Zamora, señaló que Paz priorizó el Hub de Viru Viru desde el inicio de su gestión y que, tras varios meses de trabajo, se llegó a la etapa de implementación. El proyecto contempla diseño, construcción, equipamiento, operación, mantenimiento, modernización, ampliación y financiamiento.

El gobernador de Santa Cruz, Juan Pablo Velasco, afirmó que el aeropuerto podría incrementar su capacidad de los actuales dos millones de pasajeros al año a cuatro millones y posteriormente a seis millones.

“Esto es de todos los cruceños, de todos los bolivianos”, sostuvo al pedir que el proyecto tenga alcance nacional.

Velasco también planteó que la Gobernación y los municipios sean parte del proyecto y pidió que la ejecución se realice de manera transparente, con participación de empresas nacionales e internacionales. En tanto, el alcalde Carlos Manuel Saavedra informó sobre un acuerdo para ampliar la avenida Cristo Redentor desde el octavo anillo hasta Viru Viru.

Mientras el alcalde de Warnes, Mario Cronenbold, señaló que el proyecto es un pedido de larga data y afirmó que ya existen empresas interesadas en su construcción. Paz, por su parte, insistió en que el objetivo es que Santa Cruz se convierta en una puerta de conexión de Bolivia con el mundo.",https://www.opinion.com.bo/pais/paz-lanza-convocatoria-hub-viru-viru-bloqueadores-van-ganar/20260930235003996941.html
Opinión,2026-09-30,"Bolivia, Argentina, Derrota, amistoso, La Verde",Argentina aplasta a Bolivia en Córdoba y le propina otro duro golpe (4-0),"No hubo sorpresa. Bolivia volvió a sufrir ante Argentina y esta vez cayó por un contundente 4-0 en el estadio Mario Alberto Kempes de Córdoba, en un amistoso internacional posterior al Mundial 2026.

La Albiceleste abrió el marcador a los 19 minutos mediante Lautaro Martínez, quien definió tras una asistencia de Alexis Mac Allister.

Antes del descanso, Nicolás Paz amplió la ventaja para Argentina. En el segundo tiempo, Cristian “Cuti” Romero marcó el tercero y José Manuel “Flaco” López, ingresando desde el banco, sentenció el 4-0 definitivo.

Bolivia, dirigida por Óscar Villegas, venía de perder 2-0 ante Paraguay y nuevamente se quedó sin respuestas ante un rival de jerarquía.

La Verde ahora deberá cambiar rápidamente el chip. Su próximo desafío será el domingo 4 de octubre frente a Gambia, en Santa Cruz, donde buscará cerrar esta seguidilla de amistosos con una mejor imagen.

Argentina, por su parte, inició su etapa posterior a Lionel Messi con una goleada ante Bolivia.",https://www.opinion.com.bo/deportes/argentina-aplasta-bolivia-cordoba-propina-duro-golpe-4/20260930221059996937.html
Opinión,2026-09-30,"Gobierno, Minería, Zonas, Tuichi",Tribunal Agroambiental ordena al Gobierno presentar un plan para intervenir zonas afectadas por la minería,"El Tribunal Agroambiental ordenó al Gobierno y a otras instituciones presentar un plan integral de intervención en las zonas afectadas por la actividad minera, principalmente en los ríos Madidi, Madre de Dios y Tuichi. El documento debe ser presentado en un plazo de 10 días, desde la notificación, y puesto en marcha en los siguientes 15 días.

“Primero es que tienen que presentar el plan de intervención integral de estas zonas afectadas. Y segundo, en 15 días tiene que poner en marcha”, explicó a ERBOL la presidenta del Tribunal Agroambiental, Roxana Chávez Rodas.

Chávez aclaró que el plan deberá ser elaborado a partir de un análisis situacional de las zonas afectadas, que estará a cargo de los ministerios involucrados y permitirá definir las acciones de intervención para cada sector. La resolución fue emitida el viernes, pero las notificaciones a las instituciones continúan en proceso.

La resolución alcanza a los ministerios de Defensa, Gobierno, Minería y Metalurgia, Planificación del Desarrollo y Medio Ambiente, además del Servicio Nacional de Áreas Protegidas (SERNAP). También dispone suspender la recepción, tramitación y otorgamiento de solicitudes de contratos administrativos mineros en las zonas señaladas.

Asimismo, la Autoridad Jurisdiccional Administrativa Minera (AJAM) deberá verificar, en un plazo de 60 días, las operaciones auríferas con derechos vigentes y suspender aquellas que no acrediten licencia ambiental. La Autoridad de Fiscalización y Control de Cooperativas (AFCOOP) deberá suspender cualquier registro o actualización de cooperativas auríferas que operen en estos ríos.

El Tribunal también ordenó al Ministerio de Salud, junto con el Instituto Nacional de Estadística (INE), universidades públicas y otras entidades, elaborar un diagnóstico sobre las comunidades indígenas expuestas al mercurio y desplegar brigadas móviles en un máximo de 10 días hábiles. Chávez advirtió que el incumplimiento de las resoluciones será remitido al Ministerio Público.",https://www.opinion.com.bo/pais/tribunal-agroambiental-ordena-gobierno-presentar-plan-intervenir-zonas-afectadas-mineria/20260930215508996934.html
Opinión,2026-09-30,"Mineros, Movilización, Cooperativistas","Mineros cooperativistas se declaran en ""pie de movilización"" en rechazo a decreto sobre diésel","Tras una asamblea general, la Federación Nacional de Cooperativas Mineras de Bolivia (Fencomin) se declaró en pie de movilizaciones en pedido de la abrogación del Decreto Supremo 5716 que establece la eliminación de la subvención al diésel.

El sector llevó adelante un ampliado este miércoles en Oruro y redactó una resolución con las determinaciones tomadas. Entre ellas, se encuentra el pedido de renuncia del ministro de Minería, Marcó Antonio Calderón y del ministro de Hidrocarburos, Marcelo Blanco.

En el tercer punto, el sector se declaró “en estado de emergencia permanente y en pie de movilización sectorial”. Los dirigentes pidieron que sea acatado en todo el país.

Desde el sector además indicaron que las recientes medidas económicas del presidente del Estado, Rodrigo Paz, pone en riesgo las actividades mineras.",https://www.opinion.com.bo/pais/mineros-cooperativistas-declaran-pie-movilizacion-rechazo-decreto-diesel/20260930215127996932.html
Opinión,2026-09-30,"El Alto, Cámara, Hostal, Oculta",Aprehenden al administrador de un hostal de El Alto donde hallaron cámara oculta y pastillas abortivas,"El administrador de un hostal en El Alto fue aprehendido el martes por la Policía tras el hallazgo, en una de las habitaciones, de una cámara oculta con la que, presuntamente, filmaba a las parejas que se alojaban para pasar la noche.

El operativo se ejecutó mediante un allanamiento en la zona Ballivián, en coordinación con el Ministerio Público. Durante la intervención también se hallaron, presuntamente, pastillas abortivas en uno de los ambientes del establecimiento.

El comandante de la Policía de El Alto, coronel Limbert Coca, informó que la cámara oculta tenía un diámetro de al menos cinco milímetros y era monitoreada por el administrador del hostal.

“Ese ambiente, justamente, era para atender a parejas que tengan intimidad. Se va a investigar estas imágenes y este contenido pornográfico”, añadió.

El administrador del hostal quedó aprehendido y fue remitido a celdas de la Fuerza Especial de Lucha Contra el Crimen (FELCC), donde permanecerá hasta que un juez defina su situación legal en una audiencia de medidas cautelares.",https://www.opinion.com.bo/policial/aprehenden-administrador-hostal-alto-donde-hallaron-camara-oculta-pastillas-abortivas/20260930182858996930.html
Opinión,2026-09-30,"Fiscalía, Extradición, Marset, Mariaca",Fiscalía niega que Mariaca se haya reunido con Marset antes de su extradición,"La Fiscalía General del Estado negó que su máxima autoridad Roger Mariaca se haya reunido con el narcotraficante Sebastián Marset, 10 días antes de que el uruguayo fuese extraditado a Estados Unidos.

El Ministerio Público rechazó esa versión que atribuyó a la periodista Amalia Pando.

“La Fiscalía General del Estado rechaza dicha afirmación y sostiene que la información difundida no corresponde a la verdad”, dice un comunicado.

La Fiscalía consideró grave esa afirmación, porque afectaría “el honor de una autoridad”, por lo cual solicitó a la periodista que exhiba pruebas o que se retracte.

“La libertad de expresión debe ser plenamente garantizada, pero no puede confundirse con la difusión de afirmaciones falsas o acusaciones sin respaldo probatorio”, finaliza el comunicado.

Marset fue detenido el 13 de marzo en Santa Cruz. Entonces, Mariaca confirmó que el operativo no había sido planeado junto a la Fiscalía.

Recientemente, Mariaca fue sancionado por Estados Unidos por presuntamente recibir sobornos para facilitar el narcotráfico.",https://www.opinion.com.bo/pais/fiscalia-niega-que-mariaca-haya-reunido-marset-antes-extradicion/20260930182502996928.html
Opinión,2026-09-30,"Combustible, Ministro, Demora, Marcelo, Blanco",Blanco dice que abastecimiento de combustible sufrió “demoras logísticas” y prevé pronta normalización,"Marcelo Blanco, ministro de Hidrocarburos, afirmó que el desabastecimiento de combustible en algunas regiones se debió a un tema logístico y que el normal abastecimiento se “restablecerá a la brevedad posible”.

Blanco resaltó que YPFB y la Cámara Boliviana de Transporte de Derivados del Petróleo (Campetrol) alcanzaron un acuerdo la noche de este martes, lo que generó “demoras logísticas”.

“Estamos trabajando en temas logísticos. Yacimientos y refinería estaban negociando con las cisternas nacionales y por eso hubo demoras logísticas, pero esperamos que el normal abastecimiento se recupere en la brevedad posible”, dijo Blanco.

En las últimas horas, se volvieron a observar filas en las gasolineras de algunos departamentos del país. El ministro Blanco recalcó que “ayer (este martes) cerraron y firmaron acuerdos, ya se tiene que empezar a restituir normalmente el combustible”.

Blanco resaltó que el abastecimiento se “está normalizando” y afirmó que “hay combustible”.",https://www.opinion.com.bo/pais/blanco-dice-que-abastecimiento-combustible-sufrio-demoras-logisticas-preve-pronta-normalizacion/20260930182051996926.html
Opinión,2026-09-30,"Quillacollo, Botadero, Basureros, cuatro, zanjas",Excavación de zanjas impiden hace cuatro días el paso de carros basureros a botadero en Quillacollo,"El ingreso de basura al botadero de basura de Quillacollo, en Cotapachi, está restringido hace cuatro días, debido a la excavación de zanjas en la zona.

Desde la Alcaldía se informó que esta situación imposibilita temporalmente el ingreso de los carros basureros al relleno sanitario y, por consecuencia, afecta el normal servicio de recolección de basura en diferentes sectores del municipio.

La Municipalidad determinó la recolección de basura seleccionada, priorizando los residuos que puedan generar mayores riesgos para la salud y el medio ambiente.",https://www.opinion.com.bo/cochabamba/excavacion-zanjas-impiden-hace-cuatro-dias-paso-carros-basureros-botadero-quillacollo/20260930164509996924.html
Opinión,2026-09-30,"Gobierno, Proyecto, Electricidad, Legislativo, REMISIÓN",Gobierno remite al Legislativo el nuevo proyecto de Ley de Electricidad,"El presidente del Estado, Rodrigo Paz, anunció que este miércoles se enviará a la Asamblea Legislativa el nuevo proyecto de Ley de Electricidad y que se alista una Ley de Hidrocarburos “largo y cortito”.

“La nueva Ley de Electricidad está yendo hoy día la Parlamento y la Ley de Hidrocarburos, hay una larga y una cortita, que va a facilitar para los megaproyectos y los proyectos cortos, rápidos que hablamos con el Gobernador (Juan Pablo Velasco) cuando estábamos en Okinawa, en Santa Cruz”, indicó durante el acto de promulgación de la Ley de Prediarios, que quitó esta responsabilidad a las gobernaciones y la devolvió al Gobierno nacional.

En mayo, el jefe de Estado informó que se presentarían un paquete de 10 anteproyectos de ley como parte de la agenda legislativa de su administración.

Entre los anteproyectos mencionados están la Ley Electoral; Ley de Electricidad; Ley de Hidrocarburos; Ley de Inversiones; Ley de Minería; Ley de Economía Verde; Ley de Emprendedores; Ley de Justicia; Ley de Seguridad Nacional; y Ley de Reducción del Estado y la Burocracia.

Paz explicó que estas normas están destinadas a replantear el modelo de desarrollo del país. Ya en mayo de este año, el Ejecutivo presentó la nueva Ley de Electricidad que garantiza el suministro eléctrico a mediano y largo plazo y tarifas equitativas. Antes de ser enviada a la Asamblea Legislativa, sería revisada y socializada con los involucrados.",https://www.opinion.com.bo/pais/gobierno-remite-legislativo-nuevo-proyecto-ley-electricidad/20260930163718996922.html
Opinión,2026-09-30,"Jueza, Intervienen, Magistratura, Despacho, Marset",Intervienen despacho de jueza que presuntamente visitó a Marset horas antes de su captura,"Este miércoles, el Consejo de la Magistratura intervino el despacho de la jueza L.A. y abrió una investigación de oficio luego de la difusión de imágenes en las que, presuntamente, la funcionaria ingresa al domicilio donde se encontraba el narcotraficante Sebastián Marset, horas antes de su captura.

Las imágenes de las cámaras de vigilancia muestran a la jueza ingresar a la vivienda, ubicada en el barrio Las Palmas, en Santa Cruz. Según la información difundida, la jueza habría llegado cerca de las 20:00 y salido del inmueble en una vagoneta alrededor de la medianoche.

El registro corresponde al 13 de marzo de 2026. Horas después de la presunta visita, la Policía Boliviana capturó a Marset.",https://www.opinion.com.bo/pais/intervienen-despacho-jueza-que-presuntamente-visito-marset-horas-antes-captura/20260930162656996920.html
Opinión,2026-09-30,"La Paz, Gobernador, Reunión, Loza, propuesta",Gobernador Loza asiste a reunión en La Paz; plantea avanzar en la propuesta 50/50,"El gobernador de Cochabamba, Leonardo Loza, llegó este miércoles a Palacio de Gobierno, en La Paz, para participar en la reunión entre el Gobierno nacional y los gobernadores de los nueve departamentos, donde se abordará la propuesta de redistribución de recursos 50/50 y la situación económica de las gobernaciones.

La reunión fue convocada para tratar la propuesta 50/50 y otros temas vinculados a los recursos departamentales.

A su llegada, Loza manifestó que asiste al encuentro en representación de Cochabamba con el objetivo de gestionar nuevos recursos económicos para el departamento, debido a la situación financiera que atraviesa la Gobernación.

“Estamos viniendo por nuestro departamento en busca de nuevos recursos económicos. La situación económica de la Gobernación de Cochabamba es devastadora. Día a día estamos sobreviviendo”, afirmó.

LEY DE PREDIARIOS El Gobernador también expresó su expectativa por la promulgación de la norma que transfiere al Gobierno nacional la responsabilidad del pago de los prediarios de las personas privadas de libertad, señalando que esta medida permitirá aliviar la presión económica sobre las gobernaciones.

“Espero que hoy día se promulgue la ley aprobada por la Asamblea. Eso nos va a beneficiar mucho porque se quita el bono prediario y también el bono de vacunación a las gobernaciones. En realidad, el bono de vacunación y los prediarios nos estaban asfixiando económicamente”, sostuvo.

ECONOMÍA EN EL PAÍS Loza también expresó su preocupación por la situación económica que atraviesa Bolivia y expresó que las gobernaciones enfrentan dificultades para garantizar el funcionamiento de sus actividades y el cumplimiento de sus competencias.

“Lamentablemente el pueblo boliviano no estamos pasando bien. La situación económica es bastante devastadora para nuestro país”, afirmó.",https://www.opinion.com.bo/cochabamba/gobernador-loza-asiste-reunion-paz-plantea-avanzar-propuesta-50-50/20260930150931996918.html
Opinión,2026-09-30,"Presidente, fluvial, Carga, Capacidad, URUPABOL",Presidente Paz asegura que URUPABOL triplicará su capacidad de carga fluvial,"El presidente de Estado, Rodrigo Paz Pereira, reveló este miércoles que el bloque regional URUPABOL (conformado por Uruguay, Paraguay y Bolivia) se fijó la tarea de triplicar la capacidad de barcazas para movilizar el comercio que entre y salga de las tres naciones.

“El compromiso firme del presidente de Uruguay, Yamandú Orsi, y de Santiago Peña, presidente de Paraguay, para el desarrollo de Puerto Busch y todo lo que significa la hidrovía, consiste en triplicar la capacidad de barcazas para movilizar el comercio que entra y sale de la hidrovía hasta Bolivia”, remarcó el mandatario en Palacio Quemado, durante su discurso por la promulgación de la Ley de Prediarios.

Los presidentes de los países miembros de URUPABOL se reunieron en Estados Unidos el pasado 23 de septiembre de 2026. El encuentro se llevó a cabo en la ciudad de Nueva York y, en el marco de la Asamblea General de la ONU, los tres jefes de Estado acordaron relanzar y modernizar el bloque, priorizando la integración logística y comercial mediante el aprovechamiento de la red portuaria en la Hidrovía Paraguay-Paraná.

Paz Pereira anunció que el bloque integrador URUPABOL se encuentra en pleno proceso de revitalización estructural tras una serie de acuerdos de alto nivel alcanzados en Nueva York.

De acuerdo con el jefe de Estado, los equipos técnicos de las tres naciones se reunirán en un plazo de dos semanas en Asunción, Paraguay, con el fin de viabilizar el transporte de petróleo crudo a través de la Hidrovía Paraguay-Paraná.

Paz Pereira calificó la reactivación de esta alianza trilateral como uno de los puntos más altos de su agenda internacional. El mandatario subrayó que la estrategia está orientada directamente a aliviar los costos de la crisis energética heredada en Bolivia en los últimos 20 años.

Plan logístico

El jefe de Estado fundamentó la importancia de URUPABOL explicando los desafíos logísticos que enfrenta el país debido a su condición de mediterraneidad. Aunque defendió las políticas de subsidios, argumentó que los costos de internación encarecen el suministro energético en el país.

“El problema es que, al ser mediterráneos, nos cuesta más caro traerlo a nosotros. Por eso estamos trabajando con URUPABOL, porque te sale más barato traerlo por la hidrovía; siempre por agua es más barato”, afirmó el presidente.

El plan logístico contempla la traída de petróleo crudo base para su procesamiento directo en las refinerías de Cochabamba (Gualberto Villarroel) y Santa Cruz (Guillermo Elder Bell). La meta del Gobierno es que la optimización de esta ruta fluvial permita reducir los costos locales de la gasolina, diésel y jet fuel.

Red portuaria trilateral

Además del beneficio en el abastecimiento de hidrocarburos, el fortalecimiento de la red portuaria trilateral servirá como la principal vía de escape comercial para la minería del país.

El mandatario especificó que el bloque ya coordina la infraestructura necesaria para asegurar la salida de la producción de hierro del yacimiento de El Mutún hacia el océano Atlántico.

Los tres gobiernos que componen el bloque acordaron que la modernización de URUPABOL incluirá metas de seguridad fronteriza, cielos abiertos y digitalización migratoria. Asimismo, se prevé que una posterior cumbre de presidentes se celebre directamente en territorio boliviano para formalizar las decisiones como políticas de Estado a largo plazo.",https://www.opinion.com.bo/pais/presidente-paz-asegura-que-urupabol-triplicara-capacidad-carga-fluvial/20260930145906996916.html
Opinión,2026-09-30,"Bolivia, Justicia, La Paz, Infanticidio, Investigación",Bolivia reporta un infanticidio cada 13 días; suman 20 casos en lo que va del año,"En promedio, cada 13 días una niña o un niño fue víctima de infanticidio en Bolivia. Entre el 1 de enero y el 30 de septiembre, 20 menores perdieron la vida en situaciones de violencia según el informe del Ministerio Público.

Cochabamba concentra la mayor cantidad de casos, con siete infanticidios, le sigue Santa Cruz con cinco víctimas; La Paz y Tarija con dos cada uno, mientras Pando, Oruro, Potosí y Chuquisaca reportan una víctima por departamento.

El último caso se reporto en el departamento de Oruro, específicamente en el municipio de Huanuni. El hecho ocurrió el pasado 9 de septiembre, cuando se encontró el cuerpo de un neonato de sexo femenino de aproximadamente 37 a 38 semanas de gestación.

Sin embargo, los últimos días de septiembre se registró un hecho que todavía no está tipificado como infanticidio, pero que terminó con el fallecimiento de una menor, presuntamente por un descuido.

El pasado 21 de septiembre una madre alimentó a su bebé, la cubrió con una manda y la acomodó para descansar tras haber consumido bebidas alcohólicas. Horas después, la niña no respiraba e invadida por el pánico, la mujer colocó el cuerpo de su hija debajo de las gradas.

La procesada tenía a su cargo a otro niño de cuatro años y atravesaba por una precariedad económica agravada. Según la defensa, esta situación se debió a la ausencia de asistencia y aportes para la manutención por parte del padre de los menores, quien posteriormente asumió el rol de parte denunciante en el proceso penal.",https://www.opinion.com.bo/policial/bolivia-reporta-infanticidio-cada-13-dias-suman-20-casos-que-va-ano/20260930145347996914.html
Opinión,2026-09-30,"Cultura, música, Boliviana, Galardón, Andina","Luzmila Carpio recibirá el Womex Artist Award 2026, uno de los máximos reconocimientos de la música global","Desde el norte de Potosí, donde nació y encontró en el quechua la lengua de su canto, Luzmila Carpio construyó una trayectoria que llevó las voces de los Andes a escenarios internacionales. Ahora, esa historia de seis décadas será reconocida con el Womex Artist Award 2026, uno de los principales galardones de la música del mundo.

“Durante más de cincuenta años he cantado en quechua llevando conmigo las voces de mis abuelas, de mi pueblo, de las aves de los Andes y de nuestra Pachamama”, escribió la artista en sus redes sociales después de conocer que fue elegida para recibir el reconocimiento.

“Este premio lleva mi nombre, pero en mi corazón pertenece a muchas voces”, agregó Carpio, quien dedicó la distinción a quienes cantaron antes que ella, conservaron su lengua y continúan creando sin olvidar sus raíces.

Womex, sigla de Worldwide Music Expo, es una plataforma internacional de la industria de las músicas del mundo que reúne una feria profesional, conferencias, películas, conciertos y una ceremonia de premios.

El encuentro es organizado por Piranha Arts, empresa cultural con sede en Berlín, Alemania, especializada en proyectos y plataformas internacionales vinculados a la música y las industrias culturales. Su edición 2026 se desarrollará del 21 al 25 de octubre en Gran Canaria, España, con más de 2.600 profesionales y unos 260 artistas de alrededor de 90 países.

Para otorgarle el reconocimiento, Womex destaca las seis décadas de actividad artística de Carpio, su aporte a la difusión internacional de la cultura andina y su defensa de los conocimientos ancestrales. También resalta su papel como embajadora cultural de Bolivia, su compromiso con las mujeres, los pueblos indígenas y el medioambiente, además de su excelencia musical.

La cantante potosina publicó más de 25 álbumes y compartió escenarios y proyectos con figuras como Miriam Makeba, Cesária Évora y Susana Baca. Su recorrido también incluye un trabajo junto al Fondo de las Naciones Unidas para la Infancia.

Womex señala que se abrió camino como mujer solista en una época en la que el idioma que hablaba y cantaba enfrentaba represión.

Su obra también tendió puentes entre la tradición andina y las nuevas sonoridades. Con ZZK Records, icónico sello discográfico independiente de música electrónica y fusión tropical con sede en Buenos Aires, Argentina, publicó tres álbumes. En 2015 participó en Luzmila Carpio Meets ZZK, proyecto que reunió su voz con productores vinculados a la música electrónica latinoamericana. Más adelante llegó Inti Watana: El Retorno del Sol, producido junto al argentino Leonardo Martinelli, conocido artísticamente como ‘Tremor’.

La presencia de Carpio en Gran Canaria tendrá además una dimensión cinematográfica. Durante el encuentro se proyectará Luzmila y los pájaros, documental dirigido por Pablo Mensi que aborda su trayectoria, su vínculo con las tradiciones de los Andes y su defensa de los pueblos indígenas, la justicia social, las mujeres y el medioambiente.

La película, producida por ZZK Films, proyecto cinematográfico vinculado a ZZK Records, fue reconocida en el Quetzalcoatl Indigenous International Film Festival, festival independiente dedicado a la difusión de películas sobre pueblos y culturas indígenas, que se desarrolla en San Cristóbal de las Casas, Chiapas, México.

También recibió el Premio Signis al Mejor Documental en Fenavid 2024, Festival Internacional de Cine de Santa Cruz de la Sierra, uno de los principales encuentros cinematográficos de Bolivia, organizado por la Fundación Audiovisual.

En Womex estará disponible del 22 al 24 de octubre en la Film Library, un espacio físico que reúne una selección de películas para los delegados del encuentro. Además, tendrá una función pública en la Sala de Cámara del Auditorio Alfredo Kraus, un recinto cultural ubicado junto a la playa de Las Canteras, en Las Palmas de Gran Canaria, España.

Así, la distinción llevará a una de las voces más representativas de la música boliviana a un nuevo escenario internacional, donde su canto, su lengua de origen y una obra construida durante décadas recibirán un merecido reconocimiento.",https://www.opinion.com.bo/cultura/luzmila-carpio-recibira-womex-artist-award-2026-uno-maximos-reconocimientos-musica-global/20260930144605996913.html
Opinión,2026-09-30,"Educación, Unifranz, Innovación Educativa, QS Stars",QS Stars: qué hay detrás de las estrellas que obtuvo Unifranz,"¿Qué significa que una universidad obtenga estrellas en una evaluación internacional? Más allá del reconocimiento, la pregunta relevante es qué aspectos de su funcionamiento explican ese resultado y cómo se relacionan con la experiencia de los estudiantes.

En 2025, la Universidad Franz Tamayo (Unifranz) obtuvo la certificación internacional QS Stars , un sistema de evaluación desarrollado por Quacquarelli Symonds (QS) que analiza distintas dimensiones de una institución de educación superior. En el caso de Unifranz, el resultado incluyó cinco estrellas en empleabilidad y cinco en gobernanza, además de cuatro estrellas en impacto social y cuatro en infraestructura.

A diferencia del QS World University Rankings, que establece una clasificación comparativa, QS Stars funciona como una evaluación por áreas . La metodología de QS contempla dimensiones como experiencia de aprendizaje, empleabilidad y resultados, sostenibilidad, investigación e innovación y vinculación global, además de categorías específicas como enseñanza, infraestructura, gobernanza e impacto social.

Esto permite leer las estrellas de Unifranz no solo como un reconocimiento, sino como una fotografía de determinadas capacidades institucionales.

La máxima valoración obtenida por Unifranz en empleabilidad tiene relación con uno de los desafíos centrales de la educación superior: conseguir que lo aprendido durante la carrera pueda convertirse en competencias útiles para el ejercicio profesional.

QS considera en esta dimensión aspectos como la reputación entre empleadores, resultados de empleo de los graduados, apoyo para el desarrollo profesional, prácticas e inserción laboral.

En Unifranz, esta conexión se trabaja desde la formación mediante proyectos integradores, experiencias prácticas y resolución de desafíos reales. El modelo busca que el estudiante no espere hasta el último semestre para enfrentarse a problemas similares a los que encontrará en su profesión.

La estrategia también se extiende fuera del aula. Prácticas preprofesionales, pasantías, mentorías, networking y actividades de vinculación con empresas forman parte de las acciones institucionales orientadas a fortalecer la empleabilidad. El Unifranz Talent Summit, por ejemplo, reúne entrevistas laborales, talleres, networking y contacto directo con empresas. En 2025, las ferias de empleabilidad de la universidad congregaron a más de 2.000 asistentes y más de 200 empresas en sus cuatro sedes.

Ese tipo de iniciativas ayuda a entender por qué la empleabilidad aparece como una de las principales fortalezas identificadas por QS.

Las cinco estrellas en Good Governance apuntan a una dimensión menos visible para un estudiante, pero determinante para el funcionamiento de una universidad.

QS evalúa en esta categoría aspectos relacionados con la transparencia financiera, las estructuras de gobierno, la planificación estratégica, la gestión de riesgos y la satisfacción de los trabajadores, entre otros elementos.

En el caso de Unifranz, la evaluación institucional destaca una gestión basada en procesos, visión estratégica y mejora continua. El vicerrector de la sede La Paz, Pedro Sáenz, relacionó el resultado con más de tres décadas de trabajo en calidad académica, gobernanza responsable y enfoque en las personas.

La relevancia de esta dimensión está en que una buena experiencia universitaria no depende únicamente de lo que ocurre en un aula: también requiere estructuras capaces de sostener programas académicos, servicios, infraestructura, relaciones institucionales y procesos de mejora.

Unifranz obtuvo cuatro estrellas en impacto social , una categoría que permite observar otra característica de su modelo: la intención de vincular la formación con las necesidades del entorno.

QS incluye dentro de sus evaluaciones el aporte positivo que realizan las instituciones a la sociedad.

De acuerdo con la información institucional, los proyectos de Unifranz articulan docencia, investigación y extensión para que estudiantes y docentes trabajen sobre desafíos de comunidades, instituciones y sectores productivos.

Esta lógica convierte al proyecto académico en algo más que un ejercicio de aula. Resolver un problema de una comunidad, desarrollar una propuesta para una organización o diseñar una solución aplicable a un sector productivo permite que el estudiante compruebe qué ocurre cuando el conocimiento se enfrenta a condiciones reales.

La cuarta área destacada corresponde a infraestructura , también con cuatro estrellas. En la metodología de QS, Facilities forma parte de la evaluación de la experiencia de aprendizaje y considera las condiciones que permiten desarrollar la actividad académica.

En Unifranz, esto se expresa en aulas dinámicas, laboratorios, espacios tecnológicos y entornos concebidos para favorecer el aprendizaje activo. La infraestructura, en este sentido, no se plantea únicamente como un conjunto de edificios, sino como un recurso para experimentar, practicar y desarrollar proyectos.

A esto se suma la dimensión internacional. La universidad cuenta con convenios, alianzas e intercambios académicos mediante los cuales sus estudiantes pueden acceder a experiencias formativas en otros países. El programa Internacionalízate permite postular a intercambios desde el segundo semestre hasta el último año de carrera, bajo determinados requisitos.

El valor de una certificación como QS Stars está, por tanto, menos en acumular estrellas que en observar qué hay detrás de ellas. En Unifranz, los resultados de 2025 encuentran correspondencia con una estrategia que combina aprendizaje práctico, relación con el sector productivo, acompañamiento para la inserción laboral, proyectos con impacto social, infraestructura orientada al aprendizaje y una gestión institucional estructurada.

La propia QS explica que su sistema utiliza información proporcionada por las universidades y fuentes externas , seguida de un proceso de análisis y asignación de puntos que se traduce posteriormente en las valoraciones por estrellas.

Para una universidad boliviana, someter estos procesos a una evaluación internacional permite contrastar prácticas institucionales con criterios utilizados en otros sistemas de educación superior. En el caso de Unifranz, las cinco estrellas en empleabilidad y gobernanza y las cuatro en impacto social e infraestructura constituyen, más que un punto final, una referencia sobre las áreas en las que la institución ha concentrado esfuerzos.

Como resumió Sáenz durante la presentación de la certificación, “QS no es un punto de llegada, sino un compromiso con la mejora continua”.",https://www.opinion.com.bo/innovacion-educativa/qs-stars-que-detras-estrellas-que-obtuvo-unifranz/20260930144025996911.html
Opinión,2026-09-30,"Programa, Patria, GNV, Conversión, KITS",Programa Patria prevé recibir los primeros 1.500 kits de conversión a GNV en 15 días y el resto hasta febrero de 2027,"De los 15.000 kits de conversión de vehículos del transporte público a gas natural vehicular (GNV) que adquirió el programa Patria, se prevé que 1.500 lleguen al país en 15 días y el resto hasta febrero de 2027.

“Los primeros 1.500 kits de Argentina llegarán dentro de 15 días y progresivamente los restantes hasta febrero de 2027”, informó el director de la Entidad Ejecutora de Renovación Vehicular Patria (EERV-Patria), Leonardo Velarde.

No obstante, indicó que paralelamente a ello, el Gobierno nacional compra los equipos de los mismos talleres, por lo que las primeras conversiones comenzaron la tarde del martes en el departamento de Santa Cruz.

De acuerdo con el reporte oficial, el Gobierno compró 15.000 kits de conversión de vehículos del transporte público a GNV de hasta quinta generación, los cuales están listos en una fábrica de Argentina para ser enviados a Bolivia y reforzar el Programa Nacional de Renovación de Vehículos Patria que está en marcha con los equipos de los talleres.

“Es una compra que ya está firmada, se tiene el contrato. Es una compra de 15.000 kits de diferentes tecnologías, de tercera y quinta generación”, remarcó el director de la estatal EERV-Patria.

Mencionó que los kits de tercera generación “hacen referencia a un sistema mecánico de aspiración natural que usa el vacío del motor para llevar el gas al cilindro; y, los de quinta generación utilizan un sistema de inyección electrónica secuencial”.

Por instrucción del presidente Rodrigo Paz, el ministro de Obras Públicas, Servicios y Vivienda, Mauricio Zamora, lanzó la semana pasada el Programa Nacional de Renovación de Vehículos Patria, que tiene por objeto renovar y transformar el parque automotor de los servicios de transporte público, mediante mecanismos destinados a financiar la compra de vehículos a requerimiento de los beneficiarios.

Fondo rotatorio

Según Velarde, para las conversiones “los transportistas no pagarán nada” porque hay un fondo rotatorio mediante el cual, mientras más vehículos se transformen a gas natural, más recursos habrá para nuevos vehículos que decidan adoptar esta modalidad de combustible.

“Dan 0,18 centavos por metro cúbico para lo que es la conversión y 0,02 centavos para la recalificación, esos 0,20 centavitos de cada consumo van a ese fondo”, explicó el ministro Zamora.",https://www.opinion.com.bo/pais/programa-patria-preve-recibir-primeros-1500-kits-conversion-gnv-15-dias-resto-febrero-2027/20260930142958996909.html
Opinión,2026-09-30,"Chile, Comercio, Gobierno, Vínculos, Rodrigo Paz Pereira",Paz confirma visita de Kast para fortalecer vínculos comerciales con Chile,"El presidente Rodrigo Paz confirmó que su homólogo de Chile, José Antonio Kast, visitará Bolivia en octubre para fortalecer la vinculación comercial entre ambos países. El mandatario también informó que planteó a Kast la posibilidad de implementar un puerto seco en Oruro.

“El presidente Kast viene de visita a Bolivia y la idea es fortalecer todo lo que es la vinculación comercial, que es Oruro y Potosí básicamente las que generan la puerta de entrada y salida”, resaltó Paz.

Asimismo, el mandatario señaló que planteó a Kast que el puerto seco de Oruro se convierta en un punto de inversión.

“Le hablé de un puerto seco para que sea un punto de inversión porque hay algo que hay que entender; si Bolivia no produce, ¿qué nos vamos a repartir? Podremos hacer todos los acuerdos que queramos acá, pero si no producimos, ¿qué repartiremos?”, subrayó.

Días antes Paz ya había anunciado la visita de Kast al país. Se maneja que entre las primeras semanas de octubre este el primer mandatario chileno en suelo nacional.",https://www.opinion.com.bo/pais/paz-confirma-visita-kast-fortalecer-vinculos-comerciales-chile/20260930142413996907.html
Opinión,2026-09-30,"Educación, Intercambio, Unifranz, Innovación Educativa","Experiencia de intercambio: Puebla fue el hogar de Roberto, un estudiante cochabambino","Estudiar un semestre en otro país puede transformar mucho más que el currículum. Un profesional que estudió o se formó en otro país tiene una tasa de desempleo 23% menor, cinco años después de graduarse, que quien nunca salió de su país. El dato viene de un estudio de la Comisión Europea sobre el programa Erasmus , uno de los programas de intercambio estudiantil más grandes del mundo.

Para Roberto Pérez Suárez, estudiante de Publicidad y Marketing de la Universidad Privada Franz Tamayo (Unifranz) en Cochabamba, el intercambio en la Universidad Iberoamericana Puebla, México, significó adaptarse a otra forma de estudiar, conocer nuevas culturas y descubrir posibilidades profesionales que antes veía lejanas.

“Me enseñó sobre todo a salir de mi zona de confort, arriesgarme, y también me enseñó que el marketing tiene un mundo por delante, que es un mundo gigantesco, el cual me gustaría experimentar laboralmente ya sea en otro país o en Bolivia"", relata.

La movilidad académica internacional combina aprendizaje universitario con una experiencia cotidiana de adaptación. El estudiante no solo cambia de aula: aprende a desenvolverse en otra ciudad, interpreta códigos culturales distintos, construye nuevas redes y compara formas de estudiar y trabajar.

UNESCO IESALC señala que la movilidad estudiantil internacional impulsa el intercambio mundial de conocimientos, el diálogo intercultural y el desarrollo de habilidades, y que también puede favorecer la empleabilidad en mercados laborales internacionales.

En el caso de Roberto, esa combinación fue especialmente visible en su carrera. Durante su semestre en México visitó empresas y agencias vinculadas con marketing y publicidad, y observó cómo se diseñan estrategias para un mercado de mayor escala.

Puebla está ubicada en el centro de México, aproximadamente a 100 kilómetros al este de Ciudad de México y al pie del volcán Popocatépetl. Fue fundada en 1531 y su centro histórico ingresó en 1987 a la Lista del Patrimonio Mundial de la UNESCO por su arquitectura y por la fusión de estilos europeos y americanos que caracteriza a su paisaje urbano.

Para un estudiante extranjero, esa historia forma parte de la experiencia cotidiana. Fachadas cubiertas de azulejos, arquitectura barroca, gastronomía y tradiciones artesanales conviven con una ciudad universitaria y metropolitana que Roberto percibió como mucho más grande que Cochabamba.

“Lo que más me sorprendió es que México tiene una gran cultura, ya sea en la comida, en la gente, en su arte; me pareció la verdad muy impresionante”, cuenta.

Una de las expresiones culturales más reconocibles es la talavera. México protegió la Denominación de Origen Talavera de Puebla en 1995 y, en 2019, la UNESCO inscribió los procesos artesanales de elaboración de la talavera de Puebla y Tlaxcala, junto con las técnicas de Talavera de la Reina y El Puente del Arzobispo en España, en la Lista Representativa del Patrimonio Cultural Inmaterial de la Humanidad.

La diversidad cultural también se expresa en las lenguas originarias. El Instituto Nacional de Antropología e Historia identifica a Puebla entre los estados con presencia de comunidades nahuas y registra además la continuidad de distintas tradiciones indígenas en la región.

Lo primero que notó Roberto al llegar a la Ibero Puebla fue el tamaño del campus, ""En la Ibero Puebla era mucho más grande, a veces me perdía en el campus. Pero también siento que llevan otro tipo de metodología de estudio, un poco más al estilo americano, el cual yo no estaba muy acostumbrado, pero luego me logré adaptar"".

Un nuevo entorno, un nuevo espacio de estudio hicieron complicado los primeros días para Roberto. Antes de acoplarse al nuevo ritmo, para él fue difícil dejar atrás, aunque sea por un tiempo, a la gente que quiere.

""Lo más complicado fue dejar a mi familia, a mis seres queridos y amistades cercanas. Y también fue acostumbrarme a vivir en una ciudad tan grande. Yo viví en Puebla, y a comparación de Cochabamba me pareció una ciudad muy grande. Adaptarme a tener otro estilo de vida, otro estilo de comer, y también las jergas que son muy diferentes a las que usamos los bolivianos"", explica Roberto.

La UNESCO, a través de su Instituto Internacional para la Educación Superior - IESALC, asegura que la movilidad internacional es el motor principal para el intercambio mundial de conocimientos y el diálogo intercultural. La experiencia de Roberto respalda esas investigaciones, ya que nunca planeó formar un grupo de amigos que vinieran de distintas partes del mundo, simplemente pasó.

""Mi vida como estudiante foráneo en otro país fue una experiencia inolvidable, ya que me permitió conocer amistades de Ecuador, México, Guatemala, El Salvador, Colombia, Francia, Alemania. Me dejó lindas experiencias ya que pude viajar con varios de ellos a otras ciudades dentro de México"", cuenta el estudiante cochabambino.

Con ese grupo recorrió playas, templos y varios rincones de la Ciudad de México y Puebla, en lo que él mismo describe como una de las mejores experiencias durante su internacionalización.

""Fui a la playa, fui a visitar bastantes templos, lugares turísticos y, también visité lugares impresionantes en Ciudad de México, me pareció increíble. También la pasé muy bien con mis amigos"".

La Universidad Iberoamericana Puebla es una de las instituciones más importantes del sur de México, fundada en 1983, y opera como una extensión del campus principal de la Universidad Iberoamericana en Ciudad de México. En el ranking QS de universidades de América Latina por región llegó a ubicarse entre las 250 mejores del continente .

A inicios de 2026, varias de sus licenciaturas en el área de negocios obtuvieron la acreditación de los Comités Interinstitucionales para la Evaluación de la Educación Superior (CIEES), el cual es un reconocimiento que avala la calidad del plantel docente, los planes de estudio y la infraestructura de esos programas por un periodo de cinco años. Por este tipo de respaldos institucionales, hacer un semestre ahí si suma en el currículum y eso no fue una excepción para Roberto.

""Las experiencias académicas que tuve fue básicamente visitar empresas grandes como IKEA o agencias de marketing muy reconocidas ahí en México, ya que yo estudio marketing y publicidad. Me enseñaron cómo funciona el marketing allá, cómo funcionan las estrategias publicitarias dentro de México y gracias a esta experiencia, pude abrir un poco la mente para entender algunas cosas que antes no lograba entender”, afirma

Añade que, dentro del aprendizaje que tuvo, lo que más le gustó, fue cómo hacer que una campaña publicitaria tenga éxito total. “En México están todas las marcas grandes, empresas grandes internacionalmente. Tienen muchas herramientas y conocimientos, los cuales pienso aplicar en mi carrera"", explica.

Roberto ya volvió a Cochabamba, pero algo de Puebla se le quedó para siempre. Las experiencias, amistades y la certeza de que el marketing, como él mismo dice, es un mundo gigantesco, y que ese mundo, gracias a una ciudad y un país que lo acogió por casi seis meses ya no le queda tan lejos como antes.

La internacionalización forma parte de la experiencia universitaria de Unifranz y se desarrolla mediante convenios y oportunidades de movilidad con instituciones de otros países. La relación con Ibero Puebla ya ha permitido que otros estudiantes de Unifranz cursen semestres de intercambio en México.

Algunas alianzas internacionales pueden incluir beneficios o becas según la universidad, la convocatoria y el periodo académico. Por eso, los requisitos, destinos, cupos, homologación de materias y apoyos económicos deben verificarse en cada convocatoria vigente.

Para conocer las oportunidades disponibles, los estudiantes deben comunicarse con el área de Internacionalización de su sede de Unifranz y solicitar la información actualizada sobre universidades de destino, requisitos de postulación, fechas y condiciones de cada programa.",https://www.opinion.com.bo/innovacion-educativa/experiencia-intercambio-puebla-fue-hogar-roberto-estudiante-cochabambino/20260930142016996905.html
Opinión,2026-09-30,"Bogotá, Contrato, Mi Teleferico, Socios, TransMiCable",Mi Teleférico y sus socios firman contrato para operar y mantener el TransMiCable de Bogotá,"La empresa estatal de transporte por cable Mi Teleférico, junto a sus socios internacionales, suscribió el contrato para la operación y mantenimiento integral del Sistema de Transporte por Cable Aéreo TransMiCable de San Cristóbal, en Bogotá, Colombia.

El contrato tiene una duración de 124 meses (10 años y 4 meses) y consolida un nuevo hito en la trayectoria de la empresa estatal boliviana y en la proyección internacional de la experiencia desarrollada en el país.

La firma del contrato se realizó con la Empresa de Transporte del Tercer Milenio – TransMilenio S.A. de Bogotá, en el marco de la Licitación Pública N.º TMSA–LP–01–2026, con el oferente “Promesa de Sociedad Futura Mi Cable San Cristóbal”, integrada por la Empresa Operadora de Transportes Gran Américas S.A.S., Mi Teleférico e Ingeniería, Tecnología y Conocimiento S.A.S.

“La semana pasada se suscribió el contrato que trasciende las fronteras de Bolivia. Mi Teleférico lleva a Bogotá la experiencia, el conocimiento y las capacidades que ha demostrado durante el tiempo de operación y mantenimiento de nuestro sistema de transporte por cable. Este es un paso histórico para nuestra empresa y una oportunidad para demostrar que el talento y la experiencia boliviana pueden aportar a grandes proyectos de movilidad urbana en otros países”, afirmó el gerente ejecutivo de Mi Teleférico, Christian Eduardo.

De manera inicial se tiene previsto que el inicio de operaciones, como un servicio alimentador del BRT de Bogotá, iniciaría el 3 de febrero de 2027, bajo la supervisión de TransMilenio. Mi Teleférico aportará su experiencia y capacitación periódica en la operación y mantenimiento integral del sistema de transporte por cable, incluyendo los componentes electromecánicos, sistemas de seguridad, aseo, gestión ambiental y aplicación de protocolos de emergencia.

El TransMiCable de San Cristóbal tendrá un impacto directo en la movilidad de más de 400 mil habitantes del suroriente de Bogotá, permitiendo reducir significativamente los tiempos de desplazamiento de la población.

La participación de Mi Teleférico en este proyecto constituye, además, la primera experiencia de la empresa estatal boliviana en la exportación de su modelo de operación de teleféricos urbanos fuera de Bolivia, marcando un nuevo capítulo para la empresa y para las capacidades técnicas desarrolladas en el país.

Eduardo remarcó que esta participación internacional se encuentra bajo el lineamiento del Gobierno de “Bolivia al mundo y el mundo a Bolivia”, que encabeza el presidente Rodrigo Paz, junto al ministro de Obras Públicas, Servicios y Vivienda, Mauricio Zamora, promoviendo la presencia de Bolivia en escenarios internacionales y la generación de nuevas oportunidades para las capacidades y empresas del país.

Con la firma de este contrato, Mi Teleférico inicia una nueva etapa de internacionalización, exportando su experiencia y contribuyendo a mejorar la movilidad de cientos de miles de habitantes del suroriente de Bogotá, Colombia, de acuerdo con el reporte de la estatal.",https://www.opinion.com.bo/pais/teleferico-socios-firman-contrato-operar-mantener-transmicable-bogota/20260930141909996903.html
Opinión,2026-09-30,"Economía, Gobierno, Aviación, Combustible, Subvención",Decreto de Paz elimina la subvención a la gasolina de aviación y se venderá a precio de mercado,"El gobierno de Rodrigo Paz promulgó el decreto 5729 que define las nuevas reglas de importación y comerciali-zación de la gasolina de aviación a partir de la fecha. Entre las medidas dispuestas por la administración está que el precio final del combustible estará definido por el mercado.

“La comercialización de Gasolina de Aviación Grado 100 proveniente de importaciones realizadas por personas naturales o jurídicas privadas y/o por la empresa operadora de planta de suministro de combustibles de aviación, está sujeta a precios de mercado.”, dice el artículo 4 del mencionado decreto supremo y que se da casi dos semanas después de que se levantó la subvención al diésel.

El mencionado decreto establece las condiciones para la importación de la gasolina de aviación con fines de comercialización en el mercado interno y precisa que “la importación y posterior comercialización de la Gasolina de Aviación Grado 100 no está sujeta a subvención”

Por ejemplo establece que el importador venderá la Gasolina de Aviación Grado 100 a la empresa operadora de planta de suministro de combustibles de aviación en aeropuertos, para lo cual deberá contar con las autorizacio-nes previstas en normativa vigente.

También señala que la empresa operadora de planta de suministro de combustibles de aviación en aeropuerto en el territorio nacional efectuará la comercialización de Gasolina de Aviación Grado 100 al usuario y/o cliente aero-náutico, con producto importado por sí misma o adquirido al importador.

Por otro lado, el decreto difiere el Gravamen Arancelario a cero por ciento (0%), hasta el 31 de diciembre de 2027, para la importación de Gasolina de Aviación Grado 100 de acuerdo al Anexo 1 que forma parte integrante del presente Decreto Supremo.",https://www.opinion.com.bo/pais/decreto-paz-pone-fin-subvencion-gasolina-aviacion-fija-precio-mercado/20260930141102996901.html
Opinión,2026-09-30,"Reunión, Técnicos, Octubre, Gobernaciones, propuesta 50/50",Gobernaciones acuerdan mesas técnicas desde el 5 de octubre para avanzar en tres puntos del 50/50,"Las nueve gobernaciones acordaron instalar mesas técnicas desde el 5 de octubre en La Paz para avanzar en tres puntos vinculados con la coparticipación tributaria, la regulación de impuestos departamentales y la gestión de recursos internacionales.

“Desde el día 5 que tendremos las mesas técnicas nuevamente en la ciudad de La Paz, la transferencia del 15% de la coparticipación tributaria (...), la modificación a la Ley 154 (...) y como número tres, aprobar la Ley Básica de Relaciones Internacionales de los gobiernos autónomos departamentales”, informó la gobernadora de Pando, Gabriela de Paiva, tras reunión con el presidente Rodrigo Paz.

El primer punto plantea la transferencia del 15% de la coparticipación tributaria sobre los impuestos establecidos en las disposiciones transitorias tercera y cuarta de la Ley 031. El segundo propone modificar la Ley 154, referida a la clasificación y regulación de impuestos departamentales.

El tercer punto busca aprobar una Ley Básica de Relaciones Internacionales que permita a las gobernaciones gestionar recursos internacionales sin depender del nivel central. Las mesas técnicas contarán con la participación del Viceministerio de Autonomías y los ministros correspondientes.

Además, los nueve gobernadores acordaron reunirse nuevamente el 12 de octubre en Cobija, en el marco de la celebración de la Batalla de Bahía, para continuar el cronograma de trabajo y abordar temas particulares de cada departamento.",https://www.opinion.com.bo/pais/gobernaciones-acuerdan-mesas-tecnicas-5-octubre-avanzar-tres-puntos-50-50/20260930140407996899.html
Opinión,2026-09-30,"Minería, conflicto, Ambiental, Afectación, Coripata",Minería y proyecto de electrificación generan conflicto en Coripata por afectación ambiental,"La actividad minera y un proyecto de electrificación generaron un conflicto en la comunidad Huaycuni, del distrito Trinidad Pampa, en Coripata, debido a la preocupación por una posible afectación de los ojos de agua. Ante esta situación, el gobernador de La Paz, Luis Revilla, anunció la paralización del proyecto y una auditoría integral.

“De momento el proyecto va a quedar paralizado hasta que no exista otra circunstancia en la cual podamos volver a considerar su habilitación”, afirmó Revilla, quien explicó que la comunidad teme que la habilitación de la electrificación pueda favorecer el incremento de actividades mineras y afectar el medio ambiente.

El conflicto se intensificó la anterior semana tras una movilización de pobladores de Coripata, quienes llevaron muestras de agua hasta la Alcaldía y retaron al alcalde Julio Salinas a beberla, al sostener que estaría afectada por la actividad minera. La comunidad pidió estudios sobre la calidad del agua, las fuentes y zonas de recarga hídrica.

El dirigente de Huaycuni, Héctor Coico, denunció que la comunidad viene reportando desde 2019 presunta actividad minera ilegal cerca de sus fuentes de agua. Señaló en el programa Encontrados que estos recursos abastecen al centro educativo, centro de salud y una guardería del distrito Trinidad Pampa.

Coico sostuvo además que la comunidad no rechaza el proyecto de electrificación, sino el cambio de su trazo, que —según afirmó— habría sido modificado para beneficiar a una cooperativa minera. La comunidad pidió la paralización temporal del proyecto y una inspección técnica para establecer si existe afectación a los ojos de agua.

Revilla aclaró que la actividad minera es un asunto distinto y señaló que el caso ya fue denunciado ante la Autoridad Jurisdiccional Administrativa Minera (AJAM), instancia que deberá evaluar la legalidad de esas actividades. Sobre el proyecto de electrificación, informó que se realizará una auditoría técnica, ambiental y legal para determinar responsabilidades y las dificultades registradas durante su ejecución.",https://www.opinion.com.bo/pais/mineria-proyecto-electrificacion-generan-conflicto-coripata-afectacion-ambiental/20260930135842996897.html
Opinión,2026-09-30,"Gobierno, Reunión, Nacional, Alcaldes",Estos son seis puntos tratados en la reunión de alcaldes con el Gobierno nacional,"Seis puntos resaltan de la reunión de alcaldes con el Gobierno nacional.

El alcalde de Cochabamba, Manfred Reyes Villa, se refirió a este encuentro en el que se analizó la situación de las alcaldías frente a la crisis económica por la que atraviesa el país y la disminución del Impuesto Directo a los Hidrocarburos (IDH).

La primera autoridad municipal expresó que la situación es crítica para todas las alcaldías por las competencias que deben cumplir, “además de competencias nacionales que están cargadas a las alcaldías”.

Reyes Villa puntualizó los puntos que se trataron incluyen la estabilización de las alcaldías durante los próximos tres meses hasta cerrar gestión.

Además, dijo, el Gobierno ofreció un fondo de compensación; las alcaldías solicitaron la devolución de 12% del IDH que no fue destinado a la exploración; y auditoría a los recursos de participación popular.

A esos puntos se suman la entrega de bonos soberanos a las alcaldías con la garantía del Tesoro que podrán ser negociados con la banca o con empresas privadas y el planteamiento de que el Fondo Productivo Social pase a las alcaldías para aumentar el 50/50.

El alcalde afirmó que se necesita una respuesta del Gobierno a la brevedad posible, puesto que los planes operativos anuales (POA) ya fueron enviados y tendrán que ser reformulados tras la oferta que realice el Gobierno.

“Las alcaldías tienen la mayor competencia, para mejorar la calidad de vida de los ciudadanos, pues son 343 municipios”, finalizó.",https://www.opinion.com.bo/cochabamba/son-seis-puntos-tratados-reunion-alcaldes-gobierno-nacional/20260930125227996895.html
Opinión,2026-09-30,"Bolivia, Argentina, amistoso, La Verde",Bolivia vuelve a Argentina tras el doloroso 6-0: ´La Verde´ busca otra historia en Córdoba,"La herida todavía está fresca. Bolivia vuelve a medirse esta noche con Argentina (20:00), dos años después de aquella noche en Buenos Aires que terminó en goleada de 6-0 y dejó una de las derrotas más duras de ´La Verde´ en los últimos tiempos.

El 15 de octubre de 2024, por las Eliminatorias al Mundial 2026, la Albiceleste pasó por encima del seleccionado boliviano en el estadio Monumental. Lionel Messi marcó un triplete y además dio dos asistencias en una jornada que terminó con una diferencia contundente para el aquel entonces campeón del mundo.

Ahora el escenario es diferente. Bolivia se presenta nuevamente ante Argentina, esta vez en el estadio Mario Alberto Kempes de Córdoba, desde las 20:00, en un amistoso correspondiente a la fecha FIFA.

´La Verde´ llega después de caer 2-0 ante Paraguay el pasado domingo, mientras que Argentina afronta su primer partido después de su participación en el Mundial 2026. El encuentro también tendrá un ingrediente especial: Lionel Messi no estará frente a Bolivia y su presencia está prevista para el último amistoso de Argentina en esta ventana, ante Benín.

Para el equipo dirigido por Óscar Villegas, el desafío representa mucho más que otro amistoso. Es la oportunidad de volver a plantarse ante una selección que durante el ciclo de Lionel Scaloni se impuso en todos sus enfrentamientos contra Bolivia. El último antecedente fue precisamente aquel 6-0 en Buenos Aires.

PARA ESTA Y MÁS INFORMACIÓN DEPORTIVA, VISÍTANOS EN: www.liderdelosdeportes.com",https://www.opinion.com.bo/deportes/bolivia-vuelve-argentina-doloroso-6-verde-busca-otra-historia-cordoba/20260930123304996893.html
Opinión,2026-09-30,"EEUU, Informe, Visa, Solicitud, Mariaca",Caso Mariaca: Gobierno efectivizó solicitud de información a EEUU y espera celeridad,"Después de que el Gobierno de Estados Unidos sancionó al fiscal general Roger Mariaca, el vocero presidencial José Luis Galvez informó que ya se ha realizado la solicitud respectiva ante las autoridades estadunidenses para que envíen la información del caso de manera acelerada.

“Entiendo que se efectivizó ayer en la mañana (la solicitud) por el conducto regular. Tenemos pleno control sobre las cosas que nosotros hacemos desde Bolivia. Honestamente no conozco los tiempos protocolares y diplomáticos de respuesta de otro Estado, pero hemos solicitado que sea con la mayor celeridad posible”, dijo Galvez en La Mañana en Directo de ERBOL.

El Gobierno de Estados Unidos vetó el ingreso de Mariaca a su país, bajo el argumento de que habría recibido sobornos para facilitar el narcotráfico y favorecer a delincuentes violentos.

Galvez prefirió no emitir criterio oficial al respecto, mientras se espera la información oficial desde Estados Unidos.

El caso del fiscal general Mariaca ha generado controversia en el ámbito político. Mientras unos piden que renuncie para someterse a las investigaciones, existen otras voces que expresan cautela y piden respetar la soberanía nacional.

También otros 12 bolivianos fueron sancionados por EEUU con la quita de la visa, entre ellos el exministro Iván Lima, fiscales, jueces y exautoridades.",https://www.opinion.com.bo/pais/caso-mariaca-gobierno-efectivizo-solicitud-informacion-eeuu-espera-celeridad/20260930120449996891.html
Opinión,2026-09-30,"Bolivia, Cupos, Eliminatorias, La Verde, Mundial 2030","¡Alerta para ´La Verde´! CONMEBOL podría tener solo 3,5 cupos para el Mundial 2030","Para tomar en cuenta. El camino hacia el Mundial 2030 podría ser mucho más complicado para la selección boliviana. Una propuesta que ya circula fuertemente en las últimas horas plantea que las Eliminatorias de Conmebol tendrían solamente 3,5 plazas disponibles para las siete selecciones que todavía deberán buscar su clasificación a la próxima Copa del Mundo.

El escenario aparece debido a una situación inédita: Argentina, Uruguay y Paraguay ya tienen asegurado su boleto al Mundial 2030 por ser los países sudamericanos que albergarán los partidos del centenario de la Copa del Mundo. FIFA confirmó oficialmente la clasificación automática de las tres selecciones y estableció que sus plazas serán descontadas de la cuota correspondiente a la CONMEBOL.

Si el Mundial mantiene el formato de 48 selecciones, la distribución que se maneja dejaría tres boletos directos y uno al repechaje para las otras siete selecciones sudamericanas. Bolivia tendría que pelear esos lugares junto con Brasil, Colombia, Ecuador, Perú, Venezuela y Chile.

La versión fue difundida en las últimas horas por el periodista argentino Juan José Buscalia, quien señaló que Argentina, Uruguay y Paraguay participarían igualmente de las Eliminatorias pese a tener su clasificación asegurada, mientras las otras siete selecciones competirían por las 3,5 plazas restantes.

EL RUMOR

Sin embargo, hay un detalle fundamental: esto todavía no está confirmado oficialmente.

La propia información publicada en Sudamérica señala que el formato aún debe ser definido y que FIFA no ha oficializado que las Eliminatorias vayan a repartir exactamente tres plazas directas y una de repechaje entre las siete selecciones restantes.

Además, existe otra variable que podría cambiar completamente el panorama: la posibilidad de que el Mundial 2030 sea ampliado de 48 a 64 selecciones. Esa propuesta ha sido planteada públicamente, pero tampoco está definida. Si se concreta, el reparto de plazas entre las confederaciones tendría que ser revisado.

Por ahora, Bolivia debe mirar con atención un escenario que, de confirmarse, reduciría considerablemente el margen de error en las próximas Eliminatorias.

Después de haber conseguido el repechaje rumbo al Mundial 2026, ´La Verde´ podría encontrarse con un nuevo desafío: volver a competir por un boleto mundialista, pero esta vez con muchas menos plazas disponibles para el resto de Sudamérica.

PARA ESTA Y MÁS INFORMACIÓN DEPORTIVA, VISÍTANOS EN: www.liderdelosdeportes.com",https://www.opinion.com.bo/deportes/alerta-verde-conmebol-podria-tener-solo-35-cupos-mundial-2030/20260930114511996890.html
Opinión,2026-09-30,"Gobierno, Ley, Promulga, Rodrigo Paz Pereira, PREDIARIOS",Paz promulga ley que libera a las gobernaciones del pago de prediarios,"Este miércoles, el presidente del Estado, Rodrigo Paz, promulgó la ley que libera a la gobernaciones del pago de prediarios, y permite destinar cerca de 209.5 millones de bolivianos a distintas necesidades.

El ministro de la Presidencia, Fernando Aramayo, dijo que Bs 87.6 millones garantizarán prediarios y la gestión de régimen penitenciario para asegurar derechos humanos básicos.

Asimismo, 116.5 millones de bolivianos serán destinados para el fortalecimiento de viáticos y de vacunación. 1.8 millones de bolivianos para la gestión operativa y 3.4 millones de bolivianos, para la intervención urgente de la cuenca del río Pilcomayo.

“Esta norma es un alivio fiscal inmediato, pero no es una solución estructural definitivo, la solución estructural definitivo es algo que queremos construir y creo que en esto hemos dado pasos firmes a través de mesas de trabajo”, indicó la autoridad.

De acuerdo al ministro, el objetivo es crear un mecanismo de protección social y se está a puertas de lanzar un “gabinete social”.",https://www.opinion.com.bo/pais/paz-promulga-ley-que-libera-gobernaciones-pago-prediarios/20260930113321996888.html
Opinión,2026-09-30,"Transporte, Gobierno, Gasolina, YPFB, Diésel",YPFB Y Cámara de Transporte acuerdan garantizar el traslado de diésel y gasolina en el país,"Yacimientos Petrolíferos Fiscales Bolivianos (YPFB) y la Cámara Boliviana de Transporte de Derivados del Petróleo (CAMPETROL) alcanzaron un acuerdo para asegurar el transporte de diésel y gasolina hacia todos los departamentos del país, luego de una jornada de negociación de aproximadamente 12 horas.

El entendimiento permitirá reanudar la movilización de cisternas en las próximas horas —incluso desde esta misma noche— con el objetivo de fortalecer el abastecimiento de combustibles y transmitir tranquilidad a la población.

“Tenemos los volúmenes necesarios tanto de diésel como de gasolina a nivel nacional y nos estaba faltando concretizar este acuerdo con este sector del transporte, que nos permitirá mejorar la distribución de los combustibles en forma progresiva ”, informó el vicepresidente nacional de operaciones de YPFB, Víctor Hugo Blacud.

La autoridad explicó que YPFB coordina acciones con la Agencia Nacional de Hidrocarburos (ANH), el área de Logística y la Gerencia Nacional de Comercialización para brindar las facilidades necesarias a las empresas transportistas y acelerar la distribución de carburantes en todo el territorio nacional.

La Cámara Boliviana de Transporte de Derivados del Petróleo, que agrupa a alrededor de 47 empresas de transporte de cisternas, comprometió la movilización inmediata de sus unidades para atender la demanda, especialmente en las regiones con mayores dificultades logísticas.

“Como Cámara de Transporte de Derivados de Petróleo vamos a poner todo el esfuerzo para que no les vaya a faltar combustible a los bolivianos”, afirmó el presidente de la Cámara , Luis Pereira.

Como parte de los puntos de entendimiento, YPFB y la Cámara acordaron realizar esfuerzos técnicos para la contratación de una empresa especializada que lleve adelante un estudio de costos del sector transporte. Este análisis permitirá contar con información técnica para cevaluar la actualización de la base de costos y contribuir a la búsqueda de soluciones estructurales.

El gerente general de YPFB Refinación, Jorge Paniagua, destacó que el acuerdo contempla las necesidades del sector transportista y el compromiso de apoyar al país en un contexto económico complejo.

“Ha sido una jornada fructífera y productiva, que se va a constituir en el punto inicial para encontrar una solución de fondo”, señaló.

Por su parte, el vicepresidente de la Cámara Boliviana de Transporte de Derivados del Petróleo, Guido Vidaurre, ponderó la apertura y predisposición de las autoridades de YPFB.

“Después de aproximadamente 12 horas de trabajo continuo, el resultado es la firma de este convenio de mutuo interés, que permitirá dar continuidad al suministro de combustibles en todo el territorio nacional”, manifestó.",https://www.opinion.com.bo/pais/ypfb-camara-transporte-acuerdan-garantizar-traslado-diesel-gasolina-pais/20260930095850996886.html
Opinión,2026-09-30,"Cárcel, Chuquisaca, Violencia sexual, Sentencia, Padrastro",Dictan 20 años de cárcel para hombre por violación de sus dos hijastras,"El Tribunal 2 de Sentencia en lo Penal de Sucre dictó una condena de 20 años de prisión contra Mario P.M., de 51 años, por violación de infante, niña, niño o adolescente, delito cometido en contra de sus hijastras de 11 y 12 años en el municipio de Poroma, Chuquisaca.

El autor cumplirá la pena en la cárcel de Monteagudo. La decisión judicial se produjo después de un proceso en el que el Ministerio Público presentó diferentes elementos de prueba, entre ellos informes psicológicos y sociales, además de documentación relacionada con la investigación.

Los hechos se remontan a cuando las víctimas eran menores de edad, en 2011. La denuncia fue presentada años después, en 2021, cuando ambas ya eran adultas, lo que permitió activar la investigación y posteriormente llevar el caso ante la justicia. El sindicado fue aprehendido en 2025, luego de haber sido declarado rebelde.

De acuerdo con los antecedentes difundidos sobre el proceso, el caso tuvo inicialmente una sentencia de seis años por abuso deshonesto. La Fiscalía apeló esa decisión y, tras una nueva valoración judicial, se desarrolló otro proceso que concluyó con la condena de 20 años de prisión.

El autor cuenta con una sentencia ejecutoriada y otro proceso en curso por violencia familiar, presuntamente cometido en contra de la madre de las dos víctimas.",https://www.opinion.com.bo/policial/dictan-20-anos-carcel-hombre-violacion-dos-hijastras/20260930085531996884.html
Opinión,2026-09-30,"Senador, propuesta, movimiento, Nilton Condori, POPULAR",Nilton Condori plantea crear el “Movimiento Popular del Pueblo”,"El senador Nilton Condori planteó la construcción de una nueva corriente política que definió como una “izquierda popular”, de carácter indígena y vinculada también con sectores de clase media profesional. Anticipó su intención de impulsar la creación del “partido movimiento popular del pueblo”.

Las declaraciones fueron realizadas tras su participación en un ampliado en Lauca Ñ con Evo Morales, donde, según explicó, acudió con el propósito de buscar unidad y alcanzar consensos, y no de promover una nueva etapa de conflictividad en el país.

Condori sostuvo que su propuesta busca diferenciarse tanto del neoliberalismo como de la izquierda socialista.

“Nunca se pudo visibilizar de manera monolítica la izquierda popular”, afirmó en La Tarde en Directo de ERBOL, al señalar que pretende construir esta corriente como una “nueva categoría” política.

El senador también anticipó que su proyecto podría convertirse en un nuevo instrumento político. “Más adelante estoy pensando fundar un partido: movimiento popular del pueblo, que va a ser una tercera revolución”.

Posicionó su proyecto como contrario a las “élites agroindustriales” y también a la izquierda radical socialista, con la cual identificó a “blancos mestizos indigenistas” como Álvaro García Linera, Juan Ramón Quintana y Sacha Llorenti. Dijo que busca encaminar una alternativa integrada por sectores populares, indígenas y profesionales de clase media.

“Profesor del pueblo”

Como parte de esa iniciativa, el senador describió su actividad política como una labor de explicación y formación ciudadana. Dijo que recorre comunidades para “socializar” su visión sobre el funcionamiento de la política y la democracia y para cuestionar la actuación de quienes han gobernado el país.

“Soy profesor del pueblo, estoy explicando cómo debería ser una nueva Bolivia”, afirmó.

Condori señaló que su proyecto apunta a construir un país en el que los políticos sean considerados servidores públicos y “empleados del pueblo”. Entre sus objetivos mencionó una Bolivia con soberanía, libertad y autodeterminación.",https://www.opinion.com.bo/pais/nilton-condori-plantea-crear-movimiento-popular-pueblo/20260930081911996883.html
Opinión,2026-09-30,"Bolivia, Jueces, Control, Magistratura, Ley 025",Consejo de la Magistratura pide modificar la Ley 025 por limitaciones para sancionar jueces,"Carlos Spencer, presidente del Consejo de la Magistratura, afirmó ayer que la actual Ley 025 del Órgano Judicial limita sus atribuciones para destituir o sancionar a administradores de justicia en el país. El titular planteó que se debe modificar esta normativa y revisar otras atribuciones que tiene el Consejo de la Magistratura.

“Siempre estuvo en el ojo de la tormenta la justicia boliviana y está mal porque nos dejaron una justicia mal con leyes que están mal redactadas. Una Ley 025 que no garantiza a la población a la ciudadanía para poder darle un resultado a través del Consejo de la Magistratura, no podemos destituir jueces porque no podemos constituir un tribunal”, dijo Spencer en conferencia de prensa.

Spencer sacó a relucir que el Consejo de la Magistratura enfrenta vacíos y limitaciones legales para ejercer un control disciplinario. Resaltó que la Ley 025 les impide, por ejemplo, la destitución de jueces y la conformación de tribunales disciplinarios con esa potestad.

“Conozcan las atribuciones del Consejo de la Magistratura, nosotros solo podemos entrar y ver si cumplieron procedimiento y plazo, nada más. No es que nosotros tapemos estas autoridades no podemos ingresar porque la misma ley nos prohíbe entrar a revisar fallos jurisdiccionales”, resaltó.

Spencer cuestionó el diseño de la normativa vigente, promulgada por anteriores legislaturas, al considerar que genera un marco de protección para aquellos operadores de justicia que incurren en irregularidades.

“Los anteriores legisladores realizaron unas leyes que favorecen a estas personas que cometían delitos, es por eso que estamos mal”.

Ante este panorama, la autoridad planteó que se debe modificar la Ley 025 y otras atribuciones que tiene este Consejo, con el fin de que cuenten con mecanismos legales para investigar irregularidades procesales, establecer responsabilidades y proceder, cuando corresponda, a la sanción o destitución de malos administradores de justicia.

“Por eso hemos solicitado que se modifique la Ley 025 y otras atribuciones que tiene el Consejo de la Magistratura. Sepan los bolivianos que nosotros no podemos cambiar los fallos de las decisiones de los jueces, no podemos entrar a revisar esa decisión”, puntualizó.",https://www.opinion.com.bo/pais/consejo-magistratura-pide-modificar-ley-025-limitaciones-sancionar-jueces/20260930081310996882.html
Unitel,2026-09-30,Agencias,Previsiones de Video en Español de las 17H00 GMT,"Montevideo, 29 Set 2026 (AFP) -

= PRINCIPALES NOTICIAS =

Presionado por las protestas, gobierno español anuncia medidas contra crisis de la vivienda

MADRID: El Gobierno de España presentó el martes medidas para enfrentar la crisis de la vivienda, bajo la presión de las protestas por una mayor protección de los inquilinos, pero su aprobación depende ahora del Parlamento, donde el ejecutivo de izquierdas no tiene mayoría.

(España gobierno política inflación propiedad vivienda precios manifestaciones - Ya disponible)

= OTRAS NOTICIAS DE ACTUALIDAD =

Sube la tensión social en Francia con huelga de funcionarios y protestas de estudiantes

PARÍS: Francia vivía el martes una jornada de protestas, con huelgas de funcionarios y choques entre estudiantes y policías, a dos días de la presentación de los presupuestos y a pocos meses de unas presidenciales en las que la ultraderecha parte como favorita.

(Francia manifestaciones educación policía inflación - 18H00 GMT)

Un alumno mata a una profesora en un ataque con cuchillo en Eslovaquia

BRATISLAVA: Un alumno mató a una profesora e hirió a otra y a una estudiante en un ataque con cuchillo perpetrado este martes en el noroeste de Eslovaquia, informaron las autoridades.

(Eslovaquia policía ataque - 17H00 GMT)

Corea del Sur denuncia ""violación del armisticio"" en zona desmilitarizada con el Norte

SEÚL: Corea del Sur denunció el martes una ""violación del armisticio"" tras la explosión de una mina la semana pasada en la Zona Desmilitarizada con el Norte, cuya autoría atribuye a Pyongyang.

(SCorea NCorea conflicto política - Ya disponible)

Tokio enfrenta la racha de días lluviosos más larga registrada

TOKIO: Tokio ha registrado 34 días consecutivos de lluvia, lo que marca la racha más larga registrada, informó el martes el organismo meteorológico japonés.

(Japón clima meteorología medioambiente - Ya disponible)

= ECONOMÍA =

Acciones de Shein se desploman tras malos resultados financieros

HONG KONG, China: Las acciones del gigante chino de la moda rápida Shein se desplomaron el martes en la bolsa de Hong Kong, un día después de la publicación de unos mediocres resultados financieros.

(China HongKong comercio vestimenta moda textiles mercados comercio-electrónico consumo - Ya disponible)

= DEPORTE =

Mediante ley, Lula convierte el fútbol femenino en ""prioridad"" de Brasil

BRASILIA: El presidente de Brasil, Luiz Inácio Lula da Silva, sancionó este lunes una ley que convierte el desarrollo del fútbol femenino en una ""prioridad"" en la política pública del país, que se prepara para recibir el Mundial el próximo año.

(Fbl BRA legislación política - Ya disponible)

io",https://unitel.bo/noticias/agencias/previsiones-de-video-en-espanol-de-las-17h00-gmt-LP23794791
Unitel,2026-09-30,Agencias,"Miércoles, 30 de septiembre de 2026","FÚTBOL AMISTOSO ARGENTINA-BOLIVIA

Buenos Aires. La selección argentina recibe este miércoles en el Estadio Mario Kempes de Córdoba (Argentina) a la de Bolivia en su primer partido tras la caída ante España en la final del Mundial 2026 y en el primero de los tres amistosos que tiene previstos en los próximos días, entre los que destaca la despedida oficial de Lionel Messi, que disputará sólo el choque del 6 de octubre ante Benín.

(Texto) (Foto)

.

FÚTBOL AMISTOSO SUB-20 ESPAÑA-MÉXICO

Madrid. Las selecciones sub-20 de España y México disputan este miércoles un partido amistoso en el Cerro del Espino de Majadahonda (Madrid) que iba a disputarse en Ceuta, pero que, por recomendación del Ministerio del Interior y debido a la crisis migratoria que vive la ciudad autónoma, se optó por trasladarlo al complejo deportivo donde se ejercita habitualmente el Atlético de Madrid.

(Texto) (Foto)

.

TENIS ATP/WTA

Redacción Deportes. Empiezan este miércoles los torneos ATP 500 de Tokio, en el que defiende el título como primer cabeza de serie el español Carlos Alcaraz, que debutará el jueves contra el estadounidense Alex Michelsen; y Pekín, con el alemán Alexander Zverev, número 1 mundial y campeón este año en Roland Garros y el US Open, y el serbio Novak Djokovic, ganador de 24 títulos del Grand Slam, como principales atractivos.

. Asimismo comienza el torneo WTA 1.000 de Pekín con la kazaja Elena Rybakina y la bielorrusa Aryna Sabalenka como las dos primeras favoritas.

(Texto) (Foto)

---------------------------------------------------------------

.

AGENDA INFORMATIVA

.

AUTO MOTO

- Rally de Marruecos, del Mundial de RallyRaid (hasta 3).

.

AUTOMOVILISMO

- Previa del Rally de Italia-Cerdeña, última prueba del Mundial y que se disputa de jueves a domingo.

.

FÚTBOL

- Amistoso Argentina-Bolivia, en el Estadio Mario Kempes de Córdoba (00.00 GMT del jueves). (FOTO)

- Amistoso sub-20 de España-México, en el Cerro del Espino de Majadahonda (Madrid) (18.30 GMT). (FOTO)

- Liga de Naciones Concacaf: Islas Caimán-Puerto Rico y Rep. Dominicana-Haití (00.00 GMT del jueves) y Nicaragua-Costa Rica (02.00).

- Liga de Naciones. Análisis de las dos primeras jornadas.

.

MOTOCICLISMO

- Previas del Gran Premio Japón, 16ª cita de los Mundiales de velocidad, en el circuito de Motegi. (FOTO)

.

TENIS

- Torneos ATP 500 de Pekín (FOTO) y Tokio (hasta 6).

- Torneo WTA 1.000 de Pekín (hasta 11).

--------------------------------------------------------------

EFE/dep

Redacción EFE Deportes

(34) 913 467 211

Puede escribir a deportes@efe.com para contactar con nuestra redacción.

En www.efeservicios.com encontrará toda la producción multimedia de la Agencia EFE y su Agenda Mundial, un listado actualizado de actos informativos programados.Para cualquier otro producto o servicio, contacte con clientes@efe.com o llame al +34 913 467 245. Av. de Burgos, 8B, 28036 Madrid, España

https://x.com/EFEdeportes

EFE Deportes

Tel. +34 913 467 211

deportes@efe.com",https://unitel.bo/noticias/agencias/miercoles-30-de-septiembre-de-2026-FP23797424
Unitel,2026-09-30,Agencias,"Miércoles, 30 de septiembre de 2026 (07.00 GMT)","Bangkok/Madrid, 30 sep (EFE).-

Šiauliai (Lituania).- Aviones de combate F18 españoles, F16 turcos y Eurofighters italianos permanecen en alerta de reacción rápida en la base lituana de Šiauliai como parte de la reacción de la OTAN a cualquier amenaza para el espacio aéreo aliado, como el dron que portaba explosivos derribado por cazas este mes. Por Rosa Jiménez, enviada especial.

(Vídeo)(Audio)

Washington.- El presidente de EE.UU., Donald Trump, celebra este miércoles en la Casa Blanca el Mes de la Herencia Hispana, en la primera conmemoración de esta fecha durante su segundo mandato y a poco más de un mes de las elecciones de medio mandato, en un momento de baja aprobación presidencial y con la atención puesta en el voto latino.

(Vídeo)(Foto)

Milwaukee (EE.UU.).- Estados Unidos encabeza la reunión de ministros de comercio del G20 centrada en poner fin al trabajo forzoso, que ha justificado la imposición de aranceles por parte de Washington a terceros países, y denunciar la instrumentalización del comercio de alimentos.

(Vídeo)(Foto)

Moscú.- El líder ruso, Vladímir Putin, preside la primera sesión de la Duma o cámara de diputados de Rusia, en la que el partido del Kremlin contará con la mayoría constitucional, tras las controvertidas elecciones legislativas en las que la oposición y expertos independientes denunciaron numerosas irregularidades.

(Vídeo)(Foto)

Gaza.- Los familiares de 105 personas fallecidas en el bombardeo por parte de Israel de la Torre Al Taj de la ciudad de Gaza el 25 de octubre de 2023 entierran los cuerpos de sus seres queridos, recuperados de los escombros por los rescatistas gazatíes casi tres años después.

(Vídeo)(Foto)

Estocolmo.- La fundación sueca Right Livelihood Award ha distinguido este miércoles con el denominado Nobel alternativo la lucha contra la violencia patriarcal de la abogada paquistaní Jalila Haider y de la Asamblea de las Mujeres Rurales de Sudáfrica, así como la defensa del uso ético de la inteligencia artificial de la estadounidense Timnit Gebru.

(Vídeo)

Juiz de Fora (Brasil).- El presidente brasileño, Luiz Inácio Lula da Silva, realiza su último mitin de campaña en Juiz de Fora, ciudad del estado de Minas Gerais, segundo colegio electoral del país.

(Vídeo)(Foto)

París.- El presidente argentino, Javier Milei, visita París desde este 30 de septiembre al 2 de octubre para participar en la ""Argentina Week"", un encuentro destinado a promover inversiones en Argentina, y mantendrá el 1 de octubre una reunión privada con su homólogo francés, Emmanuel Macron, informó la Presidencia argentina.

(Vídeo)(Foto)

París.- Varias asociaciones han convocado actos y concentraciones para protestar por la visita a París del presidente argentino, Javier Milei, hasta el 2 de octubre.

(Vídeo)(Foto)

Ciudad de Panamá.- Una comisión de Gobierno entrega al presidente de Panamá, José Raúl Mulino, un informe final sobre la mina cerrada en 2023 por una orden judicial, tras una oleada inédita de protestas, para decidir el futuro del yacimiento, clave para la economía panameña.

(Vídeo)(Foto)

San Salvador.- Autoridades del Tribunal Supremo Electoral de El Salvador (TSE) realizan este miércoles un acto oficial de convocatoria a las elecciones generales de 2027, en las que el presidente salvadoreño, Nayib Bukele, se posiciona como el favorito para un tercer mandato consecutivo.

(Vídeo)(Foto)

Austin (EE.UU.).- El migrante venezolano Wilber Garcés, herido de un disparo por un agente de ICE y recluido en un centro de detención, afronta una audiencia inicial por el cargo de agresión a un agente federal y resistencia al arresto que el Gobierno de EEUU presentó ayer en su contra.

(Vídeo)(Foto)

Madrid.- El presidente de Francia, Emmanuel Macron, participa en un foro de comercio e inversión pública con empresarios españoles y se reúne con el presidente del Gobierno español, Pedro Sánchez, en el segundo y último día de su visita de Estado a España.

(Vídeo)(Foto)

Lisboa.- La agencia de noticias Lusa celebra su 40º aniversario con la conferencia ""Democracia y desinformación: desafíos de los medios y del servicio público en la era digital"". Participan el ministro de la Presidencia, António Leitão Amaro, y representantes de medios, empresas tecnológicas y universidades.

(Vídeo)(Foto)

Bruselas.- La Comisión Europea presenta el Sistema Europeo de Comunicaciones Críticas, que conectará las redes de policías, bomberos y servicios sanitarios de emergencia de los países de la UE y de Schengen en casos como desastres naturales o ataques terroristas.

(Vídeo)(Foto)

Shanghái/Pekín.- El Banco Popular de China (BPC, banco central) anunció un paquete de medidas para apuntalar el crecimiento económico entre las que destacan un recorte de 0,25 puntos a una tasa de préstamos a bancos y el primer subsidio a los intereses hipotecarios de su historia ante la crisis inmobiliaria.

(Vídeo)

Miami (EE.UU.).- Yamilet Rivas, presidenta y fundadora de la Cámara de Comercio Hispana en Estados Unidos (Camacom), que celebra su segundo aniversario, habla en una entrevista con EFE sobre el impacto de las empresarias latinas en el país norteamericano y los retos del sector.

(Vídeo)(Foto)

Lima.- Perú asume la presidencia pro tempore de la Comunidad Andina para el periodo 2026-2027 con el propósito de promover iniciativas que acerquen la integración regional al ciudadano, que favorezca a su desarrollo y la atención de sus necesidades, especialmente en las poblaciones más vulnerables.

(Vídeo)(Foto)

Pekín.- La Oficina Nacional de Estadística (ONE) de China divulga los datos de septiembre del índice gerente de compras (PMI), principal indicador de la evolución de la actividad en el sector manufacturero.

(Vídeo)(Foto)

Buenos Aires.- Mafalda Inmersiva, una muestra que propone por primera vez llevar el universo creado por Quino a un formato inmersivo, se inaugura en el Centro Cultural Recoleta de Buenos Aires, primera parada de esta experiencia que luego viajará a otros países.

(Vídeo)(Foto)

Ciudad del Vaticano.- El papa celebra la tradicional audiencia general de los miércoles en la plaza de San Pedro en el Vaticano.

(Vídeo)(Foto)

Roma.- La fotógrafa venezolana Fabiola Ferrero presenta en el Museo de Roma en Trastevere ""Las grietas"", una exposición dedicada a la memoria de las víctimas del terremoto ocurrido en su país el pasado 24 de junio.

(Vídeo)(Foto)

Nueva York (EE.UU.).- El Museo de Arte Moderno de Nueva York (MoMA) presenta la exposición 'The Surrealist Book: Tomorrow Lives in Mirrors', una muestra que explora la repercusión de los libros de artista dentro del movimiento surrealista a través de volúmenes procedentes de la colección de Helen y Sam Zell.

(Vídeo)(Foto)

Nueva York (EE.UU.).- El museo de arte de Brooklyn, en Nueva York, muestra a la prensa su nueva exposición de arte moderno europeo, con obras de artistas como Cézanne, Edgar Degas, Paul Gauguin o Henri de Toulouse-Lautrec.

(Vídeo)(Foto)

Tokio.- Empieza este miércoles los torneos ATP 500 de Tokio, en el que defiende el título como primer cabeza de serie el español Carlos Alcaraz, que debutará el jueves contra el estadounidense Alex Michelsen.

(Vídeo)(Foto)

Pekín.- Comienza el Abierto de China con la disputa de las primeras rondas de sus torneos femenino, de categoría WTA 1000, y masculino, ATP 500.

(Vídeo)(Foto)(Informe a cámara)

cdp/aca/EFE

Si quiere conocer otros actos y acontecimientos informativos previstos para hoy o para cualquiera de los próximos 365 días, en España y en el mundo, ponemos a su disposición la Agenda Digital Mundial a la que se accede por Internet y que se actualiza al instante cada vez que EFE conoce una nueva convocatoria. Esta herramienta permite segmentar las previsiones según el interés del usuario.

Para más información sobre éste u otros productos, póngase en contacto con nuestro Departamento de atención al cliente en el teléfono + 34913467245 en horario continuo desde las 07.30 (GMT) horas hasta las 19.00 horas (GMT), o en la dirección electrónica clientes@efe.com.",https://unitel.bo/noticias/agencias/miercoles-30-de-septiembre-de-2026-0700-gmt-OJ23807238
Unitel,2026-09-30,Agencias,Artículo,"EEUU concluye oficialmente su misión antiyihadista en Irak (Pentágono)

bur-cms/jm/dbh/ahg",https://unitel.bo/noticias/agencias/articulo-HJ23807550
Unitel,2026-09-30,Política,Carlos Romero sugiere que un ministro de Paz puede estar entre los funcionarios a los que EEUU impondrá restricciones de visa,"El exministro de Gobierno de la administración de Evo Morales, Carlos Romero , sugirió que un ministro de la actual gestión de Rodrigo Paz podría estar entre los funcionarios bolivianos a los que Estados Unidos aplicará restricciones de visa.

El Departamento de Estado de Estados Unidos anunció este lunes que “ impondrá restricciones de visa a otros 20 funcionarios bolivianos corruptos”, tras la lista inicial difundida el mismo día con la que niega la entrada a su territorio a 12 bolivianos, entre fiscales, jueces y exautoridades.

MIRA AQUÍ: EEUU anunció que “impondrá restricciones de visa a otros 20 funcionarios bolivianos corruptos”

Para Romero es “importante que se transparente cuáles son los nueve nombres”.

“ ¿No será que hay funcionarios jerárquicos? Por alguna razón no se han dado los nombres, de repente si se daban los nombres habría un mayor terremoto y estruendo político”, afirmó Romero en una entrevista con DTV.

“¿No será que hay un ministro muy poderoso que está sin visa?”, le preguntaron a Romero y este respondió: “Tengo la misma información” . “Es un tema importante de esclarecer”, añadió.

MIRA AQUÍ: Un exministro de Arce, fiscales y magistrados figuran entre los vetados para entrar a EEUU

Romero señaló que hay antecedentes que sugieren que “tendríamos que asumir que son funcionarios en ejercicio”.

Recordó que inicialmente se conocía que eran 12 los observados y que hay nueve de quienes no se ha dado a conocer su nombre.

“Ahora aparece esta información de 20 funcionarios . La lista de los 12 no era la última, sino que habríaotras novedades”, dijo. “¿Estarán los nombres más pesados en esa lista de 12, tal vez no?”, sostuvo.",https://unitel.bo/noticias/politica/carlos-romero-sugiere-que-un-ministro-de-paz-puede-estar-entre-los-funcionarios-a-los-que-eeuu-impondra-restricciones-de-visa-DJ23808830
Unitel,2026-09-30,Farándula,Cazzu enternece las redes con el look de carnaval de Inti,"Cazzu, la artista argentina volvió a enternecer las redes sociales, esta vez al compartir una tierna foto de su pequeña hija Inti, quien apareció luciendo un colorido traje de carnaval.

El traje se destaca por su combinación de colores rojo , azul y negro , acompañada de detalles dorados que le dan un toque especial al look. La imagen no pasó desapercibida entre los seguidores de la artista argentina.

MIRE AQUÍ: ¡Romance confirmado! Cazzu se mostró en público junto a su novio

Una publicación compartida de cazzu (@cazzu)

El vestuario de Inti, además tiene un parecido al traje que Cazzu utilizó para el videoclip de su canción ‘Jujuy Estrellado’, un detalle que rápidamente llamó la atención de sus fans.

MIRE AQUÍ: Elena Rose deslumbra en París con un diseño de la cruceña Ericka Suárez Weise

Con este vestuario, la pequeña Inti no solo protagonizó un momento de ternura en las redes, sino que también lució al estilo de su mamá.",https://unitel.bo/noticias/farandula/cazzu-enternece-las-redes-con-el-look-de-carnaval-de-inti-JJ23809132
Unitel,2026-09-30,Política,Lara viajó a España para participar del XII Foro Parlamentario Iberoamericano,"A través de un comunicado, la Vicepresidencia informó que el vicepresidente Edmand Lara participará en el XII Foro Parlamentario Iberoamericano , que se realizará en Madrid, España, del 30 de septiembre al 2 de octubre.

”La participación responde a la invitación oficial de la Presidencia del Congreso de los Diputados de España, Francina Armengol, y del presidente del Senado, Pedro Rollán, cursada a Lara, vía Ministerio de Relaciones Exteriores y canales diplomáticos correspondientes”, señala el documento.

MIRA AQUÍ: Carlos Romero sugiere que un ministro de Paz puede estar entre los funcionarios a los que EEUU impondrá restricciones de visa

Se destaca que el foro constituye un espacio de diálogo y coordinación interparlamentaria entre los 22 países iberoamericanos, en el que se desarrollarán cuatro sesiones de trabajo sobre temas de especial relevancia para los parlamentos de la región y que son: Inteligencia artificial; Democracia: fragmentación, polarización, desinformación y populismo; Igualdad de género y la Diplomacia parlamentaria.

MIRA AQUÍ: EEUU anunció que “impondrá restricciones de visa a otros 20 funcionarios bolivianos corruptos”

Asimismo, el encuentro es de carácter preparatorio para la XXX Cumbre de Jefes y Jefas de Estado y de Gobierno de la Comunidad Iberoamericana, prevista para los días 4 y 5 de octubre en Madrid.",https://unitel.bo/noticias/politica/lara-viajo-a-espana-para-participar-del-xii-foro-parlamentario-iberoamericano-IJ23809155
Unitel,2026-09-30,Sociedad,"Saavedra advierte al transporte ante el anuncio de paro: “Si vuelven a hacerlo, probablemente el tono cambie”","Al regreso de viaje desde la ciudad de La Paz -donde sostuvo una reunión con el presidente del Estado y alcaldes de las ciudades capitales- el burgomaestre cruceño, Manuel Saavedra lanzó una advertencia a la dirigencia del transporte que presta el servicio urbano, ante el anuncio de un posible paro de 48 horas.

“Ojalá que no lo vuelvan a hacer, porque si lo vuelven a hacer, probablemente el tono ya cambie. En todo sentido. Espero que no paren, no me voy a adelantar”, remarcó el alcalde.

Asimismo, informó que para este miércoles se tiene previsto que el Concejo Municipal reciba a la dirigencia del sector para instalar un diálogo con el objetivo de evitar un nuevo paro de transporte en la capital cruceña.

MIRA AQUÍ: Micreros cruceños dan ultimátum al Gobierno y advierten con nuevo paro para el 5 y 6 de octubre si no hay acuerdos

“No hay razón para que paren. El paro genera un perjuicio a cientos de miles de ciudadanos . Ellos prestan un servicio de primera necesidad y parar, genera complicaciones en la ciudad”, enfatizó Saavedra.

El lunes pasado, la Federación Departamental de Cooperativas de Transporte Santa Cruz (Fedetrans), acató un paro de 24 horas en la capital cruceña, en rechazo al Decreto que elimina la subvención al diésel. En caso no se lo realice, demandan que el precio del transporte público sufra un incremento con relación a las tarifas actuales.

MIRA AQUÍ: Video: Intensa granizada causa daños materiales y afecta cultivos en Vallegrande",https://unitel.bo/noticias/sociedad/saavedra-advierte-al-transporte-ante-el-anuncio-de-paro-si-vuelven-a-hacerlo-probablemente-el-tono-cambie-NJ23809172
Unitel,2026-09-30,Política,"Beller difunde ‘fotos’ de Cerimedo con el hijo de Donald Trump y su exjefe de campaña y pregunta si veto a Mariaca, ¿es una protección a la red Maga?","La abogada Nadia Beller difundió imágenes en las que se observa al hijo del Donald Trump, presidente de Estados Unidos, y al exjefe de campaña del mandatario, junto a Fernando Cerimedo, investigado por varios delitos, como narcotráfico y legitimación de ganancias ilícitas.

Ante ello, preguntó si el veto al fiscal general del Estado de Bolivia, Roger Mariaca es una protección a una red política denominada Maga.

Son tres fotografías compartidas en la que Beller asegura que se puede ver a Cerimedo junto a Donald Trump Jr., hijo de Donald Trump, y Brad Parscale , exjefe de campaña del presidente estadounidense.

Ante ello, Beller remarca que estas imágenes adquieren relevancia “enorme” cuando se la “coloca junto a lo que hoy está ocurriendo en Bolivia, el veto a autoridades para el ingreso a Estados Unidos”.

Ante ello, asegura que existe una red política de nombre Maga, que involucra a las personas de las fotografías y que, según Beller, existen audios y documentos -que ella asegura que entregó a la Fiscalía- que los vinculan con actividades irregulares en Bolivia y que están siendo investigadas.

“No estamos hablando solamente de una campaña electoral. Estamos hablando de una estructura política internacional que después de ganar el Gobierno aparece vinculada a negocios empresariales cuestionables en Bolivia”, detalla.

MIRA AQUÍ: Ministro Justiniano señala que ya está en marcha el proceso para pedir información a EEUU por la acusación contra Mariaca

En este contexto señala que mientras estas denuncias se investigan, el Gobierno de Donald Trump coloca restricciones a la visa para el fiscal General de Bolivia, Róger Mariaca ”. “Lo acusa de corrupción relacionada con narcotráfico, sin presentar a la fecha denuncia alguna o prueba”, dice.

Ante ello pregunta: “¿ Es la lucha del Escudo de las Américas o la protección de la red Maga? ”.

Añade que otro elemento es que “mientras se presiona al fiscal general”, ministros del Gobierno comienzan a hablar de posibles procesos y extradiciones.

“¿Es una defensa institucional o una forma de presión o chantaje contra quien está investigando?”, vuelve a preguntar.

MIRA AQUÍ: Municipios de Bolivia tendrán un adicional al presupuesto 2026 tras reunión con Paz, según la Asociación de Municipalidades

“Los lobbies internacionales vinculados a este entorno político MAGA ya están siendo investigados en Bolivia. El problema es que ahora la cabeza de ese entorno político es quien está señalando al que investiga”, dice.

Beller igual recordó los audios que compartió el vicepresidente, Edmand Lara con los que acusa a Cerimedo con hechos delictivos relacionados al narcotráfico y que en el listado de Estados Unidos también figura el exjefe de la Fuerza Especial de Lucha Contra el Narcotráfico (Felcn), William Cabrera.

Ante ello, dice que, si existe una “ estructura de protección al narcotráfico, una sola persona no puede protegerla completa” .

“Entonces también corresponde preguntar por todos los actores que aparecen alrededor de estas operaciones: Cabrera, Cerimedo, Ernesto Justiniano y quienes resulten involucrados. ¿Por qué no les retiraron a ellos las visas?”, señaló Beller.

“Hay que explicar por qué se retira la visa al fiscal General que está investigando una estructura de estas características y, al mismo tiempo, qué ocurre con todos los demás actores que aparecen vinculados a esas investigaciones”, acotó la abogada.

MIRA AQUÍ: Ministro Justiniano señala que ya está en marcha el proceso para pedir información a EEUU por la acusación contra Mariaca

“No se puede sacar a un fiscal General mediante presión política, sin pruebas fehacientes y sin debido proceso, justamente cuando la institución que dirige está investigando una estructura de esta magnitud por sindicaciones de esta misma estructura”, señala.

Añade que, si se retira al fiscal, la situación “podría convertirse en un golpe institucional contra la Fiscalía para impedir que una investigación avance”.

”¿Están persiguiendo al que investiga o están protegiendo a parte de la red?”, pregunta Beller.",https://unitel.bo/noticias/politica/beller-difunde-fotos-de-cerimedo-con-el-hijo-de-donald-trump-y-su-exjefe-de-campana-y-pregunta-si-veto-a-mariaca-es-una-proteccion-a-la-red-maga-LJ23809013
Unitel,2026-09-30,Virales,“Messi es un puente para cosas maravillosas”: la inesperada revelación de Anne Hathaway,"La estrella de Hollywood contó una anécdota protagonizada por uno de sus hijos y un niño que acababa de conocer.

Anne Hathaway compartió una divertida y tierna anécdota familiar que tuvo a Lionel Messi como inesperado protagonista, durante una entrevista con TN.

“Presencié un momento muy tierno. El otro día estaba con mi hijo y él estaba conociendo a un nene nuevo y vieron que los niños pueden ser tímidos entre ellos, entonces me dirigí al otro niño y le pregunté: ‘¿ Te gusta Messi? ’ Y él respondió: “Ah, sí” y mi hijo dijo: “ Me encanta Messi” . Y ahí mismo se hicieron mejores amigos”, dijo la actriz entre sonrisas.

MIRA AQUÍ: ¡Impresionante! Así se vive la velocidad de Nascar desde la malla de seguridad en Daytona

La entrevista con el medio TN concluyó con una reflexión de la actriz sobre el efecto que genera la sola mención del futbolista argentino.

“Sí, lo es. Es un puente hacia tantas cosas. Un puente para tantas cosas maravillosas ”, afirmó Hathaway, en referencia a Messi como una conexión capaz de generar vínculos incluso entre personas que recién se conocen.

MIRA AQUÍ: El papa León XIV viaja escoltado por cazas Rafale y el momento se vuelve viral

🔟La anécdota de Anne Hathaway sobre su hijo y Lionel Messi ⚽️La actriz contó cómo el jugador de la Selección Argentina ayudó a que su hijo y otro chico se hicieran amigos: ""Es un puente hacia tantas cosas maravillosas"". pic.twitter.com/lyNWIZtvxZ",https://unitel.bo/noticias/virales/messi-es-un-puente-para-cosas-maravillosas-la-inesperada-revelacion-de-anne-hathaway-AJ23809768
Unitel,2026-09-30,Sociedad,"Viacha: Después de 25 días de la tragedia, despiden con rituales y sepelios a los últimos soldados identificados en las explosiones","La mañana del martes 29 de septiembre, un grupo de familiares y amautas se concentró frente al Regimiento de Artillería Nº 2 “Simón Bolívar” de Viacha. En ese lugar presentaron una ofrenda y realizaron rituales para “despachar a las almas” de las víctimas.

En la creencia occidental se considera que en tragedias como la sucedida el 4 de septiembre, los espíritus de los fallecidos quedan en el espacio terrenal para no dejar a sus seres queridos en escenarios de sufrimiento.

Por ello, las familias de los últimas seis víctimas de las explosiones de Viacha se ofrendaron una “mesa” o “wajta”, pero además recogieron los restos de la morgue judicial de La Paz que estaban contenidos en pequeños féretros que llevan la tricolor encima.

Los “dolientes” convocaron a su entorno para realizar el velatorio y las exequias.

La Fiscalía y el Instituto de Investigaciones Forenses (IDIF) pudo identificar los restos con un estudio genético . Los pequeños féretros fueron entregados a los familiares la tarde del martes.

MIRA AQUÍ: Identifican los restos de los “desaparecidos” tras las explosiones en el cuartel de Viacha y los entregan a sus familias

“Por fin voy a tener donde llorar a mi hijo”, dijo una de las acongojadas madres que llegó al lugar.

Tragedia

El trágico siniestro dejó 14 personas fallecidas, un sargento y 13 conscriptos, de ellos seis estaban declarados como desaparecidos a la espera de los resultados de los estudios genéticos.

El fiscal departamental de La Paz, Luis Carlos Torrez, indicó que “hoy ya tenemos certeza de los restos humanos que pertenecen exclusivamente a estas seis personas que fallecieron en la explosión ”.

MIRA AQUÍ: Fiscalía anuncia citaciones a altas autoridades de Gobierno y FFAA por explosiones en Viacha

En medio de las escenas de dolo que se registran en las familias de las víctimas no ha cesado el pedido de justicia para que se sancionen a los responsables.

El Ejército presentó una denuncia en contra del exministro de Defensa Edmundo Novillo, quien supuestamente conoció un informe sobre el riesgo que representaba el material explosivo que generó la tragedia.

No obstante, la Fiscalía ya está apunto de concluir el informe pericial y alista las citaciones no solo a exautoridades, sino a aquellas que ahora son funcionarios en actividad.

El fiscal departamental de La Paz, Carlos Torres, informó que en los próximos días serán citadas “altas autoridades” del Gobierno y de las Fuerzas Armadas para que declaren ante los investigadores por este caso.

“El Ministerio Público va a asumir las acciones correspondientes a los responsables que habrían causado esta explosión, llamemos así, altas autoridades, ministros de Defensa, exministros de Defensa, autoridades administrativas y comandantes de las Fuerzas Armadas. Una citación o una orden de aprehensión”, sostuvo el fiscal.",https://unitel.bo/noticias/sociedad/viacha-despues-de-25-dias-de-la-tragedia-despiden-con-rituales-y-sepelios-a-los-ultimos-soldados-identificados-en-las-explosiones-BJ23809877
Unitel,2026-09-30,Economía,La Paz activa mecanismos para “dar de baja” vehículos con problemas de transferencia y deudas de impuestos,"La Alcaldía de La Paz activó mecanismos para “dar de baja” los vehículos con problemas de transferencia y deudas de impuestos. Los afectados por las “cuentas congeladas” deben presentarse en las oficinas ediles para iniciar el trámite.

Un numeroso grupo de contribuyentes de denunciaron que tienen sus cuentas de banco congeladas por deudas de impuestos municipales de vehículos que ya no están en sus manos y que los vendieron hace muchos años.

Para ese fin, la Administración Tributaria Municipal (ATM) aprobó la Resolución Administrativa 008/2026, que establece procedimientos destinados a facilitar la regularización de transferencias vehiculares pendientes y actualizar la información del padrón municipal.

MIRA AQUÍ: Filas por gasolina en Cochabamba, surtidores sin el carburante en Santa Cruz mientras que la carga es regular en La Paz

El objetivo es generar nuevas alternativas para los contribuyentes que tienen congeladas sus cuentas y que enfrentan dificultades por este tipo de casos.

El director de la ATM, Nielsen Velasco, explicó que la nueva normativa permitirá identificar aquellos vehículos que actualmente se encuentran en posesión de una persona distinta a la registrada como propietaria en el padrón municipal.

Pero además facilitará la regularización de las transferencias para evitar este tipo de problemas.

“Estamos adoptando e instituyendo dos procedimientos. Uno de ellos, el principal, permitirá identificar aquellos vehículos que no están con el titular, mediante la baja por falta de regularización de la transferencia vehicular”, señaló.

“La otra medida ayudará a regularizar la transferencia, estableciendo mecanismos que permitan llegar a la transferencia final por parte del contribuyente”, explicó Velasco.

MIRA AQUÍ: Precio de la papa y cebolla se disparan en el occidente mientras el tomate baja en Santa Cruz

La autoridad señaló que esta medida se aplica frente a los más de 400 mil procesos vinculados con deudas tributarias de vehículos en los que se presentan dificultades con la transferencia de los motorizados.

Norma

La Resolución Administrativa N° 008/2026 incorpora una alternativa adicional para los contribuyentes, complementaria a los mecanismos ya establecidos por la normativa vigente, como el pago al contado y las facilidades de pago.

Velasco aclaró que el procedimiento no implica la eliminación de la deuda tributaria y muchos menos la anulación de los registros de la placa dentro del sistema tributario municipal.

Procedimiento

El proceso se activará a partir de la solicitud del propio interesado, mediante el llenado de una declaración jurada y, cuando corresponda, la presentación previa del reclamo respectivo.

Con base en esa documentación, la ATM podrá emitir una resolución administrativa que determine la baja por falta de regularización de la transferencia vehicular y permita actualizar la información correspondiente.

La medida contribuirá a contar con información más precisa sobre la situación de los vehículos registrados en el municipio, fortaleciendo la actualización del Padrón Municipal y facilitando la identificación de los verdaderos poseedores de los motorizados.

Digitalización

Como parte de la implementación de esta nueva medida, la ATM trabaja en la digitalización y automatización de la declaración jurada, con el objetivo de facilitar el acceso al procedimiento y reducir las dificultades para los contribuyentes.

Según Velasco, se estima que esta herramienta tecnológica estará disponible en un plazo máximo de 30 días.

La Resolución Administrativa N° 008/2026 ya se encuentra vigente y publicada. Actualmente, la ATM desarrolla los ajustes tecnológicos necesarios para poner en funcionamiento el mecanismo digital.",https://unitel.bo/noticias/economia/la-paz-activa-mecanismos-para-dar-de-baja-vehiculos-con-problemas-de-transferencia-y-deudas-de-impuestos-CI23810460
Unitel,2026-09-30,Sociedad,"Restituyen servicio de agua en más de 10 barrios cruceños, pero vecinos advierten que la solución es temporal","Tras 10 días sin el servicio, se restableció el suministro de agua potable en más de 10 barrios de la Pampa de la Isla y la Villa Primero de Mayo, en la zona este de Santa Cruz de la Sierra.

Desde uno de los domicilios afectados, la señora Reina explic ó que en reiteradas ocasiones llegaron hasta empresa que provee el servicio, Coopappi R.L., pero que no le daban solución al tema, solo les enviaban camiones cisternas para dotarles del líquido vital.

MIRA AQUÍ: Video: Una estructura cae sobre estudiantes a causa de los fuertes vientos

“Creo que con esa presión ya es que ahora hoy día ya estamos con un poco más de agua, pero solo nos han dado solución que vamos a tener hasta el día viernes; sábado y domingo va a pasar la cisterna”, señaló la vecina.

Ante esta situación, indica que tiene que acumular agua en su lavandería, en ollas y otros recipientes para poder ocuparla para la limpieza de su casa o para bañarse. Entretanto, aquella que destinan para el consumo, señala que deben hervirla.

Por su parte, desde la empresa que provee el agua potable, informaron este martes que el problema se origina en el pozo número 14 , ubicado en el 8vo anillo, barrio 4 de febrero y que trabajan para brindar una solución.

MIRA AQUÍ: Más de 10 barrios de la capital cruceña denuncian que llevan días sin agua",https://unitel.bo/noticias/sociedad/restituyen-servicio-de-agua-en-mas-de-10-barrios-crucenos-pero-vecinos-advierten-que-la-solucion-es-temporal-NJ23809859
Unitel,2026-09-30,Agencias,Selección de la redacción de la AFP del 30 de septiembre de 2026,"París, Francia, 30 Set 2026 (AFP) -

Redifusión de reportajes, enfoques y artículos exclusivos publicados durante la semana y considerados especialmente interesantes y originales:

JOHANNESBURGO:

Del sur de África a Australia, la nueva ruta de la meta del cártel de Sinaloa

Cuando llegaron a Johannesburgo, unos supuestos turistas mexicanos explicaron a los agentes de migración que iban a descubrir los parques naturales sudafricanos para poder contemplar elefantes, rinocerontes, leones, leopardos y búfalos.

Por Clément VARANGES, con Nicolas ROLL en Abuya

(Sudáfrica México Australia Nigeria Mozambique investigación criminalidad narcotráfico, Investigación, 1.700 palabras)

FOTOS, FOTOS ARCHIVO

PARÍS:

Dios e IA, el Vaticano se invita a la mesa de los gigantes tecnológicos

Cuando Brian Green cruzó por primera vez la puerta de Anthropic, en Silicon Valley, un día de diciembre de 2025, acompañado de un cura con camisa negra y alzacuello, estaba muy lejos de imaginar lo que iba a suceder después.

Por Célia LEBUR con Clément MELKI en Roma

(IA EEUU Vaticano religión tecnología economía diplomacia internet, Crónica, 1.200 palabras)

RIO DE JANEIRO:

El robo de celulares en Brasil, una pesadilla de seguridad en cada bolsillo

Eduardo Metzker iba en su motocicleta por Rio de Janeiro cuando se vio rodeado por otras dos. Uno de los motociclistas le apuntó con una pistola a la cabeza y le exigió su teléfono y la contraseña.

Por Fran BLANDY

(Brasil fraude elecciones bancos criminalidad, Reportaje, 700 palabras)

FOTOS, VIDEO

PLAYA DEL CARMEN, México:

El Niño se mete en la cocina de los grandes chefs

Las hormigas desaparecen de los platos en Brasil, Dinamarca usa chocolate sin cacao y en Japón se sirve pescado de aguas cálidas. Los fenómenos climáticos extremos, como El Niño este año, obligan a los chefs a adaptar sus menús.

Por Anna CUENCA

(México Brasil Colombia Dinamarca Japón EEUU España gastronomía clima alimentos, Enfoque, 750 palabras)

FOTOS

arm/avl",https://unitel.bo/noticias/agencias/seleccion-de-la-redaccion-de-la-afp-del-30-de-septiembre-de-2026-HI23810546
Unitel,2026-09-30,Economía,"El Gobierno alista un “fondo de compensación” y bonos para que las alcaldías enfrenten la crisis, anuncia Manfred","La Asociación de Municipalidades de Bolivia (AMB) expuso ante el Gobierno que la principal preocupación de las alcaldías del país es la “estabilización económica” y la crisis que afecta sus arcas en el último trimestre del año.

Frente a ese panorama, el Órgano Ejecutivo alista un “fondo de compensación” y “bonos soberanos” para las alcaldías, anunció el alcalde de Cochabamba, Manfred Reyes Villa, en una entrevista con UNITEL . El plan se conocerá en dos semanas, dijo.

El presidente Rodrigo Paz y el ministro de Economía, Christian Morales, se reunieron con los alcaldes de las ciudades capitales y El Alto para tratar este tema en el marco de las conversaciones sobre el modelo 50/50.

MIRA AQUÍ: Municipios de Bolivia tendrán un adicional al presupuesto 2026 tras reunión con Paz, según la Asociación de Municipalidades

“ En el tema 50/50 hemos avanzado muy poco, diría yo . Mas bien nos hemos enfocado en cómo estabilizar en este momento las diferentes economías de las alcaldías por la situación en la que está atravesando el país”, señaló.

Reyes Villa explicó que en la cita se expusieron una serie de problemas que enfrentan los municipios, por ejemplo, “ la elevación de los carburantes y la baja del IDH ”.

La autoridad edil afirmó que el Impuesto Directo de los Hidrocarburos (IDH), que se calcula con base en la producción y las exportaciones del sector, “ realmente ha bajado a su mínima expresión ”.

En ese marco, Reyes Villa anunció que “hay un compromiso de que en dos semanas va a haber un fondo, digamos un fondo de compensación”.

“Estaba el ministro de Economía y nos va a dar a conocer un fondo de compensación, pero lo más importante, nos han hablado de darnos bonos soberanos , que nos permitan negociar en la banca con empresas; digamos, en vez de pagar impuestos pagar con estos bonos soberanos”, señaló.

MIRA AQUÍ: Alcaldías acuerdan mesas técnicas con el Gobierno para analizar el 50-50, según la Asociación de Municipalidades

En criterio del alcalde cochabambino “esto sí puede ayudar para el cierre de la gestión”.

“Además hemos pedido que se haga esa devolución de ese 12% del IDH que no se ha hecho exploración”, dijo en referencia a la retención que aplicaba el nivel central a las regiones para impulsar la exploración.

Asimismo, los alcaldes de pidieron una auditoría de los fondos que transfirió el Gobierno a las alcaldías en las pasadas gestiones.

“Queremos una auditoría de todo lo que ha significado los ingresos de coparticipación y participación popular, tenemos cálculos de algunos faltantes de Participación Popular”, sostuvo.

Paz y los gobiernos autónomos municipales de las nueve ciudades capitales y El Alto acordaron el martes avanzar en la Agenda 50/50 con una metodología progresiva y diferenciada que contempla la revisión de competencias, reformas normativas y nuevos mecanismos de financiamiento para fortalecer la gestión municipal.",https://unitel.bo/noticias/economia/el-gobierno-alista-un-fondo-de-compensacion-y-bonos-para-que-las-alcaldias-enfrenten-la-crisis-anuncia-manfred-LI23810597
Unitel,2026-09-30,Economía,"“Nos damos el lujo de no usar la capacidad ociosa de las refinerías”, cuestiona experto sobre política de combustibles","El experto en hidrocarburos Fernando Rodríguez afirmó que la política de combustibles del Gobierno es “errática, cambiante, con puros decretos” y que no soluciona el desabastecimiento de gasolina que desde hace tres días afecta a Santa Cruz, Cochabamba, Sucre, Potosí y otras regiones.

”Los anuncios le ganan a la realidad”, dijo al referirse al plan oficial de importar crudo para las refinerías de Santa Cruz y Cochabamba, anunciado con actos especiales hace unas semanas y que aún no se concreta.

Rodríguez recordó que hace seis meses ya se había sugerido al Gobierno importar crudo brasileño o argentino mediante un swap , (intercambio operativo o financiero de petróleo/divisas) aprovechando los contratos de gas natural, para utilizar el 65% de capacidad ociosa de las refinerías y abaratar costos.

”Nos damos el lujo en Bolivia de no utilizar la capacidad ociosa de nuestras refinerías” , cuestionó. Con esa medida, aseguró, se podría tener gasolina y diésel a 14 o 15 bolivianos, eliminando el mercado negro, donde el litro ya se vende hasta en 25 bolivianos. Hay denuncias en ese sentido en Potosí, Camargo, Tupiza y Uyuni.

MIRA AQUÍ: Vuelven las filas por gasolina en el eje troncal de Bolivia y provocan embotellamientos en varias zonas

Criticó además los cambios que en los últimos meses ha sufrido el precio del diésel apuntando a que el Gobierno “ no se da cuenta que el remedio puede ser peor que la enfermedad” puesto que “la inflación y la devaluación puede ser dramática ”, advirtió.

MIRA AQUÍ: La Gobernación cruceña ya publica diferentes ofertas de diésel con precios desde Bs 22 el litro

Rodríguez advirtió que el problema es estructural y que el país requiere una política de Estado, no medidas erráticas.

“Es una política errática, cambiante, puros decretos, pero que no soluciona el problema de la gente. La gente está en los surtidores, lo más preciado que tiene el ser humano es su tiempo, y la gente ya está cabreada”, afirmó en entrevista con UNITEL .",https://unitel.bo/noticias/economia/nos-damos-el-lujo-de-no-usar-la-capacidad-ociosa-de-las-refinerias-cuestiona-experto-sobre-politica-de-combustibles-DI23810614
Unitel,2026-09-30,Sociedad,¿Hasta cuándo lloverá en Santa Cruz? Conozca el reporte del Senamhi,"Este miércoles 30 de septiembre , Santa Cruz amaneció marcada por la lluvia, de acuerdo con el pronóstico del Servicio Nacional de Meteorología e Hidrología (Senamhi), se prevé una precipitación acumulada de 13 milímetros por metro cuadrado, con una temperatura mínima de 22 °C y una máxima de 27 °C.

La jornada estará acompañada por una humedad del 84% y vientos de dirección SSE (sur-sureste) de 20 kilómetros por hora.

MIRA AQUÍ: ¡Atención! Tras días de intenso calor, Santa Cruz se prepara para el ingreso de un frente frío con lluvias

Sin embargo, para el jueves el reporte del Senamhi prevé un cielo nuboso, con temperaturas de entre 21 °C y 28 °C y una precipitación estimada de apenas 2 milímetros . La humedad descenderá al 59%, mientras que los vientos SSE alcanzarán los 17 kilómetros por hora.

Para el viernes, las condiciones apuntan a una temperatura mínima será de 21 °C y la máxima llegará a 29 °C , mientras que el pronóstico contempla 0 milímetros de precipitación y una humedad del 56%.

MIRA AQUÍ: Alerta naranja en Santa Cruz por fuertes vientos y hay riesgo de desborde de ríos en cinco departamentos

De acuerdo con estos datos, las precipitaciones disminuirán progresivamente entre miércoles y jueves, mientras que para el viernes el Senamhi no prevé lluvias.",https://unitel.bo/noticias/sociedad/hasta-cuando-llovera-en-santa-cruz-conozca-el-reporte-del-senamhi-JI23810494
Unitel,2026-09-30,Farándula,Luis Vega sorprende a sus fanáticos con una versión en vivo de ‘Mi momento humilde’,"Luis Vega, el artista boliviano presentó la versión en vivo de su tema ‘Mi momento humilde’, acompañado por Jota Narbaja , artista y compositor que suma su voz y particular estilo a la interpretación.

La nueva versión fue creada desde ‘ La sala de Luis Vega ’, espacio desde donde el artista compartió este encuentro musical y destaca el talento nacional.

MIRE AQUÍ: Cazzu enternece las redes con el look de carnaval de Inti

A pocas horas de su publicación en YouTube, el video de ‘Mi momento humilde’ superó las 11.000 reproducciones , reflejando el interés de sus seguidores por esta canción.

En los comentarios, los seguidores de ambos artistas expresaron su emoción , cariño y entusiasmo por la canción, destacando la conexión entre las voces de Luis Vega y Jota Narbaja .

MIRE AQUÍ: Elena Rose deslumbra en París con un diseño de la cruceña Ericka Suárez Weise

Con esta colaboración, ambos artistas vuelven a encontrarse en una propuesta que combina sus estilos y que rápidamente comienza a conquistar al público boliviano.",https://unitel.bo/noticias/farandula/luis-vega-sorprende-a-sus-fanaticos-con-una-version-en-vivo-de-mi-momento-humilde-DI23811244
Unitel,2026-09-30,Economía,"Filas por gasolina en Cochabamba, surtidores sin el carburante en Santa Cruz mientras que la carga es regular en La Paz","Conductores denuncian que retornaron las filas en busca de combustible en varios surtidores del eje central del país. En un recorrido por estaciones de servicio de Cochabamba se observa vehículos en espera de abastecerse mientras que en Santa Cruz hay estaciones sin oferta de este carburante.

La situación es distinta en La Paz, donde la oferta es regular y se registra espera por Gas Natural Vehicular (GNV).

En el caso Cochabamba, en una estación de servicio de la avenida América se observa filas de vehículos, motocicletas particulares y transporte público esperan en busca de cargar gasolina.

Cerca de las 7:00 eran alrededor de cuatro cuadras de motorizados y los choferes indicaron que deben esperar más de media hora para abastecerse.

MIRA AQUÍ: Filas por combustible: “Todos los ministros se meten y ninguno resuelve nada”, cuestiona cívico

En un recorrido de UNITEL se observó que en algunas estaciones de servicio no había filas, pero esto era porque no había oferta de gasolina.

En el caso de Santa Cruz, en una estación de servicio de la avenida Piraí, alrededor de las 7:00, no hay filas y se colocó conos en los carriles que están destinados para gasolina, lo que indica que no hay disponible este carburante.

Los conductores, que llegaban y se retiraban del lugar, indicaron que no les informaron la hora en la que se abastecería del carburante a la estación de servicio.

MIRA AQUÍ: “Me dijeron que no hay diésel”: Madre denuncia que no recibe subsidio por falta de productos en una agencia de La Paz

La situación de la mañana de este miércoles, según reporte de los conductores, se replica desde hace varios días, en distintas estaciones de servicio.

Los conductores mostraron su molestia por la situación. “Hay que hacer fila para todo, no queda de otra”, dijo un hombre que esperaba por más de cuatro horas la noche del martes.

Otro chofer indicó que está decepcionado por la situación y ya esperaba más de dos horas.

“ Es un perjuicio porque uno tiene que esperar, si no, ¿cómo trabaja?, es una pérdida de tiempo”, aseveró.

La situación es distinta en La Paz , donde se observa que hay oferta de gasolina y no hay filas. Según los conductores, la espera es de solo cinco minutos.

En el lugar los choferes aseguran que sí deben esperar para cargar de GNV, pero no son extensas.",https://unitel.bo/noticias/economia/filas-por-gasolina-en-cochabamba-surtidores-sin-el-carburante-en-santa-cruz-mientras-que-la-carga-es-regular-en-la-paz-DI23810298
Unitel,2026-09-30,Sociedad,Lluvias en Santa Cruz: Searpi activa alerta naranja y advierte sobre riesgos en cuencas del río Piraí,"Desde el Servicio de Encauzamiento de Aguas y Regulación del Río Piraí (Searpi), de la Gobernación de Santa Cruz, señalan que desde este martes está en vigencia el sistema de Alerta Temprana por el pronostico de lluvias vigentes para el departamento.

“Se han registrado lluvias en la cuenca alta del Piraí. Han sido lluvias fuertes, pero con el transcurso de la hora han ido bajando la intensidad. Entonces, por el momento todas nuestras cuencas están normales”, explicó el director del Searpi, Diego Jordán.

MIRA AQUÍ: Saavedra advierte al transporte ante el anuncio de paro: “Si vuelven a hacerlo, probablemente el tono cambie”

Asimismo, explicó que ha llovido bastante en la cuenca del río Parapetí y la cuenca del Piraí, cuenca alta, media y baja ha llovido por intervalos de tiempo.

“No ha sido unas lluvias en corto tiempo, ha sido en mayor cantidad de horas y entonces ha podido correr el río y no ha habido crecidas hasta el momento, pero hay que tener precauciones porque todo el día se prevén lluvia”, detalló Jordán.

Ante el pronóstico vigente de lluvia para este miércoles, pidió a la población tener precaución en la cuenca alta, cuenca media del río Piraí, sobre todo por la zona de Espejo, donde ha llovido con más intensidad.

Recordó que la Alerta Naranja se emitió este martes y que el cambio de sentido del viento a Sur, hizo que disipe un poco las nubes, lo por este motivo no ha llovido como se tenía previsto en la cuenca alta, que incide en la cuenca baja.

“Hay que hay que tener un poco de precaución en la zona de la ribera del río de la cuenca de la media y la cuenca baja del Piraí”, alertó el director del Searpi.

MIRA AQUÍ: Viacha: Después de 25 días de la tragedia, despiden con rituales y sepelios a los últimos soldados identificados en las explosiones",https://unitel.bo/noticias/sociedad/lluvias-en-santa-cruz-searpi-activa-alerta-naranja-y-advierte-sobre-riesgos-en-cuencas-del-rio-pirai-EI23810631
Unitel,2026-09-30,Economía,¿Desvío de gasolina en Potosí? Anuncian la destitución del responsable de YPFB en medio de la crisis de combustibles,"Pese al compromiso del ministro de Hidrocarburos, Marcelo Blanco, las extensas filas por gasolina en las estaciones de servicio de Potosí no han desaparecido, lo que acrecienta la molestia de los habitantes de esta región.

En medio de la crisis de los combustibles, la comisión interventora de Yacimientos Petrolíferos Fiscales Bolivianos (YPFB) detectó una serie de irregularidades en su regional potosina, por ejemplo la dudosa asignación de 967.120 litros del combustible cuyas facturas tienen fecha posterior a la del despacho.

En ese marco, Sergio Hinojosa, del Comité de Diagnóstico de Comercialización, y representante de la comisión anunció la destitución del responsable de YPFB en Potosí, el gerente distrital Marvin Loayza, que se confirmará en una conferencia de prensa en las próximas horas.

MIRA AQUÍ: “Nos damos el lujo de no usar la capacidad ociosa de las refinerías”, cuestiona experto sobre política de combustibles

“Existen muchas irregularidades en este distrito, Ya nuestro presidente (de YPFB) ha tomado la determinación de apartar al distrital”, dijo en el marco de la reunión con sectores potosinos, entre ellos el Comité Cívico Potosinista (Comcipo) que está a punto de instalar una huelga.

“ Yo he evidenciado en estos días que su trabajo deja mucho que desear ”, afirmó Hinojosa, reportó El Potosí.

El presidente del Comité Cívico Potosinista (Comcipo), Alberto Pérez, le dijo a la radio Kollasuyo que la salida de Loayza es consecuencia de las presuntas irregularidades y denuncia negligencia en la gestión de la distribución de carburantes, incluidos diésel y gas.

La falta de combustibles en la capital y en otras regiones del departamento no es reciente. El fin de semana, un grupo de conductores y vecinos bloqueó la ruta Potosí - Sucre para exigir abastecimiento.

Pese a las pruebas, el ministro Blanco dijo el sábado que no había ninguna protesta y que el suministro se normalizaría luego del acuerdo que firmaron con los cisterneros que se encargan de transportar el combustible.

No obstante, en los siguientes días las filas crecieron a la par de las molestia de los conductores que se vieron obligados a formar filas inclusive por varios días en algunos casos.

El alcalde de Potosí, Williams Cervantes, exigió que la situación de solucione de manera urgente y remarcó que lo único que pide la región es un trato “con respeto” y que se “reconozca” el aporte de la región a Potosí.

MIRA AQUÍ: Gobernadores se reúnen con Rodrigo Paz para abordar de forma técnica el modelo 50-50

Hinojosa explicó a los representantes de los sectores potosinos que se identificaron al menos 107 casos de facturación con fechas posteriores al despacho; es decir, primero se entregaba la gasolina y luego se emitía la factura, un procedimiento que la normativa de la petrolera estatal prohíbe.

“Eso significa aproximadamente tres días de combustible en Potosí, lo que ha generado las colas. Es una deuda que nos va a costar liberar en los próximos días y es por eso que tenemos entre 400 y 500 autos en las filas. Es lamentable ver esto. Estas son irregularidades”, afirmó Hinojosa durante la presentación del informe a los dirigentes de diferentes instituciones, señala el diario potosino.

La comisión ya cuenta con la autorización para iniciar los procesos administrativos correspondientes y, según Hinojosa, no se protegerá a nadie. “Este es un daño que se le ha hecho a Potosí”, sentenció.",https://unitel.bo/noticias/economia/desvio-de-gasolina-en-potosi-anuncian-la-destitucion-del-responsable-de-ypfb-en-medio-de-la-crisis-de-combustibles-II23813391
Unitel,2026-09-30,Virales,Rompieron una maceta y quedaron grabados: volvieron al negocio para reparar el daño,"Cámaras de seguridad de un negocio captaron el momento en que un grupo de jóvenes caminaba por la vereda y uno de ellos destruyó una maceta que se encontraba en el lugar.

Tras el hecho, los jóvenes huyeron, sin imaginar que toda la escena había quedado registrada.

El video se viralizó en redes sociales y ante la difusión de las imágenes, los responsables reflexionaron sobre lo ocurrido y decidieron regresar al negocio para pedir disculpas, según información de TN, un medio argentino.

MIRA AQUÍ: “Messi es un puente para cosas maravillosas”: la inesperada revelación de Anne Hathaway

Los dueños aceptaron el gesto y como forma de reparar el daño ocasionado, los jóvenes repusieron la maceta y volvieron a colocar la planta en su lugar.

El hecho tuvo un desenlace diferente al que mostraban las primeras imágenes, quienes habían causado el daño regresaron para hacerse cargo de lo ocurrido y repararlo.

MIRA AQUÍ: ¡Impresionante! Así se vive la velocidad de Nascar desde la malla de seguridad en Daytona",https://unitel.bo/noticias/virales/rompieron-una-maceta-y-quedaron-grabados-volvieron-al-negocio-para-reparar-el-dano-CI23812347
Unitel,2026-09-30,Sociedad,Tensión y empujones en el Concejo Municipal entre dirigentes del transporte urbano y vecinos por tarifa del pasaje,"Un amague de enfrentamiento se registró en puertas del Concejo Municipal de Santa Cruz de la Sierra , entre representantes del transporte cruceño que demandan una tarifa transitoria del pasaje y vecinos que están en contra de esta propuesta.

La dirigencia del transporte expondrá ante los concejales sus motivos y el requerimiento que demanda el sector, ante la puesta en vigencia del Decreto que elimina la subvención del precio del diésel, debido a que explican que sus gatos operarios se han duplicado.

MIRA AQUÍ: Lluvias en Santa Cruz: Searpi activa alerta naranja y advierte sobre riesgos en cuencas del río Piraí

De no eliminar el decreto el Gobierno nacional, piden que se establezca una nueva tarifa para el transporte urbano mientras dure el estudio de costos que ha planteando el municipio. Una vez salgan los resultados, piden se establezca una nueva tarifa para el transporte público en la capital cruceña.

Ante el conocimiento de dicha propuesta, un grupo de vecinos entre ellos los denominados activistas , llegó hasta el Concejo para manifestar su rechazo a esta propuesta, motivo por el cual hubo un cruce de palabras y amagues de enfrentamientos.

El transporte cruceño acató el pasado lunes un paro de 24 horas y al no tener respuesta del Gobierno nacional por el Decreto 5716, anunciaron que realizarán un paro de 48 horas la próxima semana .

Ante este anuncio el alcalde, Manuel Saavedra advirtió a los choferes con tomar otras medidas.

“Ojalá que no lo vuelvan a hacer, porque si lo vuelven a hacer, probablemente el tono ya cambie. En todo sentido. Espero que no paren, no me voy a adelantar”, señaló Saavedra.

MIRA AQUÍ: Saavedra advierte al transporte ante el anuncio de paro: “Si vuelven a hacerlo, probablemente el tono cambie”",https://unitel.bo/noticias/sociedad/tension-y-empujones-en-el-concejo-municipal-entre-dirigentes-del-transporte-urbano-y-vecinos-por-tarifa-del-pasaje-MI23811591
Unitel,2026-09-30,Sociedad,Aulas y pasillos de módulo educativo cruceño se inundan y maestro dice que teme colapso del techo,"Las aulas y los pasillos del módulo educativo Virgen de Guadalupe, ubicada en la zona noreste de Santa Cruz de la Sierra, se inundaron tras la intensa lluvia registrada desde la noche del martes.

Las imágenes de las condiciones de este establecimiento fueron enviadas a Yo Periodista de la red Unitel y se observa que al menos unos 5 centímetros de agua cubren los pasillos mientras que en el techo hay goteras .

MIRA AQUÍ: Lluvias en Santa Cruz: Searpi activa alerta naranja y advierte sobre riesgos en cuencas del río Piraí

Pese a estas condiciones, este miércoles se desarrollan las clases y en las aulas, que también están afectadas, están los estudiantes abrigados.

Un maestro de nombre Silvestre aseguró que hay compromisos incumplidos de las empresas que trabajan en la refacción por parte de la Alcaldía de Santa Cruz de la Sierra.

“Vienen y su trabajo no lo realizan como debe de ser. Vienen un rato y luego se van, las condiciones del establecimiento son una pena. Es un peligro que el techo pueda colapsar, tantas lluvias que pasaron y seguimos con lo mismo”, aseveró.

MIRA AQUÍ: Restituyen servicio de agua en más de 10 barrios cruceños, pero vecinos advierten que la solución es temporal

El maestro aseguró que se tomaron medidas preventivas para cuidar a los estudiantes, se determinó habilitar determinadas aulas, que tienen menos daños, como la de computación

“Imagínese un colapso de esto puede ser un accidente fatal”, aseveró.

Piden la refacción de la unidad educativa antes del inicio de la época de lluvias.",https://unitel.bo/noticias/sociedad/aulas-y-pasillos-de-modulo-educativo-cruceno-se-inundan-y-maestro-dice-que-teme-colapso-del-techo-HI23811574
Unitel,2026-09-30,Mundo,"Flydubai confirma un ""altercado en la cabina"" de vuelo hacia Israel y pide no especular","La aerolínea emiratí Flydubai confirmó este miércoles que se produjo ""un altercado en la cabina de mando"" del avión que volaba desde Dubái a Tel Aviv y que tuvo que aterrizar de emergencia en Arabia Saudí , mientras que pidió ""abstenerse de especulaciones prematuras"" hasta que se esclarezcan las causas del incidente.

""El 30 de septiembre se produjo un altercado en la cabina de mando del vuelo FZ 1073 , que cubría la ruta desde el Aeropuerto Internacional de Dubái (DXB) hasta el Aeropuerto Internacional Ben Gurión (TLV)"", dijo la compañía aérea en un comunicado, en el que afirmó que ""la situación fue controlada con éxito por la tripulación"".

Según la versión de Flydubai, los miembros de la tripulación desviaron el avión y lo aterrizaron ""de forma segura"" en el aeropuerto de Tabuk, en Arabia Saudí, donde ""todos los pasajeros y tripulantes se encuentran a salvo y han sido contabilizados"".

MIRA AQUÍ: Lula y Bolsonaro bajan nivel de sus campaña con noticias falsas a cinco días de comicios

La aerolínea no hizo referencia a las heridas que sufrieron el capitán y el copiloto del avión , que fueron trasladados a un hospital para recibir atención médica, informó previamente el aeropuerto de Tabuk, según la compañía saudí responsable de la gestión y operación de los aeropuertos del reino.

""En esta fase inicial, se desconocen las causas y motivos subyacentes de este suceso , los cuales están sujetos a una investigación formal. Instamos a todas las partes a abstenerse de especulaciones prematuras mientras las autoridades recopilan los hechos"", añadió Flydubai.

El primer ministro israelí, Benjamín Netanyahu, afirmó este miércoles que "" durante el vuelo , cuando se aproximaban al país (Israel), uno de los pilotos apuñaló al otro piloto"" y que, ""al parecer, intentó estrellar el avión con sus ocupantes"", según un videocomunicado difundido por su oficina.

Flydubai concluyó el comunicado diciendo que su prioridad es ""colaborar con la investigación oficial"", sin aportar más detalles.

MIRA AQUÍ: OpenAI lanza un modelo de IA más económico tras descartar otro considerado inseguro

En el recorrido del avión desde Dubái hasta Tabuk , publicado por la página de seguimiento de vuelos Flightradar24, se observó cómo antes de atravesar la frontera a Jordania, el avión, que seguía una dirección de este a oeste, dio un giro brusco hacia el norte y perdió altitud.

El avión voló entonces a menos altura siguiendo una trayectoria irregular , hasta que al llegar a la frontera con Jordania dio media vuelta, en dirección sur, y luego enfiló hacia Tabuk.",https://unitel.bo/noticias/mundo/flydubai-confirma-un-altercado-en-la-cabina-de-vuelo-hacia-israel-y-pide-no-especular-PI23812863
Unitel,2026-09-30,Seguridad,Santa Cruz: aprehenden a dos abigeatistas en Cotoca y secuestran un vehículo con más de 100 kilos de carne,"Efectivos de la Fuerza Especial de Lucha contra del Crimen (Felcc), detuvieron a dos personas que fueron encontradas robando ganado, en la comunidad de Las Palmas en el municipio de Cotoca, en Santa Cruz.

Según señala el reporte, un grupo de personas dio la alerta a la policía del robo del ganado. De inmediato se trasladaron hasta un domicilio donde alrededor de 40 personas resguardaban a los detenidos.

MIRA AQUÍ: EEUU anunció que “impondrá restricciones de visa a otros 20 funcionarios bolivianos corruptos”

En el lugar se encontró un vehículo en cuyo interior tenía alrededor de 100 kilos de carne, por lo que se procedió al secuestro de ambos elementos como prueba del hecho.

De igual forma se pudo recuperar dos reses que aún estaban vivas y pertenecerían a las personas que denunciaron el hecho.

Los aprehendidos son Omar C. T. y José A. R ., que fueron puestos a disposición del Ministerio Publico , quienes serán imputados por el delito de abigeato.

MIRA AQUÍ: Vetados por EEUU: “Cada uno tendrá que defenderse como corresponde”, señala presidente cívico cruceño",https://unitel.bo/noticias/seguridad/santa-cruz-aprehenden-a-dos-abigeatistas-en-cotoca-y-secuestran-un-vehiculo-con-mas-de-100-kilos-de-carne-DI23813011
Unitel,2026-09-30,Mundo,Video muestra los momentos de pánico en medio del altercado entre pilotos en vuelo de Flydubai,"La aerolínea emiratí Flydubai confirmó este miércoles que se produjo “ un altercado en la cabina de mando ” de uno de sus aviones que cubría la ruta entre Dubái y Tel Aviv.

Ante la situación, la aeronave tuvo que realizar un aterrizaje de emergencia en Arabia Saudí, interrumpiendo su trayecto previsto hacia Israel.

MIRA AQUÍ: Flydubai confirma un “altercado en la cabina” de vuelo hacia Israel y pide no especular

Disturbing footage from the moment things started going south aboard the FlyDubai flight to Tel Aviv. Israeli authorities believe it was a terrorist hijacking attempt by the Omani co-pilot who stabbed the pilot trying to take control of the aircraft and crash it....

Mientras se conocían los primeros detalles del incidente , comenzaron a difundirse en redes sociales videos grabados aparentemente desde el interior del avión.

En las imágenes se observan momentos de tensión entre los pasajeros, con gritos, escenas de pánico y movimientos bruscos de la aeronave.

MIRA AQUÍ: Lula y Bolsonaro bajan nivel de sus campaña con noticias falsas a cinco días de comicios

Los contenidos que circulan en redes muestran el desconcierto vivido a bordo mientras el avión se encontraba en pleno trayecto.",https://unitel.bo/noticias/mundo/video-muestra-los-momentos-de-panico-en-medio-del-altercado-entre-pilotos-en-vuelo-de-flydubai-LI23814483
Unitel,2026-09-30,Sociedad,"Por nevadas y riesgo en la vía, Tránsito frena temporalmente el viaje hacia Los Yungas","La Policía de Tránsito suspendió temporalmente este miércoles las salidas e ingresos hacia Los Yungas, en el departamento de La Paz, debido a la nevada que se registra y las condiciones de riesgo en la carretera.

“Están suspendidas las salidas hacia Los Yungas, se ha precipitado intensamente esta nevada, por lo cual no podemos poner en riesgo la seguridad vial, principalmente de los conductores y pasajeros”, afirmó el suboficial de la Policía Boliviana, Genaro Ramírez, en contacto con medios estales.

MIRA AQUÍ: Aulas y pasillos de módulo educativo cruceño se inundan y maestro dice que teme colapso del techo

De acuerdo al reporte, en el sector de la tranca de Urujara, para dirigirse al sector de Los Yungas, cae nieve y se encuentra cubierta con un manto blanco.

El uniformado recomendó a la población tener paciencia hasta que puedan calmar las nevadas, principalmente en el ingreso a esta zona, ya que la carretera se encuentra resbalosa.

Además, recomendó a los conductores manejar con precaución.

Por su parte, la Administradora Boliviana de Carreteras confirmó que el tramo Urujara – Pongo (cumbre) carretera a los Yungas , no está transitable por nevada y neblina . Agregó que mantiene un monitoreo constante del sector y desplegó personal de emergencia para atender cualquier eventualidad.

MIRA AQUÍ: Restituyen servicio de agua en más de 10 barrios cruceños, pero vecinos advierten que la solución es temporal

El Servicio Nacional de Meteorología e Hidrología emitió la alerta naranja N° 76/26, por nevadas débiles a temporalmente moderadas, que inició el martes y se extenderá hasta el jueves 1 de octubre, en los departamentos de Cochabamba, Tarija, La Paz, Oruro y Potosí.",https://unitel.bo/noticias/sociedad/por-nevadas-y-riesgo-en-la-via-transito-frena-temporalmente-el-viaje-hacia-los-yungas-FI23812654
Unitel,2026-09-30,Política,“No soy del Gobierno de EEUU”: Oviedo dice que desconoce los nombres de la nueva lista de vetados por la Casa Blanca,"El ministro de Gobierno, Marco Antonio Oviedo, afirmó este miércoles que “no conoce” la lista de los “20 funcionarios bolivianos” a quienes Estados Unidos impondrá las restricciones de visa, que se sumarán las 13 personas observadas el lunes.

El exministro de Gobierno Carlos Romero sospechan que en el nuevo listado se encuentra un “ministro” de la administración Rodrigo Paz y pidió que se transparente la información si ese fuese el caso.

“ No la conozco, no soy del Gobierno de EEUU, yo soy funcionario del Gobierno de Bolivia ”, dijo al ser consultado sobre este asunto y luego abandonó la improvisada rueda de prensa que brindó antes de la Mesa sectorial contra el narcotráfico y el crimen organizado, evento que lidera en La Paz.

MIRA AQUÍ: Carlos Romero sugiere que un ministro de Paz puede estar entre los funcionarios a los que EEUU impondrá restricciones de visa

El Departamento de Estado de Estados Unidos anunció el martes que impondrá restricciones de visa “a otros 20 funcionarios bolivianos” supuestamente implicados en casos de corrupción.

“Estamos designando públicamente al Fiscal General de Bolivia, Roger Mariaca, por aceptar sobornos de narcotraficantes para ayudarlos a evadir la justicia. El Departamento también está tomando medidas para imponer restricciones de visa a otros 20 funcionarios bolivianos corruptos”, informó la oficina de la Casa Blanca en su cuenta de X, sin detallar los nombres.

En la primera nómina figuran el fiscal general del Estado Roger Mariaca, además a otros 12 bolivianos , entre ellos operadores de Justicia, un exjefe de la Policía y un exministro del gobierno del expresidente Luis Arce: Iván Lima.

MIRA AQUÍ: EEUU anunció que “impondrá restricciones de visa a otros 20 funcionarios bolivianos corruptos”

El exministro de Gobierno de la administración de Evo Morales, Carlos Romero, sugirió que un ministro de la actual gestión de Rodrigo Paz podría estar entre los funcionarios bolivianos a los que Estados Unidos aplicará restricciones de visa.

Para Romero es “ importante que se transparente cuáles son los nuevos nombres ”.

“ ¿No será que hay funcionarios jerárquicos? Por alguna razón no se han dado los nombres, de repente si se daban los nombres habría un mayor terremoto y estruendo político ”, afirmó el exministro de Evo Morales en una entrevista con DTV.

Investigación

Oviedo anunció que las denuncias sobre presuntos involucrados en casos de narcotráfico serán investigadas por las instancias correspondientes, y se sancionará a los involucrados.

“Con respecto a las denuncias que vayan surgiendo de bolivianos involucrados en el tema del narcotráfico, ustedes conocen ya la política del Gobierno, es una política drástica, es una política sin retroceso , y fruto de eso son los resultados que estamos teniendo en la exitosísima tarea antinarcóticos que se viene desarrollando en Bolivia”, sostuvo.

Sin embargo, consideró que hay otras instancias que se sumarán a las pesquisas y las fiscalizaciones, entre ellas el Legislativo, por ejemplo, en el caso del fiscal Mariaca.

“Hay que dividir las cosas. Una cosa es el retiro de las visas. Eso es competencia, atribución de un Estado para ver qué ciudadanos tienen derecho a ingresar y qué ciudadanos no . Entonces, sobre ese hecho, ante el retiro de la visa del fiscal general, se ha pronunciado la Asamblea Legislativa”, señaló.

Explicó que ese órgano “tiene dos facultades: La primera, la de legislar; y la segunda, la de fiscalizar”. Argumentó que de la Asamblea Legislativa “sale el nombramiento del fiscal general”.",https://unitel.bo/noticias/politica/no-soy-del-gobierno-de-eeuu-oviedo-dice-que-desconoce-los-nombres-de-la-nueva-lista-de-vetados-por-la-casa-blanca-LI23814690
Unitel,2026-09-30,Seguridad,Delincuentes roban en una tienda del centro paceño y se llevan Bs 40.000,"Delincuentes irrumpieron en horas de la madrugada de este miércoles, en una tienda de la calle Socabaya, del centro de La Paz, y sustrajeron alrededor de Bs 40.000, informó la supervisora de servicio de la Policía, Claudia Estrambasaguas.

Los antisociales rompieron los candados de la puerta enrollable para ingresar a la tienda que comercializa prendas de vestir y accesorios de uso personal.

MIRA AQUÍ: Santa Cruz: aprehenden a dos abigeatistas en Cotoca y secuestra un vehículo con más de 100 kilos de carne

Hasta el lugar del hecho llegaron los efectivos policiales para recabar la información necesaria y dar con el paradero de los delincuentes que cometieron este robo a pocos metros de la plaza Murillo.

Asimismo informaron, que se está realizando un inventario de los productos que ofrece la tienda.

MIRA AQUÍ: Un hombre fue encontrado sin vida a un lado de la ciclovía cerca del Cristo de la Concordia en Cochabamba",https://unitel.bo/noticias/seguridad/delincuentes-roban-en-una-tienda-del-centro-paceno-y-se-llevan-bs-40000-NI23813961
Unitel,2026-09-30,Política,Velasco dice que gobernaciones no aceptarán coparticipación tributaria menor al 15%,"El gobernador cruceño, Juan Pablo Velasco aseguró en una publicación en sus redes sociales, q ue las gobernaciones del país no aceptarán menos del 15% de cooparticipación tributaria en la reunión que tienen este miércoles con el presidente Rodrigo Paz para tratar la iniciativa 50-50.

“Quiero anticipar, informar y dejar claro un punto antes de iniciar cualquier deliberación: no existe posibilidad alguna, ni siquiera en el escenario más remoto, de que las gobernaciones aceptemos una coparticipación tributaria inferior al 15%”, escribió en su red social.

MIRA AQUÍ: Gobernadores se reúnen con Rodrigo Paz para abordar de forma técnica el modelo 50-50

Aseguró que tiene autorización de sus colegas gobernadores de expresar este planteamiento, “porque no es una posición improvisada ni una pretensión circunstancial ”.

“Es un umbral mínimo, técnica y fiscalmente sustentado, para comenzar a corregir las competencias que administran los gobiernos departamentales y los recursos efectivamente disponibles para financiarlas”, añadió.

MIRA AQUÍ: Ministro Justiniano señala que ya está en marcha el proceso para pedir información a EEUU por la acusación contra Mariaca

Por otro lado, en su declaración, también aseguró que las gobernaciones del resto del país pueden replicar la metodología de importación de combustible que comenzó a utilizar Santa Cruz.

Además en contacto con los medios dijo que este miércoles junto con el presidente Rodrigo Paz lanzará la licitación para la construcción del HUB del aeropuerto internacional de Viru Viru.",https://unitel.bo/noticias/politica/velasco-dice-que-gobernaciones-no-aceptaran-coparticipacion-tributaria-menor-al-15-II23813795
Unitel,2026-09-30,Política,Gobernadores se reúnen con Rodrigo Paz para abordar de forma técnica el modelo 50-50,"Cerca de las 12:00 de este miércoles se inició la reunión entre los gobernadores del país y el presidente Rodrigo Paz para abordar técnicamente la implementación del modelo 50 - 50 , que contempla una redistribución equitativa del presupuesto nacional.

Entre los gobernadores está el de Santa Cruz, Juan Pablo Velasco; el de Cochabamba, Leonardo Loza; la de Pando, Gabriela de Paiva y otros.

Solo faltaban el de Potosí, René Joaquino y la de Tarija, María René Soruco.

Los gobernadores, primero, participaron de la ley que traspasa el pago de prediarios de los Gobiernos departamentales al nacional. Posteriormente se instaló la reunión con Rodrigo Paz.

MIRA AQUÍ: El Gobierno alista un “fondo de compensación” y bonos para que las alcaldías enfrenten la crisis, anuncia Manfred

Previo a su ingreso al Palacio Quemado, el gobernador cruceño realizó una publicación en sus redes sociales.

“Quiero anticipar, informar y dejar claro un punto antes de iniciar cualquier deliberación: no existe posibilidad alguna, ni siquiera en el escenario más remoto, de que las gobernaciones aceptemos una coparticipación tributaria inferior al 15%”, escribió.

Añadió que esta no es una posición improvisada ni una pretensión circunstancial. “Es un umbral mínimo, técnica y fiscalmente sustentado, para comenzar a corregir la profunda asimetría existente entre las competencias que administran los gobiernos departamentales y los recursos efectivamente disponibles para financiarlas”, añadió.

Por otro lado, indicó que la metodología utilizada por Santa Cruz para la importación del diésel está disponible para que la repliquen todas las gobernaciones del país.

Además, adelantó que esta jornada se licitará la construcción del HUB del Aeropuerto Internacional de Viru Viru.

MIRA AQUÍ: Choferes del norte paceño dicen que las condiciones topográficas de la región no son aptas para vehículos con GNV",https://unitel.bo/noticias/politica/gobernadores-se-reunen-con-rodrigo-paz-para-abordar-de-forma-tecnica-el-modelo-50-50-JI23812946
Unitel,2026-09-30,Política,"En presencia de gobernadores, Paz promulga la ley que devuelve el pago de prediarios y el bono de vacunación al Gobierno","El presidente Rodrigo Paz Pereira promulgó este miércoles la ley de prediarios, que devuelve al Gobierno central la responsabilidad de financiar la alimentación de las personas privadas de libertad y los gastos del régimen penitenciario, carga que durante años recayó en las gobernaciones.

La norma dispone además que el Ministerio de Gobierno asuma esos costos a nivel nacional y que el Ministerio de Salud financie el bono de vacunación.

“ Luego de 21 años estamos firmando un desagravio , porque aquello que era una responsabilidad central se recargaba sobre los recursos de las regiones”, afirmó Paz.

MIRA AQUÍ: Ministro Justiniano señala que ya está en marcha el proceso para pedir información a EEUU por la acusación contra Mariaca

Durante el acto, el ministro de la Presidencia, Fernando Aramayo, señaló que la norma corona un conjunto de acciones para salir de la “asfixia fiscal” heredada por un manejo “ciertamente irresponsable” de las finanzas públicas.

Detalló que la ley detalló que se destina Bs 87,6 millones para prediarios y gestión de régimen penitenciario y Bs 116,5 millones para viáticos de vacunación y salud preventiva, además de Bs 1,8 millones para gestión operativa.

MIRA AQUÍ: El Gobierno alista un “fondo de compensación” y bonos para que las alcaldías enfrenten la crisis, anuncia Manfred",https://unitel.bo/noticias/politica/en-presencia-de-gobernadores-paz-promulga-la-ley-que-devuelve-el-pago-de-prediarios-y-el-bono-de-vacunacion-al-gobierno-BI23814261
Unitel,2026-09-30,Virales,Video: Fuerte granizada sorprende a Caranavi y pobladores muestran la cantidad de hielo en una olla,"Una fuerte lluvia acompañada de granizo sorprendió a pobladores de Caranavi, en la región de los Yungas de Bolivia.

El video se observa a un hombre junto a una niña , quien sostiene una olla de aluminio llena de granizo, este contenido fue compartido por F10 HD.

“ Ha llovido granizada hermanos ”, relata el hombre mientras muestra la cantidad de hielo acumulada tras la intensa precipitación.

MIRA AQUÍ: Rompieron una maceta y quedaron grabados: volvieron al negocio para reparar el daño

En el mismo registro, el hombre señala que la granizada afecta a los cultivos de café y coca, productos agrícolas de importancia para la zona.

Las imágenes muestran la cantidad de granizo que cayó durante la lluvia y reflejan la intensidad del fenómeno climático registrado en Caranavi.

MIRA AQUÍ: “Messi es un puente para cosas maravillosas”: la inesperada revelación de Anne Hathaway",https://unitel.bo/noticias/virales/video-fuerte-granizada-sorprende-a-caranavi-y-pobladores-muestran-la-cantidad-de-hielo-en-una-olla-OI23815784
Unitel,2026-09-30,Política,"Exdiputado dice que tiene documentos de que esposa, cuñada y suegro de Rodrigo Paz tienen actividades en Boca Ratón","El exdiputado Tomas Monasterio denunció tener documentación del viaje oficial del presidente Rodrigo Paz a EEUU, y su estadía “de tres días” en Boca Ratón, una lujosa playa en Florida.

Monasterio pone sus dudas sobre el motivo del por qué el avión presidencial llegó a la zona y aseguró tener documentación que certifican que la esposa y cuñada del mandatario tendrían empresas en Florida y que su suegro tiene una propiedad millonaria en esta zona lujosa.

MIRA AQUÍ: En presencia de gobernadores, Paz promulga la ley que devuelve el pago de prediarios y el bono de vacunación al Gobierno

Añadió que los registros ubican al suegro del presidente, “como residente en Highland Beach, en el área de Boca Ratón y el inmueble asociado a esa ubicación aparece en Zillow con un valor estimado cercano a US$658.900”.

La publicación está acompañada con varias fotografías. Una de ellas muestra un edificio en el que, según Monasterio, el padre de la esposa de Paz tiene una propiedad.

“El valor de la propiedad no es el problema. El problema es que la explicación de una simple coincidencia ya no alcanza”, escribió en sus redes sociales.

Ante ello, remarcó que corresponde “transparentar qué parte del viaje fue oficial, qué parte fue privada y quién pagó avión, combustible, tripulación, seguridad, hospedaje y demás gastos”.

MIRA AQUÍ: Beller difunde ‘fotos’ de Cerimedo con el hijo de Donald Trump y su exjefe de campaña y pregunta si veto a Mariaca, ¿es una protección a la red Maga?

“Yo ya lo emplacé públicamente a desmentirme. Si esta información es incorrecta, Presidente Paz, desmiéntala. Pero si es correcta, entonces deje de hablar de coincidencias y muestre las cuentas. El Gobierno dijo coincidencia, los registros muestran el vínculo familiar. Ahora faltan las cuentas”, aseveró.

La explicación de Paz

Ante las críticas por una supuesta escala en una playa de EEUU, el presidente Rodrigo Paz se refirió el lunes al tema y sostuvo que el tema de itinerarios de vuelo no pasa por decisiones suyas, sino que responde a criterios técnicos.

“La elección de aeropuertos no pasa por mí” , sostuvo el jefe de Estado a su retorno a Bolivia.

“A diferencia del expresidente Evo Morales, yo no uso el avión (presidencial) para ir a Sudáfrica a ver un partido de fútbol del Mundial (...) yo uso el avión para generar recursos para Bolivia ”, agregó Paz.

El jefe de Estado resaltó que las decisiones se asumen en función a temas técnicos y aeropuertos “más viables”.",https://unitel.bo/noticias/politica/exdiputado-dice-que-tiene-documentos-de-que-esposa-cunada-y-suegro-de-rodrigo-paz-tienen-actividades-en-boca-raton-PI23814957
Unitel,2026-09-30,Economía,Paz confirma visita de presidente de Chile y destaca el Puerto Seco de Oruro como eje de la inversión,"El presidente Rodrigo Paz confirmó este miércoles la visita a Bolivia de su homólogo de Chile, José Antonio Kast, que se programa para octubre, y, en ese marco, destacó la importancia de fortalecer los vínculos comerciales.

“Hemos hablado también con el presidente Kast, gobernador de Oruro, para facilitar. En principio, el presidente Kast en principio viene y la idea es fortalecer todo lo que es la vinculación comercial , que es Oruro y Potosí básicamente las que generan la puerta de entrada y salida”, afirmó.

MIRA AQUÍ: “No soy del Gobierno de EEUU”: Oviedo dice que desconoce los nombres de la nueva lista de vetados por la Casa Blanca

“ Y le hablé de su Puerto Seco para que sea un punto de inversión. Si Bolivia no produce, qué nos vamos a repartir, si no producimos qué repartimos”, comentó Paz.

Se conoce que Kast visitará Bolivia entre la segunda y la tercera semana de octubre para abordar asuntos de la agenda bilateral, entre ellos temas de comercio, seguridad e integración.

MIRA AQUÍ: Beller difunde ‘fotos’ de Cerimedo con el hijo de Donald Trump y su exjefe de campaña y pregunta si veto a Mariaca, ¿es una protección a la red Maga?

Puerto Seco

Oruro impulsa desde hace décadas el proyecto del Puerto Seco con el objetivo de impulsar el desarrollo logístico y económico de la región y del país.

Oruro concentra gran parte del tránsito nacional de carga hacia los puertos del Pacífico, por ello se impulsa la zona como un punto estratégico para la logística y el comercio internacional boliviano.",https://unitel.bo/noticias/economia/paz-confirma-visita-de-presidente-de-chile-y-destaca-el-puerto-seco-de-oruro-como-eje-de-la-inversion-CI23816510
Unitel,2026-09-30,Mundo,El Senado de México aprueba la reforma que prohíbe la doble nacionalidad a gobernantes,"El Senado mexicano aprobó este martes por mayoría calificada una reforma constitucional que exigirá tener únicamente la nacionalidad mexicana para aspirar a la Presidencia, una gubernatura o la Jefatura de Gobierno de Ciudad de México.

El proyecto fue aprobado, en lo general y particular, con 86 votos a favor y 42 en contra, sin abstenciones, por lo que quedó avalado sin modificaciones y fue remitido a los congresos locales.

La reforma modifica tres artículos de la Constitución para establecer que quienes aspiren a esos cargos deberán ser mexicanos por nacimiento y no tener ni adquirir otra nacionalidad.

Si poseen otra, deberán renunciar a ella antes de solicitar su registro electoral y acreditar que el vínculo jurídico con el otro Estado dejó efectivamente de existir.

Durante el ejercicio del cargo tampoco podrán adquirir o solicitar otra nacionalidad, invocarla ante autoridades extranjeras, o utilizar pasaporte o documentos de identidad expedidos por otro país.

Tampoco podrán ejercer derechos políticos inherentes a esa ciudadanía extranjera ni acogerse a su protección diplomática.

MIRA AQUÍ: Video muestra los momentos de pánico en medio del altercado entre pilotos en vuelo de Flydubai

Los cambios serán aplicables a partir del proceso electoral de 2028 y no afectarán a quienes ya ejerzan alguno de esos cargos cuando la reforma entre en vigor.

El Congreso tendrá además 90 días naturales para adecuar la Ley de Nacionalidad y la legislación electoral, mientras las entidades federativas deberán armonizar sus constituciones y normas electorales en el mismo plazo.

La presidenta mexicana Claudia Sheinbaum presentó la iniciativa el 30 de agosto y la Cámara de Diputados la aprobó el 22 de septiembre con 344 votos a favor, 116 en contra y una abstención en lo general, y 334 votos favorables, 109 contrarios y una abstención sobre los artículos reservados.

Morena y sus aliados defendieron en el Senado que la medida no elimina la doble nacionalidad ni restringe de manera general los derechos políticos, sino que crea una condición excepcional relacionada con la soberanía para quienes encabecen los poderes ejecutivos.

Los opositores partidos Acción Nacional (PAN), Revolucionario Institucional (PRI) y Movimiento Ciudadano (MC) sostuvieron, por el contrario, que la exigencia restringe derechos políticos de mexicanos con doble nacionalidad, particularmente de quienes emigraron o nacieron en el extranjero.

Al tratarse de una reforma constitucional, deberá obtener ahora el respaldo de la mayoría de las legislaturas de las 32 entidades federativas para su publicación oficial.

MIRA AQUÍ: Flydubai confirma un “altercado en la cabina” de vuelo hacia Israel y pide no especular

El debate sobre la doble nacionalidad también ha estado presente en otros procesos electorales de América Latina: presidentes, como Daniel Noboa en Ecuador o Abelardo de la Espriella en Colombia, tienen también la nacionalidad estadounidense, por lo que en ambos países la oposición ha cuestionado la binacionalidad por posibles conflictos de intereses.",https://unitel.bo/noticias/mundo/el-senado-de-mexico-aprueba-la-reforma-que-prohibe-la-doble-nacionalidad-a-gobernantes-GI23816707
Unitel,2026-09-30,Política,“Son especulaciones”: Viceministro Paredes responde a Romero sobre su versión de que habría un ministro entre los vetados por EEUU,"El viceministro de Régimen Interior y Policía, Hernán Paredes, respondió este miércoles al exministro Carlos Romero, quien sospecha que en el nuevo listado de vetados por Estados Unidos se encuentra un “ministro” de la administración Rodrigo Paz.

“ Son especulaciones que están en el campo de la gestión político de algunas exautoridades ”, señaló el viceministro Paredes.

MIRA AQUÍ: “No soy del Gobierno de EEUU”: Oviedo dice que desconoce los nombres de la nueva lista de vetados por la Casa Blanca

El Departamento de Estado de Estados Unidos anunció el martes que impondrá restricciones de visa “ a otros 20 funcionarios bolivianos” supuestamente implicados en casos de corrupción .

“Estamos designando públicamente al Fiscal General de Bolivia, Roger Mariaca, por aceptar sobornos de narcotraficantes para ayudarlos a evadir la justicia. El Departamento también está tomando medidas para imponer restricciones de visa a otros 20 funcionarios bolivianos corruptos”, informó la oficina de la Casa Blanca en su cuenta de X, sin detallar los nombres.

Paredes remarcó que el Gobierno “respeta” la decisión de la Casa Blanca y anunció que Bolivia cumplirá “el debido proceso” en los casos que lleguen a la Justicia.

“Y en todo caso nosotros respetamos las decisiones que tome el gobierno americano (norteamericano) y nosotros, desde Bolivia, vamos a cumplir el debido proceso en todos estos temas”, señaló.

“En su momento, Evo Morales expulsó a algunos miembros del Gobierno americano de Bolivia, con un derecho que lo hizo. El Gobierno americano tiene el derecho de impedir el acceso a Estados de Unidos de personas que consideran que perjudican sus políticas públicas en la lucha contra organizaciones criminales”, añadió.

Oviedo

El ministro de Gobierno, Marco Antonio Oviedo, afirmó este miércoles que “no conoce” la lista de los “20 funcionarios bolivianos” a quienes Estados Unidos impondrá las restricciones de visa, que se sumarán las 13 personas observadas el lunes.

“ No la conozco, no soy del Gobierno de EEUU, yo soy funcionario del Gobierno de Bolivia ”, dijo al ser consultado sobre este asunto y luego abandonó la improvisada rueda de prensa que brindó antes de la Mesa sectorial contra el narcotráfico y el crimen organizado, evento que lidera en La Paz.",https://unitel.bo/noticias/politica/son-especulaciones-viceministro-paredes-responde-a-romero-sobre-su-version-de-que-habria-un-ministro-entre-los-vetados-por-eeuu-II23817708
Unitel,2026-09-30,Economía,Concejo y micreros acuerdan comisión “abierta a la ciudadanía” para tratar el tema del pasaje en Santa Cruz,"Poco antes del mediodía de este miércoles, los micreros y los concejales de Santa Cruz de la Sierra acordaron instalar comisión mixta para tratar el tema del pasaje en el transporte público.

El concejal Marco Cadena, indicó que esta comisión mixta será “abierta a la ciudadanía”. Añadió que el trabajo evaluará el “reajuste de una tarifa y todo lo que competen al transporte, como mejora en sus unidades”.

MIRA AQUÍ: Filas por combustible: “Todos los ministros se meten y ninguno resuelve nada”, cuestiona cívico

Se prevé que la cita será convocada para las 14:30 del jueves en instalaciones del Concejo.

Cadena indicó que en la comisión mixta se prevé la asistencia de la dirigencia vecinal, el control social, colegios de profesionales, sociedad de ingenieros y otros.

La dirigencia del transporte cruceño cumplió el lunes 28 de septiembre un paro de actividades y advirtieron que acatarán uno nuevo el lunes 5 y el martes 6 de octubre para exigir una tarifa transitoria o la eliminación del decreto que elimina la subvención del diésel en el país.

En la actualidad los adultos pagan Bs 3 y los micreros proponen subir a Bs 6. No obstante, hay rechazo de juntas vecinales y también de universitarios.

MIRA AQUÍ: Paz confirma visita de presidente de Chile y destaca el Puerto Seco de Oruro como eje de la inversión

Por su lado, el dirigente del transporte cruceño, Mario Guerrero, indicó que el sector está abierto al diálogo y una prueba es que asistieron a la reunión en el Concejo.",https://unitel.bo/noticias/economia/concejo-y-micreros-acuerdan-comision-abierta-a-la-ciudadania-para-tratar-el-tema-del-pasaje-en-santa-cruz-HI23816023
Unitel,2026-09-30,Economía,"A nivel nacional, distribuidores de gas de garrafa no entregarán el producto a los barrios debido a la subida del diésel","Los distribuidores del Gas Licuado de Petróleo (GLP), piden al Gobierno una compensación por el incremento del precio del diésel, para que puedan seguir realizando su trabajo . Advirten que de no recibir una respuesta este miércoles, suspenderán la distribución en los barrios a partir del jueves.

El presidente de la Cámara de Distribuidores, Fernando Segovia, señaló que han hecho conocer al Gobierno la afectación económica que sufre el sector con el nuevo precio del diésel y que hasta la fecha no han tenido una respuesta.

MIRA AQUÍ: Concejo y micreros acuerdan comisión “abierta a la ciudadanía” para tratar el tema del pasaje en Santa Cruz

Asimismo, informó, que a nivel nacional son 134 empresas que dejarían de distribuir el GLP en los barrios.

”Ya mañana (jueves) los asociados han pedido que no se distribuya porque ya no le dan los costos para hacer la distribución normal en la calle”, remarcó Segovia.

MIRA AQUÍ: ¿Desvío de gasolina en Potosí? Anuncian la destitución del responsable de YPFB en medio de la crisis de combustibles",https://unitel.bo/noticias/economia/a-nivel-nacional-distribuidores-de-gas-de-garrafa-no-entregaran-el-producto-a-los-barrios-debido-a-la-subida-del-diesel-DI23817477
Unitel,2026-09-30,Seguridad,Fiscalía niega supuesta reunión entre el fiscal general Roger Mariaca y Sebastián Marset,"La Fiscalía General del Estado (FGE) negó de manera “categórica” las versiones periodísticas que señalan que el fiscal General Estado, Roger Mariaca se hubiera reunido con el narcotraficante Sebastián Marset, 10 días antes de su extradición a Estados Unidos.

“Ante la gravedad de esta afirmación que afecta el honor de una autoridad y por responsabilidad con la opinión pública, la FGE solicita presentar las pruebas que respalden lo manifestado ”, señala el comunicado.

MIRA AQUÍ: Carlos Romero sugiere que un ministro de Paz puede estar entre los funcionarios a los que EEUU impondrá restricciones de visa

En esa línea se agrega que la Fiscalía General del Estado “rechaza dicha afirmación y sostiene que la información difundida no corresponde a la verdad”.

A través del comunicado se indica que la libertad de expresión debe ser plenamente garantizada, pero no puede confundirse con la difusión de afirmaciones falsas o acusaciones sin respaldo probatorio ”.",https://unitel.bo/noticias/seguridad/fiscalia-niega-supuesta-reunion-entre-el-fiscal-general-roger-mariaca-y-sebastian-marset-HI23818483
Unitel,2026-09-30,Virales,¡Inesperado asistente! Un sapo irrumpe en plena reunión por la tarifa del transporte en el Concejo cruceño,"Mientras concejales y representantes del sector transporte se encontraban reunidos para abordar el tema de la tarifa del transporte público , un inesperado visitante hizo su aparición en las instalaciones del Concejo Municipal de Santa Cruz de la Sierra.

Se trataba de un sapo que aparentemente, llegó hasta el lugar debido a las intensas lluvias registradas en la ciudad.

MIRA AQUÍ: Rompieron una maceta y quedaron grabados: volvieron al negocio para reparar el daño

Por unos instantes, el inesperado visitante logró robarse la atención de quienes se encontraban en el lugar , provocando curiosidad, algunas miradas de sorpresa y hasta risas entre los presentes.

Así, en medio de una reunión marcada por el debate sobre uno de los temas que genera mayor atención entre los usuarios del transporte público , el sapo terminó convirtiéndose en el inesperado protagonista de la jornada.

MIRA AQUÍ: “Messi es un puente para cosas maravillosas”: la inesperada revelación de Anne Hathaway",https://unitel.bo/noticias/virales/inesperado-asistente-un-sapo-irrumpe-en-plena-reunion-por-la-tarifa-del-transporte-en-el-concejo-cruceno-DI23817307
Unitel,2026-09-30,Mundo,Los pasajeros del vuelo flydubai aterrizaron en Israel,"El a vión con los pasajeros del vuelo de flydubai que fue desviado a Arabia Saudita tras un altercado entre los pilotos aterrizó el miércoles por la noche en Tel Aviv, según imágenes retransmitidas por AFPTV.

El avión aterrizó en la pista del aeropuerto Ben Gurión a las 15H34 GMT.

El vuelo en el que se registró el incidente y que tuvo que ser desviado, el FZ 1073, cubría la ruta entre Dubái y Tel Aviv.

MIRA AQUÍ: Video muestra los momentos de pánico en medio del altercado entre pilotos en vuelo de Flydubai

Al parecer, se produjo una pelea entre los dos pilotos, según contaron varios pasajeros , que obligó a efectuar un aterrizaje de emergencia en la ciudad saudita de Tabuk.

El avión llevaba a bordo 174 pasajeros , entre ellos 166 israelíes, y todos estaban sanos y salvos, según la aerolínea de bajo coste.

Una de las pasajeras, Miryam Shira Ohayon, que iba a bordo del avión , había explicado horas antes que “ el copiloto intentó matar al piloto y, básicamente, llevar a cabo un atentado suicida en el avión”.

MIRA AQUÍ: Flydubai confirma un “altercado en la cabina” de vuelo hacia Israel y pide no especular

“ Estábamos a punto de estrellarnos ” y se evitó “sencillamente gracias al ingenio de muchas personas que redujeron al copiloto y lo neutralizaron”, contó por teléfono desde el aeropuerto de Tabuk, hablando con su madre, que la esperaba en el aeropuerto de Ben Gurión.",https://unitel.bo/noticias/mundo/los-pasajeros-del-vuelo-flydubai-aterrizaron-en-israel-CI23818921
Unitel,2026-09-30,Economía,Las alcaldías de capitales y el Alto urgen a Paz que el modelo 50-50 se aplique en el presupuesto de 2027,"La Asociación de Municipalidades de Bolivia (AMB), que reúne a las alcaldías de las ciudades capitales y El Alto, pidieron al Gobierno del presidente Rodrigo Paz que las primeras medidas del modelo 50-50 se apliquen en el Presupuesto General del Estado (PGE) 2027.

El alcalde de Cochabamba, Manfred Reyes Villa, indicó que el asunto se trató en la reunión que sostuvo la AMB con el presidente Paz el martes en La Paz.

”En realidad, más que el Gobierno, creo que las alcaldías han dado el plazo para que esté en el presupuesto del 2027 pese a que ya nosotros presentamos con anticipación nuestros POAs”, señaló en una entrevista con UNITEL en referencia a los Planes Operativos Anuales (POA).

“Entonces, para hacer un reformulado necesitamos que esté (en el PGE) y nos diga el Gobierno: ‘Muy bien, a partir de enero o febrero va a estar”, señaló.

“Obviamente, el Gobierno va a decir: ‘ Para eso primero tengo que recaudar” y es evidente ”, sortuvo.

Esta premisa también ha sido planteada por los gobernadores que se reunieron con Paz en el Palacio de Gobierno.

En criterio de Reyes Villa, “todos tenemos que ayudar” para que se mejore la recaudación y las fuentes de ingreso de las regiones.

En ese marco, planteó al Legislativo tratar el paquete de leyes con prontitud con el objetivo de que se agilice la llegada de inversiones.

“La Asamblea tendrá que ir aprobando las diferentes leyes. Es importante aprobar la ley de minería, la nueva ley de hidrocarburos”, señaló.

Consideró además urgente aprobarla la Ley de Inversión, aunque también consideró que las regiones pueden optar por las Alianzas Público Privadas (APP) para captar recursos económicos.

“Lo que tenemos que hacer es poner porcentajes en este momento ”, sostuvo para iniciar las gestiones para el nuevo modelo.

Gobierno

Paz afirmó que “esta alianza del 50-50 no representa únicamente recursos, coparticipación ni esperar cuántos ítems llegarán para salud y educación, sino lograr el cambio estructural definitivo del Estado tranca en el que actualmente vivimos”.

“Llevar adelante esta transformación exige reformas de fondo: eso son leyes, eso es Constitución y nuevas reglas de juego, porque encarar ese cambio de estructura institucional para impulsar el desarrollo es exactamente el 50-50”, sostuvo.",https://unitel.bo/noticias/economia/las-alcaldias-de-capitales-y-el-alto-urgen-a-paz-que-el-modelo-50-50-se-aplique-en-el-presupuesto-de-2027-DI23812045
Unitel,2026-09-30,Agencias,Agenda informativa multisoporte América para el miércoles 30 de septiembre de 2026,"ESTADOS UNIDOS

- Estados Unidos encabeza la reunión de ministros de comercio del G20 centrada en poner fin al trabajo forzoso, que ha justificado la imposición de aranceles por parte de Washington a terceros países, y denunciar la instrumentalización del comercio de alimentos.

- El presidente de EE.UU., Donald Trump, celebra en la Casa Blanca el Mes de la Herencia Hispana, en la primera conmemoración de esta fecha durante su segundo mandato y a poco más de un mes de las elecciones de medio mandato, en un momento de baja aprobación presidencial y con la atención puesta en el voto latino. (foto) (video) (directo)

- Un tribunal federal de apelaciones suspendió la ejecución por inyección letal de Christa Pike, la única mujer actualmente en el corredor de la muerte de Tennessee, aproximadamente una hora antes de la hora prevista para llevarla a cabo.

- La Oficina de Análisis Económico publica la segunda revisión del dato del producto interior bruto (PIB) de EE.UU. en el segundo trimestre.

- El Museo de Arte Moderno de Nueva York (MoMA) presenta la exposición 'The Surrealist Book: Tomorrow Lives in Mirrors', una muestra que explora la repercusión de los libros de artista dentro del movimiento surrealista a través de volúmenes procedentes de la colección de Helen y Sam Zell. (foto) (video)

- El museo de arte de Brooklyn presenta su nueva exposición de arte moderno europeo, con obras de artistas como Cézanne, Edgar Degas, Paul Gauguin o Henri de Toulouse-Lautrec. (foto) (video)

- Wall Street cierra un mes de septiembre marcado por la subida de los tipos, el encarecimiento del petróleo y las tensiones geopolíticas.

- La tecnológica Micron publica los resultados correspondientes al cuarto trimestre fiscal de 2026.

BRASIL

- El presidente brasileño, Luiz Inácio Lula da Silva, realiza su último mitin de campaña en Juiz de Fora, ciudad del estado de Minas Gerais, segundo colegio electoral del país. (foto) (video)

- El Banco Central divulga el resultado de las cuentas públicas de Brasil y la relación entre deuda y producto interior bruto (PIB) en agosto.

ARGENTINA

- Mafalda Inmersiva, una muestra que invita a caminar por el universo creado por Quino y encontrarse con sus personajes y escenarios, se estrena en Buenos Aires, primera parada de una propuesta que prevé llegar luego a distintos puntos de Europa y Latinoamérica. (foto) (video)

MÉXICO

- Tras su paso por Broadway, el musical 'Buena Vista Social Club' tendrá en México su primera presentación internacional fuera de EE.UU., a partir del 12 de noviembre en el Teatro de los Insurgentes, para celebrar el histórico ""amor de ida y vuelta que ha habido entre Cuba y México"", según la productora y directora teatral Julieta González. (foto)

- El peso mexicano cierra septiembre por encima de las 17 unidades por dólar y con una depreciación mensual, tras un periodo marcado por la volatilidad en los mercados y las expectativas sobre las tasas de interés en México y Estados Unidos.

- Conferencia de prensa de la presidente de México, Claudia Sheinbaum. (foto)(video)

- Presentación del informe Situación México del BBVA, con el economista jefe, Carlos Serrano.

VENEZUELA

- El Parlamento de Venezuela, de mayoría chavista, convocará este viernes el proceso para seleccionar a los representantes de la sociedad civil que integrarán el comité encargado de renovar los 32 magistrados del Tribunal Supremo de Justicia (TSJ), como parte de los acuerdos alcanzados entre el chavismo y un sector de la oposición.

COLOMBIA

- El Departamento Administrativo Nacional de Estadística (DANE) divulga el resultado del índice de desempleo de Colombia en agosto.

- La Junta Directiva del Banco de la República, autoridad monetaria de Colombia, se reúne para revisar la tasa básica de interés, actualmente en el 12 %.

- El congresista colombiano José Jaime Uscátegui pidió al presidente, Abelardo de la Espriella, militarizar tres localidades de Bogotá que concentraron 528 homicidios en 2024, el 43,8 % del total de asesinatos registrados ese año en la capital del país.

CHILE

- El cobre, uno de los pilares de la economía chilena, afronta un escenario clave a mediano plazo para impulsar el crecimiento del país, que actualmente se beneficia de los elevados precios del metal rojo pese al descenso de su producción y en medio de un prolongado estancamiento económico. (foto)

PERÚ

- El abogado César Luna Victoria, quien fue ministro del expresidente Alberto Fujimori (1990-2000), fue ratificado como jefe de la Superintendencia Nacional de Aduanas y Administración Tributaria (Sunat) de Perú por un periodo de cinco años.

- Más de 40.000 militares se despliegan en Perú para resguardar los centros de votación donde este domingo se desarrollarán las elecciones regionales y municipales. (Foto) (Vídeo) (directo)

- En medio de críticas y polémicas, aunque también con la complacencia de gran parte de la ciudadanía y de las autoridades electorales, decenas de alcaldes buscan una ""reelección encubierta"", prohibida por la Constitución, en las elecciones regionales y municipales que se celebrarán este domingo en Perú.

REPÚBLICA DOMINICANA

- Celebración de la Feria Internacional del Libro Santo Domingo (FILSD 2026).

PARAGUAY

- El Tribunal Superior de Justicia Electoral (TSJE) continúa con el despliegue de las máquinas de votación de cara a los comicios municipales del 4 de octubre. (foto)

- Se celebra el foro Acuerdo de Asociación Unión Europea - Mercosur: Oportunidades para Paraguay, con la presencia de los ministros de Exteriores e Industria y Comercio de Paraguay, Rubén Ramírez y Marco Riquelme, respectivamente, y la embajadora de la UE en Asunción, Katja Afheldt. (foto)

ECUADOR

- El Women Economic Forum (WEF) Ecuador 2026 prevé reunir, en Quito, a más de 89 exponentes de 15 países en torno a liderazgo, innovación, inteligencia artificial, ciencia, emprendimiento y transformación económica, entre ellos Sandra Cauffman, referente de la NASA.

- Ecuador entrega la presidencia pro tempore de la Comunidad Andina para el periodo 2026-2027 a Perú, que asume con el propósito de promover iniciativas que acerquen la integración regional al ciudadano. (foto) (video) (directo)

- Inauguración de la Feria Internacional del Libro de Quito (FIL Quito) 2026, en la que participarán autores de Ecuador, España, Argentina, Perú y México, entre otros. (foto) (video)

PANAMÁ

- Una comisión de Gobierno entrega al presidente de Panamá, José Raúl Mulino, un informe final sobre la mina cerrada en 2023 por una orden judicial, tras una oleada inédita de protestas, para decidir el futuro del yacimiento, clave para la economía panameña. (foto) (video)

- Unos 25,8 millones de menores en América Latina y el Caribe se enfrentan a las consecuencias del fenómeno El Niño, que deja graves inundaciones y severas sequías, como un mayor riesgo de malnutrición, exposición a enfermedades y limitaciones al acceso de servicios básicos.

EL SALVADOR

- El Tribunal Supremo Electoral (TSE) de El Salvador convocó a las elecciones generales del 28 de febrero de 2027, en las que el presidente Nayib Bukele buscará un tercer mandato consecutivo tras la reforma constitucional aprobada en 2025 que habilitó la reelección presidencial inmediata y amplió de cinco a seis años el período de Gobierno. (foto) (video)

DEPORTES

Argentina.- La selección argentina recibe a Bolivia en un partido amistoso el estadio Mario Alberto Kempes de la ciudad de Córdoba. (foto)

Uruguay.- Montevideo City Torque y Peñarol se enfrentan en un duelo pendiente de la primera jornada del Torneo Clausura que pondrá en juego puntos importantes para la definición de la Liga Uruguaya.

Ecuador.- Previa del amistoso de este jueves en Japón, entre Japón y Ecuador. EFE

Mesa de Edición de América

mesaamerica@efe.com

ma/lnm",https://unitel.bo/noticias/agencias/agenda-informativa-multisoporte-america-para-el-miercoles-30-de-septiembre-de-2026-CL23820727
Unitel,2026-09-30,Economía,Gobierno elimina la subvención a la gasolina de aviación y ahora se venderá a precio de mercado,"El Gobierno emitió en las últimas horas el Decreto Supremo 5729, el cual establece que la gasolina de aviación Grado 100 importada se comercializará a precios de mercado y no estará sujeta a subvención.

La nueva política también fija las reglas para la importación y venta de este combustible con el objetivo de garantizar el abastecimiento en el mercado interno y se adopta “en el marco de la emergencia energética y social” declarada mediante Decreto Supremo 5517 y considerando la evolución de la demanda de este combustible de aviación.

“Resulta necesario establecer un régimen complementario que permita garantizar la continuidad y seguridad del suministro, así como regular las condiciones aplicables a su importación y comercialización, atendiendo a las particularidades de este hidrocarburo y a su naturaleza diferenciada respecto de la producción nacional de hidrocarburos”, establece la nueva norma.

MIRA AQUÍ: “Nos damos el lujo de no usar la capacidad ociosa de las refinerías”, cuestiona experto sobre política de combustibles

Tu navegador no puede mostrar el archivo PDF. Puedes descargarlo aquí en su lugar.

Las reglas del decreto

La nueva norma establece una cadena específica para el producto importado, es decir, el importador deberá vender la gasolina de aviación a la empresa operadora de la planta de suministro de combustibles de aviación en los aeropuertos, previa obtención de las autorizaciones previstas por la normativa vigente.

A partir de esa operación, las empresas que administran las plantas de suministro podrán comercializar el combustible con los usuarios o clientes aeronáuticos. El producto podrá ser importado directamente por estas empresas o adquirido de un importador autorizado, según dispone el artículo 3 del decreto.

“La comercialización de Gasolina de Aviación Grado 100 proveniente de importaciones realizadas por personas naturales o jurídicas privadas y/o por la empresa operadora de planta de suministro de combustibles de aviación, está sujeta a precios de mercado ”, reza uno de los puntos centrales de la norma, específicamente en el artículo.

MIRA AQUÍ: A nivel nacional, distribuidores de gas de garrafa no entregarán el producto a los barrios debido a la subida del diésel

Mientras que el artículo 6 determina que “la importación y posterior comercialización de la gasolina de aviación Grado 100 no está sujeta a subvención”.

Otro tema clave es que se dispone que el gravamen arancelario se difiera a 0% hasta el 31 de diciembre de 2027 y una alícuota específica del Impuesto Especial a los Hidrocarburos y sus Derivados (IEHD), conforme al anexo de la norma.

El Ministerio de Hidrocarburos tiene hasta 10 días hábiles para reglamentar la norma y precisar las condiciones correspondientes al régimen de precios de mercado definido por el decreto.

MIRA AQUÍ: Filas por combustible: “Todos los ministros se meten y ninguno resuelve nada”, cuestiona cívico",https://unitel.bo/noticias/economia/gobierno-elimina-la-subvencion-a-la-gasolina-de-aviacion-y-ahora-se-vendera-a-precio-de-mercado-JL23820678
Unitel,2026-09-30,Mundo,Lula descarta participar en el debate televisivo previo a las presidenciales en Brasil,"El presidente brasileño y candidato a la reelección, Luiz Inácio Lula da Silva, descartó participar en el debate televisivo entre los aspirantes previsto para el jueves, tres días antes de las elecciones, informó este miércoles la red Globo de televisión, organizadora del evento.

La decisión del líder progresista fue comunicada por sus asesores este miércoles a la red Globo, la de mayor audiencia del país suramericano y que tradicionalmente organiza los debates previos a las elecciones.

Los otros cuatro candidatos invitados al debate ya confirmaron su participación: el senador ultraderechista Flávio Bolsonaro, el exgobernador de Goiás Ronaldo Caiado, el psiquiatra y escritor Augusto Cury y el exgobernador de Minas Gerais Romeu Zema.

Los brasileños acudirán el próximo domingo a las elecciones sin ver a los favoritos debatir en televisión ante varias negativas de participar de Lula y Bolsonaro, que protagonizarán una de las elecciones más polarizada en la historia de Brasil, ya que están empatados técnicamente en los sondeos, con un 40 % para el presidente y un 36% para el senador.

Dos de los debates que estaban previstos en el último mes tuvieron que ser cancelados ante el rechazo de los dos favoritos a asistir. El primero de todos se realizó pero con candidatos cuya intención de voto no supera el 5%.

Tras haberse negado a participar en los primeros debates, el hijo del expresidente Jair Bolsonaro (2019-2022) confirmó que asistirá al organizado por Globo el jueves y retó a Lula a hacerlo también.

“Voy al debate de Globo. Lo estoy confirmando aquí. Él que decida. Quiero ir para debatir con él. Lo estoy llamado para que acuda : Lula ven a debatir conmigo porque quiero restregarte la verdad en la cara y voy a mostrar que mi proyecto de Brasil es mejor que el tuyo”, aseguró el senador ultraderechista en un mitin en el estado de Goiás el pasado domingo.

Según dirigentes del oficialista Partido de los Trabajadores, citados por la prensa, Lula , como único aspirante de izquierda, temía convertirse en blanco de las críticas de los otros cuatro candidatos invitados al debate, ya que todos representan a partidos de centroderecha o de ultraderecha.

MIRE AQUÍ: Los pasajeros del vuelo flydubai aterrizaron en Israel

Globo informó que dejará vacía la silla que le correspondería a Lula en el debate.

Además del empate técnico en la primera vuelta, Lula y Bolsonaro también aparecen en un empate técnico en los sondeos para una eventual segunda vuelta, necesaria en caso de que ningún candidato alcance más de la mitad de los votos.

La diferencia entre los dos, sin embargo, es menor para un eventual balotaje, previsto para el 25 de octubre de ser necesario, ya que el líder progresista tiene el 47 % de la intención de voto contra el 45 % de su principal rival.

MIRE AQUÍ: El Senado de México aprueba la reforma que prohíbe la doble nacionalidad a gobernantes",https://unitel.bo/noticias/mundo/lula-descarta-participar-en-el-debate-televisivo-previo-a-las-presidenciales-en-brasil-OL23821483
Unitel,2026-09-30,Política,Loza cuestiona restricciones de visas de EEUU y las considera una “acción política”,"El gobernador de Cochabamba, Leonardo Loza, calificó este miércoles como una “acción política” la decisión de Estados Unidos de imponer restricciones de visa a altas autoridades judiciales y otros 20 funcionarios.

“Esto es una acción política, una acción violatoria a la soberanía y a la justicia. Esto es un atentado. Bolivia tiene soberanía e independencia judicial y, desde todo punto de vista, hay que defenderla”, sostuvo Loza al ser consultado por los medios de comunicación.

MIRA AQUÍ: EEUU anunció que “impondrá restricciones de visa a otros 20 funcionarios bolivianos corruptos”

La autoridad departamental cuestionó que Estados Unidos adopte este tipo de medidas y sostuvo que la restricción de visas no constituye una investigación ni una sentencia.

“Evidentemente, quitar visas no emite sentencias, no emite investigaciones”, agregó.

El Departamento de Estado de Estados Unidos anunció que impondrá restricciones de visa “ a otros 20 funcionarios bolivianos” supuestamente implicados en casos de corrupción .

“Estamos designando públicamente al Fiscal General de Bolivia, Roger Mariaca, por aceptar sobornos de narcotraficantes para ayudarlos a evadir la justicia. El Departamento también está tomando medidas para imponer restricciones de visa a otros 20 funcionarios bolivianos corruptos”, informó la oficina de la Casa Blanca en su cuenta de X, sin detallar los nombres.

MIRA AQUÍ: Un exministro de Arce, fiscales y magistrados figuran entre los vetados para entrar a EEUU

Ante este anunció, el ministro de Gobierno, Marco Antonio Oviedo, afirmó este miércoles que “no conoce” la lista de los “20 funcionarios bolivianos” a quienes Estados Unidos impondrá las restricciones de visa, que se sumarán las 13 personas observadas el lunes.

“ No la conozco, no soy del Gobierno de EEUU, yo soy funcionario del Gobierno de Bolivia ”, dijo al ser consultado.",https://unitel.bo/noticias/politica/loza-cuestiona-restricciones-de-visas-de-eeuu-y-las-considera-una-accion-politica-DL23820762
Unitel,2026-09-30,Política,Gobernaciones acuerdan mesas técnicas para el 5 y 12 de octubre para profundizar cronograma del 50-50,"Tras la reunión sostenida este miércoles con el presidente Rodrigo Paz, las gobernaciones del país acordaron iniciar mesas técnicas desde el 5 de octubre para impulsar la hoja de ruta del sistema de redistribución 50-50, según reportó la gobernadora de Pando, Gabriela de Paiva, apuntando a que los gobiernos subnacionales se beneficien con la coparticipación tributaria bajo este esquema.

“El lunes 5 de octubre se va a tener aquí, en La Paz, a los nueve equipos técnicos para trabajar en estos tres puntos principales: la coparticipación tributaria de las gobernaciones, iniciando ya en el Presupuesto (General del Estado ) 2027, la modificación a la Ley 154 (de Clasificación y Definición de Impuestos en Bolivia ) y la posibilidad de que los gobiernos autónomos gestionen recursos internacionales sin pasar por el Gobierno central”, precisó.

De Paiva también se harán gestiones para que ministros del ejecutivo participen en otra reunión prevista para el 12 de octubre en Cobija (Pando), con miras a establecer un cronograma de trabajo.

MIRA AQUÍ: En presencia de gobernadores, Paz promulga la ley que devuelve el pago de prediarios y el bono de vacunación al Gobierno

Por su parte, en el marco del encuentro con el presidente Paz, el gobernador cruceño Juan Pablo Velasco sostuvo que las gobernaciones del país no aceptarán menos del 15% de coparticipación tributaria.

Al respecto, la gobernadora pandina sostuvo que este último punto “todavía no se definió”, pero “se va a trabajar en las mesas técnicas y se va a avanzar” . “Es algo por lo que vamos a pelear”, resaltó.

“Solicitamos que la próxima reunión sea con alcaldes, gobernadores y universidades para que podamos co-construir Bolivia”, matizó la autoridad de Pando

Tras la reunión de este miércoles, el mandatario Rodrigo Paz sostuvo que las autonomías y el 50-50 son el camino que va a seguir Bolivia y “de eso no hay duda, porque los recursos tienen que estar donde está la gente. Y la gente está en sus regiones, está en sus departamentos”.

MIRA AQUÍ: Gobierno elimina la subvención a la gasolina de aviación y ahora se venderá a precio de mercado",https://unitel.bo/noticias/politica/gobernaciones-acuerdan-mesas-tecnicas-para-el-5-y-12-de-octubre-para-profundizar-cronograma-del-50-50-LL23822081
Unitel,2026-09-30,Seguridad,"Muere en un hospital uno de los detenidos preventivos del caso maletas, según Derechos Humanos","La presidenta de la Asamblea Permanente de Derechos Humanos, María Galvis, confirmó el deceso de Juan Carlos Espinoza, uno de los detenidos preventivos en el penal de Palmasola por el caso ‘maletas’.

“El señor Espinoza h abía fallecido en el hospital, resulta que él estaba enfermo de diabetes y otras enfermedades más. Él falleció el lunes en el hospital”, indicó Galvis en contacto con Unitel.

MIRA AQUÍ: Magistratura interviene oficina de jueza que presuntamente se reunió con Marset antes de su captura

Por su parte, el alcaide de Palmasola, Hedmeson Corcuy Peredo, informó que el deceso ocurrió el día lunes 28 de septiembre, al promediar las 15:45, tras ser evacuado a un hospital.

“Él fue evacuado con todas las medidas de seguridad al hospital Francés, en la cual se dio toda la atención correspondiente con médico del turno. Él tenía ya una enfermedad de base, tenía tuberculosis, tenía diabetes. Entonces él ya tiene el deceso en el hospital”, explicó.

Espinoza fue imputado por la Fiscalía por los delitos de tráfico de sustancias controladas , confabulación y asociación delictuosa. Figuraba como responsable legal de la empresa de seguridad de propiedad del exjuez Hebert Zeballos, quien también es investigado en este proceso.

MIRA AQUÍ: Fiscalía niega supuesta reunión entre el fiscal general Roger Mariaca y Sebastián Marset",https://unitel.bo/noticias/seguridad/muere-en-un-hospital-uno-de-los-detenidos-preventivos-del-caso-maletas-segun-derechos-humanos-LL23823019
Unitel,2026-09-30,Seguridad,Magistratura interviene oficina de jueza que presuntamente se reunió con Marset antes de su captura,"El Consejo de la Magistratura anunció el levantamiento técnico de expedientes vinculados a una jueza que presuntamente visitó al narcotraficante uruguayo Sebastián Marset antes de su captura, la cual se dio el pasado 13 de marzo en Santa Cruz.

Así lo reflejó Emilio Arredondo, representante distrital Consejo de la Magistratura, quien encabezó la intervención al juzgado de la mencionada autoridad, resaltando que la revisión busca establecer si hubo irregularidades en procesos relacionados con el caso y definir, a partir de los resultados, si corresponde iniciar acciones penales contra la autoridad.

Las acciones se llevan adelante después de que circularan versiones sobre la supuesta visita de la jueza a una de las viviendas habitadas por Marset.

MIRA AQUÍ: Fiscalía niega supuesta reunión entre el fiscal general Roger Mariaca y Sebastián Marset

Arredondo precisó que la intervención de los expedientes estará a cargo de la Unidad Jurídica y la Unidad de Transparencia del Consejo de la Magistratura, con el foco puesto en las actuaciones que tengan conexión con Marset y con alias El Colla , considerado testaferro del capo uruguayo.

“Vamos a hacer levantamiento de estos de estos expedientes . Estamos analizando en este momento con la Unidad Jurídica y la Unidad de Transparencia qué acciones vamos a tomar en contra de esta servidora pública”, afirmó el representante.

La investigación también contempla información sobre la presunta liberación de bienes que habían sido secuestrados dentro del caso Marset, según expuso el representante del Consejo al agregar que ese aspecto forma parte de los elementos que deberán ser revisados antes de establecer responsabilidades.

A la revisión se suma un antecedente relacionado con la situación de la autoridad judicial, ya que se cuenta con información según la cual la jueza ya tiene una destitución de años anteriores, pero que posteriormente presentó un amparo constitucional que actualmente se encuentra en revisión en la ciudad de Sucre.

MIRA AQUÍ: “Seré un delincuente toda mi vida”: el intercambio de mensajes entre Marset y la DEA",https://unitel.bo/noticias/seguridad/magistratura-interviene-oficina-de-jueza-que-presuntamente-se-reunio-con-marset-antes-de-su-captura-HL23822647
Unitel,2026-09-30,Economía,Rodrigo Paz: Hay esperanza de nuevos reservorios gigantescos de hidrocarburos en Santa Cruz,"Durante el discurso de Rodrigo Paz, tras la firma de la ley que devuelve el pago de prediarios y bonos de vacunación al Gobierno central, el presidente señaló que se está trabajando con la Gobernación cruceña para desarrollar pozos hidrocarburíferos en Santa Cruz.

MIRA AQUÍ: Gobierno elimina la subvención a la gasolina de aviación y ahora se venderá a precio de mercado

“Hemos estado con el gobernador Velasco en Okinawa, Montecristo, donde hay una esperanza de nuevos gigantescos reservorios en Bolivia. Estos cuatro o cinco años vamos a trabajar para que esos reservorios sean la fuente de energía para que los bolivianos tengan tranquilidad”, manifestó Paz.

Según un boletín del Gobierno, el 15 de septiembre de 2026 Yacimientos Petrolíferos Fiscales Bolivianos (YPFB) inició las pruebas del pozo Montecristo-9 (formación Los Monos). En ese acto, se mencionó que podría tener un potencial similar al de Vaca Muerta, en Argentina, uno de los mayores reservorios de gas en el mundo.

MIRA AQUÍ: ¿Desvío de gasolina en Potosí? Anuncian la destitución del responsable de YPFB en medio de la crisis de combustibles

El documento del Gobierno agrega que, si los resultados son exitosos, el pozo Montecristo 9 podría aportar el 13% de la producción nacional de gas.

INVERSIONES

El presidente Paz sostuvo que, con los avances de la política de redistribución de responsabilidades y recursos económicos entre el nivel central, las gobernaciones y los municipios , además de la verdadera ejecución de las autonomías, los gobernadores también podrán diseñar y ejercer políticas regionales que les permitan convocar a empresas nacionales o internacionales para realizar inversiones en hidrocarburos y en otros ámbitos.",https://unitel.bo/noticias/economia/rodrigo-paz-hay-esperanza-de-nuevos-reservorios-gigantescos-de-hidrocarburos-en-santa-cruz-CL23822167
Unitel,2026-09-30,Política,Ministro Oviedo dice que la Asamblea Legislativa tiene la facultad de fiscalizar a Mariaca,"Suman las reacciones luego de que Estados Unidos revocara la visa del fiscal general del Estado, Roger Mariaca, y de otras autoridades judiciales y exfuncionarios, a quienes el Gobierno estadounidense acusa de corrupción y presuntos vínculos con el narcotráfico.

Al respecto, el ministro de Gobierno, Marco Antonio Oviedo, afirmó este miércoles que la Asamblea Legislativa Plurinacional (ALP) tiene la facultad de fiscalizar las actuaciones relacionadas con el fiscal general Mariaca.

MIRA AQUÍ: “No soy del Gobierno de EEUU”: Oviedo dice que desconoce los nombres de la nueva lista de vetados por la Casa Blanca

“Es el Órgano Legislativo el que tiene dos facultades: debe legislar y, la segunda, fiscalizar. La segunda razón es porque de la Asamblea Legislativa sale el nombramiento del fiscal general ”, sostuvo.

El pronunciamiento de la autoridad surgió al ser consultado sobre las acciones que deberían seguirse respecto a Mariaca, luego de conocerse la decisión de Estados Unidos.

“Hay que dividir las cosas, una cosa es el retiro de las visas y eso es competencia y atribución de un Estado para ver que ciudadanos pueden ingresar o no a su país. Por la segunda, la Asamblea Legislativa se ha pronunciado”, agregó.

El departamento de Estado de Estados Unidos realizó una fuerte acusación contra el fiscal Mariaca .

“Mariaca (...) abusó de sus cargos públicos al solicitar y aceptar sobornos para facilitar el narcotráfico y ayudar a criminales violentos a evadir la justicia”, señala el comunicado difundido este lunes por el Departamento de Estado.

MIRA AQUÍ: EEUU anunció que “impondrá restricciones de visa a otros 20 funcionarios bolivianos corruptos”

El documento agrega que las acciones de Mariaca ponen en peligro los esfuerzos del presidente Trump para combatir el narcoterrorismo, al tiempo que socavan las mismas instituciones democráticas que Bolivia, como participante del programa Escudo de las Américas, busca fortalecer.",https://unitel.bo/noticias/politica/ministro-oviedo-dice-que-la-asamblea-legislativa-tiene-la-facultad-de-fiscalizar-a-mariaca-HL23821710
Unitel,2026-09-30,Agencias,Infografías del miércoles 30 de septiembre de 2026,"EEUU PENA DE MUERTE - Christa Pike, la única mujer en el corredor de la muerte de Tennessee, iba a convertirse en la primera mujer ejecutada en ese estado desde 1820, pero un tribunal federal suspendió la ejecución poco antes de la hora prevista.

EEUU PIB - La economía de EE.UU. creció un 0,6 % entre abril y junio con respecto al primer trimestre, lo que supone una revisión al alza de dos décimas con respecto a la segunda estimación publicada en agosto, mientras registró un alza del 2,2 % anualizado.

MOTOCICLISMO GP JAPÓN MOTOGP - Motegi arranca una gira asiática con el foco puesto en Martín y Márquez.

FÚTBOL LIGA NACIONES - España amplía su récord a 40 partidos consecutivos sin conocer la derrota.

NHL VALOR FRANQUICIAS - Los Toronto Maple Leafs encabezan las valoraciones de la NHL con 4.800 millones de dólares. Según Sportico, las 32 franquicias suman 78.000 millones de dólares y su valor promedio creció un 160 % en cinco años. EFE

db/lnm

Disponibles en http://www.efeservicios.com/

Dirección de Contenidos Digitales - Agencia EFE - clientes@efe.com",https://unitel.bo/noticias/agencias/infografias-del-miercoles-30-de-septiembre-de-2026-OL23824082
Unitel,2026-09-30,Economía,Comerciantes reportan incremento de hasta un 20% en algunos artículos de limpieza en La Paz por el dólar y el diésel,"Comerciantes de la calle comercial Garcilaso de la Vega, en la ciudad de La Paz, reportaron un incremento en los precios de artículos de limpieza durante los últimos días . Algunos vendedores atribuyen el alza a la situación del dólar, mientras que otros señalan que el incremento se debe al nuevo precio del diésel.

“ Nosotros no lo hacemos subir, sino las empresas. Dicen que es por el tema del dólar”, declaró una comerciante.

Entre los productos que registraron incrementos se encuentran la pasta dental, jaboncillos, shampoo, desodorantes y otros artículos de limpieza. Los vendedores aseguran que los precios ya llegan elevados desde los distribuidores.

MIRA AQUÍ: ¿Desvío de gasolina en Potosí? Anuncian la destitución del responsable de YPFB en medio de la crisis de combustibles

“La cuarta (tres unidades de pasta dental) está a 48 bolivianos; antes estaba entre 42 y 45 bolivianos” , expresó otra comerciante.

Según los vendedores consultados, el incremento de precios de algunos artículos llega hasta el 20%.

“Antes estaba a 31 bolivianos (una barra de desodorante) y ahora está a 38 bolivianos. Han subido bastante, entre un 10% y 20%”, manifestó otra comerciante.

Ante esta situación, una vendedora señaló que el alza de precios ha reducido la frecuencia con la que los consumidores compran algunos productos.

“Están subiendo los precios, unos cinco bolivianos por unidad. Por ejemplo, en el papel higiénico ha subido cuatro bolivianos el paquete de 24 unidades”, explicó.

MIRA AQUÍ: “No soy del Gobierno de EEUU”: Oviedo dice que desconoce los nombres de la nueva lista de vetados por la Casa Blanca",https://unitel.bo/noticias/economia/comerciantes-reportan-incremento-de-hasta-un-20-en-algunos-articulos-de-limpieza-en-la-paz-por-el-dolar-y-el-diesel-KL23822899
Unitel,2026-09-30,Sociedad,Maestros marchan por incremento salarial y contra la crisis económica en medio del Estado de excepción,"La tarde de este miércoles, maestros urbanos marcharon en la ciudad de La Paz en rechazo a la situación económica que atraviesa el país y por incremento de salarios. La movilización comenzó en puertas de la Casa Social del Maestro y recorrió las principales arterias del centro paceño en medio del Estado de excepción.

“La molestia es grande por la política económica que está aplicando el Gobierno. El magisterio tiene los salarios congelados. Tenemos maestros que ganan menos de 3.000 bolivianos, esto es menos que el salario mínimo”, declaró el dirigente de la Confederación de Maestros, Wilfredo Ajllahuanca.

MIRA AQUÍ: Magistratura interviene oficina de jueza que presuntamente se reunió con Marset antes de su captura

La movilización se realizó pese a que en el país rige un Estado de excepción. El dirigente también cuestionó que el salario de una parte del magisterio no alcance el mínimo nacional.

“Estamos alertando que con la descentralización de la educación estamos yendo a la privatización y mercantilización de la educación. Tenemos un acuerdo con la anterior ministra de Educación, quien se comprometió a que en octubre se iba a discutir el incremento salarial”, sostuvo.

MIRA AQUÍ: Magistratura interviene oficina de jueza que presuntamente se reunió con Marset antes de su captura

La marcha recorrió las principales calles del centro paceño con el pedido al Gobierno para atender sus demandas salariales.

El sector cuestionó las medidas económicas que, según los dirigentes, afectan los ingresos de los trabajadores del magisterio.",https://unitel.bo/noticias/sociedad/maestros-marchan-por-incremento-salarial-y-contra-la-crisis-economica-en-medio-del-estado-de-excepcion-IL23823748
Unitel,2026-09-30,Política,Diputado Copa: “Mucha casualidad que (Paz) viaja a EEUU y luego viene este reporte de la visa”,"El diputado del PDC, Diego Copa, cuestionó la coincidencia entre el viaje del presidente Rodrigo Paz y el veto de Estados Unidos para ingresar a este país, en contra de autoridades judiciales, como el fiscal general del Estado, Roger Mariaca.

“Mucha casualidad que (Paz) viaja a Estados Unidos y luego viene este reporte de que han quitado la visa (a Mariaca y otras autoridades), y no sé, parece que esto ya es un favor”, cuestionó el asambleísta.

MIRA AQUÍ: “Son especulaciones”: Viceministro Paredes responde a Romero sobre su versión de que habría un ministro entre los vetados por EEUU

Copa señaló que el representante del Ministerio Público, que es el fiscal general del Estado, está para poder investigar de manera prolija todos los actos y dar una línea objetivo sobre las investigaciones.

“No puede pedir extradición, porque tiene que esclarecerse el caso del señor (Fernando) Cerimedo. Y yo creo que el fiscal ha sido objetivo”, manifestó y agregó que incluso el vicepresidente Edmand Lara presentó una denuncia en contra de la primera dama, María Elena Urquidi, la cual fue rechazada por parte del Ministerio Público.

MIRA AQUÍ: En presencia de gobernadores, Paz promulga la ley que devuelve el pago de prediarios y el bono de vacunación al Gobierno",https://unitel.bo/noticias/politica/diputado-copa-mucha-casualidad-que-paz-viaja-a-eeuu-y-luego-viene-este-reporte-de-la-visa-EL23821173
Unitel,2026-09-30,Economía,Asosur: “Se está restableciendo el normal abastecimiento” de gasolina en Santa Cruz tras días de filas,"La gerente general de la Asociación de Surtidores (Asosur) de Santa Cruz, Susy Dorado, señaló la tarde de este miércoles que los surtidores de la región comenzaron a recibir nuevamente gasolina, tras registrarse una paralización en los despachos, contemplando el restablecimiento del abastecimiento de manera progresiva tanto en la capital departamental como en provincias.

“ No hemos tenido despachos desde el día sábado, no hubo despacho el domingo ni el lunes. Entonces, debido a eso es que no había combustible en las estaciones de servicio. Hoy día se está restableciendo el normal abastecimiento”, sostuvo Dorado tras una reunión con representantes de Yacimientos Petrolíferos Fiscales Bolivianos (YPFB).

Más temprano, desde la petrolera estatal reportaron que “las filas por gasolina registradas en los últimos días en Santa Cruz y otras regiones del país comenzarán a reducirse” tras un acuerdo con la Cámara Boliviana de Transporte de Derivados de Petróleo (Campetrol), lo que “permitirá reanudar el traslado de combustibles hacia los distintos departamentos”.

MIRA AQUÍ: “Nos damos el lujo de no usar la capacidad ociosa de las refinerías”, cuestiona experto sobre política de combustibles

“Nos están entregando en este momento desde las dos plantas (YPFB Logística y una privada), entonces ya está llegando el combustible a las estaciones de servicio”, señaló la ejecutiva de Asosur.

Dorado explicó que el objetivo de la reunión de este miércoles fue exponer ante YPFB las dificultades generadas por la interrupción del suministro, entre ellas las filas y la espera de los usuarios. Según explicó, las autoridades atribuyeron parte de los problemas al paro que afectó el transporte.

“Nos vamos tranquilos porque sabemos y ya hemos confirmado que están saliendo bastantes cisternas desde las plantas y que mañana ya nos van a programar el mismo volumen que hoy, que es alrededor de 3 millones para capital (Santa Cruz de la Sierra) y provincias” , dijo la gerente de Asosur Santa Cruz.

MIRA AQUÍ: Gobierno elimina la subvención a la gasolina de aviación y ahora se venderá a precio de mercado

Mientras tanto, el vicepresidente Nacional de Operaciones de YPFB, Víctor Hugo Blacud, explicó que la interrupción de ese transporte había afectado el abastecimiento.

Campetrol, que agrupa a unas 47 empresas, se comprometió a movilizar sus unidades para reanudar el traslado de combustibles como parte del acuerdo, contemplando también avanzar en la contratación de una empresa especializada que realice un estudio de costos del sector del transporte.",https://unitel.bo/noticias/economia/asosur-se-esta-restableciendo-el-normal-abastecimiento-de-gasolina-en-santa-cruz-tras-dias-de-filas-DL23824304
Unitel,2026-09-30,Política,Paz anuncia envío de Ley de Electricidad a la Asamblea y alista dos normativas para hidrocarburos,"El presidente Rodrigo Paz informó en este miércoles que enviará a la Asamblea Legislativa el proyecto de la Ley de Electricidad, una propuesta que forma parte del paquete de normas que viene anunciando desde hace varios meses.

Se trata de la segunda norma que está lista, después de que el proyecto de Ley de Inversiones ingresara al Legislativo para seguir el curso regular.

“La nueva Ley de Electricidad está yendo hoy día la Parlamento y la Ley de Hidrocarburos, hay una larga y una cortita, que va a facilitar para los megaproyectos y los proyectos cortos, rápidos que hablamos con el gobernador (Juan Pablo Velasco) cuando estábamos en Okinawa, en Santa Cruz”, indicó Paz tras una reunión sostenida con gobernadores.

MIRA AQUÍ: Rodrigo Paz: Hay esperanza de nuevos reservorios gigantescos de hidrocarburos en Santa Cruz

El mandatario enfatizó que el Congreso tendrá un rol crucial al debatir y aprobar este marco legal, tomando en cuenta que es una de las reformas estructurales orientadas a atraer inversión extranjera y modernizar el sector energético nacional ante la crisis económica.

Según el reporte del Ministerio de Hidrocarburos, las principales directrices de la nueva normativa contemplan un modelo de mercado abierto, donde se plantea una transición hacia un sistema tarifario equitativo, eficiente y transparente que fomente la competitividad.

“El sector privado estará facultado para realizar interconexiones internacionales, una potestad que previamente estaba centralizada y era exclusiva de la Empresa Nacional de Electricidad (ENDE)” , reza el reporte ministerial.

Además, se contempla una reestructuración institucional que posibilitará que el Ministerio de Hidrocarburos y Energías recupere su rol central en la definición de la política energética del país (antes delegada en ENDE).

MIRA AQUÍ: Gobernaciones acuerdan mesas técnicas para el 5 y 12 de octubre para profundizar cronograma del 50-50",https://unitel.bo/noticias/politica/paz-anuncia-envio-de-ley-de-electricidad-a-la-asamblea-y-alista-dos-normativas-para-hidrocarburos-NL23825181
Unitel,2026-09-30,Economía,"Cooperativistas mineros exigen abrogación del decreto del diésel, renuncia de dos ministros y se declaran en movilización","En una asamblea general extraordinaria, la Federación Nacional de Cooperativas Mineras de Bolivia (Fencomin) determinó este miércoles exigir la abrogación del Decreto Supremo 5716, que establece un nuevo precio del diésel. Además, demandó la renuncia de las máximas autoridades de los ministerios de Minería e Hidrocarburos.

Asimismo, Fencomin se declaró en emergencia y en “pie de movilización nacional”.

Estos son los cuatro puntos aprobados en el ampliado:

MIRA AQUÍ: “Nos damos el lujo de no usar la capacidad ociosa de las refinerías”, cuestiona experto sobre política de combustibles

1. Rechazo al Decreto Supremo 5716

Las cooperativas expresaron su “rechazo absoluto e innegociable” al Decreto Supremo 5716 y exigieron al Gobierno central la abrogación inmediata de la norma, al considerar que afecta “la paz social, la economía popular y la supervivencia operativa del sector cooperativo minero”.

2. Pedido de renuncia de ministros

El sector resolvió exigir la renuncia del ministro de Minería, Marco Antonio Calderón, y del ministro de Hidrocarburos, Marcelo Blanco.

3. Declaratoria de emergencia y movilización

Las cooperativas se declararon en emergencia y “pie de movilización nacional”, además de establecer un estado de emergencia permanente.

4. Solidaridad con sectores vulnerables

El sector expresó su “solidaridad con el pueblo boliviano y con los sectores más empobrecidos” y señaló que los cooperativistas también forman parte de los sectores vulnerables.

MIRA AQUÍ: Gobierno elimina la subvención a la gasolina de aviación y ahora se venderá a precio de mercado

El ampliado se desarrolló este miércoles en la ciudad de Oruro, con la presencia de dirigentes regionales de todo el país, quienes participaron para analizar la situación social, política y económica del país.

“En este marco, se prevé que las determinaciones asumidas durante la jornada sean plasmadas en una Resolución del Ampliado Nacional, que establecerá la postura de Fencomin y de sus federaciones afiliadas respecto a los temas de interés y preocupación del movimiento cooperativo minero a nivel nacional”, señala parte del comunicado.",https://unitel.bo/noticias/economia/cooperativistas-mineros-exigen-abrogacion-del-decreto-del-diesel-renuncia-de-dos-ministros-y-se-declaran-en-movilizacion-LL23825482
Unitel,2026-09-30,Sociedad,“Esto no estaría pasando si hubieran cambiado sus micros a gas”: Concejales cuestionan a micreros por pasajes,"La reunión que sostuvieron concejales y dirigentes del transporte público cruceño este miércoles estuvo cargada de tensión. Hubo abucheo de los micreros cuando los concejales exponían su posición.

“No tienen cara para exigir nada, no cumplieron con ninguno de los compromisos que hicieron”, manifestó la concejal Nury Meleán, durante la intervención realizada.

MIRA AQUÍ: Tensión y empujones en el Concejo Municipal entre dirigentes del transporte urbano y vecinos por tarifa del pasaje

La legisladora municipal señaló a los transportistas que si hubieran cumplido su compromiso de cambiar sus unidades a gas, no hubiera ningún problema por el nuevo precio del diésel.

Tras esa declaración, surgieron abucheos desde el sector donde estaban los transportistas y pese a que la presidenta del Concejo, Luis Nayar, pidió respeto, la sesión continuó accidentada.

“Sí, he usado micro toda mi vida”, respondió Meleán, en alusión a los gritos de los transportistas y manifestó que el servicio nunca ha mejorado.

“Ya es hora que les exijamos a ustedes. Ustedes no pueden imponernos nada a nosotros, porque como dijeron mis colegas, no les debemos nada”, señaló.

En la parte final manifestó: “Así que no esperen que cumplamos con sus caprichos y no paren porque como ya se ha dicho, el tono va a subir y va a empeorar para ustedes y tal vez el pasaje baje y no suba”.

La concejal Melissa Ramírez, manifestó que hay familias que viven en zonas más alejadas al centro de la ciudad y necesitan tomar hasta seis micros entre idas al trabajo y el regreso a sus domicilios.

MIRA AQUÍ: Restituyen servicio de agua en más de 10 barrios cruceños, pero vecinos advierten que la solución es temporal

Ramírez también les recordó a los micreros que incumplieron compromisos que habían asumido meses atrás.

“Yo subo a los micros, las ventanas no se abren, no hay ni focos en los micros, no hacen mantenimiento y así reclaman por el incremento de pasaje”, manifestó la concejal Ramírez.",https://unitel.bo/noticias/sociedad/esto-no-estaria-pasando-si-hubieran-cambiado-sus-micros-a-gas-concejales-cuestionan-a-micreros-por-pasajes-NL23824911
Unitel,2026-09-30,Sociedad,Santa Cruz: Transporte urbano y concejo municipal acuerdan instalar mesas para el estudio técnico,"Este miércoles, dirigentes del Transporte Urbano cruceño se presentaron ante el Concejo Municipal de Santa Cruz de la Sierra para exponer sus motivos y el requerimiento que demanda el sector, ante la puesta en vigencia del Decreto que elimina la subvención del diésel. Tras la reunión, acordaron instalar mesas técnicas para iniciar el estudio técnico este jueves a las 14:00 horas.

“Ha llegado a un acuerdo y es la conformación de una comisión mixta, conformada por tres comisiones de este Concejo Municipal, la Comisión de Constitución, de Planificación y también la de Finanzas, en tal sentido, en el transcurso de las próximas horas se avanzará con los criterios técnicos correspondientes”, informó Luisa Nayar, presidenta del Concejo Municipal.

Por su parte, el dirigente del Transporte Urbano, Mario Guerrero, indicó que no se cierran al diálogo y que por ello accedieron a participar a estas mesas técnicas.

MIRA AQUÍ: Tensión y empujones en el Concejo Municipal entre dirigentes del transporte urbano y vecinos por tarifa del pasaje

“Estamos presentes acá es porque el transporte nunca ha cerrado el diálogo, e l transporte está abierto a diálogo con todos los niveles de las autoridades . Hoy estamos con nuestro Concejo Municipal”, sostuvo.

Sin embargo, los transportistas, a través de su dirigente Mario Guerrero, han señalado de que las movilizaciones y el paro de actividades que tienen previstos para el próximo lunes y martes se mantienen.

Buscan dialogar con el Gobierno nacional para pedir la abrogación del Decreto Supremo 5716 que elimina la subvención del diésel.

MIRA AQUÍ: Maestros marchan por incremento salarial y contra la crisis económica en medio del Estado de excepción",https://unitel.bo/noticias/sociedad/santa-cruz-transporte-urbano-y-concejo-municipal-acuerdan-instalar-mesas-para-el-estudio-tecnico-EL23824404
Unitel,2026-09-30,Seguridad,Magistratura dice que jueza presuntamente vinculada a Marset estuvo destituida tras incurrir en “faltas gravísimas”,"El presidente del Consejo de la Magistratura, Carlos Spencer, señaló la noche de este miércoles que la jueza presuntamente vinculada al capo uruguayo Sebastián Marset ya había sido destituida en un proceso disciplinario y que la decisión fue ratificada por su sala plena , aunque posteriormente en 2025 una medida cautelar permitió su restitución.

“Ha sido una falta disciplinaria gravísima, contemplada en la Ley 025. Y las autoridades correspondientes han podido actuar correctamente y determinar la destitución de esta autoridad jurisdiccional”, sostuvo Spencer al referirse a la autoridad del juzgado del caso Marset, aunque no especificó el tipo de falta.

Sin embargo, Spencer advirtió que el caso todavía permanece pendiente de resolución en el Tribunal Constitucional Plurinacional (TCP).

MIRA AQUÍ: Magistratura interviene oficina de jueza que presuntamente se reunió con Marset antes de su captura

“Ya se encuentra sorteado ya, hace un año ese proceso, y no se resuelve. No tenemos resultado a través del Tribunal Constitucional, es por eso que los procesos no avanzan” , criticó Spencer al referirse a la situación de la jueza y a otros procesos disciplinarios impulsados por la institución.

Spencer aclaró que la destitución no respondió a un delito penal, sino a una infracción disciplinaria.

El antecedente cobra relevancia después de que el Consejo de la Magistratura realizara una intervención al juzgado de la jueza en Santa Cruz, toda vez que circularon versiones sobre una presunta visita de la autoridad a una vivienda vinculada a Marset antes de su captura, registrada el pasado 13 de marzo en Santa Cruz.

MIRA AQUÍ: Fiscalía niega supuesta reunión entre el fiscal general Roger Mariaca y Sebastián Marset

Según el reporte, el levantamiento técnico realizado en Santa Cruz este miércoles busca establecer si existieron irregularidades en expedientes relacionados con Marset y con alias El Colla , señalado como presunto testaferro del capo uruguayo.

La revisión está a cargo de las unidades Jurídica y de Transparencia del Consejo de la Magistratura, que deberán determinar si de los documentos examinados surgen responsabilidades administrativas, disciplinarias o penales.

“Nosotros llevamos todos los procesos administrativos, disciplinarios y determinamos responsabilidades. Los actos investigativos que puedan haber de denuncias o de delitos penales, los ve el Ministerio Público ”, sostuvo Spencer.",https://unitel.bo/noticias/seguridad/magistratura-dice-que-jueza-presuntamente-vinculada-a-marset-estuvo-destituida-tras-incurrir-en-faltas-gravisimas-DL23826036
Unitel,2026-09-30,Seguridad,TSJ anuncia creación de juzgados especializados contra la corrupción y delitos del crimen organizado,"El presidente del Tribunal Supremo de Justicia, Romer Saucedo, anunció la creación de juzgados especializados en anticorrupción y delitos del crimen organizado, donde seleccionarán a los mejores perfiles para estar en estos cargos.

“Por disposición de nuestra Sala Plena el día de hoy se han aprobado dos acuerdos para establecer la refuncionalización de juzgados en materia penal. Esto implica que a partir de la fecha se crearán juzgados especializados que conocerán materia anticorrupción y además conocerán delitos vinculados al crimen organizado”, anunció.

Sostuvo que esto se realiza ante la situación p or la situación que atraviesa la institución judicial, por lo que seleccionarán los mejores perfiles de los jueces que van a conocer estos delitos principalmente en Santa Cruz.

MIRA AQUÍ: Magistratura interviene oficina de jueza que presuntamente se reunió con Marset antes de su captura

Saucedo señaló que estos jueces estos jueces se dedicarán de manera exclusiva a conocer este tipo de delitos, y que seguirán las recomendaciones de la cooperación internacional y los lineamientos en cuanto a las políticas institucionales.

Respecto a los demás jueces, señaló que conocerán los delitos ordinarios y los delitos que estén vinculados a hechos de violencia contra la mujer, niños, niñas y adolescentes.

“En el caso de Santa Cruz, se tenían 28 juzgados de instrucción, los que conocían todo tipo de delitos; estos serán reducidos, reitero, a jueces especializados en materia anticorrupción y contra el crimen organizado”, indicó.

MIRA AQUÍ: Cooperativistas mineros exigen abrogación del decreto del diésel, renuncia de dos ministros y se declaran en movilización

Agregó que se ha instruido el despliegue de la Unidad de Transparencia a Santa Cruz para recabar toda la información necesaria y que remitan actuados a las instancias disciplinarias y también ante el Ministerio Público de aquellos “malos servidores que estén en contrasentido de las líneas institucionales emitidas por el Tribunal Supremo de Justicia”.",https://unitel.bo/noticias/seguridad/tsj-anuncia-creacion-de-juzgados-especializados-contra-la-corrupcion-y-delitos-del-crimen-organizado-HL23825882
Unitel,2026-09-30,Economía,"“Por el momento, la subvención a la gasolina se mantiene”, dice ministro de Hidrocarburos","El ministro de Hidrocarburos, Marcelo Blanco, escribió en redes sociales, donde aseguró que la subvención a la gasolina se mantiene por el momento, y señaló que se busca recuperar la continuidad del abastecimiento de carburante.

“Quiero dar tranquilidad a la población: por el momento, la subvención a la gasolina se mantiene . Nuestra prioridad es recuperar la continuidad del abastecimiento y avanzar progresivamente hacia una provisión normal de combustible ”, anunció por redes sociales Blanco.

Además, manifestó que tras llegar a un acuerdo con los cisterneros, la distribución de combustible se normalizará en los próximos días.

MIRA AQUÍ: Cooperativistas mineros exigen abrogación del decreto del diésel, renuncia de dos ministros y se declaran en movilización

“Es un tema que han negociado los cisterneros locales, porque con los internacionales hemos negociado nosotros, y han negociado Yacimientos y la refinería, y han tardado en la negociación, es por eso que había una demora , pero ya han cerrado ayer (martes) la firma de los acuerdos, ya se tiene que empezar a restituir normalmente el combustible”, indicó el ministro

Mientras tanto, el vicepresidente Nacional de Operaciones de YPFB, Víctor Hugo Blacud, explicó que la interrupción de ese transporte había afectado el abastecimiento.

Campetrol, q ue agrupa a unas 47 empresas, se comprometió a movilizar sus unidades para reanudar el traslado de combustibles como parte del acuerdo, contemplando también avanzar en la contratación de una empresa especializada que realice un estudio de costos del sector del transporte.

MIRA AQUÍ: Asosur: “Se está restableciendo el normal abastecimiento” de gasolina en Santa Cruz tras días de filas",https://unitel.bo/noticias/economia/por-el-momento-la-subvencion-a-la-gasolina-se-mantiene-dice-ministro-de-hidrocarburos-CL23826253
Unitel,2026-09-30,Sociedad,YPFB firma acuerdo con un sector del transporte de GLP para subir la tarifa del flete,"Pasadas las 19:00 de este miércoles, Yacimientos Petrolíferos Fiscales Bolivianos y un sector del transporte de gas licuado de petróleo, anunciaron que llegaron a un acuerdo que contempla el incremento en la tarifa en base a un estudio de costos.

“Se tiene que ajustar las tarifas de flete con resultados de una consultoría independiente. De esta manera haremos los ajustes de una manera responsable”, manifestó Víctor Hugo Blacud, jefe de Operaciones de la petrolera estatal.

MIRA AQUÍ: ¿Desvío de gasolina en Potosí? Anuncian la destitución del responsable de YPFB en medio de la crisis de combustibles

José Luis Sejas, representante nacional del transporte de GLP, confirmó el acuerdo que citó el vicepresidente de la petrolera estatal y ratificó que el compromiso contempla el abastecimiento de este insumo a todo el país.

MIRA AQUÍ: Comerciantes reportan incremento de hasta un 20% en algunos artículos de limpieza en La Paz por el dólar y el diésel

Sejas agregó que se esperará el estudio de costos que será encargado a una consultora para que en base a ese análisis se defina el incremento en las tarifas de transporte.

El vicepresidente de YPFB, manifestó que se estima que el estudio de costos puede estar en unos 21 días.",https://unitel.bo/noticias/sociedad/ypfb-firma-acuerdo-con-un-sector-del-transporte-de-glp-para-subir-la-tarifa-del-flete-KL23826826
Unitel,2026-09-30,Economía,Cámara de Comercio de La Paz plantea cuatro medidas al Gobierno ante amenazas de movilizaciones,"Ante la situación económica que atraviesa el país, la Cámara departamental de Comercio de La Paz emitió este miércoles un pronunciamiento en el que pide a las autoridades de Gobierno garantizar la libre transitabilidad de las carreteras, ante las amenazas de movilización anunciadas por distintos sectores.

José Reyes, presidente de este sector empresarial , expresó su preocupación por las posibles manifestaciones contra el Gobierno.

MIRA AQUÍ: Cooperativistas mineros exigen abrogación del decreto del diésel, renuncia de dos ministros y se declaran en movilización

El sector plantea cuatro medidas para que sean consideradas por las autoridades:

1. Garantizar la transitabilidad

“Pedimos al Gobierno un plan de contingencia que mantenga los corredores para abastecer de medicamentos y alimentos”, señala el primer punto

2. Prevenir que los conflictos lleguen a las carreteras

El sector plantea atender los reclamos antes de que se conviertan en bloqueos. “El diálogo que llega después del bloqueo es tarde”

3. Garantizar el abastecimiento de combustibles

“Pedimos al Gobierno asegurar el abastecimiento de gasolina y diésel”.

MIRA AQUÍ: “Nos damos el lujo de no usar la capacidad ociosa de las refinerías”, cuestiona experto sobre política de combustibles

4. Reactivar la economía de La Paz

“El comercio necesita reactivar lo que ha perdido. Pedimos al Gobierno eliminar las trabas a la exportación”.",https://unitel.bo/noticias/economia/camara-de-comercio-de-la-paz-plantea-cuatro-medidas-al-gobierno-ante-amenazas-de-movilizaciones-LL23826195
Unitel,2026-09-30,Economía,Presidente Rodrigo Paz dará un anuncio al país desde el aeropuerto Viru Viru,"El presidente Rodrigo Paz dará un anuncio al país desde el aeropuerto internacional de Viru Viru, en Santa Cruz, donde el Ministerio de Obras Públicas organiza un acto con la presencia del mandatario, el gobernador Juan Pablo Velasco, ministros y autoridades departamentales.

Aunque todavía no se conocen los detalles de los anuncios, la imagen central instalada para el acto es la del Viru Viru Hub, proyecto que Paz comprometió presentar a finales de septiembre durante la apertura de Expocruz 2026.

En aquella oportunidad, el mandatario anunció que el Gobierno presentaría la licitación para impulsar el Hub de Viru Viru y señaló que también se contemplaba una autopista de conexión con la terminal aeroportuaria.

MIRA AQUÍ: Paz anuncia que presentará la licitación del Hub de Viru Viru en el mes de Santa Cruz

“El gobierno está abierto para todo aquello que signifique desarrollar la patria”, sostuvo entonces el jefe de Estado.

Según el reporte recogido por UNITEL desde el lugar, el evento está previsto para la noche de este miércoles y la recepción se desarrolla en el sector de ingreso a la plataforma del hangar presidencial.

La definición anunciada en Expocruz coincide con una agenda de infraestructura que la Gobernación de Santa Cruz también ha colocado entre sus prioridades.

MIRA AQUÍ: Velasco: “Las dos obras de infraestructura más importantes de la historia cruceña se van a licitar este año”

El gobernador Velasco dijo en días pasados que el Hub de Viru Viru y el tren metropolitano entrarían este año en una etapa decisiva , con anuncios y procesos de licitación.

El hub es un anhelo de larga data del sector privado, que pide convertir al aeropuerto en una puerta de conexión internacional para Santa Cruz y Bolivia, tanto para pasajeros como para carga.",https://unitel.bo/noticias/economia/presidente-rodrigo-paz-dara-un-anuncio-al-pais-desde-el-aeropuerto-viru-viru-AL23827689
Unitel,2026-09-30,Sociedad,Restablecen viajes hacia los Yungas tras intensa nevada en la Cumbre de La Paz,"Tras la intensa nevada que cayó la noche del martes en el sector de la Cumbre, en la carretera hacia los Yungas de La Paz, la Unidad de Tránsito de la Policía informó que los viajes fueron restablecidos la tarde de este miércoles.

“Hubo una nevada en el sector de la represa, desde La Cumbre hasta la Boca de Sapo. Esto ha ocasionado que desde la mañana se cierre el paso de vehículos y por eso hemos restringido la salida de motorizados ”, informó el jefe de Tránsito de la Terminal Minasa.

MIRA AQUÍ: ¿Desvío de gasolina en Potosí? Anuncian la destitución del responsable de YPFB en medio de la crisis de combustibles

El jefe policial explicó que las salidas hacia los Yungas y otras regiones del norte de La Paz fueron suspendidas durante la mañana debido a que la nevada dejó la ruta intransitable.

“Ahora la carretera está expedita, ha mejorado el tiempo y están saliendo con normalidad . Se les hizo la recomendación para que tomen previsiones y así lleguen tranquilos a sus destinos”, agregó.

Ante el evento climático, la Administradora Boliviana de Carreteras (ABC) desplazó maquinaria pesada para realizar trabajos de limpieza y retirar la nieve acumulada en la ruta de alto flujo vehicular.

Por su parte, el oficial de Tránsito recomendó a los conductores de buses y vehículos particulares circular con precaución para evitar hechos de tránsito o accidentes en esta carretera.

MIRA AQUÍ: Comerciantes reportan incremento de hasta un 20% en algunos artículos de limpieza en La Paz por el dólar y el diésel",https://unitel.bo/noticias/sociedad/restablecen-viajes-hacia-los-yungas-tras-intensa-nevada-en-la-cumbre-de-la-paz-KL23828345
Unitel,2026-09-30,Seguridad,Exmagistrado Israel Campero pide pruebas ante la acusación de EEUU y dice que el veto no lo conmueve,"El exmagistrado constitucional Israel Campero pidió al canciller Héctor Huanca que gestione ante Estados Unidos la entrega de información y pruebas que sustenten las acusaciones formuladas en su contra tras la revocación de su visa.

Campero sostuvo en la carta que la decisión de Washington no lo conmueve , pero cuestionó que haya sido acompañada de señalamientos sin un proceso previo.

“Respeto la decisión del gobierno de los Estados Unidos y la acepto sin ningún ambage, lo que no acepto por ninguna razón es que antes de someterse mi situación a una corte, la que fuera, el Gobierno de Estados Unidos haya desconocido la quinta enmienda de su propia Constitución”, escribió Campero en la misiva dirigida al canciller.

MIRA AQUÍ: Un exministro de Arce, fiscales y magistrados figuran entre los vetados para entrar a EEUU

Tu navegador no puede mostrar el archivo PDF. Puedes descargarlo aquí en su lugar.

“Es de rigor que su autoridad exija a su par de Estados Unidos, el supuesto informe que sustenta la decisión, acompañado de las pruebas que confirmen o corroboren semejantes sindicaciones en contra de sus propios connacionales”, señaló Campero en su pedido al canciller.

La posición de Campero se conoce después de que Estados Unidos incluyera su nombre entre los ciudadanos bolivianos alcanzados por las restricciones de visa anunciadas el 28 de septiembre . La lista también comprende a fiscales, jueces, otros magistrados, un exministro de Justicia, un exejecutivo de la Aduana y otras personas.

El Departamento de Estado indicó que la política contempla restricciones para ciudadanos extranjeros y sus familiares directos cuando socavan gobiernos democráticamente elegidos mediante actividades de corrupción o narcotráfico. “Los funcionarios extranjeros corruptos ya no pueden ingresar libremente a EEUU”, señalaron desde la Administración de Donald Trump.

Campero expresó su disposición a someterse a investigaciones tanto en Bolivia como en otros países, siempre que correspondan legalmente. “No tengo ni tendré la intención de evadir la justicia de mi país, ni la de otro si legalmente corresponde”, apuntó.

MIRA AQUÍ: Jueces vetados por EEUU: Consejo de la Magistratura advierte con procesos en caso de haber irregularidades",https://unitel.bo/noticias/seguridad/exmagistrado-israel-campero-pide-pruebas-ante-la-acusacion-de-eeuu-y-dice-que-el-veto-no-lo-conmueve-EL23826736
Unitel,2026-09-30,Economía,Ministerio de Economía: Moody’s elevó la calificación soberana de Bolivia de Caa3 a Caa2,"Desde el Ministerio de Economía resaltaron que la firma internacional Moody’s Ratings “elevó la calificación soberana de Bolivia de Caa3 a Caa2 y mantuvo la perspectiva positiva”.

Según los antecedentes, esta es la segunda mejora otorgada al país por esta calificadora internacional en menos de un año, tomando en cuenta que en el primer trimestre del presente año Bolivia pasó de Ca a Caa3.

“La nueva calificación refleja una reducción material del riesgo crediticio y destaca entre los factores que sustentan su decisión el manejo de las obligaciones externas, el retorno de Bolivia a los mercados internacionales, el avance hacia nuevas fuentes de financiamiento, la transición hacia un régimen cambiario flexible y las medidas de consolidación fiscal”, reza el reporte ministerial.

MIRA AQUÍ: Fitch Ratings: Bolivia necesita complementar el nuevo régimen cambiario con ajustes fiscales para recuperar reservas

Entre estos avances citados por el Ministerio de Economía se encuentra el retorno del país a los mercados internacionales con la emisión de $us 1.000 millones en bonos, el avance hacia un programa de aproximadamente $us 1.900 millones con el Fondo Monetario Internacional. Las Reservas Internacionales brutas alcanzaron $us 4.290 millones en agosto, mientras que su componente en divisas aumentó de $us 148 millones en marzo a $us 745 millones.

“Estos avances se acompañan de otros indicadores. A septiembre de 2026, el riesgo país se ubicó por debajo de los 500 puntos básicos, con 454 puntos frente a los 1.214 registrados en noviembre de 2025”, agrega el reporte ministerial.

La mejora de Moody’s se suma a las decisiones adoptadas durante 2026 por las otras principales calificadoras internacionales: por ejemplo, Fitch Ratings elevó la calificación de Bolivia de CCC- a CCC, mientras que S&P Global Ratings la mejoró de CCC- a CCC+, en este último caso en dos niveles.

“Además, Moody’s mantiene una perspectiva positiva , al considerar que la continuidad de las políticas implementadas puede contribuir a seguir reduciendo los desequilibrios fiscales y externos y fortalecer la acumulación de reservas”, señalaron desde la cartera de Economía.

MIRA AQUÍ: Gobierno elimina la subvención a la gasolina de aviación y ahora se venderá a precio de mercado",https://unitel.bo/noticias/economia/ministerio-de-economia-moody-s-elevo-la-calificacion-soberana-de-bolivia-de-caa3-a-caa2-IL23828365
Unitel,2026-09-30,Sociedad,Gobernación de Chuquisaca prepara declaratoria de desastre por la sequía y pide ayuda al Gobierno,"El gobernador de Chuquisaca, Luis Ayllón, informó este miércoles que en los próximos días emitirá una declaratoria de desastre debido a la sequía que afecta a varios municipios productores de alimentos.

“La declaratoria de desastre será a mi retorno (a Chuquisaca). Ya se están preparando todos los informes técnicos y jurídicos. Estimo que hasta el viernes vamos a declarar zona de desastre” , informó la autoridad a los medios de comunicación de La Paz.

MIRA AQUÍ: Comerciantes reportan incremento de hasta un 20% en algunos artículos de limpieza en La Paz por el dólar y el diésel

El gobernador explicó que, con la declaratoria de desastre, se busca gestionar ayuda del Gobierno nacional mediante recursos para atender a las comunidades afectadas.

“Esto significa que la Gobernación de Chuquisaca y los municipios han agotado sus recursos . Ahora estamos pidiendo al nivel central que podamos ser atendidos de forma más contundente mediante el Viceministerio de Defensa Civil”, explicó.

La autoridad también informó que se enviaron proyectos de ley al Gobierno relacionados con préstamos destinados a apoyar a los productores afectados por la sequía.

“Esperemos que tengamos una respuesta para que podamos tener estos créditos para beneficiar a la gente que fue afectada . Corre el riesgo el abastecimiento de los mercados porque, lamentablemente, la sequía está generando pérdidas”, sostuvo.

MIRA AQUÍ: Restablecen viajes hacia los Yungas tras intensa nevada en la Cumbre de La Paz

Según el alcalde de Monteagudo, Paolo Alcoba, reportó que más de 1.500 familias afectadas y alrededor de 67.000 cabezas de ganado se encontrarían en riesgo debido a la falta de agua solo en el Chaco Chuquisaqueño.",https://unitel.bo/noticias/sociedad/gobernacion-de-chuquisaca-prepara-declaratoria-de-desastre-por-la-sequia-y-pide-ayuda-al-gobierno-NL23829136
Unitel,2026-09-30,Política,Comisión de Diputados posterga el tratamiento para unificar 10 proyectos de ley contra los bloqueos,"La Comisión de Justicia Plural de la Cámara de Diputados instaló sesión este miércoles para analizar y unificar al menos 10 proyectos de ley relacionados con una norma antibloqueos, que contempla sanciones de entre 3 y 10 años de prisión para quienes incurran en las infracciones establecidas. Sin embargo, a las 19:40, la comisión aplazó su tratamiento hasta el martes.

“El alcance de las sanciones ha generado un debate arduo, con consultas también con el Ejecutivo. Se está pidiendo 10 años de privación de libertad cuando se atente contra la vida de un civil, policía o militar”, explicó el presidente de la comisión, Manolo Rojas, antes de la sesión.

MIRA AQUÍ: Rodrigo Paz: Hay esperanza de nuevos reservorios gigantescos de hidrocarburos en Santa Cruz

El legislador explicó que, tras la unificación de las propuestas, la comisión deberá elaborar un informe, aprobar el proyecto de ley y remitirlo a la Presidencia de la Cámara de Diputados para su tratamiento en el pleno.

“Se ha determinado la ley para garantizar la libre locomoción y protección del pueblo boliviano. Así vamos a poder avanzar en la sesión”, agregó.

Rojas señaló que las penas para las personas que incurran en los delitos contemplados en la norma podrían llegar hasta los 10 años de cárcel, dependiendo del grado de violencia ejercida contra las personas.

MIRA AQUÍ: Gobernaciones acuerdan mesas técnicas para el 5 y 12 de octubre para profundizar cronograma del 50-50",https://unitel.bo/noticias/politica/comision-de-diputados-posterga-el-tratamiento-para-unificar-10-proyectos-de-ley-contra-los-bloqueos-OL23826945
Unitel,2026-09-30,Economía,Paz firma decreto y relanza el Viru Viru Hub con la convocatoria pública para su licitación,"El Gobierno relanzó el proyecto del Hub Viru Viru mediante un decreto supremo firmado por el presidente Rodrigo Paz y lanzó una convocatoria pública para su consolidación, en un acto realizado la noche de este miércoles en el aeropuerto de Santa Cruz, ubicado en Warnes.

El proyecto anunciado contempla el diseño, construcción, equipamiento, operación, mantenimiento, modernización, expansión y financiamiento del hub aeroportuario, según el reporte oficial, abriendo paso a la licitación de una obra anhelada por Santa Cruz y el país.

Durante la presentación, Paz planteó que el objetivo no debe limitarse a transformar la infraestructura aeroportuaria , sino a conseguir nuevas líneas aéreas y conexiones internacionales que permitan integrar a Santa Cruz con el mundo.

MIRA AQUÍ: Velasco: “Las dos obras de infraestructura más importantes de la historia cruceña se van a licitar este año”

“Este proyecto de hub no es solo ver una nueva terminal o ir generando los proyectos de infraestructura . La empresa que gane este proyecto nos tiene que traer líneas aéreas, conectividad con el mundo”, expresó el jefe de Estado durante su intervención.

El presidente sostuvo que la infraestructura debe servir como un instrumento para ampliar la presencia de Bolivia en el escenario internaciona l y sostuvo que el hub puede trascender el transporte de pasajeros y no solo convertirse en una plataforma para actividades económicas y comerciales, sino también asumir un rol geopolítico.

“Hay una oferta abierta para los que se quieran presentar” , agregó el presidente al considerar que “si hay algo codiciado en el contexto internacional es Bolivia y es Santa Cruz”.

La propuesta también se conecta con otros proyectos de infraestructura que son antiguas demandas de la región, como es el caso de Puerto Busch.

Al respecto, el presidente manifestó que se trabaja con los gobiernos de Uruguay y Paraguay en acciones vinculadas con la hidrovía, además de carreteras destinadas a conectar Pando y Beni con Brasil y Perú y una ruta hacia los puertos del Pacífico.

MIRA AQUÍ: Gobierno elimina la subvención a la gasolina de aviación y ahora se venderá a precio de mercado",https://unitel.bo/noticias/economia/paz-firma-decreto-y-relanza-el-viru-viru-hub-con-la-convocatoria-publica-para-su-licitacion-EK23830400
Unitel,2026-09-30,Economía,Transporte pesado reporta que solo el 30% de su sector opera debido al diésel y el dólar,"El dirigente del transporte pesado de Bolivia, Pedro Quispe, informó este miércoles que, debido a la falta de diésel y a la cotización del dólar, solo el 30% de la flota de camiones de transporte de carga opera con normalidad, mientras que el resto se encuentra paralizado.

“No está trabajando el 70%, solo el 30% está viajando. El problema, uno es el diésel y otro es el dólar. El dólar es inestable, por eso la carga de importación ha bajado totalmente”, informó Quispe a UNITEL.

MIRA AQUÍ: ¿Desvío de gasolina en Potosí? Anuncian la destitución del responsable de YPFB en medio de la crisis de combustibles

En relación con las filas por combustible registradas este miércoles en el eje central del país, Quispe atribuyó esta situación a la disminución en la importación de carburantes.

“ En este momento la importación de gasolina ha bajado y esto se ve en las filas en todo el país”, sostuvo.

El dirigente dijo que el transporte pesado tiene problemas desde hace semanas atrás debido a la falta de diésel y a las variaciones en la cotización del dólar. Quispe dijo que esto afecta sus operaciones y el movimiento de carga.

MIRA AQUÍ: Comerciantes reportan incremento de hasta un 20% en algunos artículos de limpieza en La Paz por el dólar y el diésel

A esto se suman las filas en las estaciones de servicio por gasolina y diésel. Esta situación está generando preocupación entre los transportistas y otros sectores productores.",https://unitel.bo/noticias/economia/transporte-pesado-reporta-que-solo-el-30-de-su-sector-opera-debido-al-diesel-y-el-dolar-EK23830433
Unitel,2026-09-30,Seguridad,Jueza dice desconocer motivos por los que fue vetada por EEUU y niega nexos con narcotráfico,"La jueza Albania Caballero manifestó que desconoce las razones por las que Estados Unidos (EEUU) le revocó la visa y, por consiguiente, el ingreso a su terriotorio, negando también haber tenido vínculos con el narcotráfico o con el capo uruguayo Sebastián Marset.

La magistrada señaló que recurrirá a la Cancillería para conocer oficialmente los motivos de la decisión de la administración de Donald Trump, que fue difundida en días pasados a través de su Departamento de Estado.

“Ellos (EEUU) tienen que tener un argumento que hasta donde yo tengo entendido es porque alguien que se reunido con este ciudadano narcotraficante. Yo soy una persona de principios, el narcotráfico es una lacra. Yo jamás me podría reunir con una persona narcotraficante” , sostuvo la autoridad jurisdiccional.

MIRA AQUÍ: Un exministro de Arce, fiscales y magistrados figuran entre los vetados para entrar a EEUU

La inclusión de Caballero se conoció en el marco de una nueva política de restricción de visas anunciada por el Gobierno de Donald Trump. Según el comunicado citado en el contexto del caso, la medida alcanza a ciudadanos extranjeros vinculados con actividades de corrupción o narcotráfico en la región.

“Los funcionarios extranjeros corruptos ya no pueden ingresar libremente a EEUU”, señalaron desde la Administración de Trump, extendiendo las restricciones a los familiares directos de los ciudadanos citados.

Según la expuso la jueza, la medida estadounidense presuntamente está relacionada con personas que se habrían reunido con Marset, pero negó que ella haya tenido algún encuentro con el narcotraficante que actualmente se encuentra detenido en EEUU.

“Pediré a través de la Cancillería que me informen , porque es algo que no tengo conocimiento”, apuntó Caballero sobre el veto.

MIRA AQUÍ: Exmagistrado Israel Campero pide pruebas ante la acusación de EEUU y dice que el veto no lo conmueve",https://unitel.bo/noticias/seguridad/jueza-dice-desconocer-motivos-por-los-que-fue-vetada-por-eeuu-y-niega-nexos-con-narcotrafico-PK23831248
Unitel,2026-09-30,Economía,"En medio de las filas por gasolina, las distribuidoras de gas ratifican que no saldrán a las calles desde este jueves","Las distribuidas de gas en garrafa no saldrán a las calles desde este jueves, así lo ratificaron este miércoles por la noche. Señalan que el acuerdo que anunció este miércoles YPFB es con una parte de la cadena de distribución de gas, pero no son los que hacen llegar este insumo hasta los hogares.

“Nosotros no tenemos el ánimo de hacer bloqueos ni movilizaciones, no queremos actuar de manera intransigente. Lo que nosotros vamos a hacer el día de mañana es no distribuir (gas) porque no nos da el dinero ”, manifestó Fernando Segovia, representante de la Cámara Nacional de Distribuidores de Gas.

MIRA AQUÍ: YPFB firma acuerdo con un sector del transporte de GLP para subir la tarifa del flete

Sobre el acuerdo que anunció el Gobierno, Segovia señala que existe un sector que transporta el gas desde las plantas de extracción de YPFB hasta las envasadoras y con ellas es que el Gobierno logró negociaciones que llegaron a buen puerto.

Sin embargo, existen otro sector que es el encargado de transportar las garrafas con gas desde las envasadoras hasta los barrios y con ellos no se ha llegó a ninguna negociación y por ello paralizarán sus actividades a partir de este jueves.

El dirigente señala que enviaron una carta al Gobierno; sin embargo, les respondieron que “no es verdad lo que dicen”.

“Lastimosamente, no se ha dado una negociación con el Gobierno para poder decir este es el punto medio o algo así. Y por eso es que las empresas han dicho: Ya no podemos perder más dinero por día”, manifestó Segovia.

MIRA AQUÍ: “Por el momento, la subvención a la gasolina se mantiene”, dice ministro de Hidrocarburos

FILAS POR GASOLINA

Desde el fin de semana comenzaron a registrarse filas por gasolina en diferentes surtidores del país, situación que comenzó a agudizarse desde el lunes.

El ministro de Hidrocarburos, Marcelo Blanco, manifestó que se registraron problemas logísticos que se están subsanando para restablecer el abastecimiento de este combustible.",https://unitel.bo/noticias/economia/en-medio-de-las-filas-por-gasolina-las-distribuidoras-de-gas-ratifican-que-no-saldran-a-las-calles-desde-este-jueves-BK23830753
Unitel,2026-09-30,Sociedad,¿Habrá paro de micros este lunes y martes en Santa Cruz?: Esto dice la dirigencia del sector,"Este martes, los transportistas de Santa Cruz realizaron una asamblea, donde determinaron un paro del servicio para el 5 y 6 de octubre, si el Gobierno no atiende sus demandas. Sin embargo, este miércoles, la dirigencia se reunió con el Concejo Municipal para dialogar respecto a una tarifa transitoria.

“El paro es una determinación a nivel departamental, es en otra instancia que nosotros hablamos de eso, s i se ha acordado un paro a nivel nacional y es contra el decreto 5716, no es contra el Gobierno municipal, es contra el Gobierno nacional. Le han subido el diésel, si uno hace números, más del 400%”, indicó el dirigente del transporte urbano cruceño, Mario Guerrero.

MIRA AQUÍ: YPFB y transporte de GLP logran acuerdo por tarifa de flete y para garantizar abastecimiento de gas en todo el país

Sin embargo, señaló que si son convocados por el Gobierno para dialogar y ser escuchados, puede que suspendan la medida de presión anunciada.

Este miércoles, dirigentes del transporte cruceño se presentaron ante el Concejo Municipal de Santa Cruz de la Sierra para exponer sus motivos y el requerimiento que demanda el sector, ante la puesta en vigencia del Decreto que elimina la subvención del precio del diésel. Tras la reunión, acordaron instalar mesas técnicas para iniciar el estudio técnico este jueves a las 14:00 horas.

Los micreros reclaman por la subida de costos operativos ante la eliminación de la subvención del diésel y piden la aprobación de una tarifa transitoria.

MIRA AQUÍ: TSJ anuncia creación de juzgados especializados en anticorrupción y delitos del crimen organizado",https://unitel.bo/noticias/sociedad/habra-paro-de-micros-este-lunes-y-martes-en-santa-cruz-esto-dice-la-dirigencia-del-sector-JL23827284
Unitel,2026-09-30,Economía,Crecen las filas por gasolina y conductores expresan su molestia por la falta de solución al desabastecimiento,"En al menos cinco departamentos del país se registran largas filas en las estaciones de servicio de conductores que esperan para cargar gasolina. Los conductores expresan su molestia tras estar varias horas esperando a que llegue el carburante a los surtidores.

“Por favor que nos traigan más gasolina. He estado andando en micro y mototaxis”, es el reclamo de una conductora en la ciudad de Santa Cruz de la Sierra, quien manifestó que estuvo por varias horas esperando gasolina.

Mientras que en Montero, los conductores relatan que llevan desde este martes haciendo fila, pero que aún no llega gasolina al surtidor, e incluso señalaron que algunas personas llevan tres días esperando.

MIRA AQUÍ: Ministerio de Economía: Moody’s elevó la calificación soberana de Bolivia de Caa3 a Caa2

Además, indicaron que los revendedores de combustible están vendiendo la botella de dos litros de gasolina entre Bs 20 y Bs 40.

La misma situación se observa en La Paz y El Alto, donde conductores señalaron que debieron movilizarse entre varias estaciones de servicio , debido a que la mayoría no tenía gasolina para vender. En algunos casos, relataron que llevan más de cuatro horas haciendo fila en surtidores que si contaban con el carburante.

Cochabamba, Potosí y Sucre reportan la misma situación, debido a que son escasas las cisternas que están llegando con combustible.

MIRA AQUÍ: “Por el momento, la subvención a la gasolina se mantiene”, dice ministro de Hidrocarburos

En Santa Cruz, la gerente general de la Asociación de Surtidores (Asosur) de Santa Cruz, Susy Dorado, señaló la tarde de este miércoles que los surtidores de la región comenzaron a recibir nuevamente gasolina, tras registrarse una paralización en los despachos.

“No hemos tenido despachos desde el día sábado, no hubo despacho el domingo ni el lunes. Entonces, debido a eso es que no había combustible en las estaciones de servicio. Hoy día se está restableciendo el normal abastecimiento” , sostuvo Dorado tras una reunión con representantes de Yacimientos Petrolíferos Fiscales Bolivianos (YPFB).

El Gobierno dice que se normalizará el abastecimiento

Por su parte, el ministro de Hidrocarburos, Marcelo Blanco, manifestó que tras llegar a un acuerdo con los cisterneros, la distribución de combustible se normalizará en los próximos días.

“Es un tema que han negociado los cisterneros locales, porque con los internacionales hemos negociado nosotros, y han negociado Yacimientos y la refinería, y han tardado en la negociación, es por eso que había una demora, pero ya han cerrado ayer (martes) la firma de los acuerdos, ya se tiene que empezar a restituir normalmente el combustible”, indicó el ministro.

MIRA AQUÍ: Asosur: “Se está restableciendo el normal abastecimiento” de gasolina en Santa Cruz tras días de filas

Mientras tanto, el vicepresidente Nacional de Operaciones de YPFB, Víctor Hugo Blacud, explicó que la interrupción de ese transporte había afectado el abastecimiento.

Campetrol, que agrupa a unas 47 empresas, se comprometió a movilizar sus unidades para reanudar el traslado de combustibles como parte del acuerdo, contemplando también avanzar en la contratación de una empresa especializada que realice un estudio de costos del sector del transporte.",https://unitel.bo/noticias/economia/crecen-las-filas-por-gasolina-y-conductores-expresan-su-molestia-por-la-falta-de-solucion-al-desabastecimiento-CK23831298
Unitel,2026-09-30,Seguridad,"Aprehenden al fiscal general Roger Mariaca y al fiscal departamental de Santa Cruz, Alberto Zeballos","El fiscal general de Bolivia, Roger Mariaca, y el fiscal departamental de Santa Cruz, Alberto Zeballos, fueron aprehendidos en el aeropuerto de Viru Viru este miércoles por la noche, confirmaron a UNITEL fuentes policiales.

La aprehensión se da a menos de 72 horas de la acusación del Departamento de Estado de Estados Unidos contra Mariaca por protección al narcotráfico. Además, Zeballos está incluido en una lista de personas cuyo ingreso al país del norte está vetado.

MIRA AQUÍ: Trump acusa a Mariaca de proteger narcotraficantes y niega su entrada a EEUU

La aprehensión de Mariaca toma especial relevancia porque dirige la Fiscalía, una de las instituciones más importante que conforman la Justicia en Bolivia.

De momento no se han brindado detalles sobre las circunstancia s en las que fueron aprehendidos Mariaca y Zeballos; sin embargo, cabe recordar que esta misma jornada se realizó un evento en la terminal aeroportuaria cruceña en la que se lanzó el proyecto Viru Viru Hub. A este evento asistieron autoridades de diferentes instituciones del Estado.

MIRA AQUÍ: “Cooperación sí, injerencia no”: Mariaca rechaza acusación de EEUU y dice que pesquisas del caso Cerimedo seguirán adelante",https://unitel.bo/noticias/seguridad/aprehenden-al-fiscal-general-roger-mariaca-y-al-fiscal-departamental-de-santa-cruz-alberto-zeballos-EK23832215
Unitel,2026-09-30,Seguridad,¿Quién es el fiscal general del Estado Roger Mariaca?,"El fiscal general del Estado, Roger Mariaca, fue posesionado el 22 de octubre del 2024, por el exvicepresidente, David Choquehuanca, tras conseguir 115 votos en la segunda vuelta en una votación efectuada en la Asamblea Legislativa, en aquel momento.

Mariaca es licenciado en Ciencias Jurídicas y realizó estudios de postgrado de Maestría en Ciencias de Derecho Penal y Derecho Procesal Penal.

También fue vocal del Tribunal de Honor del Ilustre Colegio de Abogados de Santa Cruz de la Sierra, fiscal de Materia de Santa Cruz y abogado independiente especializado en el área penal.

MIRA AQUÍ: Aprehenden al fiscal general Roger Mariaca y al fiscal departamental de Santa Cruz, Alberto Zeballos

En 2023, Mariaca fue observado de realizar depósitos y transferencias de más de Bs 400 mil a la hija de un funcionario municipal y meses después le fue devuelto el dinero, aunque en un monto ligeramente menor.

También fue cuestionado por presunta negligencia en la investigación del caso Las Londras, donde periodistas y ciudadanos fueron retenidos por avasalladores.

Mariaca obtuvo 115 votos en la segunda vuelta y este número le sirvió para ganar la elección en una votación efectuada en la Asamblea Legislativa.

Mariaca asumió el cargo en medio de críticas que van desde su labor como fiscal departamental en Santa Cruz y observaciones que tuvo en el proceso para aspirar al alto cargo en la Fiscalía.

MIRA AQUÍ: Jueza dice desconocer motivos por los que fue vetada por EEUU y niega nexos con narcotráfico

En la etapa de selección, Mariaca fue impugnado por cinco personas particulares que argumentaron irregularidades en su postulación.

En las impugnaciones presentadas en el proceso de selección señalan que Mariaca no contaba con el requisito específico número 4, en referencia a que, el postulante tiene que tener 8 años de ejercicio como abogado independiente.

Además, se tiene conocimiento que Mariaca fue señalado por incumplimiento de deberes en el cargo de fiscal departamental de Santa Cruz.

MIRA AQUÍ: Exmagistrado Israel Campero pide pruebas ante la acusación de EEUU y dice que el veto no lo conmueve

Actualmente, Mariaca fue aprehendido la noche de este miércoles, en menos de 72 horas de la acusación del Departamento de Estado de Estados Unidos contra Mariaca por protección al narcotráfico.

Además, el fiscal departamental de Santa Cruz, Alberto Zeballos, quien fue posesionado por Mariaca, está incluido en una lista de personas cuyo ingreso al país del norte está vetado, y fue aprehendido junto al fiscal general.",https://unitel.bo/noticias/seguridad/quien-es-el-fiscal-general-del-estado-roger-mariaca-EK23832521
Unitel,2026-09-30,Seguridad,Fiscalía denuncia “secuestro” de Mariaca y que policías encapuchados ingresaron a instalaciones en Sucre,"Cuando se tenía prevista una conferencia de prensa por parte de la Fiscalía desde Sucre tras la aprehensión del fiscal general del Estado, Roger Mariaca, funcionarios denunciaron que personal del Centro Especial de Investigación Policial (CEIP) irrumpió en las instalaciones.

“Nos han dicho que todos estamos aprehendidos”, señaló una funcionaria de la unidad de Comunicación mientras transmitía por Facebook.

“Denunciamos ante toda la población boliviana esta intervención que se está haciendo de manera ilegal e informal . A la vez también queremos dar a conocer que el fiscal general de del Estado ha sido retenido en el aeropuerto Viru Viru de manera informal sin tener ningún documento ni orden de aprehensión que pueda aclarar por qué se está realizando estos hechos policiales ilegales”, agregó.

Otro funcionario señaló que la conferencia había sido convocada para denunciar el “secuestro y vulneración de derechos humanos” de Mariaca quien fue aprehendido la noche de este miércoles en el aeropuerto de Viru Viru. El fiscal departamental de Santa Cruz, Alberto Zeballos, también fue aprehendido.

“ Desconocemos el motivo del secuestro de nuestro fiscal general del Estado y denunciamos que personal policial se encuentra allanando de manera ilegal”, señaló mientras la Policía se mantenía en el lugar, según se pudo ver en la transmisión.

MIRE AQUÍ: Aprehenden al fiscal general Roger Mariaca y al fiscal departamental de Santa Cruz, Alberto Zeballos

Según indicaron, Mariaca y Zeballos partieron desde Sucre rumbo a Santa Cruz para cumplir con agenda institucional.

La transmisión que duró más de 12 minutos mostró la intervención policial mientras una funcionaria denunciaba que los policías los retuvieron y cerraron las puertas evitando el ingreso de la prensa.

Se aguarda el informe de la Policía sobre la intervención del lugar.

El lunes, EEUU acusó a Mariaca de proteger narcotraficantes y vetó su ingreso al país del norte.

MIRE AQUÍ: “Es mi amigo”: Sale a la luz video en el que Marset habla del fiscal general Roger Mariaca",https://unitel.bo/noticias/seguridad/fiscalia-denuncia-secuestro-de-mariaca-y-que-policias-encapuchados-ingresaron-a-instalaciones-en-sucre-BK23832560
Unitel,2026-09-30,Seguridad,“Es mi amigo”: Sale a la luz video en el que Marset habla del fiscal general Roger Mariaca,"Tras conocerse la aprehensión del fiscal general del Estado, Roger Mariaca, UNITEL tuvo acceso a un video en el que se observa a Sebastián Marset, aparentemente aprehendido, refiriéndose al hombre designado para dirigir el Ministerio Público.

MIRA AQUÍ: Aprehenden al fiscal general Roger Mariaca y al fiscal departamental de Santa Cruz, Alberto Zeballos

En el video se observa a Marset sentado en un sofá, mientras conversa con un hombre sentado frente a él, y es quien graba la conversación.

“Está llamando, dice, el Mariaca. A todo el mundo está llamando. ¿Por qué está llamando?”, pregunta el interlocutor de Marset.

“Mariaca, Mariaca es mi amigo”, responde Marset.

MIRA AQUÍ: Fiscalía denuncia “secuestro” de Mariaca y que policías encapuchados ingresaron a instalaciones en Sucre

Durante la conversación, Marset señala que habla con Mariaca e incluso señala que es su “amigo”.

”Supuestamente él controla la Fiscalía. A visa, lo que tiene que avisar”, agrega Marset.",https://unitel.bo/noticias/seguridad/es-mi-amigo-sale-a-la-luz-video-en-el-que-marset-habla-del-fiscal-general-roger-mariaca-HK23832577
Noticias Violeta,2026-09-30,Nacional,"Cooperativistas mineros y transportistas se suman a exigir la abrogación del decreto 5716 que aumenta el diésel|| ""Estamos aquí para poder tomar determinaciones, como FENCOMIN"", señaló González.","El presidente de la Cooperativa, Daniel González, calificó de «decretos malditos» las normas 5707 y 5716; el presidente de FEDECTRANS, Ronald García, pidió la abrogación del DS 5716 durante una reunión con el Concejo Municipal de Santa Cruz; y la concejal Melissa Ramírez cuestionó el pedido de incremento de pasajes ante las falencias del servicio de transporte urbano.

González lanzó duras críticas contra el Gobierno durante un ampliado en Oruro. El dirigente cuestionó la forma en que la administración estatal conduce el país mediante decretos y apuntó especialmente contra las normas 5707 y 5716.

«Desde un inicio hemos visto que ha manejado el país mediante decretos y decretos», afirmó González. El dirigente sostuvo que el Gobierno recurrió de manera reiterada a decretos hasta generar un punto de quiebre con distintos sectores.

«Después de toda esta raíz que ha pasado, lo que ha rechazado han sido estos decretos malditos que ha lanzado», cuestionó. González identificó las normas 5707 y 5716 como motivo principal del rechazo del sector cooperativo minero.

«La 5707, la 5716, lastimosamente ya no podemos aguantar más», manifestó durante el ampliado. El dirigente planteó que el sector debe asumir determinaciones frente a las medidas gubernamentales.

«Yo creo que estamos aquí para poder tomar determinaciones, como FENCOMIN», señaló González. El dirigente recordó acciones adoptadas anteriormente por los cooperativistas mineros ante medidas del Ejecutivo.

En Santa Cruz, Ronald García participó en la reunión con el Concejo Municipal. El presidente de FEDECTRANS pidió no satanizar el paro del transporte e indicó que su objetivo es la abrogación del DS 5716.

García señaló que la Gobernación y la Alcaldía deberían estar con el pueblo y no solamente con el Gobierno nacional. El dirigente sostuvo que las autoridades subnacionales deben respaldar las demandas del sector.

La concejal Melissa Ramírez cuestionó las condiciones del transporte urbano durante su intervención. La autoridad señaló que el servicio presenta múltiples falencias y criticó el pedido de incremento del pasaje.

Ramírez sostuvo que antes de definir cualquier aumento debe realizarse un estudio técnico. «No hay ni focos en los micros y así quieren incremento del pasaje», manifestó la concejala cruceña.

Transportistas increparon al activista Aldo Sosa y lo calificaron de «flojo». El sector reiteró que busca la abrogación del Decreto Supremo 5716 y sostendrá una reunión en el Concejo Municipal de Santa Cruz.

Agencia de Noticias Violeta | Celular 72441200",https://noticiasvioleta.com/cooperativistas-mineros-y-transportistas-se-suman-a-exigir-la-abrogacion-del-decreto-5716-que-aumenta-el-diesel/
Noticias Violeta,2026-09-30,Local,"Revelan que la Primera Dama tiene una empresa en la ciudad donde el avión presidencial hizo una parada «técnica» de 3 días|| Una investigación periodística revela que la primera dama y su hermana registraron empresas en Florida, a pocos kilómetros de donde permaneció el avión presidencial.","Sucre, 30 de septiembre (ANV).- Una investigación de la periodista María Silvia Trigo reveló que Marielena Urquidi de Paz, primera dama de Bolivia, figura vinculada a BB Construct Group LLC, mientras que su hermana María Paola Urquidi aparece como gerente de Patria Investment Capital LLC; el diputado Alejandro Reyes pidió al Gobierno explicar la parada en Boca Ratón para evitar especulaciones; la senadora Ana María Crispín afirmó que Paz viajó a esa ciudad porque tiene una empresa y familiares allí; y la presidenta de Unidad Nacional, Elizabeth Reyes, exigió investigar el costo del viaje y reclamó austeridad.

Los registros oficiales del estado de Florida confirman que BB Construct Group LLC fue registrada en octubre de 2021 y tiene como agente registrada y gerente a Marielena Urquidi de Paz. Su dirección principal figura en 4600 S. Ocean Blvd., Suite 201, Highland Beach, Florida.

El registro muestra una reinstalación el 22 de diciembre de 2025, cuando fueron presentados los reportes correspondientes a 2024 y 2025. El 25 de septiembre de 2026, mientras se desarrollaba el viaje presidencial, la empresa fue objeto de una nueva disolución administrativa por falta de reporte anual.

En el mismo inmueble aparece Patria Investment Capital LLC, constituida durante 2026. Según los registros de Florida, fue presentada para su inscripción el 27 de abril de 2026 y tiene como agente registrada y gerente a María P. Urquidi. La compañía se encuentra activa.

El nombre «Patria» coincide con uno de los conceptos utilizados en el discurso político del presidente Rodrigo Paz. Sin embargo, los registros corporativos consultados no permiten establecer un vínculo entre la compañía privada y una organización o actividad política.

Ambas compañías registran la misma dirección en Highland Beach, Florida, muy cerca de Boca Ratón, donde permaneció durante aproximadamente tres días el avión FAB-002 utilizado en el viaje del presidente Paz a Estados Unidos.

El diputado de Unidad Alejandro Reyes afirmó que el Gobierno debe dar una explicación clara sobre la parada técnica en Boca Ratón. Señaló que una aclaración oficial también evitaría que el tema sea utilizado como «comidilla» por el vicepresidente Edmand Lara.

Reyes rechazó los cuestionamientos relacionados con la familia del mandatario y sostuvo que tener actividades empresariales en el exterior no constituye por sí mismo una irregularidad. «Cualquier boliviano tiene empresas en el exterior o en EEUU», afirmó el legislador.

La senadora del PDC Ana María Crispín afirmó que el presidente Paz viajó a Boca Ratón porque allí tiene una empresa, su esposa y familiares. La legisladora expresó su sorpresa por la situación económica que, a su juicio, habría tenido el mandatario durante la campaña electoral.

«Paz para la campaña no tenía ni dinero», sostuvo Crispín, al señalar que se pedían cuotas a los militantes. La senadora aseguró que intenta investigar estos hechos desde la Asamblea Legislativa, pero denunció que enfrenta obstáculos y presiones.

La presidenta de Unidad Nacional, Elizabeth Reyes, cuestionó al presidente por la información referida a un supuesto viaje de vacaciones junto a su familia tras su retorno de la ONU. Pidió investigar cuánto habría representado ese desplazamiento para el Estado.

«Cuando los pueblos sufren, cuando hay crisis económica, los ciudadanos esperan que su líder esté a su lado, los acompañe, sufra con ellos, sea solidario y, sobre todo, muestre mucha austeridad», afirmó Reyes. La dirigente reclamó un Gobierno enfocado en atender la crisis.

«¿Cuánto le costó esto al país? Es necesario que estas irregularidades puedan investigarse. Y, si es necesario, debería devolverse el costo del Estado», manifestó la presidenta de Unidad Nacional durante su pronunciamiento público.

Reyes advirtió que la percepción de privilegios de las autoridades puede incrementar el malestar social. «Este tipo de privilegios genera mucho más malestar en una población y pone en riesgo la estabilidad a mediano plazo en el país», sostuvo.

El presidente Paz respondió previamente a los cuestionamientos por la escala en Boca Ratón. Aseguró que el viaje tuvo fines de trabajo y que las escalas respondieron a decisiones técnicas. «Jamás por un tema de orden personal», afirmó el mandatario.

Agencia de Noticias Violeta | Celular 72441200",https://noticiasvioleta.com/revelan-que-la-primera-dama-tiene-una-empresa-en-la-ciudad-donde-el-avion-presidencial-hizo-una-parada-tecnica-de-3-dias/
Noticias Violeta,2026-09-30,Local,Investigan a la jueza Livia Alarcón por su presencia en la casa de Marset horas antes de su captura|| Aproximadamente dos horas después de la salida de la jueza se produjo la detención de Marset.,"Sucre, 29 de septiembre (ANV).- Un informe en conocimiento de autoridades de Estados Unidos señala que la jueza Livia Alarcón permaneció más de cuatro horas en la vivienda de Sebastián Marset; el Consejo de la Magistratura intervino su juzgado y dispuso el levantamiento de expedientes vinculados al narcotráfico; y la autoridad judicial ya había conocido causas relacionadas con el entorno del narco uruguayo y con alias «El Colla».

De acuerdo con la información conocida, Alarcón habría llegado a la vivienda de Marset, ubicada en la zona de Las Palmas, alrededor de las 20:00. Abandonó el inmueble a las 00:24 a bordo de un vehículo con vidrios polarizados.

Aproximadamente dos horas después de la salida de la jueza se produjo la detención de Marset. La cronología resulta relevante para la investigación: ingreso a las 20:00, salida a las 00:24 y captura cerca de las 02:30.

El dato cobra mayor dimensión por los antecedentes judiciales de Alarcón. La jueza ya había conocido actuaciones relacionadas con el caso de la fuga de Marset y procesos que involucraron a personas señaladas como parte de su entorno.

En esas causas, Alarcón dictó medidas cautelares y posteriormente determinó la libertad de algunas personas investigadas. Las decisiones fueron adoptadas en el marco de sus atribuciones jurisdiccionales, según los registros del caso.

Entre los antecedentes que requieren esclarecimiento se encuentra Iván García, conocido como «El Colla». Alarcón también habría adoptado una determinación que permitió su libertad en investigaciones relacionadas con el entorno de Marset.

El representante distrital del Consejo de la Magistratura, Emilio Arredondo, junto a su equipo intervino el juzgado de Alarcón. Anunció el levantamiento técnico de expedientes vinculados a Marset y a «El Colla».

Arredondo informó que se revisarán inicialmente dos procesos, uno de ellos compuesto por 26 cuerpos. El objetivo es identificar irregularidades en el manejo de los expedientes por narcotráfico.

El operativo de control se realizó mientras la jueza se encontraba en una audiencia. El representante señaló que esperarían su conclusión para conversar con ella sobre los hallazgos del levantamiento técnico.

Entre los aspectos investigados está la presunta entrega de bienes secuestrados dentro de procesos por narcotráfico sin una audiencia previa. El Consejo de la Magistratura analizará la documentación para determinar responsabilidades.

La revisión también incluye un video en el que presuntamente se observa a la jueza saliendo de un inmueble relacionado con Marset. Arredondo aclaró que el material será analizado para establecer su autenticidad.

El representante distrital señaló que la jueza ya tendría una destitución anterior. Esa medida fue frenada mediante un amparo constitucional que actualmente se encuentra en revisión en Sucre.

El Consejo de la Magistratura pidió celeridad para resolver ese proceso. Arredondo sostuvo que, una vez concluido el análisis, se dará a conocer si existen elementos para acciones disciplinarias o penales.

Agencia de Noticias Violeta | Celular 72441200",https://noticiasvioleta.com/investigan-a-la-jueza-livia-alarcon-por-su-presencia-en-la-casa-de-marset-horas-antes-de-su-captura/
Noticias Violeta,2026-09-30,Nacional,Alertan que el precio de la Leche aumentará hasta los Bs 15 por litro||  El sector lechero advierte que el ajuste responde al encarecimiento del diésel y de los insumos para la producción.,"Sucre, 30 de septiembre (ANV).- Un productor lechero de Cochabamba informó que desde el 1 de octubre regirá un nuevo precio para la leche cruda; el sector prevé un incremento de entre 40% y 50% debido al aumento de los costos de producción y del transporte por el encarecimiento del diésel; y el ajuste contempla un precio de Bs 9 por litro para la venta a la industria y de hasta Bs 15 para el consumidor final.

El productor señaló que el incremento también tendrá impacto en el consumidor final. La estructura de costos del sector está condicionada por el precio de los insumos que llegan desde Santa Cruz hacia Cochabamba y por las cotizaciones internacionales de la leche.

«En este momento Chile y Argentina, que son prácticamente donde se comercializa más el tema de la leche, especialmente Argentina», explicó el productor cochabambino al referirse a los mercados de referencia para el precio del producto.

El productor indicó que el precio internacional tomado como referencia podría llevar el valor de la leche al consumidor final en Bolivia a aproximadamente Bs 24. Sin embargo, el ajuste anunciado por el sector contempla montos menores para la venta a la industria.

El sector prevé comercializar el litro de leche cruda a Bs 9 para la industria. Para el consumidor final, el precio podría llegar hasta Bs 15 por litro, según la proyección planteada por los productores lecheros.

«Nosotros estamos preparándonos como sector lechero para ver los nuevos cambios que van a existir a nivel de toda la estructura de costos», afirmó el productor. El sector anticipa un cambio general en el mercado tras la aplicación de las nuevas tarifas.

El incremento del precio de la leche se suma al alza de otros productos de la canasta familiar. El pollo subió Bs 8 por kilo en Santa Cruz tras el retiro de la subvención al diésel, según reportaron los comerciantes de esa región.

Los productores lecheros advirtieron que el encarecimiento del transporte afecta directamente sus costos operativos. El diésel pasó de Bs 9,80 a Bs 17,95 por litro con la aplicación del Decreto Supremo 5716, lo que elevó el costo de distribución.

El nuevo precio de la leche regirá desde el 1 de octubre, según informó el productor cochabambino. El sector no precisó si el ajuste será uniforme en todo el país o si variará según la región y la cadena de distribución.

Agencia de Noticias Violeta | Celular 72441200",https://noticiasvioleta.com/alertan-que-el-precio-de-la-leche-aumentara-hasta-los-bs-15-por-litro/
Noticias Violeta,2026-09-30,Local,Gobierno no frena escasez de gasolina y reportan filas en el eje troncal del país|| Conductores reportan esperas de hasta dos horas y recorridos por varias estaciones antes de encontrar el producto.,"La gasolina volvió a generar largas filas en estaciones de servicio de Santa Cruz, donde conductores reportaron esperas de hasta dos horas; el abastecimiento de diésel se desarrolló con normalidad en la capital cruceña; y la llegada de cuatro millones de litros de diésel importado abrió una alternativa para productores y grandes consumidores.

Durante un recorrido por distintos surtidores de Santa Cruz se observó que algunas estaciones agotaron el producto y colocaron conos en los accesos a las áreas de carga. «Estamos dando vueltas buscando gasolina», fue uno de los reclamos de los conductores.

La situación también se registra en La Paz y Cochabamba, donde se reportaron filas de vehículos en busca de gasolina. Los conductores deben recorrer varias estaciones antes de encontrar el carburante disponible en sus respectivas ciudades.

En contraste, el abastecimiento de diésel se desarrolló con normalidad en Santa Cruz durante la jornada. La llegada de los primeros cuatro millones de litros de diésel importado, equivalentes a unas 100 cisternas, abrió una alternativa de abastecimiento para el sector productivo.

La Gobernación de Santa Cruz informó que el combustible llega mediante una alianza público-privada. Los precios publicados por tres empresas importadoras oscilan entre Bs 22 y Bs 22,89 por litro, con el transporte cotizado por separado en cada operación.

YPFB no emitió información respecto a los nuevos reportes de escasez de gasolina. La estatal petrolera tampoco se pronunció sobre las filas registradas en Santa Cruz, La Paz y Cochabamba durante la jornada.

Los conductores señalaron que la escasez de gasolina afecta sus actividades diarias y genera pérdidas de tiempo. Algunos reportaron haber recorrido hasta cinco estaciones antes de encontrar el producto disponible para la carga.

La situación se registra tras el retiro de la subvención al diésel y mientras el Gobierno evalúa nuevas medidas sobre el precio de la gasolina. El analista Marcelo Silva advirtió que «es inevitable» el gasolinazo en los próximos meses.

Agencia de Noticias Violeta | Celular 72441200",https://noticiasvioleta.com/gobierno-no-frena-escasez-de-gasolina-y-reportan-filas-en-el-eje-troncal-del-pais/
Noticias Violeta,2026-09-30,Nacional,Categoría:Nacional,"Sucre, 30 de septiembre (ANV).- Un productor lechero de Cochabamba informó que desde el 1 de octubre regirá un nuevo precio para la leche cruda; el sector prevé un incremento de entre 40% y 50% debido al aumento de los costos de producción y del transporte por el encarecimiento del diésel; y el ajuste contempla un precio de Bs 9 por litro para la venta a la industria y de hasta Bs 15 para el consumidor final. El productor señaló que el incremento también tendrá impacto en el consumidor final.…

El presidente de la Cooperativa, Daniel González, calificó de «decretos malditos» las normas 5707 y 5716; el presidente de FEDECTRANS, Ronald García, pidió la abrogación del DS 5716 durante una reunión con el Concejo Municipal de Santa Cruz; y la concejal Melissa Ramírez cuestionó el pedido de incremento de pasajes ante las falencias del servicio de transporte urbano. González lanzó duras críticas contra el Gobierno durante un ampliado en Oruro. El dirigente cuestionó la forma en que la administración estatal conduce el país mediante decretos y apuntó especialmente contra las…

En la lista emitida por el Gobierno de EEUU, sobre los 13 bolivianos que tienen prohibido el ingreso a dicho país, se hallan dos juezas que beneficiaron a dos implicados en el caso maletas y una exautoridad de la Aduana. En la lista de negra de EEUU se halla Albania Caballero Saavedra, jueza de Instrucción Anticorrupción y de Violencia contra la Mujer Primera, de Santa Cruz, quien dispuso la detención domiciliaria para Laura Rojas, una de las principales implicadas en el caso maletas. La disposición fue tomada en agosto del…

El dirigente del transporte, Lucio Gómez, informó que representantes de las federaciones departamentales asisten a la reunión con autoridades de Gobierno para exigir respuestas sobre distribución de diésel, conversión a GNV y precio de la canasta familiar; el transporte de Santa Cruz retomó sus actividades y ratificó que no participará en el encuentro de La Paz; y el transporte cooperativizado de Cochabamba cumple un paro de 24 horas con el repliegue de sus unidades. Gómez explicó que en la reunión deben participar autoridades de los ministerios de Economía, Defensa, Hidrocarburos…

El vicepresidente Edmand Lara presentó un audio atribuido a Fernando Cerimedo que menciona pagos mensuales de 15.000 dólares por cada avioneta vinculada al narcotráfico en Beni; la grabación sindica al coronel Franz Cabrera Quispe, quien ejerció como director nacional de la FELCN durante 2026 según los registros oficiales de la institución; y Lara había denunciado previamente un informe de Inteligencia del 21 de enero de 2026 que advertía sobre un ofrecimiento de 410.000 dólares para garantizar protección policial a 41 aeronaves en la región. La grabación difundida por Lara contiene…

La Confederación Sindical de Choferes de Bolivia evalúa el acatamiento del repliegue nacional de 24 horas que se cumple este lunes; el secretario ejecutivo Lucio Gómez calificó inicialmente la medida como «exitosa» aunque reconoció que su cumplimiento no es uniforme en todos los departamentos; y la dirigencia confirmó que acudirá este martes a la reunión convocada por el Gobierno para abordar las demandas del transporte. El repliegue se realiza en rechazo al retiro de la subvención al diésel y al incumplimiento de acuerdos con el sector. La medida fue convocada…

El Departamento de Estado de Estados Unidos revocó las visas a 12 ciudadanos bolivianos y sus familiares, señalados por presuntamente haber facilitado, protegido o colaborado con actividades vinculadas al crimen organizado; la lista incluye al fiscal general Roger Mariaca y al expresidente de la Aduana Alberto Samuel Soto de la Vía; y la medida alcanza también al coronel Frans William Cabrera Quispe, exdirector nacional de la FELCN. De acuerdo con el documento difundido por la administración de Donald Trump, la medida incluye la revocación de visas estadounidenses que ya habían…

Sucre, 25 de septiembre (ANV).- El presidente de la junta de padres de familia, Eusebio Cordero, anunció la convocatoria a una movilización general en la ciudad de Sucre para protestar contra el Decreto Supremo 5716 que duplica el precio del diésel en el país y el incremento en las tarifas del transporte público. Asimismo, el representante informó sobre la suspensión de las clases escolares presenciales para la tarde de hoy viernes y la solicitud de migrar a la modalidad a distancia el próximo lunes ante los anuncios de medidas de…

La Paz, 25 de septiembre (ANV).- El ejecutivo de la Federación Sindical de Trabajadores Mineros de Bolivia, Andrés Paye, anunció que el sector se ha declarado en estado de emergencia nacional ante la falta de una postura técnica clara por parte del Gobierno respecto a unas 20 empresas y el temor de que se entreguen activos estatales a inversionistas privados a través de un memorando con el Fondo Monetario Internacional (FMI), advirtiendo que defenderán el patrimonio del país. Según explicó Paye, el Comité Ejecutivo de la federación tomó la decisión…

La Paz, 25 de septiembre (ANV).- El transporte federado de Santa Cruz ratificó el repliegue de sus unidades para este lunes 28 de septiembre; el ministro de Gobierno, Marco Antonio Oviedo, minimizó la medida y garantizó vías libres con despliegue policial y militar; y el magisterio urbano informó que prevé clases virtuales si se ratifica el paro, mientras aguarda un instructivo oficial de la Dirección Departamental de Educación. Bismarck Daza, dirigente del transporte federado en Santa Cruz, informó que este viernes se realizará un ampliado departamental para presentar el informe…

Agencia de Noticias Violeta | Celular 72441200",https://noticiasvioleta.com/categor%C3%ADas/nacional/
Radio Panamericana,2026-09-30,nacional,"Policías allanan la Fiscalía General y arrestan a funcionarios que denunciaban el ""secuestro"" de Róger Mariaca","Durante el procedimiento, jefes policiales informaron a los funcionarios y al equipo de comunicación que se encontraban en calidad de aprehendidos, impidiendo el ingreso de los medios de comunicación que acudieron a la sede del Ministerio Público.

La intervención policial en la capital del país ocurrió de manera posterior a la detención de Roger Mariaca y Alberto Zeballos en el Aeropuerto Internacional de Viru Viru.

Ante estos hechos, trabajadores de la unidad de comunicación del Ministerio Público emitieron un pronunciamiento en directo a través de las plataformas digitales oficiales para alertar sobre la vulneración de derechos institucionales y la detención de las máximas autoridades.

Durante la transmisión, el personal denunció que efectivos del Centro de Especialización de Investigación Policial (CEIP) y jefes policiales ingresaron de forma irregular y fuera del horario de atención al público, notificándoles que todo el personal presente en el edificio quedaba arrestado sin la exhibición previa de una orden de allanamiento o mandamiento de aprehensión formal.

Asimismo, denunciaron el acordonamiento del recinto para evitar el acceso de la prensa y de familiares de los trabajadores.

Por su parte, los jefes policiales a cargo de la intervención argumentaron que el procedimiento se realizaba en el marco de las investigaciones en curso, rechazando las acusaciones de irregularidad.

Tras restringir el trabajo del equipo de comunicación, los efectivos instruyeron el traslado de los funcionarios hacia dependencias policiales, consolidando la toma de las oficinas centrales de la Fiscalía General del Estado.",https://www.panamericana.bo/articulo/nacional/policias-allanan-fiscalia-general-arrestan-funcionarios-que-denunciaban-secuestro-roger-mariaca/20260930234901017080.html
Radio Panamericana,2026-09-30,nacional,Aprehenden al fiscal general Roger Mariaca y al fiscal departamental de Santa Cruz Alberto Zeballos,"De acuerdo con los reportes, Mariaca y Zeballos fueron interceptados por un contingente policial en la terminal aérea cruceña. La intervención policial ocurre pocas horas después de que el Departamento de Estado de EE. UU. incluyera sus nombres en una lista de restricciones y revocatorias de visado.

Hasta el momento, las autoridades policiales y del Ministerio de Gobierno no han brindado un informe oficial sobre los delitos específicos que motivaron el mandamiento de aprehensión ni la radicatoria del caso.

Se aguarda un pronunciamiento de las instancias competentes en las próximas horas que permita esclarecer los detalles de la investigación y definir la situación jurídica de ambas autoridades judicializadas.",https://www.panamericana.bo/articulo/nacional/aprehension-fiscal-general-aeropuerto-viru-viru/20260930232304017078.html
Radio Panamericana,2026-09-30,nacional,Terminal de Minasa restablece tránsito con precauciones por nevada,"El tránsito entre la ciudad de La Paz y la zona de Los Yungas fue restablecido tras la nevada que afectó la región occidental del país durante la mañana de este jueves. Gabriel Muñoz, encargado de la terminal de buses de Minasa, explicó que las salidas quedaron bloqueadas alrededor de las 9 de la mañana debido a la acumulación de nieve en el sector de la cumbre.

Muñoz detalló que pasadas unas horas, hacia las 10:30, se reabrió la tranca de Urujara y se normalizaron las salidas desde la terminal, pero con recomendaciones especiales para los conductores.

""La caída de la nevada no ha sido tan intensa como en anteriores ocasiones. Entonces, se ha evaluado de que se aperture la terminal y la salida se normalice. Estamos recomendando por eso a los conductores que tengan extrema precaución, ya ellos conocen el movimiento de esta situación"", señaló Muñoz, quien enfatizó en la necesidad de tomar ""extrema precaución"" al circular por la zona.

Entre las medidas aconsejadas, el encargado de Minasa recomendó para los particulares llevar un botiquín de primeros auxilios, mantener los faroles en óptimas condiciones y reducir la velocidad sobre todo en la cumbre, donde la capa de nieve puede generar riesgo.

Asimismo, Muñoz advirtió sobre la importancia de no saturar los vehículos, recordando que el exceso de peso puede incrementar el peligro en las condiciones actuales.

""Es muy responsabilidad del conductor de la empresa, en este caso, que tome las medidas al respecto, porque se está acá hablando de vidas que están dentro de la movilidad"", afirmó.

La policía caminera se encuentra presente en el área para supervisar el tránsito y velar por el cumplimiento de las precauciones establecidas.

Finalmente, el responsable de la terminal solicitó a los usuarios verificar los horarios de salidas con anticipación debido a la situación variable en esta ruta, y recordó la cooperación tanto de pasajeros como de conductores para transitar de forma segura.",https://www.panamericana.bo/articulo/nacional/terminal-minasa-restablece-transito-precauciones-nevada/20260930181018017076.html
Radio Panamericana,2026-09-30,nacional,El Censo Agropecuario 2026 iniciará el 5 de octubre para renovar la radiografía productiva del país,"En ese marco, el coordinador general del Censo Agropecuario, Telmo Arce, sostuvo que la recolección de datos arrancará este lunes 5 de octubre mediante un barrido total en áreas rurales y periurbanas, utilizando formularios electrónicos en dispositivos móviles offline para garantizar la precisión, seguridad y transparencia de la información productiva del país.

Arce explicó que el censo agropecuario se desplegará de forma gradual durante 45 días mediante tres fases departamentales. Detalló que la primera fase iniciará este lunes 5 de octubre en Beni y Santa Cruz; la segunda se activará en el transcurso de octubre para Tarija, Chuquisaca, Oruro y Pando; y la tercera fase arrancará la primera semana de noviembre en La Paz, Cochabamba y Potosí.

El coordinador aseguró que las brigadas recorrerán cada comunidad, sindicato, capitanía y estancia para entrevistar directamente al productor, registrando datos sobre producción agrícola, pecuaria, forestal y ambiental.

En relación con las innovaciones tecnológicas y las garantías de credibilidad, el coordinador destacó el uso de un aplicativo digital desarrollado internamente por el Instituto Nacional de Estadística (INE) que funciona sin necesidad de conexión a internet.

Arce argumentó que frente a la desconfianza generada en pasados procesos censales, la institución dispuso la creación de comités impulsores locales y la contratación de empadronadores que residen en los propios municipios. Añadió que el productor podrá verificar en la pantalla de la tablet todas sus respuestas antes de finalizar la entrevista para asegurar que la información sea fidedigna.

Por otro lado, Arce remarcó que el objetivo central de este levantamiento es actualizar la estructura base del campo boliviano frente a los datos históricos recopilados desde 1950, 1984 y 2013. Mencionó que contar con una ""radiografía"" precisa del sector permitirá orientar las decisiones públicas y privadas, facilitando la formulación de políticas de desarrollo productivo y soberanía alimentaria para los próximos años a nivel municipal, departamental y nacional.

El coordinador concluyó que el operativo mantendrá estrictos controles de monitoreo de cobertura y calidad a lo largo de los 45 días de empadronamiento en cada región. Exhortó a los productores y autoridades locales a colaborar activamente con las brigadas censales para construir una base de datos confiable que sirva como hoja de ruta estratégica para el crecimiento económico y agropecuario de Bolivia.",https://www.panamericana.bo/articulo/nacional/censo-agropecuario-2026-iniciara-5-octubre-renovar-radiografia-productiva-pais/20260930171845017073.html
Radio Panamericana,2026-09-30,nacional,SENAMHI alerta por nevada e inestabilidad atmosférica en Los Yungas,"El Servicio Nacional de Meteorología e Hidrología (SENAMHI) emitió un aviso meteorológico de prioridad naranja debido a intensas nevadas que afectan diversas regiones del país, incluyendo Los Yungas, La Paz, Cochabamba, Tarija, Oruro y Potosí.

La meteoróloga Marisol Portugal explicó que esta situación se debe a la incursión de un sistema de baja presión y el aporte de humedad proveniente de la Amazonia. La interacción de estas masas de aire genera condiciones de inestabilidad, caracterizadas por cielo cubierto, lluvias, tormentas eléctricas y nevadas en sectores del Altiplano y las cordilleras Oriental y Occidental.

El término ""sistema de baja presión"" indica la presencia de un fenómeno atmosférico que promueve el ascenso del aire, la formación de nubosidad y precipitaciones, influyendo en cambios significativos del clima local. Portugal detalló que se trata de una depresión aislada a niveles medios y altos que, junto con la humedad, ocasiona este comportamiento meteorológico adverso. Además, se ha emitido un aviso naranja por vientos en toda la zona del Altiplano.

Sobre el pronóstico, Portugal señaló que las condiciones adversas persistirán hasta la madrugada del primero de octubre, tras lo cual se espera una mejora progresiva con cielos parcialmente despejados hacia el fin de semana. Recomendó precaución especial a quienes transitan por las carreteras de Los Yungas y el norte de La Paz, donde la acumulación de nieve dificulta la circulación vehicular.

Respecto a la ocurrencia de nevadas a finales de septiembre, a pesar de ser primavera, la especialista indicó que estas pueden presentarse en cualquier época del año en zonas de gran altitud, como el Altiplano y la cordillera real. Aunque las nevadas son más frecuentes en junio y julio, no es extraño que se registren en meses como diciembre y enero.

El fenómeno afecta solo el occidente del país, mientras que en el oriente se ha reportado un ingreso de un frente frío que ha generado descenso de temperaturas con avisos de prioridad naranja para zonas del Chaco, Tarija, Santa Cruz, Chuquisaca y el trópico de Cochabamba. Se esperan lluvias irregulares y mejoría climática gradual hacia el fin de semana.

Finalmente, sobre el mes de octubre y el impacto del fenómeno de El Niño, Portugal anticipó un aumento general de temperaturas y un déficit de precipitaciones en el occidente, con posibles lluvias irregulares en algunas regiones del oriente. Advirtió que, aunque se puedan registrar eventos fríos puntuales, la tendencia será a temperaturas superiores a lo normal, incluso superando récords históricos en sectores como la Chiquitania y el Chaco.",https://www.panamericana.bo/articulo/nacional/senamhi-alerta-nevada-inestabilidad-atmosferica-yungas/20260930133344017071.html
Radio Panamericana,2026-09-30,nacional,SENASIR detalla cronograma y modalidades de pago de rentas a jubilados en octubre,"El director del Servicio Nacional del Sistema de Reparto (SENASIR), Alberto Bonadona, confirmó que el pago de rentas para jubilados comenzará el próximo 1 de octubre con abono en cuenta en puntos sindicales, gremiales y ventanillas del Banco Unión.

A partir del 2 de octubre , el SENASIR iniciará el servicio de pago a domicilio en La Paz y El Alto, modalidad destinada a unas 2.000 personas que por razones de salud o edad avanzada no pueden acudir a los puntos de cobro. Para acceder a esta opción, los beneficiarios deben presentar un certificado médico, la cédula original y un croquis del domicilio en las oficinas de SENASIR. Asimismo, el 5 de octubre comenzará el pago a domicilio en el resto del país.

El director general del SENASIR, Alberto Bonadona explicó que el organismo moviliza vehículos y personal capacitado para garantizar la seguridad y correcta entrega de las rentas a domicilio. En total, el SENASIR atiende a unos 66.243 jubilados en todo el país, con mayor concentración en La Paz ( 22.000 ), Cochabamba ( 15.000 ) y Santa Cruz ( 11.000 ).

Respecto a los descuentos temporales aplicados entre septiembre y diciembre de 2026, el funcionario precisó que estos surgen de acuerdos voluntarios desde 2003 con las organizaciones gremiales, que solicitan aportes de entre un 0,5 % y un 1,5 % de la pensión para fines sociales como gastos funerarios o agasajos.

Los rentistas pueden solicitar la suspensión de este descuento mediante nota formal enviada a SENASIR. En la boleta de pago se detallan claramente el monto total, el descuento aplicado y el monto líquido a cobrar.

El director reconoció la existencia de casos de cobros indebidos y suplantaciones , particularmente en pagos a domicilio y ventanilla. Para mitigar estos fraudes, SENASIR capacita a su personal para la identificación rigurosa de los beneficiarios, quienes deben presentar su carnet de identidad original.

En caso de irregularidades, los afectados pueden presentar reclamos que suelen resolverse en un plazo no mayor a un mes, ajustando los montos en el siguiente pago.

Bonadona detalló los requisitos necesarios para cada modalidad de pago: en ventanilla solo se necesita la cédula original; para abono en cuenta se requiere el control de vivencia trimestral, disponible en la página web de SENASIR o en oficinas. El pago a domicilio requiere además un certificado médico y croquis, y puede incluir visitas de trabajadoras sociales cuando sea necesario.

También está disponible la opción de pago mediante poder para personas que residan dentro o fuera del país, otorgando autorización a un tercero para cobrar la renta. Bonadona insistió en la importancia de mantener el control de vivencia al día para evitar suspensiones de pago.",https://www.panamericana.bo/articulo/nacional/senasir-detalla-cronograma-modalidades-pago-jubilados/20260930131403017074.html
Radio Panamericana,2026-09-30,nacional,Abogado de Evo Pueblo defiende llamado de Morales y cuestiona órdenes judiciales,"El asesor jurídico Marcelo Galván, representante del instrumento político Evo Pueblo, explicó que el ultimátum emitido por el expresidente Evo Morales el sábado pasado fue resultado de un ampliado para analizar la situación política y económica actual en Bolivia.

Galván mencionó que en dicho encuentro se consideraron varios decretos vigentes como inconstitucionales, entre ellos el denominado ""dieselazo"" y normas referentes a la sucesión presidencial que no respetarían la Constitución Política del Estado.

En ese contexto, Morales solicitó la abrogación de esas normativas y, de no concretarse, la convocatoria a una reunión con diferentes sectores sociales como la Central Obrera Boliviana (COB), gremios y cámaras empresariales para evaluar medidas frente al impacto en la economía popular y productiva.

Respecto al estado de excepción vigente, el abogado aclaró que fue declarado mediante un único decreto y que la ley prevé la posibilidad de solicitar su extensión, tal como lo autorizó la Asamblea Legislativa. Subrayó que la protesta no está prohibida en su totalidad, solo ciertos tipos de manifestación están regulados.

Galván aseguró que el ultimátum no representa un desafío al estado de excepción y defendió la expresión de la población ante el daño económico actual.

Consultado sobre las órdenes de aprehensión contra el expresidente Morales, Galván indicó que solo existen dos mandamientos, uno vinculado a un proceso en Tarija por presunta trata y tráfico de personas, proceso que calificó como político y sin base judicial conforme al artículo ciento diecisiete de la Constitución.

El asesor afirmó que no acatarán órdenes que considere ilegales y enfatizó que las autoridades deben respetar el debido proceso y las formalidades legales para notificar y ejecutar cualquier mandato judicial.

Respecto a rumores sobre posibles sanciones internacionales contra funcionarios bolivianos, incluido un ministro presuntamente próximo a perder su visa en Estados Unidos, Galván indicó que no cuentan con información oficial sobre la identidad y pidió que el Gobierno actúe con soberanía y solicite aclaraciones al respecto.

También, Galván mencionó que el Ministerio de Relaciones Exteriores debería indagar estas informaciones para tomar decisiones adecuadas, a la espera de la publicación de listas con nombres de funcionarios señalados por corrupción o vínculos con el narcotráfico.",https://www.panamericana.bo/articulo/nacional/abogado-evo-pueblo-defiende-llamado-morales-cuestiona-ordenes-judiciales/20260930125413017069.html
Radio Panamericana,2026-09-30,nacional,"""Acabar con el 'Estado tranca' significa también acabar con el 'Estado tranca' que existe en gobernaciones y alcaldías"", presidente Rodrigo Paz promulga la Ley de Prediarios","En el acto desarrollado en Palacio Quemado, el jefe de Estado afirmó que esta reasignación presupuestaria de más de 209 millones de bolivianos marca el inicio del desmantelamiento del centralismo y consolida la Agenda 50/50, asegurando que ""los recursos tienen que estar donde está la gente: en sus regiones y departamentos"" .

Durante la presentación del instrumento normativo, el ministro de la Presidencia, Fernando Aramayo, precisó que la norma libera 209,5 millones de bolivianos de las arcas departamentales. Detalló que 87,6 millones se destinarán a prediarios y régimen penitenciario, 116,5 millones a viáticos de vacunación, 3,4 millones a la cuenca del río Pilcomayo y 1,8 millones a la gestión operativa.

Aramayo puntualizó que ""esta norma es un alivio fiscal inmediato, pero no es una solución estructural definitiva"" , la cual se construirá mediante mesas técnicas para ""empezar a distribuir riqueza y no distribuir pobreza"" .

Por su parte, el presidente de la Cámara de Senadores, Diego Ávila, resaltó el consenso parlamentario para corregir ""una obligación que fue en su momento transferida por decreto"".

El gobernador de Santa Cruz, Juan Pablo Velasco, ponderó que 67 millones de bolivianos corresponden a su departamento y ratificó su apoyo a la gestión del Ejecutivo. Velasco enfatizó de forma categórica que ""la descentralización sin recursos es una ficción que hemos vivido desde 2010 y tenemos que pararla"" , valorando que el ahorro generado se traducirá en salud, caminos y proyectos de agua para la población.

A su tiempo, el presidente Rodrigo Paz sostuvo que la conformación del actual Parlamento permite gestionar normas de consenso tras 21 años de cargas financieras sobre las regiones.

El mandatario cuestionó el modelo burocrático previo e instó a acabar con la traba institucional:

""Acabar con el 'Estado tranca' significa también acabar con el 'Estado tranca' que existe en gobernaciones y alcaldías. El 'Estado tranca' no solo es el gobierno central"" .

Asimismo, anunció reformas presupuestarias para que las gobernaciones capten cooperación internacional a fondo perdido sin requerir autorización previa del nivel central, la presentación de la nueva Ley de Electricidad y el inicio del trabajo hacia un Pacto Fiscal con respaldo del Banco Mundial.

El primer mandatario presentó proyectos de infraestructura como la vía bioceánica en el Norte Amazónico y la reactivación de la Hidrovía Paraguay-Paraná vía Puerto Busch.

El presidente Paz concluyó ratificando su compromiso de trabajo coordinado con los gobiernos departamentales al señalar:

""Tienen en el presidente un aliado que va a trabajar de la mano de ustedes para realmente acabar con el estado central y darle una nueva visión al país de desarrollo y progreso"" .",https://www.panamericana.bo/articulo/nacional/acabar-estado-tranca-significa-tambien-acabar-estado-tranca-que-existe-gobernaciones-alcaldias/20260930120320017068.html
Radio Panamericana,2026-09-30,nacional,Diputado demanda transparencia e imparcialidad en caso sobre el fiscal general Roger Mariaca,"El diputado Guillermo Mendoza defendió la necesidad de un proceso de investigación rápido y transparente respecto al fiscal general Roger Mariaca, luego de que Estados Unidos revocara su visa por acusaciones graves como corrupción y protección al narcotráfico.

En diálogo con Radio Panamericana, Mendoza manifestó su preocupación por el sesgo en el tratamiento de la crisis al interior de la Asamblea Legislativa. Indicó que, aunque está convocada una sesión especial para el próximo lunes, es urgente que se actúe con precisión y transparencia.

El legislador propuso crear una comisión mixta integrada por senadores y diputados, encargada de investigar no sólo el caso de Mariaca sino también a otros funcionarios y exfuncionarios de diferentes niveles del Estado, incluyendo la justicia y el órgano ejecutivo.

Para garantizar la transparencia, Mendoza recomendó que esta comisión establezca vínculos con el Departamento de Estado de Estados Unidos mediante la Cancillería, a fin de acceder a evidencias que motivaron la revocación de la visa.

Sobre la permanencia de Mariaca en el cargo, el diputado indicó que, por ética y responsabilidad pública, los funcionarios investigados deberían apartarse voluntariamente mientras dure el proceso. En caso contrario, advirtió que la investigación podría perder credibilidad ante la ciudadanía.

El informe emitido por el Departamento de Estado estadounidense calificó el caso de Mariaca con términos severos, señalando presencia de ""corrupción grave y protección al narcotráfico"".

En caso de que el fiscal no se aparte, Mendoza explicó que la Asamblea Legislativa sólo cuenta con el mecanismo de un juicio de responsabilidades para destituirlo, proceso en el que la Cámara de Diputados actúa como juez de instrucción y la Cámara de Senadores como tribunal de sentencia.

Mendoza concluyó que estos temas serán parte del debate en la sesión convocada y reiteró la exigencia de transparencia y profundidad en las investigaciones para responder al clamor social actual.",https://www.panamericana.bo/articulo/nacional/diputado-demanda-transparencia-imparcialidad-caso-fiscal-general-roger-mariaca-posibles-recusaciones/20260930110229017066.html
Radio Panamericana,2026-09-30,nacional,Representante de las instaladoras alerta sobre la lentitud en instalación de gas domiciliario por YPFB,"El representante de las empresas instaladoras de gas domiciliario, Ángel Araoz, informó que desde hace meses se registra una ralentización y paralización en las solicitudes de instalaciones, atribuida a la baja producción de gas y la aparente falta de compromiso de YPFB para cumplir las metas anuales.

Araoz anunció una próxima reunión con el ministro de Gobierno y autoridades del sector hidrocarburos para tratar varios temas, entre ello la ralentización de trabajos y la negativa a asignar instalaciones, situación que calificó como una vulneración del derecho constitucional a acceder a un servicio básico.

El representante expresó también preocupación por el papel de la Agencia Nacional de Hidrocarburos (ANH), a la que considera que no está cumpliendo con sus funciones de regulación y transparencia. Además, señaló que el Decreto Supremo 5600 ha limitado la instalación de gas domiciliario, y existen trabas administrativas debido a personal contratado en gestiones pasadas.

Sobre la posibilidad de una pausa en el sector, el representante de las instaladoras manifestó el deseo de evitarla, dado que un posible levantamiento de la subvención al gas licuado de petróleo (GLP) afectaría los precios al consumidor y el sector sufriría consecuencias sociales, con el riesgo de despido para alrededor de 15.000 trabajadores en 5.000 empresas.

Finalmente, Araoz hizo un llamado a las autoridades para que investiguen a fondo la situación de las empresas estatales vinculadas a la producción de gases y redes domiciliarias, cuestionando la versión oficial de avances en infraestructura por parte de Redes de Gas. Espera que el ministro intervenga para asegurar transparencia y eficiencia en empresas clave como YPFB.

El representante destacó que los problemas actuales no son responsabilidad de las empresas instaladoras sino de YPFB, e instó a que las autoridades permitan el normal desarrollo de la actividad para evitar daños sociales mayores.",https://www.panamericana.bo/articulo/nacional/empresas-instaladoras-gas-alertan-lentitud-instalacion-gas-domiciliario-ypfb/20260930103817017065.html
Radio Panamericana,2026-09-30,nacional,"""La gestión del presidente Paz Pereira es opaca”. El Gobierno aclara pago de separata en prensa de EE. UU. y analista tilda de insatisfactorias las explicaciones","El Ejecutivo rechaza haber erogado abultadas sumas públicas para un suplemento en el diario estadounidense USA Today y asegura haber solicitado informes oficiales sobre las sanciones del Departamento de Estado de EE. UU. a autoridades bolivianas, en contraparte, el especialista Antonio Vargas califica la gestión de “opaca” y critica la falta de austeridad en plena crisis económica.

La aclaración del Ejecutivo sobre la separata y las acciones ante EE. UU.

El vocero presidencial, José Luis Gálvez, desestimó categóricamente las denuncias de erogaciones millonarias dirigidas a la promoción del país en el exterior:

“Debo ser enfático en señalar que no existe ningún pago realizado por la oficina del presidente, o los ministerios, ni la unidad de comunicación, para con esa separata en específico” .

Gálvez aclaró que ni el Ministerio de la Presidencia ni las unidades de comunicación gubernamentales compraron espacios ni financiaron el suplemento en cuestión. Precisó que la empresa gestora Business Focus ofreció publinotas a firmas privadas e instituciones públicas.

Si bien Yacimientos Petrolíferos Fiscales Bolivianos (YPFB) mostró un interés inicial que no llegó a concretarse ni cancelarse, la Empresa Nacional de Electricidad (ENDE) contrató un servicio cuya cifra final se redujo de 30.000 a un pago efectivo de 20.000 dólares tras realizar observaciones.

“En principio compró el servicio por un monto de treinta mil dólares, pero que, en lugar de ello, después de ejecutado el servicio, terminó haciendo una observación y ha hecho un pago efectivo en dos cuotas de diez mil y en total veinte mil dólares” .

El vocero acotó que tres cuartas partes del suplemento correspondieron a financiamiento de empresas privadas nacionales.

El portavoz vinculó las críticas a maniobras de la oposición para posicionar “medias verdades y completas mentiras” para dañar la reputación del país. Gálvez puso como ejemplo las desinformaciones sobre el cargamento de madera en Arica y las falsas acusaciones de privatizaciones de empresas públicas formuladas por el expresidente Evo Morales. Al respecto, rechazó las advertencias de Morales de aplicar bloqueos y cercos al país, asegurando que Bolivia busca estabilidad y no cederá ante imposiciones o intentos de desestabilización.

En relación a la cancelación de visas a funcionarios judiciales por parte del Departamento de Estado estadounidense, Gálvez aseveró que el Gobierno asume el tema con máxima gravedad:

“Se ha realizado señalamientos de extrema gravedad sobre corrupción, narcotráfico, protección a criminales (...) Y en ese marco ya se ha solicitado por el conducto regular de Cancillería información que pueda ser compartida para ponerlos a disposición de las instancias competentes” .

Críticas desde el análisis: opacidad y desatino en la agenda informativa

Por su parte, el analista político Antonio Vargas expresó la molestia ciudadana generada por las noticias relativas al gasto publicitario estatal en el extranjero durante un periodo signado por la austeridad y el encarecimiento del costo de vida:

“En una situación de crisis, en una situación en la que la población está luchando todos los días por sobrevivir, estamos nosotros pagando dinero (...) por una publicación (...) Esto indudablemente nos causa extrañeza, por un lado, preocupación por el otro, pero yo creo que el denominador común es molestia” .

Vargas sostuvo que las justificaciones ofrecidas por el Ejecutivo resultan contradictorias e insatisfactorias para la población, pues no explican con claridad el uso de fondos pertenecientes a las empresas del Estado:

“Son explicaciones que indudablemente en lugar de aclarar la situación, la complican, la vuelven muchísimo más densa, la vuelven más opaca. Yo creo que el término correcto es ese. La gestión del presidente Paz Pereira es opaca” .

Asimismo, el analista advirtió una falta de coordinación y sentido estratégico en la comunicación gubernamental frente al contexto internacional:

“En el mundo hoy se está hablando de lo que le ha pasado a nuestro fiscal general. No se está hablando de la separata, no se está hablando de Bolivia como un país que quiere captar inversión. Entonces, yo creo que también hace falta un poco de ubicación en el gobierno (...) para el manejo de la agenda. Creo que son bastante torpes en el manejo de la agenda informativa” .

Vargas afirmó que la acumulación de contradicciones en menos de un año de gestión debilita la confianza en el Gobierno y genera un clima de incertidumbre social frente al rumbo económico e institucional de Bolivia.",https://www.panamericana.bo/articulo/nacional/polemica-publicaciones-estatales-ee-uu-revocatoria-visas-autoridades/20260930100917017062.html
Visión 360,2026-09-30,•Fútbol Boliviano,Always Ready buscará reivindicarse y recuperar terreno en el torneo por series,"Sports 360 / La Paz

Always Ready, relegado al tercer lugar del Grupo B tras sus últimos tropiezos —el más doloroso el viernes pasado, cuando cayó 9-0 ante Nacional Potosí—, buscará recuperar terreno y reivindicarse de ese duro golpe este miércoles, en su visita a Totora Real Oruro, cotejo que afrontará con la mayoría de su formación titular.

El cotejo entre Totora y el Millonario se jugará desde las 15.00 en el estadio Jesús Bermúdez de la capital folclórica del país.

Después, también por la Serie B, Real Tomayapo recibirá a Nacional Potosí desde las 18.30 en el IV Centenario y la jornada de miércoles finalizará con el choque entre Oriente Petrolero y The Strongest en el estadio Tahuichi Aguilera por el Grupo C.

El Grupo B es liderado por Nacional con 10 unidades, lo escolta Tomayapo con nueve; por ahora los dos clasificados. Always es tercero con seis unidades y Real Oruro, casi eliminado, solo tiene tres.

Con ese panorama, el actual campeón nacional está obligado a ganar de visitante; por ese motivo se ha anunciado que afrontará el choque con Totora con gran parte de su potencial, considerando que tiene afectados a cuatro jugadores a la Selección nacional.

En sus primeras cinco presentaciones, Always presentó una formación alterna y además plagada de jóvenes, que, pese a haber tenido buenos desempeños, los resultados no han acompañado; por ese motivo echará mano de una formación diferente.

Para el club de Oruro también es una obligación ganar para mantener la ilusión de seguir en carrera, aunque es poco probable que pueda avanzar a los cuartos de final.

El partido será dirigido por Mijahil López y ha sido designado como árbitro VAR Elvis Rodríguez.

En el otro encuentro de la serie, Tomayapo enfrentará al líder Nacional Potosí en un choque en el que el ganador dará un paso importante para instalarse en la siguiente instancia.

Alejandra Quisbert ha sido nominada como árbitra central y Herlan Salazar como juez VAR.

Uno de los “platos fuertes” de la fecha 6, considerado clásico nacional, se jugará en Santa Cruz de la Sierra (20.30). Oriente Petrolero recibirá a The Strongest, quienes comandan las posiciones del Grupo C.

El Tigre es primero con 10 y Oriente, segundo con nueve. FC Universitario ocupa la tercera casilla con siete y Guabirá, con solo seis unidades, es último.

Desde Santa Cruz se ha informado que para el verdolaga el cotejo se presenta como la gran oportunidad de redimirse ante su público de la mala impresión que dejó en el cotejo ante San Antonio, en el que fue superado y perdió por 3 a 0.

En el caso del Tigre, no solo intentará dar un paso casi definitivo a la siguiente instancia, sino que también buscará ampliar su racha de seis partidos sin perder, tomando en cuenta los dos torneos oficiales.",https://www.vision360.bo/noticias/2026/09/30/70141-always-ready-buscara-reivindicarse-y-recuperar-terreno-en-el-torneo-por-series
Visión 360,2026-09-30,•Polideportivo,Bolivia tiene definido su equipo para ser parte del Festival Sudamericano de la Juventud,"Sports 360 / La Paz

Quedó definido el team Bolivia que participará en el Festival Sudamericano de la Juventud de ajedrez luego del Clasificatorio Nacional que hubo en Cochabamba con la presencia de pensadores de Sub-18 y Sub-12, tanto en damas como en varones.

“Adhemar Acho y Letizia Bernachi (en Sub-18), además de Rodrigo Limachi y Abigail Maquera (Sub-12) fueron los ganadores del certamen que se desarrolló de viernes a domingo”, comunicó la Federación Boliviana de Ajedrez en una nota de prensa.

Este fue el tercer clasificatorio que se disputó para conformar la selección de cara al evento internacional.

El primero fue a mediados de agosto en Santa Cruz (Sub-14 y Sub-8) y el segundo se realizó en la primera semana de septiembre en Trinidad, Beni (Sub-16 y Sub-10).

Solo los campeones de cada categoría son los clasificados oficiales, mientras que del segundo al sexto son los extraoficiales, lo que significa que deben pagar con sus gastos.

El certamen valluno tuvo la presencia de 51 ajedrecistas (34 varones y 17 damas) que jugaron a siete rondas de 60 minutos más 30 segundos de incremento por movimiento.

Los clasificados de Sub-18 varones son: Acho (ganador), Kevin Ala, Yanfranco Mendoza, José Ordóñez, Luis Fuentes y Juan Ramírez.

En damas Sub-18 destacaron: Bernachi (vencedora), Renata Villegas, Luz Soliz, Kiara Ávila, Marcia Velásquez y Mikaela Paniagua.

Los seis mejores del Sub-12 masculino son: Limachi (ganador), Johan Rodríguez, José Ruiz, Javier García, José Cardozo y André Rivero.

En la rama femenina se clasificaron: Maquera (vencedora), Lia Ramos, Katerin Quispe, Ángela Condori, Danna Flores y Valentina Villalta.",https://www.vision360.bo/noticias/2026/09/30/70236-bolivia-tiene-definido-su-equipo-para-ser-parte-del-festival-sudamericano-de-la-juventud
Visión 360,2026-09-30,•Polideportivo,"Tras ganar los tres oros en Argentina, Moscoso inicia su participación en el Tour Profesional","Sports 360 / La Paz

Conrrado Moscoso, quien brilló en los Juegos Suramericanos de Santa Fe 2026 con sus tres medallas de oro, iniciará la nueva temporada del Tour Profesional de Ráquetbol como el número uno del ranking en el SoCal Open que se disputará desde este jueves hasta el domingo 4 de octubre en California, Estados Unidos.

Moscoso no será el único boliviano presente en el torneo norteamericano, pues estará acompañado por Kadim Carrasco, con quien ganó dos metales dorados en Argentina en dobles varones y equipos masculino, team en el que también estuvo Jhonatan Flores.

El otro oro que cosechó el chuquisaqueño en el vecino país fue en singles varones.

Tanto Moscoso como Carrasco competirán en singles y dobles de la categoría Profesional en busca de luchar por los primeros puestos.

Ambos buscarán reeditar las coronas que conquistaron en la edición pasada de este campeonato, pues el capitalino se impuso en singles y también en dobles junto al paceño.

Además, Conrrado tratará de ganar su tercer título seguido de individual en el SoCal Open, pues también lo conquistó en 2024.

En las últimas horas hubo movimientos en el ranking de singles del Tour Profesional tras la suspensión de algunos torneos y Moscoso pasó del segundo al primer puesto de la clasificación con 2.705 puntos.

El estadounidense Kane Wasekenchuk bajó al segundo lugar con 2.588. El mexicano Rodrigo Montoya es tercero (1.621) y el boliviano Flores es cuarto (1.592).

Moscoso volvió a ocupar el prestigioso lugar en una lista en la que están los mejores raquetbolistas del planeta.

La primera vez que pasó a liderar el ranking fue en enero de 2023 tras sus brillantes actuaciones en los diferentes torneos del Tour.

Además, también lidera la clasificación de dobles junto a Carrasco (ambos con 763).",https://www.vision360.bo/noticias/2026/09/30/70209-tras-ganar-los-tres-oros-en-argentina-moscoso-inicia-su-participacion-en-el-tour-profesional
Visión 360,2026-09-30,•Polideportivo,El deporte ecuestre boliviano festeja una medalla que tardó casi 50 años en conquistar,"Sports 360 / La Paz

Después de casi cinco décadas el deporte ecuestre boliviano ingresó al podio de los Juegos Suramericanos con Karen Boos Pegler y su medalla de bronce en salto individual de Santa Fe 2026. Se trata de un importante logro para el hipismo nacional, pero la amazona apunta a más allá: estar presente en los Juegos Panamericanos de Lima 2027 y clasificarse a unos Juegos Olímpicos.

En el último día de competencia del evento multideportivo en Argentina (el sábado 26 de septiembre), el país festejó con un nuevo podio con Boos y su yegua Honesty CTV Z al quedarse con el tercer puesto en la competencia individual.

El oro fue para el uruguayo Juan Luzardo y la plata se la quedó el brasileño José Guimaraes.

“Ganarlo fue una mezcla de muchas emociones, mucho orgullo. Agradecimiento por mi yegua Honesty, que ha dado todo por mí desde el primer día hasta el último en pista. La verdad que peleó todo, dio todo lo que podía, así que orgullosa y agradecida por ella”, dijo la deportista nacional de 24 años.

“También pensé mucho en las personas, el equipo boliviano, toda la gente que me acompañó. No fue solo lo que se vio, sino todo el trabajo duro, así que, pensando en las personas, muy agradecida, contenta de que me hayan acompañado en ese concurso.  Todas las gracias a Nicolás (Rahmi), el jefe de equipo, que ha hecho un gran trabajo. Obviamente ver la bandera de Bolivia y saber que hemos conseguido una medalla para el país fue algo muy especial”, agregó.

No se trata de una presea cualquiera, pues dentro de este evento multidisciplinario tuvieron que pasar 48 años para que Bolivia ingrese al podio.

La última vez fue en los Juegos Cruz del Sur (hoy conocido como Juegos Suramericanos) de 1978 que se llevaron adelante en La Paz con Roberto Nielsen Reyes, toda una eminencia en esta disciplina por sus logros internacionales.

En aquella ocasión conquistó el metal dorado y luego de ello hubo una sequía que rompió Boos con su brillante actuación en Argentina.

“Sé que es algo histórico porque Bolivia no ha ganado en individual hace casi 50 años, así que muchas emociones, mucho orgullo por representar al país”, apuntó la amazona que nació en Brasil, pero que a sus ocho años vino a Bolivia y tiene nuestra nacionalidad.

El haber hecho podio en Santa Fe 2026 le dio a Bolivia una plaza directa para los Juegos Panamericanos de Lima 2027 y Boos apunta a representar al país en dicho evento.

“Nuestra meta era la clasificación a los Juegos Panamericanos y lo conseguimos, así que más que contenta con el resultado. También queríamos clasificarnos en equipos, pero quedamos cuartos, el cupo individual lo hemos logrado, así que más que contenta”.

Ese cuarto puesto en la competencia por equipos que logró Bolivia, sumado al puntaje que se tiene en el ranking de la Federación Ecuestre Internacional, el país tiene fuertes posibilidades de conseguir otra plaza para Lima, pero eso se sabrá en febrero 2027, cuando se cierre la clasificación.

Boos también desea asistir a unos Juegos Olímpicos: “El sueño son las Olimpiadas y estamos en el camino correcto: estuvimos con los Suramericanos, el deporte en Bolivia crece, tenemos muy buen equipo, veo mucho futuro y todo el equipo ha hecho un gran trabajo”.

Ese objetivo no es lejano, pues la amazona es profesional del deporte ecuestre; es decir, que vive de sus competencias a nivel internacional.

Hace seis años que radica en la ciudad alemana de Bavária, cerca de Múnich, donde completó su formación como deportista de alto rendimiento luego de iniciar en Brasil a sus cuatro años y de desarrollarse en Santa Cruz para convertirse en una de las mejores del país.

“Me está yendo muy bien, pude ver que, en los Juegos, por la experiencia que hice acá, he aprendido mucho, monto la pistas muy confiada por los concursos internacionales que estuve. Voy a varias competencias por toda Europa, ya fui a Italia, Francia, Países Bajos, Bélgica, casi todos los fines de semana. Tengo la oportunidad de saltar varias pistas, eso me ayuda mucho, ya he representado al país hasta en concursos de cuatro estrellas, que son muy difíciles. Mi meta será hacer cinco estrellas el próximo año y estamos trabajando en eso”, recalcó.

Tiene mucha experiencia saltando alturas de 1,50 y 1,55 metros en concursos de uno a cuatro estrellas con varios podios.

“Soy profesional de deporte ecuestre, monto caballos de otros propietarios. Se puede vivir de esto, no es un trabajo fácil, son años de dedicación. Empecé desde que llegué a Alemania, desde abajo, con caballos nuevos, aprendiendo mucho, pero se puede hacer. No fue fácil, pero no quería hacer algo diferente, quería dedicarme a esto”.",https://www.vision360.bo/noticias/2026/09/30/70188-el-deporte-ecuestre-boliviano-festeja-una-medalla-que-tardo-casi-50-anos-en-conquistar
Visión 360,2026-09-30,•Seguridad,Detenido por el caso ‘maletas’ muere tras ser trasladado de Palmasola a un hospital,"Juan Carlos Espinoza, detenido preventivamente por el caso ‘maletas’, falleció el lunes 28 de septiembre en el hospital Francés, después de ser evacuado desde el penal de Palmasola, informó el alcaide del recinto penitenciario, Emerson Corcuy.

Según Corcuy, el traslado se realizó alrededor de las 15:45 y Espinoza recibió atención médica en el hospital. El funcionario explicó que el detenido tenía enfermedades de base.

“Él fue evacuado con todas las medidas de seguridad al hospital Francés, en la cual se dio toda la atención correspondiente con médico del turno. Él tenía ya una enfermedad de base, tenía tuberculosis, tenía diabetes. Entonces él ya tiene el deceso en el hospital”, explicó.

La presidenta de la Asamblea Permanente de Derechos Humanos, María Galvis, también confirmó el fallecimiento y señaló que Espinoza padecía diabetes y otras enfermedades.

Lee también: Diputados rechaza informe del caso “maletas” y Claros cuestiona el trabajo de la comisión

“El señor Espinoza había fallecido en el hospital, resulta que él estaba enfermo de diabetes y otras enfermedades más. Él falleció el lunes en el hospital”, indicó Galvis en contacto con Unitel.

Espinoza fue imputado por la Fiscalía por los delitos de tráfico de sustancias controladas, confabulación y asociación delictuosa, dentro de la investigación del caso ‘maletas’.

El fallecido figuraba además como responsable legal de una empresa de seguridad de propiedad del exjuez Hebert Zeballos, quien también es investigado por este caso.",https://www.vision360.bo/noticias/2026/09/30/70269-detenido-por-el-caso-maletas-muere-tras-ser-trasladado-de-palmasola-a-un-hospital
Visión 360,2026-09-30,•Seguridad,Consejo de la Magistratura interviene juzgado de jueza señalada por presunta visita a Marset,"El Consejo de la Magistratura inició el levantamiento técnico de expedientes vinculados con la jueza Livia Alarcón Aranda, quien presuntamente visitó al narcotraficante uruguayo Sebastián Marset poco antes de su captura, ocurrida el pasado 13 de marzo en Santa Cruz. El hecho ocurrió luego de la difusión de un video en el que se ve el momento de la referida visita, material que se encontraría en manos de las autoridades antidroga de Estados Unidos.

La intervención fue encabezada por Emilio Arredondo, representante distrital del Consejo de la Magistratura, quien informó que la revisión estará a cargo de la Unidad Jurídica y la Unidad de Transparencia de esa institución.

El objetivo es identificar posibles irregularidades en actuaciones judiciales relacionadas con Marset e Iván García, alias “El Colla”, señalado como testaferro del narcotraficante uruguayo. A partir de los resultados de la revisión, se determinará si corresponde iniciar acciones contra la jueza.

“Vamos a hacer levantamiento de estos de estos expedientes. Estamos analizando en este momento con la Unidad Jurídica y la Unidad de Transparencia qué acciones vamos a tomar en contra de esta servidora pública”, afirmó Arredondo, según informó la red Unitel.

La intervención se realiza después de que circulara el video en el que se ve un vehículo blanco en el que habría llegado la juez Alarcón al domicilio de Marset, donde permaneció poco más de cuatro horas, aproximadamente entre las 20.00 y 00:24, según la hora de registro de la cámara que capturó el momento.

Arredondo explicó que el levantamiento técnico permitirá revisar las actuaciones que tengan relación con el caso y establecer si existen elementos que ameriten otras acciones.

Entre los aspectos que serán analizados también está la presunta liberación de bienes que habían sido secuestrados dentro de las investigaciones relacionadas con Marset.

El representante del Consejo de la Magistratura señaló que ese hecho forma parte de los elementos que deberán ser revisados antes de establecer posibles responsabilidades.",https://www.vision360.bo/noticias/2026/09/30/70245-consejo-de-la-magistratura-interviene-juzgado-de-jueza-senalada-por-presunta-visita-a-marset
Visión 360,2026-09-30,•Seguridad,Gobierno toma con “mucha seriedad” sanciones de EEUU a autoridades bolivianas y considera que “tienen sustento”,"Las sanciones de Estados Unidos contra autoridades y exautoridades por supuestas vinculaciones con el narcotráfico y la corrupción se toman “con mucha seriedad” y se entiende que “tienen sustento”, por lo que se requirió información para realizar las investigaciones en el marco de la soberanía, afirmó el portavoz de la Presidencia, José Luis Gálvez.

“Entendemos que (las acusaciones) tienen sustento, información, que nos ayudará a entender de mejor manera la toma de esa decisión. La hemos solicitado por los canales formales, vía Cancillería. Estamos a la espera de esos detalles para enfatizar que, en función de esa información y también en el ejercicio de la soberanía nacional y de las leyes bolivianas, se harán todas las investigaciones y se colaborará hasta esclarecer cada uno de los casos que correspondan”, explicó en Bolivia TV.

La administración de Donald Trump retiró las visas a 13 autoridades y exautoridades bolivianas por la acusación de relaciones con el narcotráfico y la corrupción. Entre los afectados están el fiscal general de Bolivia, Róger Mariaca; autoridades judiciales y fiscales; el exministro de Evo Morales, Iván Lima; y un empresario vinculado a la venta de carburantes.

Lee también: En Bolivia se investigarán denuncias de EEUU contra sancionados con retiro de visas y no se descartan pedidos de extradición

A horas de hacerse pública la lista de sancionados, la Oficina de Asuntos Internacionales de Narcóticos y Aplicación de la Ley (INL, por sus siglas en inglés) informó sobre una nueva lista, esta vez de “20 funcionarios corruptos”.

La administración de Rodrigo Paz inició gestiones y solicitó a su aliado mayor información sobre las decisiones tomadas respecto a las actuales y exautoridades nacionales.

Si bien la medida no tiene unque todo sea transparente efecto jurídico directo, la decisión estadounidense causó una conmoción política por las dudas sembradas sobre las autoridades. La Asamblea Legislativa Plurinacional fue convocada para el lunes a una sesión, precisamente, para tratar este caso, en medio de pedidos a Mariaca para que se aparte del cargo.

“La confianza se construye con transparencia. Y si hay algo en lo que coincidimos con el gobierno de Estados Unidos es la necesidad de que todo sea transparente. Coincidimos además en la política de lucha contra el narcotráfico y el narcoterrorismo en concreto”, afirmó Gálvez, quien explicó que esta visión llevó a Bolivia a formar parte del Escudo de las Américas creado por Trump.",https://www.vision360.bo/noticias/2026/09/30/70161-gobierno-toma-con-mucha-seriedad-sanciones-de-eeuu-a-autoridades-bolivianas-y-considera-que-tienen-sustento
Visión 360,2026-09-30,•Internacional,El Mundial de fútbol 2026 dejó 2.000 millones de dólares en Nueva York,"Nueva York / EFE

El Mundial de Fútbol celebrado este verano en Estados Unidos, México y Canadá dejó un impacto económico de 2.000 millones de dólares en la ciudad de Nueva York, según informó este miércoles su alcalde, Zohran Mamdani.

Según un análisis divulgado por la alcaldía, el Mundial generó 2.000 millones de dólares para la ciudad de Nueva York, sede de la final, entre otros partidos, así como más de 12.000 empleos, en su mayoría en sectores de hostelería, restauración y comercios minoristas.

En toda la región de Nueva York y Nueva Jersey, donde se encuentra el MetLife Stadium, el impacto alcanzó los 3.500 millones de dólares.

El flujo de clientes en los bares deportivos de la ciudad aumentó un 16 % interanual durante el torneo, lo que impulsó el aumento de los beneficios en la Gran Manzana.

""Este verano demostramos que el deporte del pueblo aún puede pertenecer al pueblo: a los propietarios de delicatessens, los taxistas y los cocineros que recibieron en Nueva York a visitantes de todo el mundo e hicieron posible el Mundial"", afirmó Mamdani.

El alcalde celebró que los beneficios del torneo no se hayan ""quedado a las puertas del estadio"", lo que calificó como ""una victoria"" para los cinco distritos de neoyorquinos.

Desde principios de año, el mandatario ha impulsado medidas con el objetivo de democratizar el Mundial de Fútbol: ha puesto en marcha menús de comida con precio cerrado para impulsar las visitas a los pequeños comercios con el objetivo de repartir los ingresos que dejaba el torneo, instaló festivales de visualización en diferentes puntos de la ciudad y sorteó entradas para que neoyorquinos acudieran al estadio.",https://www.vision360.bo/noticias/2026/09/30/70248-el-mundial-de-futbol-2026-dejo-2000-millones-de-dolares-en-nueva-york
Visión 360,2026-09-30,•Internacional,Cristiano Ronaldo deja la concentración de Portugal y promete explicar los motivos,"Lisboa / EFE

Cristiano Ronaldo anunció este miércoles su decisión de abandonar la concentración de la selección portuguesa tras la rueda de prensa del seleccionador, Jorge Jesus, y una conversación con el presidente de la Federación Portuguesa de Fútbol (FPF), Pedro Proença, y aseguró que explicará las razones de su marcha. ""A su debido tiempo, diré la verdad a todos los portugueses sobre las razones que motivaron mi salida de la selección nacional, a la que siempre me he dedicado"", afirmó el capitán portugués en un comunicado. El delantero precisó que tomó la decisión después de la comparecencia del técnico y de hablar con el máximo responsable federativo, aunque no detalló el contenido de esa conversación ni los motivos concretos de su salida. ""Ahora es el momento de desear buena suerte a Portugal y a todos mis compañeros de equipo, sin excepción», añadió Ronaldo, cuyo mensaje no anuncia una retirada definitiva del combinado luso. La decisión llega después de que el futbolista abandonara el estadio Parken de Copenhague en una furgoneta de la federación sin participar en el entrenamiento previo al partido del jueves contra Dinamarca, correspondiente a la Liga de Naciones. Minutos antes, Jesus había asegurado que el delantero se ejercitaría con el grupo. En su comparecencia, el seleccionador negó que Ronaldo se hubiera negado a entrenarse y defendió su autoridad para decidir las alineaciones. ""Nunca ningún jugador va a cambiar mis ideas"", afirmó el técnico, que anticipó la titularidad de Gonçalo Ramos frente a los daneses. La FPF confirmó posteriormente la ausencia de Cristiano del entrenamiento, sin explicar las razones. El martes, el delantero tampoco había trabajado con sus compañeros en Malmö, una circunstancia que el organismo atribuyó a la necesidad de utilizar un equipo específico del gimnasio del hotel. El episodio se produce después de que Ronaldo permaneciera en el banquillo durante la victoria portuguesa del domingo ante Noruega por 2-1. Jesus había negado la existencia de un conflicto con el capitán y defendido que respondía a decisiones técnicas.",https://www.vision360.bo/noticias/2026/09/30/70239-cristiano-ronaldo-deja-la-concentracion-de-portugal-y-promete-explicar-los-motivos
Visión 360,2026-09-30,•Internacional,"Guardiola muestra todo su apoyo al Manchester City: ""Superaremos esto juntos""","EFE

El exentrenador del Manchester City, Pep Guardiola, expresó todo su apoyo al club británico, después de que la Premier League anunciara el martes que es culpable de la mayoría de irregularidades financieras de las que le acusó en febrero de 2023.

""Quiero que cada aficionado del Manchester City sepa que estoy aquí; más que nunca. Siempre he estado, estoy y siempre estaré, detrás de mi club, mi dueño, mi presidente, Ferrán, los jugadores, el personal, Enzo y vosotros, nuestros extraordinarios aficionados. Dejadme ser claro: superaremos esto juntos. Os quiero a todos"", aseguró Guardiola en un mensaje en X divulgado este miércoles.

En su publicación, el técnico español colgó varias fotografías junto al equipo directivo del club, luciendo la camiseta celeste del equipo y con el trofeo de la Liga de Campeones conquistado en 2023.

La entidad inglesa fue acusada hace más de tres años de 115 irregularidades financieras relativas al periodo entre la temporada 2008-2009 y la 2017-2018.

Guardiola llegó al Manchester City en julio de 2016 y cerró su etapa al término de la pasada temporada después de conseguir una veintena de títulos.

El presidente del Organismo Regulador Independiente del Fútbol inglés (IFR), David Kogan, recordó este miércoles que esa entidad tiene el poder para analizar la idoneidad de los dueños, directivos y ejecutivos de los clubes, después de que el Manchester City haya sido declarado culpable de 115 irregularidades financieras.

El IFR, que fue creado tras el anuncio del proyecto de la Superliga para evitar que se repitieran episodios similares, tiene la tarea de velar por la protección del fútbol inglés y, entre sus poderes, está analizar el comportamiento y las finanzas de los dueños de los clubes para que no sean un peligro para la integridad de la competición.

""El veredicto de la comisión independiente crea preguntas muy serias. Nosotros tenemos el poder para analizar la idoneidad de los dueños, directivos y ejecutivos de los equipos y utilizaremos dicho poder donde sea apropiado en interés de proteger la sostenibilidad, honestidad e integridad del fútbol inglés si existe una evidencia clara de mala praxis por parte de individuos"", dijo Kogan en un comunicado.

""Esto incluye tener en cuenta lo que ha investigado la liga. Sin embargo, como los procedimientos siguen en marcha entre el Manchester City y la Premier League, esperaremos a nuevas actualizaciones. Esperemos que se pueda resolver pronto por los aficionados"", agregó.

El Manchester City, que puede apelar hasta el próximo 2 de octubre, ha mantenido su inocencia y ha dicho que tiene pruebas irrefutables de ella.

Su consejero delegado, Ferran Soriano, dijo que todo el caso está fundamentado en una ""falsa acusación"" y habló de ""teorías de la conspiración"" de la Premier League.",https://www.vision360.bo/noticias/2026/09/30/70212-guardiola-muestra-todo-su-apoyo-al-manchester-city-superaremos-esto-juntos
Visión 360,2026-09-30,•Internacional,"Once años después, Djokovic sigue sin perder en Pekín y avanza a octavos","Pekín / EFE

El serbio Novak Djokovic (n.11) derrotó este miércoles al portugués Nuno Borges (n.49) por 6-3 y 7-6(2) y avanzó a los octavos de final del Abierto de China, donde elevó a 30 victorias sin derrotas su balance en su regreso al torneo 11 años después.

El encuentro duró una hora y 52 minutos sobre la pista dura de la central Diamond del Centro Nacional de Tenis de Pekín, abarrotada para recibir al seis veces campeón del certamen.

La espera terminó con un triunfo que exigió al serbio superar dos oportunidades de rotura en la primera manga, recibir atención del fisioterapeuta en la segunda y resolver un desempate ante un Borges que mantuvo la resistencia hasta el tramo final.

Djokovic comenzó apoyado en un primer servicio que le permitía tomar la iniciativa tras el resto del portugués. Rompió en el segundo juego y confirmó la ventaja para situarse 3-0, mientras Borges buscaba desplazarlo por el fondo y obligarlo a golpear en movimiento.

El momento más delicado del primer set llegó en el séptimo juego, cuando dos dobles faltas consecutivas abrieron una puerta al portugués. Con las gradas volcadas en su apoyo, el serbio salvó dos bolas de rotura y sacó adelante un turno de casi diez minutos.

También dejó una de las imágenes del encuentro al mover a Borges desde el fondo antes de subir a la red y recordar que la volea no se pelotea, con un golpe definitivo que levantó al público y le dio ventaja en aquel juego.

Borges abrió la segunda manga con un juego en blanco, pero Djokovic respondió con un saque directo y una combinación de dejada y globo que volvió a encender las gradas.

Tras el quinto juego, el serbio solicitó atención del fisioterapeuta por unas molestias que no le impidieron continuar. Al regresar, conservó su servicio en blanco para igualar 3-3.

El portugués tampoco cedió. Su mayor prueba llegó en el noveno juego, que se prolongó durante casi quince minutos y en el que salvó una bola de rotura. Djokovic ganó un intercambio de 28 golpes, pero Borges encontró apoyo en su saque para mantener la igualdad.

Sin quiebres en la manga, el desenlace quedó para el desempate. Allí, el serbio abrió una ventaja de 5-1 y cerró por 7-2, acompañado por las celebraciones de una grada que podrá volver a verlo en octavos.

Djokovic terminó con ocho saques directos y ganó el 88 % de los puntos disputados con su primer servicio. Su próxima rivalidad será con el chino Bu Yunchaokete (n.104), vencedor del argentino Juan Manuel Cerúndolo (n.53).",https://www.vision360.bo/noticias/2026/09/30/70179-once-anos-despues-djokovic-sigue-sin-perder-en-pekin-y-avanza-a-octavos
Visión 360,2026-09-30,•Internacional,"La autoridad de España, el impacto de Zidane y las dudas de Klopp","Madrid / EFE

Disputadas las dos primeras jornadas de la Liga de Naciones A, entre la pausa de este miércoles, la reafirmación de España es aún más visible, con un pleno que solo igualan el impacto de Zinedine Zidane en Francia y Jorge Jesús en Portugal y la sorpresa de Grecia, mientras Jurgen Klopp compite contra las dudas en Alemania. No hay conformismo en la selección española, pura ambición en cada duelo y en cada torneo, empeñada en ir más allá aún de lo que ha hecho. En el ciclo de los últimos tres años lo ha ganado todo. Un Mundial, una Eurocopa y una Liga de Naciones, dirigida por Luis de la Fuente, que ha construido un equipo del que no se avista techo, menos aún cuando Lamine Yamal está en el actual nivel imponente. Tres goles y una asistencia en cuatro partidos del extremo. De la meritoria y valiosa remontada en Wembley ante Inglaterra (2-3) a la goleada incontestable ante Croacia (4-1). En cada uno de esos dos choques, a los dos minutos ya había marcado Lamine Yamal, mejor aún si cabe cada día, más constante, desbordante y decisivo, camino quizá del Balón de Oro. “Soy perfeccionista y estoy convencido de que siempre se puede mejorar y este grupo de jugadores está convencido también de ello. Es un equipo muy joven que aún no ha tocado techo. Creo que se puede mejorar todavía”, proclamó Luis de la Fuente, tras el triunfo ante Croacia, el noveno seguido de España tras el empate ante Cabo Verde en la primera cita del Mundial, ya una anécdota frente al ruido que provocó de inicio. Nadie ha marcado más goles que España en los 12 equipos que componen los grupos A de la Liga de Naciones. Sus siete tantos son inigualables. Igual que la autoridad de su fútbol. No así los seis puntos con los que lidera su grupo, el A3, por encima de los tres de Inglaterra y Croacia. Sigue vigente Luka Modric, goleador en el triunfo inicial ante la República Checa de Santi Denia, con 0 de 6 puntos.

Hay un pleno de seis puntos en cada uno de los restantes grupos. El de Francia es más apurado y ajustado, con sendas victorias por 0-1 contra Turquía, cuando lamentó la lesión de Kylian Mbappé, su goleador único, y contra Bélgica, cuando Michael Olise asumió la responsabilidad y el liderazgo diferencial con el que transformó un 0-0 inquietante en un triunfo de sumo valor, con un golazo que él mismo creó y culminó. No hay medida más concluyente que los puntos. El seis de seis de Zinedine Zidane, con todos los matices que pueden desprender su juego o sus victorias mínimas, es un valor real y seguro, que refleja el impacto inmediato del entrenador. Y, además, contra las circunstancias y las lesiones, con dos victorias en dos partidos y con la presión que rodea todo por los éxitos conseguidos anteriormente, a lo largo de 14 años, con Didier Deschamps al frente. Francia es el único que está aún imbatido en su portería, defendida por Mike Maignan. El efecto de Roberto Mancini en Italia es más reducido, con tres puntos de seis posibles porque ganó ante Turquía (1-4) todo lo que había perdido en el primer choque ante Bélgica (0-2). Los ’Diablos Rojos’ también suman tres puntos en el recorrido inicial de Mark Van Bommel, otro de los técnicos que han empezado al frente de la selección con la Liga de Naciones de forma directa, tras el cambio de ciclo después del Mundial. También se ha estrenado Jorge Jesús, protagonista de otro pleno de seis puntos con Portugal en el grupo A4, con las victorias contra Gales (1-0) y sobre todo Noruega (1-2), sin minutos de Cristiano Ronaldo contra Erling Haaland, con todo el ruido que suscita a su alrededor el astro luso de 41 años. Noruega y Dinamarca, revitalizada con una victoria por 2-0 ante Gales, suman tres puntos en la tabla.

Grecia es el líder inesperado del grupo A2. Su actual generación y sus dos victorias alimentan el optimismo. La remontada en Serbia ya fue un indicio (1-2). El triunfo en Alemania por 0-1 es un confirmación. No es simplemente líder de su cuarteto, sino que además lo es por delante de Países Bajos, con cuatro puntos, y Alemania, con uno solo, entre los contrastes del comienzo de Xavi Hernández en la selección neerlandesa al de Jurgen Klopp en el equipo germano. “No somos el Bayern de Múnich del fútbol europeo; somos un equipo de fútbol que tiene que encontrarse a sí mismo. Quiero enfatizar esa última parte. No es complicado y llegaremos allí. No veo ninguna razón para que nos hundamos en una depresión. Pero tampoco estamos todavía donde nos gustaría estar”, asume el técnico alemán, convencido por Alemania para regresar al cargo de entrenador. Disputadas las dos primeras jornadas, Alemania tan solo suma un punto del 1-1 contra Países Bajos. Ha hecho dos convocatorias distintas para los dos primeros partidos y los dos que vienen ahora, contra Serbia, en casa, y de nuevo Grecia, en este caso fuera. “Si alguien quiere ser crítico, debería ser crítico conmigo y dejar a los chicos en paz”, zanjó Klopp.",https://www.vision360.bo/noticias/2026/09/30/70164-la-autoridad-de-espana-el-impacto-de-zidane-y-las-dudas-de-klopp
Visión 360,2026-09-30,•Internacional,"Raphinha, liberado de la Canarinha por una lesión leve, regresa a Barcelona","Barcelona / EFE

El delantero brasileño Raphael Dias 'Raphinha' tiene un pequeño edema muscular en la parte posterior del muslo derecho, que sufrió en el amistoso que la 'Verdeamarela' jugó este martes ante Australia, y regresará a Barcelona. Así lo ha confirmado en un comunicado la Confederación Brasileña de Fútbol (CBF), que subraya que el jugador ha sido ""liberado"" de los próximos compromisos de la 'Canarinha' ""por precaución y con el objetivo de favorecer su pronta recuperación"". La CBF puntualiza que ningún otro futbolista será convocado en lugar del jugador del Barcelona para el amistoso que Brasil disputará contra India el próximo sábado. Raphinha, máximo goleador del Barça en este inicio de temporada, con 14 goles, 12 de los cuales le sitúan como pichichi de la Liga española, abandonó al descanso el amistoso ante Australia después de sentir molestias. El jugador fue sometido este miércoles a pruebas médicas que detectaron un pequeño edema muscular en la parte posterior del muslo derecho. El curso pasado, cuatro lesiones frenaron la progresión del capitán azulgrana. La tercera de ellas -en el bíceps femoral de la pierna derecha- fue precisamente en un amistoso con la selección brasileña a finales de marzo, justo cuando el Barça se jugaba su futuro en la Liga de Campeones. Raphinha cerró la temporada de clubes con 21 tantos y ocho asistencias en 33 partidos y afrontaba el Mundial de Estados Unidos, México y Canadá con el objetivo de recuperarse de un curso irregular para ser uno de los líderes de Brasil. Sin embargo, otra inoportuna lesión muscular en el duelo de la segunda jornada de la fase de grupos frente a Haití le apartó de la cita mundialista. Se perdió los partidos contra Escocia y Japón, y, pese a entrar en la convocatoria, no pudo ayudar a su equipo en los octavos de final contra Noruega, en el que el combinado entrenado por Carlo Ancelotti cayó eliminado. El regreso de Raphinha a Barcelona después de los dos amistosos disputados contra Australia es el segundo de un jugador azulgrana en esta ventana de 'parón' de selecciones. Anteriormente tuvo que abandonar la convocatoria de la selección española Eric Garcia a causa de molestias en la rodilla izquierda, unos problemas que no revisten mayor gravedad.",https://www.vision360.bo/noticias/2026/09/30/70158-raphinha-liberado-de-la-canarinha-por-una-lesion-leve-regresa-a-barcelona
Visión 360,2026-09-30,•Opinión,Modelo de Desarrollo Cruceño: 1.300.000 descargas y una gran verdad,"Han pasado cinco años, pero me parece que fue ayer, cuando, en esa inolvidable noche del 22 de septiembre de 2021, se presentó el libro “Modelo de Desarrollo Cruceño: Factores y valores que explican su éxito”. La entrega se hizo en homenaje a la Efeméride Departamental de Santa Cruz, ante un auditorio colmado por más de 100 personalidades en el Museo de Historia y Archivo Histórico de la Universidad Autónoma Gabriel René Moreno (UAGRM), por parte de dos instituciones: la emblemática Sociedad de Estudios Geográficos e Históricos de Santa Cruz (SEGH-SC) -la misma que lanzara el célebre Memorándum de 1904- y el Instituto Boliviano de Comercio Exterior (IBCE).

La conceptualización del Modelo de Desarrollo Cruceño como una narrativa de un caso de éxito -demostrable en tiempo y espacio, aunque no necesariamente replicable por razones objetivas- fue un gran acierto respaldado por una enorme cantidad de estadísticas: por cierto, el IBCE acaba de lanzar un documental sobre el libro, disponible en Youtube.com ( acortar.link/6UMwNt ).

Cuatro autores contribuyeron a entender la forma de ser y hacer en Santa Cruz: los economistas Carlos Hugo Barbery Alpire (“De la aldea inhóspita y alejada a la metrópoli dinámica e interconectada”); Gary Antonio Rodríguez Álvarez (“Hacia una definición del espíritu cruceño”) y Pablo Mendieta Ossio (“Bases económicas del desarrollo cruceño: fuentes, concurrencias y desafíos”); y el psicólogo Oscar Soruco López, más conocido como Tumpa (“El alma cruceña”).

Fue tal la expectativa que se dio, que la edición original de 1.500 ejemplares, como dice el modismo popular cruceño, “ se hizo chichisco” -se esfumó en menos de lo que canta un gallo - llevando a una segunda edición de 3.000 libros casi agotada a la fecha, gracias a que hubo gente de buena voluntad que los llevó al interior del país y al extranjero, tal el caso del actual Presidente del Comité pro Santa Cruz, Stello Cochamanidis Garcés, quien entregó la obra a instituciones y autoridades en el exterior, en franca actitud de militancia con la región.

Pero, ese no fue el mayor éxito, hubo más: ¿Sabía que en apenas cinco años, la versión digital del libro “Modelo de Desarrollo Cruceño: Factores y valores que explican su éxito” lleva más de 1.300.000 descargas por Internet? Algo inédito, como me dijera un respetado amigo que sabe de literatura e historia, Jorge Cuba Akiyama -gran comunicador y periodista, narrador y escritor, además ex corresponsal de Agencias Internacionales, en definitiva, una persona de vasta experiencia- cuando, a solo un año de su publicación, le comenté sobre la inusitada cantidad de descargas del libro, él me respondió, a priori: “No creo que haya un libro en Bolivia con un registro de 350.000 copias (…) No debe haber en la historia de Bolivia un tiraje tan alto (…) Es algo que no debe tener parangón. Estoy absolutamente seguro que es el libro más consumido en el país”.

Gracias a Dios, a 5 años de publicado, el libro tiene más de 1.300.000 descargas.

Esto equivale a descargar un libro por hora, las 24 horas del día, 365 días al año, desde 2021. Si lo quiere tener, puede descargarlo desde el Sitio Web del IBCE ( acortar.link/ja48n3 ).

Las estadísticas sobre las visitas a la Web del IBCE para obtener el libro digital dicen, en números redondos, que un 86% se hizo desde Bolivia; le siguen Estados Unidos y Venezuela con un 2% cada uno; China con un 1,5% y, México y Perú con un 1%. El resto de las descargas se distribuyó, en porcentajes menores, entre Argentina, Brasil, Chile, Holanda, Colombia, Ecuador y España.

Las principales ciudades desde las que se descargó el libro fueron: Santa Cruz de la Sierra (34%), La Paz (32%), Cochabamba (13%), Chuquisaca (2%), Oruro (2%), Beni (1,5%), Tarija (1,2%), Potosí (1%) y Pando (0,4%). A nivel internacional, destacan entre las principales localidades: Lima (0,5%), Virginia (0,5%), Santiago (0,4%), São Paulo (0,3%) y Buenos Aires (0,3%). El 62% de las personas que descargaron el libro fueron mujeres y un 38%, hombres. En cuanto a la edad, el 52% se situó entre los 18 y 34 años.

Lo más importante del libro es que todo lo escrito está respaldado, como se dice, “dato mata relato y el hito, al mito” . Si quiere solazarse al comprobarlo, puede descargar la revista “Comercio Exterior” que se acaba de lanzar bajo el título “Santa Cruz: Cifras del exitoso Modelo de Desarrollo Cruceño”, que igualmente se puede obtener desde el Sitio Web del IBCE ( acortar.link/uZqQN0 ).

Como alguna vez dije, lo mejor de todo es que este libro demuestra que “la otra Bolivia posible” está en Santa Cruz, donde la verdadera inclusión social surge de un modelo de desarrollo que, literalmente, acrisola la bolivianidad, no por la fuerza, sino, por las ganas de vivir y triunfar en paz.

A estas alturas de mi vida, doy gracias a Dios y puedo morir tranquilo, porque, he superado con creces lo dicho por el poeta: he plantado más de un árbol, tengo dos hermosos hijos y escribí más de un libro, uno de ellos descargado más de 1.300.000 veces.",https://www.vision360.bo/noticias/2026/09/30/70146-modelo-de-desarrollo-cruceno-1300000-descargas-y-una-gran-verdad
Visión 360,2026-09-30,•Opinión,"El ""escudo"" de Washington contra la justicia boliviana: ¿cooperación internacional o golpe a la soberanía?","El uso de la prerrogativa migratoria por parte de Estados Unidos para revocar visados a altas autoridades del sistema judicial, ex ejecutivos y empresarios bolivianos, abre un escenario que trasciende lo estrictamente legal y se instala de lleno en la alta política internacional. La medida, adoptada bajo el amparo soberano de Washington y en el marco de iniciativas bilaterales como el Escudo de las Américas, proyecta una sombra de duda que el gobierno boliviano no puede ignorar.

Aunque la cancelación de un visado es un acto de soberanía migratoria que no requiere un proceso judicial público, el mensaje político hacia el presidente Rodrigo Paz es categórico. Washington no emite imputaciones penales en tribunales bolivianos, pero con esta señal manifiesta una abierta desconfianza en la imparcialidad del sistema de justicia del país. La inferencia es ineludible: la permanencia de estas autoridades en sus cargos mina la credibilidad de las instituciones nacionales y exige una evaluación urgente por parte del Ejecutivo sobre su continuidad.

En el centro del debate surge una duda legítima: ¿de qué elementos de convicción dispone el Departamento de Estado? La opacidad sobre si los señalamientos responden a vínculos con el narcotráfico —con casos de alto impacto como el de Sebastián Marset en el trasfondo— o actos de corrupción, o a intentos de desestabilización institucional, genera incertidumbre. La sanción no se limita a las doce personas identificadas, sino que se extiende a sus núcleos familiares directos, amplificando el costo social y financiero de la medida. Ante este panorama, corresponde al estado boliviano solicitar formalmente a EEUU la información y evidencias que sustenten estas decisiones, para determinar si existen méritos para abrir investigaciones en la jurisdicción ordinaria.

Si bien la revocatoria de una visa no equivale a una orden de aprehensión internacional (Interpol) ni a una sentencia penal, sus efectos prácticos son devastadores. En los hechos, marca el inicio de un escrutinio financiero internacional, eventuales bloqueos en el sistema bancario global y una tacha reputacional de la que difícilmente se retorna.

Esta acción evidencia un ejercicio de fiscalización externo sobre la gobernanza y la lucha contra la corrupción en Bolivia. Plantea, además, una encrucijada conceptual: ¿debe interpretarse esta intervención como una cooperación valiosa en la lucha contra la delincuencia transnacional y la preservación de la estabilidad democrática, o como un condicionamiento a la soberanía institucional del país? La respuesta que adopte el gobierno definirá no solo el rumbo de la justicia boliviana, sino también la solidez de sus relaciones bilaterales.",https://www.vision360.bo/noticias/2026/09/30/70138-el-escudo-de-washington-contra-la-justicia-boliviana-cooperacion-internacional-o-golpe-a-la-soberania
Visión 360,2026-09-30,•Opinión,"Cuando el mundo se fragmenta, Bolivia también está en riesgo","En su último discurso ante la Asamblea General, el pasado 22 de septiembre, el Secretario General de las Naciones Unidas, António Guterres, advirtió que el mundo se encuentra en un proceso de fragmentación, tensiones crecientes, desconfianza profunda, mercados en crisis, instituciones debilitadas y cooperación menguante, al que denominó la “Gran Fractura”. Aseguró que las guerras prolongadas, el debilitamiento del derecho internacional, las rivalidades geopolíticas, la crisis climática y la aceleración descontrolada de la inteligencia artificial no son fenómenos aislados, sino expresiones de una misma disputa por el poder.

La advertencia de Guterres adquiere mayor dimensión cuando se la contrasta con el Informe de Riesgos Globales del Foro Económico Mundial, publicado en enero de este año, que identifica a la confrontación geoeconómica y el conflicto armado entre Estados como los principales riesgos mundiales para 2026. El estudio advierte que los gobiernos están utilizando cada vez más instrumentos económicos con objetivos geopolíticos y de seguridad nacional, y que las cadenas de suministro, las tecnologías estratégicas y los recursos naturales se convierten en elementos de competencia, lo que a su vez profundiza el debilitamiento de las instituciones multilaterales y puede fragmentar la economía mundial.

Más allá de estos diagnósticos, el problema es que las tensiones económicas extremas podrían favorecer la transición hacia formas de confrontación bélica. Los registros del Uppsala Conflict Data Program confirman que en 2025 el mundo registró un máximo histórico de 65 conflictos armados con participación estatal, de los cuales 13 alcanzaron la categoría de guerra. Ese año, el gasto militar global llegó a los 2.9 billones de dólares, equivalente al 2.5% del PIB mundial: el nivel más alto registrado por el Instituto Internacional de Estocolmo de Investigación para la Paz. La carrera armamentista está incluyendo a las grandes potencias, pero también a países subdesarrollados, mientras disminuye la confianza en la capacidad de las instituciones para contener las confrontaciones.

Pese a estos datos inquietantes, no parece que estemos cerca de una etapa de conflagración mundial. Los peligros crecientes son menos catastróficos pero más estructurales: que la guerra vuelva a ser considerada una herramienta normal de la política; que la economía se convierta cada vez más en un campo de batalla; que la tecnología avance más rápido que las reglas; y que las grandes potencias consideren que las instituciones internacionales son obstáculos cuando contradicen sus intereses.

En este escenario, el diagnóstico del Secretario Guterres resulta más preocupante. Las instituciones de gobernanza global ya no reflejan las realidades del poder actual, el Consejo de Seguridad de las Naciones Unidas se encuentra sumido en una parálisis sistémica debido al derecho de veto de sus miembros permanentes, y algunas decisiones de la Corte Internacional de Justicia no tienen efectos concretos.

Hoy, la ONU enfrenta una crisis de autoridad, eficacia y representatividad. Al desdibujarse los límites jurídicos al ejercicio del poder, el multilateralismo cede su lugar a la división del planeta en bloques rivales con sistemas económicos, tecnológicos y de seguridad incompatibles entre sí. Si las instituciones no funcionan, la alternativa puede ser una progresiva sustitución de las reglas por acuerdos de poder, alianzas circunstanciales y relaciones transaccionales. Y cuando las reglas pierden autoridad y la fuerza sustituye al derecho, la distancia entre una crisis regional y una tragedia mundial puede ser mucho más corta de lo que imaginamos.

La Gran Fractura no se detiene en las fronteras de las superpotencias: llega a todos los países, incluyendo Bolivia. La desestabilización de las cadenas de suministro globales y la volatilidad económica asociada a la confrontación geoeconómica exacerban los riesgos locales de desaceleración e inflación, generando una presión directa sobre el costo de vida, encarecimiento de bienes importados, subsidios energéticos y un acceso cada vez más restrictivo al financiamiento internacional debido a las cargas de deuda global.

Como habría afirmado León Trotsky, ""tal vez no te interese la guerra, pero a la guerra le interesas"". Para Bolivia, la neutralidad pasiva dejó de ser un refugio seguro. La gran lección es que la geopolítica ya no puede observarse como un asunto distante. La guerra, la energía, las materias primas estratégicas, las cadenas de suministro, la tecnología y las finanzas forman parte de una misma disputa global. En este nuevo mundo, poseer recursos no garantiza soberanía; también se necesitan instituciones, conocimiento, tecnología, capacidad productiva y una política exterior capaz de preservar márgenes de decisión.

El desafío de Bolivia será evitar que la fragmentación del orden internacional convierta sus riquezas naturales en una fuente de vulnerabilidad, en lugar de transformarlas en una plataforma para su desarrollo.",https://www.vision360.bo/noticias/2026/09/30/70135-cuando-el-mundo-se-fragmenta-bolivia-tambien-esta-en-riesgo
Visión 360,2026-09-30,•Opinión,Del “Homo Sapiens” al “Homo Pendejus”,"“La presión del antiintelectualismo ha sido un hilo constante que serpentea a través de nuestra vida política y cultural, alimentando por falsa noción de que la democracia significa que mi ignorancia es tan buena como tu desconocimiento” – Isaac Asimov

Corría el año de 1941 cuando, dentro del volumen “El jardín de senderos que se bifurcan”, Jorge Luis Borges presentaba al mundo “La Biblioteca de Babel” , un título sugerente que recogía el anhelo y la ambición humana por alcanzar el conocimiento absoluto. Fiel a su estilo, Borges patentó fabulosas bibliotecas a las que dotó de espíritu propio, soñando con mundos en los que los hombres habitan un universo paralelo compuesto por una biblioteca infinita en la que la búsqueda de respuestas genera distintas emociones y reacciones por parte de los seres humanos.

Independientemente del relato breve, “La Biblioteca de Babel” tuvo una connotación de carácter conceptual mucho mayor. Inspirada en el pasaje bíblico, “La torre de Babel” se presentaba como un poderoso ejemplo aleccionador en el que la búsqueda de fama y reconocimiento con ausencia de conocimientos y sabiduría puede resultar altamente peligroso. La fama no es mala “per se” , aunque se debe aclarar que existe la fantasía de la fama y otra que es la realidad de la misma. Esta última, será el resultado de un trabajo consciente y sacrificado que no depende del número de “likes” obtenido en redes sociales.

Jorge Luis Borges, uno de los más destacados escritores del s. XX, fue una figura fundamental de la literatura universal, considerado por muchos: “albacea del legado homérico”, enseña que el lenguaje y la literatura representa el conjunto de cuanta expresión humana y conocimiento científico resulte posible, aunque plantea la paradoja de que tener toda la información no garantiza comprensión y orientación automática. La biblioteca es la metáfora del conocimiento infinito, donde el ser humano intenta encontrar un orden, aunque muchas veces termina pereciendo sin alcanzarlo.

Conocedor de su versada prosa y la brillantez de su relato, Borges plantea que la incapacidad de comunicarse no supone un problema exclusivamente para el entorno cercano, también resulta serlo para la comprensión del mundo, más aun, cuando el mensaje termina amplificándose en el mundo moderno a través del uso de la tecnología. En la actualidad las redes sociales como Facebook, Instagram, TikTok, Youtube, entre otras, han brindado una oportunidad sin precedentes para la autopromoción basada en el deseo de ser reconocido, admirado y celebrado, restándole valor al saber y al conocer.

El mundo en la actualidad vive una época de complejidad evidente, en la que la paradoja estriba en el hecho de que se dispone de conocimientos hilvanados entre sí de manera muy fértil, una Biblioteca de Babel en la que puede encontrarse información abundante desde los albores de la especie humana, pero, a pesar de aquello, los seres humanos no aprovechan aquel conocimiento, apostando por mantenerse ignorantes que todo aquello que podrían saber y de lo que menos les interesa conocer a diario.

La Ley de Brandolini, conocida también como “principio de asimetría de la estupidez o la tontería”, formulada el año 2013, establece un criterio en virtud al cuál: la cantidad de energía que se requiere para contrarrestar las mentiras o bulos que se generan en las redes sociales deben ser de magnitud muy superior a las que se requirieron para producirlas, arrojando resultados desfavorables ante la pasividad que muestran las personas por indagar o investigar la verdad que termina muchas veces subordinada a la mentira. Inventar rumores o noticias falsas toma unos pocos segundos y no requiere evidencias, demostrar con datos, verificar, contrastar, un proceso complejo de argumentación demanda más tiempo y es menos valorado.

La influencia y repercusión que alcanzan muchas personas hoy en día gracias a la difusión de información falsa o sesgada, “viralizada” por el algoritmo que premia el escándalo, la polémica, la certeza ruidosa, el contenido simplista, haciendo visibles a quienes opinan con absoluta seguridad aquello sobre lo cual no tienen base o ignoran, permite entrever personas con el ego hipertrofiado, lo que conduce a pensar que dentro del proceso de evolutivo de la especie humana, tal como señalan con sorna muchos jóvenes en Europa, pasamos de la era del “homo sapiens” a la del “homo pendejus”.

Los personajes del segundo grupo, desde el ámbito público, la política, los medios u otros, pretenden convertirse en prototipos de cambio y transformación, a pesar de que en sociedades serias y civilizadas no tendrían oportunidad alguna de serlo, sociedades que, dicho sea de paso, impulsan a su gente para logar cambios positivos. Es por eso que el motor de cambio debe ser promovido por uno mismo. El planteamiento modesto que realizo permanentemente es que cada individuo busque ser mejor persona a diario, cambiando él e influyendo positivamente en su entorno, despertando conciencias como única manera de acabar con el sistema social estresante, castrante, limitante y creando al final del día una masa crítica que descubra, conozca y adopte una identidad única y auténtica capaz de convertirse en arquetipo de hombre ejemplar.

La era del “homo sapiens” ha permitido lograr el avance científico y tecnológico que conocemos y que, a su vez, en las manos equivocadas, es capaz de destruir en cuestión de segundos la civilización y el planeta, por lo que debemos evitar que sigan proliferando los “cantamañanas” que abundan en redes sociales y que cada vez con mayor frecuencia terminan haciéndose cargo del control de los gobiernos y los países. Para ello se debe promover desde la sociedad civil una alternativa de reestructuración social basada con principios y valores, alcanzando la cohesión social que permita a los hombres vivir como hermanos.

Gandhi decía: Cuando una persona descubre su propio espíritu y se conecta con su verdad interior, experimenta una transformación profunda que se resume en tres pilares fundamentales: Paz, cuando la persona entiende que la violencia sólo destruye. Coherencia , de donde se desprende su visión “sé el cambio que quieres ver en el mundo”. Transformación, por la que se manifiesta que el cambio no se construye pisoteando a los demás, se logra inspirando y enseñando con el ejemplo.

Cuando alcances esa conexión, descubrirás que la vida es un regalo, un milagro, que es maravilloso despertarse a diario para admirar el paisaje de la creación, para disfrutar de la familia, sintiéndote afortunado y agradecido por lo que tienes. Ese es el primer paso para comenzar a cambiar la realidad. Debemos apartarnos de aquella sociedad ruidosa y acelerada, en la que todo resulta igual de ruidoso y superficial, estresante, irreal, acercándonos a nuestro espíritu, la música, la poesía, la naturaleza, los amigos y todo aquello que no se valora en la actualidad.

Seamos artífices de un verdadero cambio, poco a poco, despertando conciencias. Existen miles de personas que lo buscan, miles de personas caminan en “La Biblioteca de Babel”, una gran masa crítica conformada principalmente por gente joven que no se siente a gusto con la dinámica sobre la que gira el planeta en el que se establecieron una serie de poderes fácticos que atentan contra su libertad. Recuerda que la respuesta más poderosa que transformará la realidad actual, habita dentro de ti.

“Estamos acostumbrados a ver al poderoso como si se tratara de un gigante, sólo, porque nos empeñamos en mirarlo de rodillas y ya va siendo hora, de ponerse de pie”.",https://www.vision360.bo/noticias/2026/09/30/70132-del-homo-sapiens-al-homo-pendejus
Visión 360,2026-09-30,•Matices,De Van Gogh a Cézanne: el Museo de Brooklyn expone la colección de Henry Pearlman,"EFE / Nueva York

Cézanne, Modigliani y Van Gogh protagonizan la nueva exposición del Museo de Brooklyn, en Nueva York, con más de 50 cuadros donados por la colección del empresario neoyorquino Henry Pearlman.

Su nieto, Daniel Edelman, presidente de la Fundación Henry y Rose Pearlman, explica a EFE que se regalarán todas las obras en posesión de la familia a tres instituciones: el Museo de Brooklyn, el Museo de Arte Moderno de Nueva York (MoMA) y el Museo de Arte del condado de Los Ángeles (Lacma).

""Esto garantizará que las piezas sigan siendo de acceso público en el futuro. Los tres museos son muy diferentes, por lo que esta es una oportunidad para que las obras se puedan ver en contextos distintos y sigan estando al alcance del público"", indica.

Gran parte de las obras se expondrán en el Museo de Brooklyn desde el próximo 2 de octubre hasta el 18 de abril de 2027, y después se repartirán entre las colecciones permanentes de los tres museos.

El pintor Paul Cézanne era una de las debilidades de Henry Pearlman, y por ello 32 de las obras donadas son del francés: ""Probablemente, Cézanne es el corazón de la colección"", subraya Edelman.

Una de estas piezas es 'Mont Sainte-Victoire', parte de una serie de cuadros en los que Cézanne retrató de manera abstracta la cima de esta montaña, que se eleva sobre la ciudad francesa Aix-en-Provence. En vida, Pearlman describía esta obra como ""una de las más importantes, si no la más importante, de mi colección"".

Otra de las joyas de la muestra es un Van Gogh del que el magnate se sentía ""especialmente orgulloso"", pues, tras estar desaparecido durante décadas, un marchante se puso en contacto con él y se lo ofreció, consciente de que una de sus pasiones era el arte postimpresionista.

Se trata de 'Tarascon Stagecoach', de 1888, y en él Van Gogh pinta dos carruajes de colores verdosos aparcados sobre la pared amarilla de una casa. El artista describió este cuadro en una carta a su hermano Theo: ""Los dos carruajes, muy coloridos, verdes, rojos, con ruedas amarillas, negras, azules y naranjas"".

Pearlman se educó en el arte gracias a un grupo de artistas judíos que emigraron a París aproximadamente al mismo tiempo: Chaim Soutine, Amedeo Modigliani y Jacques Lipchitz.

""Su primera vez viendo un Soutine fue muy emotiva para él. Después de eso, empezó a ir a bibliotecas y museos para aprender de este pintor, y así conoció a los demás"", explica Edelman.

De Soutine destaca 'The Steeple of Saint Pierre at Céret', un cuadro de vibrantes colores en el que el artista, nacido en la actual Bielorrusia y que emigró a París escapando de la violencia antisemita, representa el campanario de una iglesia de esta ciudad francesa.

El espectador logra distinguir en este cuadro el campanario, encuadrado entre dos árboles, e intuye el característico arte figurativo que Soutine ""llevó hasta el límite de la abstracción"", explica el museo en la descripción de la pieza.

Amedeo Modigliani era otro de los favoritos de Pearlman, y si bien este pintor no obtuvo gran popularidad en vida, el neoyorquino supo apreciar su arte y adquirió algunas de sus obras clave, como un retrato del poeta francés Jean Cocteau.

Precisamente Cocteau renegó de este cuadro, por el que solo pagó cinco francos, y decidió no quedárselo. Años más tarde, cuando Pearlman le enseñó una fotografía del lienzo colgado sobre la pared de su habitación, el poeta afirmó que no se imaginaba que su retrato fuese a exponerse ""entre un Van Gogh y un Cézanne"".

La familia también ha donado a los museos obras de Edgar Degas, algunas de ellas pertenecientes a su reconocida serie en la que retrató a mujeres bañándose, así como de Paul Gauguin, del que destaca 'Te Fare Amu', un cuadro alargado de una mujer desnuda, o de Camille Pissarro, con uno de sus primeros bodegones.",https://www.vision360.bo/noticias/2026/09/30/70251-de-van-gogh-a-cezanne-el-museo-de-brooklyn-expone-la-coleccion-de-henry-pearlman
Visión 360,2026-09-30,•Matices,El mundo de Mafalda cobra vida en una experiencia inmersiva en Buenos Aires,"EFE / Buenos Aires

Mafalda Inmersiva, una muestra que invita a caminar por el universo creado por Quino y encontrarse con sus personajes y escenarios, se estrena este miércoles en Buenos Aires, primera parada de una propuesta que prevé llegar luego a distintos puntos de Europa y Latinoamérica.

Las viñetas de Quino cobran volumen a lo largo de 1.300 metros cuadrados en el Centro Cultural Recoleta, donde el visitante puede adentrarse en escenas y situaciones conocidas de Mafalda mediante recursos que van desde la escenografía hasta la realidad virtual.

La muestra comienza con una maqueta gigante del mundo de Mafalda y luego abre paso a un recorrido por su casa y algunos de los lugares más emblemáticos de la historieta, entre ellos el parque y el Almacén Don Manolo, ambos recreados a tamaño real con numerosos detalles de las viñetas originales.

A medida que avanzan por la casa, los visitantes se encuentran primero con Raquel, la madre de Mafalda, parada con una escoba en la cocina; luego con Guille, el más pequeño de la familia; y finalmente con la propia Mafalda, apoyada en su cama junto a su icónico globo terráqueo y un póster de John Lennon, mientras observa por la ventana un cielo estrellado.

""Trabajamos durante tres años seleccionando las tiras más icónicas y que tuvieran todos los tópicos y fuimos eligiendo las diferentes tecnologías a utilizar. Recorrimos el mundo seleccionando lo mejor para Quino"", explica a EFE Damián Kirzner, director y productor general de Mafalda Inmersiva.

La muestra combina elementos analógicos y escenográficos con proyecciones en 360 grados, pantallas interactivas y hasta una experiencia de realidad virtual multiusuario, en la que varias personas pueden adentrarse simultáneamente en una recreación digital del universo de Mafalda.

En algunas salas, el recorrido apela también al olfato: el almacén huele a fiambrería, mientras que el cuarto de Susanita, compuesto por un mar de biberones, osos de peluche y corazones rosados, tiene aroma a caramelo de fresa.

""Lo que hemos tratado es de convertir las viñetas en un espacio donde poder reencontrarse con esos personajes que conocemos de toda la vida"", cuenta Belén Santa-Olalla, directora creativa española encargada de la curaduría y del diseño de la experiencia de usuario del proyecto.

Esos personajes resultan familiares para muchos de los visitantes, que alternan la risa y la emoción en un recorrido cargado de recuerdos de su infancia, pero son menos conocidos para el público más joven.

""Uno de los propósitos fundamentales de esta muestra es que Mafalda llegue a las nuevas generaciones. Hay una generación de mayores que vienen a verla, a reencontrarse con ella, a disfrutar esa nostalgia, pero la misión es que ese testigo pase a las nuevas generaciones, que se enamoren de ella"", enfatiza Santa-Olalla, que destaca además la proyección global del proyecto y la intención de llevarlo a España y a distintos países de Europa y América Latina.

Llevar ese universo del papel a un espacio físico y sumar nuevas tecnologías planteó también el desafío de preservar la esencia de la obra de Quino, desde la apariencia de los personajes y sus escenarios hasta la forma en que se expresan.

La familia del dibujante, fallecido en 2020, acompañó el proceso, facilitó material de archivo y participó con opiniones y aprobaciones durante la construcción de la muestra.

""Siempre que tomamos alguna decisión o estamos en una encrucijada, nos preguntamos qué hubiese pensado Quino. ¿Habría estado de acuerdo o no?"", dice a EFE Guillermo Lavado, sobrino de Quino, y se responde: ""Yo creo que estaría feliz, muy emocionado, y dentro de su sencillez y de su obsesivo trabajo creativo, habría estado realmente muy orgulloso"".

Pero preservar la esencia de Mafalda supone para los creadores de la muestra algo más que reproducir sus trazos: implica también recuperar la mirada crítica con la que Quino observaba el mundo y las relaciones humanas y desde la que su protagonista cuestionaba la política, las guerras y las contradicciones de la sociedad.

Kirzner describe el proceso como ""un viaje hermoso de construcción, de cuidar a Quino, de poner su obra en valor"" y subraya que, a más de 60 años de su creación, los valores y mensajes que propone Mafalda siguen siendo relevantes.

""Tal vez sea un fracaso del mundo que lo que dice Mafalda sigue estando tan vigente"", reflexiona el director, aunque agrega que su perdurabilidad también responde a aspectos más universales: ""La amistad, la timidez ante una novia que te gusta, las características que veía Quino en las personas, siguen estando tan vigentes como siempre y es muy importante que nuestros chicos puedan nutrirse entreteniéndose y divirtiéndose"".",https://www.vision360.bo/noticias/2026/09/30/70233-el-mundo-de-mafalda-cobra-vida-en-una-experiencia-inmersiva-en-buenos-aires
Visión 360,2026-09-30,•Matices,"Leonardo Padura: ""Castigan al gobierno cubano, pero es la gente de Cuba la que sufre""","EFE / Barcelona (España)

Recién llegado del Festival Latinoamericano de Biarritz (Francia), donde el lunes habló ante 900 personas y firmó sus libros durante hora y media, el escritor cubano Leonardo Padura recala este miércoles en Barcelona para recibir el Premio Liber 2026, un reconocimiento de la Federación de Gremios de Editores de España a su trayectoria.

Antes de la gala, que se celebrará la noche del miércoles, habla en una entrevista con EFE de literatura, nuevos proyectos y no obvia cuestiones relacionadas con su país.

Padura rememora que, si su anterior novela con Conde de protagonista, 'Personas decentes', transcurría en 2016 en un momento de ""deshielo"" con Barack Obama de presidente de Estados Unidos, su nuevo libro con el melancólico expolicía en el que cumplirá setenta años y deberá encontrar a una mujer que recibió una herencia proveniente de España, muestra la Cuba de 2025, y es ""como si fueran dos países distintos"".

Hace diez años, argumenta, fue un momento de ""esperanza, de pensar que podían cambiar muchas cosas, aunque el gobierno cubano no lo aprovechó como debió y, unos meses después, llegó Trump, la pandemia, Biden, que no cambió nada con respecto a la política de Cuba, y volvió Trump con una política muy agresiva"".

""La situación de esperanza de 2016 se ha convertido en un infierno cotidiano para la mayoría de la gente de la Cuba de hoy. Yo me hago una pregunta elemental: ¿Esa política estadounidense quiere cambiar el régimen cubano? Porque no lo ha conseguido y lo que sí ha pasado es que se hace sufrir a los cubanos"", opina.

Aludiendo a su amigo Manuel Vázquez Montalbán y a una entrevista que mantuvieron en 1991 en La Habana en la que el autor español le dijo que se debía diferenciar el gobierno cubano de lo que es la gente de Cuba, Padura cree que hoy ""se ha perdido esa perspectiva y están castigando al gobierno cubano, pero el gobierno cubano sigue y es la gente de Cuba la que está sufriendo"".

Aunque no rehuye que en algunos aspectos es un privilegiado con respecto a sus conciudadanos, Leonardo Padura sufre los cortes de electricidad y de agua y explica que con su automóvil tuvo que ir a casa de otras personas con seis bidones para poder tener agua potable en su hogar de La Habana.

Riendo, desvela que con su mujer tienen un chiste y se lo cuentan cuando arremangados van con sus bidones de agua o realizan tareas parecidas en su día a día.

""¿Tú te imaginas a Vargas Llosa haciendo esto, cargando agua como un negro, con ese talante de caballero inglés que tenía?"", se preguntan él y su mujer, Lucía.

Ya más serio, subraya que vivir en estas condiciones supone ""mucho desgaste psicológico"", aunque tampoco esconde que en su país ""se ha somatizado la pobreza, la gente la ha asumido, tratando de sobrevivir"", sin que haya movimientos organizados contra el gobierno, aunque sí ""mucho descontento e inconformidad"".

Feliz de que se le conceda el Premio Liber 2026 por su ""capacidad para contar historias"", por una ""trayectoria de gran proyección internacional"" y por la ""riqueza de registros y géneros"" que caracteriza su obra, Leonardo Padura recuerda la primera vez que recorrió Cataluña, la región donde se encuentra Barcelona.

Fue en 1990 cuando realizó una serie de documentales en los que buscaba las trazas de la emigración catalana a Cuba y posteriormente, en 1996 empezó a publicar en Tusquets, su editorial, y ya no ha dejado de viajar a España, donde recibió distinciones como el Premio Princesa de Asturias de las Letras, el Pepe Carvalho o el Barcino.

""Que hoy me entreguen el Premio Liber es muy satisfactorio, porque todos los premios honoríficos tienen un valor muy especial, los dan personas que creen que tu obra merece el reconocimiento"", asegura.

Leonardo Padura, tras recoger la distinción, pondrá el jueves rumbo a Córdoba para participar en el Cosmopoética, parará la próxima semana en Madrid y luego viajará a México, reconociendo que durante el año dedica seis meses a escribir y los otros seis a la promoción, participando en festivales y actos literarios en países de todo el mundo.",https://www.vision360.bo/noticias/2026/09/30/70206-leonardo-padura-castigan-al-gobierno-cubano-pero-es-la-gente-de-cuba-la-que-sufre
Visión 360,2026-09-30,•Matices,Luzmila Carpio recibirá el Premio a la Excelencia Profesional WOMEX 26,"Entre el 21 y el 25 de octubre, en Las Palmas de Gran Canaria, España, la artista boliviana Luzmila Carpio recibirá el Premio a la Excelencia Profesional del Worldwide Music Expo (WOMEX). El portal WOMEX destacó la trayectoria de Carpio, a quien calificó como una artista de música tradicional “en constante evolución”.

“Luzmila Carpio, indígena quechua del Altiplano boliviano, ha interpretado, grabado y publicado música durante seis décadas. Arraigada en la música tradicional quechua, pero manteniéndose contemporánea y en constante evolución, ha sido pionera desde sus inicios. Cantando en quechua cuando la lengua enfrentaba la represión, y defendiendo como solista femenina la lucha contra la discriminación, alzó su voz por los derechos indígenas, las mujeres y el medio ambiente, trabajando con UNICEF y colaborando con artistas como Miriam Makeba, Cesária Évora y Susana Baca”, se lee en el portal.

Carpio es la voz más reconocida de la música quechua, no solo por su labor artística, sino también “por su labor como embajadora cultural”, su defensa del conocimiento ancestral, sus décadas de activismo a través de la música y su trayectoria de más de medio siglo en la “excelencia artística musical”.

“Durante más de cincuenta años, he cantado en quechua llevando conmigo las voces de mis abuelas, de mi pueblo, de las aves de los Andes y de nuestra Pachamama. Siempre he creído que nuestra cultura ancestral no pertenece al pasado. Está viva. Puede transformarse, dialogar con el mundo y hablar también a las nuevas generaciones. Por eso me conmueve profundamente que WOMEX reconozca no solamente mi música, sino también este camino: la defensa de nuestras lenguas y conocimientos ancestrales, de las mujeres, de los pueblos indígenas y de nuestra Madre Tierra”, escribió Carpio en sus redes sociales.

Lee también: Stevie Wonder celebra 50 años del mítico ""Songs in the key of life"" con un miniálbum

En la actualidad, con más de 25 álbumes en su haber (incluidos tres frutos de su reciente y fructífera colaboración con el sello ZZK Records), Carpio es la cantante en lengua quechua más reconocida del mundo.

Creado en 1999, el WOMEX Award reconoce logros excepcionales en la música global a nivel internacional. El reconocimiento distingue la excelencia musical, la relevancia social, el éxito comercial, el impacto político o una trayectoria sobresaliente.",https://www.vision360.bo/noticias/2026/09/30/70167-luzmila-carpio-recibira-el-premio-a-la-excelencia-profesional-womex-26
Visión 360,2026-09-30,•Matices,Premio de Periodismo con Perspectiva de Género amplía su alcance a América Latina y reconoce 13 trabajos,"El Premio de Periodismo con Perspectiva de Género amplió este año su alcance más allá de Bolivia y abrió por primera vez una categoría para trabajos de América Latina y el Caribe. En su edición 2026, la iniciativa impulsada por BancoSol, ONU Mujeres y la Fundación para el Periodismo reconoció a 13 trabajos periodísticos por incorporar la perspectiva de género y abordar temas vinculados con la igualdad y el empoderamiento de las mujeres.

La ceremonia de premiación se realizó la noche del martes 29 de septiembre en La Paz, con la participación de autoridades, representantes del Sistema de Naciones Unidas en Bolivia, diplomáticos, organismos de cooperación, entidades financieras y medios de comunicación.

En total, la convocatoria recibió 131 postulaciones. De ellas, 78 correspondieron a las cuatro categorías nacionales: prensa escrita, radio, televisión y medios digitales. La nueva categoría internacional recibió 52 trabajos procedentes de 12 países de América Latina y el Caribe: Argentina, Brasil, Chile, Colombia, Ecuador, Honduras, México, Nicaragua, Paraguay, Perú, República Dominicana y Venezuela.

En prensa escrita, el primer lugar fue para Yenny Escalante Flores y Yobana Graciela Knaudt por el reportaje “Desaparecidas: la agonía sin fin de las familias que no dejan de buscar”, publicado en El País de Tarija y El Diario de La Paz.

El segundo lugar correspondió a Ernesto Prado Díaz y Leonel Amado Suárez Quiroga por “Violencia digital: La lucha paralela de las mujeres en política en Bolivia”, de El País de Tarija. El tercer puesto fue para Violeta María Castillo Donaire por “Justicia; ausente para la niñez indígena en Tarija”, también publicado en ese medio.

En radio, Omar Escobar Mamani y Nicole Denise Laura Vallejos obtuvieron el primer lugar por “Madres encarceladas, infancias condenadas”, emitido por la Red Erbol.

Gloria Rosales Isla ocupó el segundo lugar con “Ser o no madre, cuando las decisiones de las mujeres se vuelven en debate público”, difundido por Radio CEPRA de Cochabamba. El tercer puesto fue para Abel Mijail Miranda Zapata y Michelle Nogales Cardozo por “Angelina vuelve. ¿Qué historias esconden los incendios de la Chiquitania?”, del podcast del medio Muy Waso.

En la categoría de televisión, el primer lugar fue para Daniel Ramírez Mejía por “Entre saberes y barreras”, emitido por Radio TV Copacabana.

Ramiro Charcas Terán obtuvo el segundo puesto por “El alto precio de pedir justicia. La asistencia familiar y el aporte de las labores de cuidado al PIB”, difundido por Sistema RTP Bolivia. Rudy Rodolfo Ordoñez Delgado consiguió el tercer lugar por “Cuando la justicia no protege a una mujer víctima de violencia”, de Televisión Andalucía de Tarija.

En medios digitales, Karem Mendoza Gutiérrez obtuvo el primer lugar por “La infancia interrumpida: 240 niñas menores de 10 años fueron madres en 2024”, publicado en Revista La Brava.

El segundo lugar fue para Selma Danitza Zegarra Mendez por “Brazos vacíos: El sistema boliviano que sepulta el duelo materno en tres días”, de InfoMedia de Tarija. El tercer puesto correspondió nuevamente a Abel Mijail Miranda Zapata y Michelle Nogales Cardozo, esta vez por “Cholitas da Babilonia: indígenas andinas reimaginando la migración en Brasil”, publicado en Muy Waso.

La categoría internacional tuvo un único reconocimiento. El primer lugar fue para la periodista argentina Mariana Iglesias por el reportaje “Mujeres del microtráfico de drogas”, publicado en el diario Clarín.

Jurado y criterios de evaluación

Los trabajos fueron evaluados por un jurado multidisciplinario integrado por 15 profesionales y especialistas en periodismo, comunicación, género, derechos humanos y economía.

Entre los criterios considerados estuvieron la perspectiva de género, relevancia y actualidad del tema, interés público e impacto, manejo de fuentes y evidencia, además de la calidad narrativa y la estructura de los trabajos.

En las categorías nacionales, los primeros lugares recibieron Bs 10.000, los segundos Bs 5.000 y los terceros Bs 3.000. La categoría internacional tuvo un único premio de Bs 10.000.

Durante la ceremonia también se desarrolló el panel “Narrativas que transforman: periodismo, género y cambio social en América Latina”, que reunió a periodistas bolivianos e internacionales para debatir sobre el papel de los medios en la promoción de la igualdad de género, el fortalecimiento democrático y la construcción de sociedades inclusivas.

Participaron Carla Tejerina, presidenta de la Fundación para el Periodismo y directora de la revista Cosas; Lorena Arroyo, jefa de Sociedad y Ciencia de El País de España; y los periodistas Maggy Talavera, Mery Vaca y Diego Viamont. La moderación estuvo a cargo de la periodista María Delgado.

El encuentro se desarrolló en un contexto en el que la representación de las mujeres continúa siendo un desafío para los medios de comunicación.

Según los datos del Proyecto de Monitoreo Global de Medios (GMMP) 2025, en América Latina solo una de cada cuatro personas que aparece en las noticias es mujer. El estudio señala además que apenas el 7% de la agenda informativa aborda asuntos relacionados con la igualdad de género y solo el 1% de esas noticias ocupa un lugar relevante.

En el caso de Bolivia, el informe establece que las mujeres representan el 36% de las fuentes informativas y el 28% de los sujetos principales de las noticias.

Estos datos son parte del contexto en el que BancoSol, ONU Mujeres y la Fundación para el Periodismo plantean la continuidad del premio, con el objetivo de promover una cobertura que incorpore la perspectiva de género, amplíe la diversidad de voces presentes en la agenda mediática y reconozca el trabajo periodístico relacionado con la construcción de una sociedad más inclusiva y equitativa.",https://www.vision360.bo/noticias/2026/09/30/70152-premio-de-periodismo-con-perspectiva-de-genero-amplia-su-alcance-a-america-latina-y-reconoce-13-trabajos
Visión 360,2026-09-30,•Mundo,"Lula lamenta el ""complejo de inferioridad"" de los líderes de Latinoamérica con EE.UU.","EFE / São Paulo

El presidente de Brasil y candidato a la reelección, Luiz Inácio Lula da Silva, lamentó este miércoles durante una entrevista el ""complejo de inferioridad"" histórico de los líderes de Latinoamérica con EE.UU. ""Lo que es triste es el complejo de inferioridad de los presidentes de América Latina"", dijo, en respuesta a una pregunta sobre el Escudo de las Américas, una alianza impulsada desde marzo por el mandatario estadounidense Donald Trump con líderes de derecha de la región para combatir el narcotráfico, de la que no forman parte países como México o Brasil. Aunque no mencionó por nombre a mandatarios actuales, criticó al expresidente argentino Carlos Menem (1989-1999) por considerarlo un ""adulador"" de EE.UU. en su época. Previo a la primera vuelta de las elecciones brasileñas este domingo, aseguró que él aprendió a ""no bajar la cabeza"" ante nadie y dijo que habla indistintamente con Trump y con el chino Xi Jinping, entre otros. Pese a las tensiones con EE.UU. que han sembrado su mandato, el presidente añadió que mantiene una relación ""civilizada"" y ""respetuosa"" con el ocupante de la Casa Blanca. ""La relación entre jefes de Estado es diferente de una relación personal; yo no necesito que gusten de mí personalmente"", afirmó. Asimismo, recordó que, durante una reunión reciente, le advirtió a Trump de que no interfiriera en las elecciones brasileñas porque, si lo hiciese, acabaría ""molesto"". Durante la campaña, Lula ha reforzado el discurso de defensa de la soberanía y ha acusado a su principal rival electoral, el ultraderechista Flávio Bolsonaro, de ser un ""adulador"" de Trump y de ""besar"" la bandera estadounidense. Además, el líder progresista ha acusado a la familia Bolsonaro de estar detrás de los aranceles comerciales y de las sanciones contra autoridades brasileñas impuestas por la Casa Blanca desde la condena del expresidente Jair Bolsonaro por intento de golpe de Estado. Lula y Flávio Bolsonaro protagonizan una de las presidenciales más polarizadas en la historia reciente del país y están técnicamente empatados tanto en las encuestas de intención de voto para la primera vuelta, como en las que simulan un eventual balotaje, que se celebraría el 25 de octubre.",https://www.vision360.bo/noticias/2026/09/30/70263-lula-lamenta-el-complejo-de-inferioridad-de-los-lideres-de-latinoamerica-con-eeuu
Visión 360,2026-09-30,•Mundo,Rusia rechaza liberar a presos políticos a cambio de levantamiento de sanciones de EEUU,"EFE / Moscú

El Kremlin rechazó este miércoles la reciente propuesta del emisario especial de la Casa Blanca, John Cole, de liberar a presos políticos rusos a cambio del levantamiento de parte de las sanciones impuestas a Rusia, una iniciativa semejante a la ya acordada por Estados Unidos y Bielorrusia.

""Este tema no ha sido debatido y no puede ser debatido porque negamos categóricamente la existencia de presos políticos de ningún tipo, y consideramos que este enfoque es absolutamente inadecuado"", aseveró el portavoz de la Presidencia rusa, Dmitri Peskov, durante su rueda de prensa telefónica diaria.

El representante del Kremlin señaló que ""respecto a los diversos canjes de presos, que se han llevado a cabo hasta ahora, nuestras autoridades mantienen contactos regulares"" con la parte estadounidense.

Anteriormente, el periódico estadounidense The Atlantic informó que el presidente de EE.UU., Donald Trump, habría aceptado la propuesta de Cole de levantar parcialmente las sanciones contra Rusia a cambio de la liberación de presos políticos.

En el marco de las negociaciones del emisario de la Casa Blanca con las autoridades bielorrusas, Minsk (Capital de Bielorrusia) ha liberado desde diciembre del año pasado a cerca de 170 presos, incluyendo a los principales líderes opositores, a cambio del levantamiento de las sanciones estadounidenses a las exportaciones de potasio bielorruso.

Lee también: Putin llama a la cámara de diputados rusa a ""hacer todo por la victoria"" en Ucrania

A mediados de septiembre, el presidente bielorruso, Alexandr Lukashenko, anunció el envío del primer cargamento de potasio a Estados Unidos, ocasión en la que aprovechó para exigir el retorno de los activos bancarios bielorrusos congelados en EE. UU.

En su momento, la oposición bielorrusa en el exilio comentó a EFE que Washington estaba muy interesado en el potasio bielorruso en el marco de su actual guerra comercial con Canadá, su mayor suministrador de fertilizantes.

Bielorrusia, país acusado por Ucrania de complicidad en la invasión rusa, exportaba un 20 % del cloruro de potasio mundial antes de ser sancionado en 2021 por Estados Unidos y la Unión Europea (UE) por ese respaldo al Kremlin.",https://www.vision360.bo/noticias/2026/09/30/70200-rusia-rechaza-liberar-a-presos-politicos-a-cambio-de-levantamiento-de-sanciones-de-eeuu
Visión 360,2026-09-30,•Mundo,Irán dice haber recibido una propuesta de EEUU tras rechazo de Trump a su plan,"EFE / Teherán

Irán anunció este miércoles que ha recibido una propuesta de Estados Unidos, después de que el presidente estadounidense, Donald Trump, rechazara el fin de semana el plan de siete días presentado por Teherán para reabrir el estrecho de Ormuz a cambio de una serie de condiciones.

""La propuesta de la parte estadounidense fue presentada al presidente Pezeshkian por el doctor (Abás) Araqchí, ministro de Exteriores de nuestro país"", dijo la portavoz del Gobierno iraní, Fatemeh Mohayerani, en declaraciones a la agencia IRNA tras la reunión del gabinete.

Mohayerani no dio detalles de la propuesta estadounidense, mientras que medios iraníes como la agencia Mehr informaron de que Irán ha recibido ""la respuesta de la parte estadounidense a la propuesta del mediador catarí"", después de la reunión del lunes de Araqchí con ellos en Nueva York.

Araqchí había dicho tras esa reunión que la intención era ""allanar el camino para el cumplimiento de las condiciones"" de la República Islámica, indicando que su país esperaba la respuesta de Washington, dos días después de que Trump tachara de “inaceptable” el plan de siete días de Irán para reabrir el estrecho de Ormuz.

Irán exige en su propuesta el cumplimiento de una serie de condiciones por parte de EE.UU., como el cese de las hostilidades en todo Oriente Medio, el levantamiento del cerco naval y de las sanciones al petróleo iraní y la liberación de fondos congelados de Teherán, para acceder a reabrir el estratégico paso marítimo y retomar las negociaciones sobre su programa nuclear.

Estas condiciones también formaban parte del Memorando de Islamabad, alcanzado entre Irán y EE.UU. en junio bajo mediación de Pakistán, el cual quedó interrumpido menos de un mes después por unos supuestos ataques iraníes contra buques y petroleros en Ormuz y los bombardeos estadounidenses contra el sur de Irán.

El presidente iraní, Masud Pezeshkian, aseguró hoy que su Gobierno está haciendo todo lo posible para restablecer el memorando de entendimiento, según informó la agencia Tasnim.

""El memorando debe basarse en una estrategia en la que ambas partes salgan beneficiadas"", dijo el mandatario durante un encuentro con un grupo de figuras políticas.

La guerra que Estados Unidos e Israel iniciaron contra Irán ha entrado en el octavo mes y se encuentra en un punto muerto, con la intensificación de las sanciones estadounidenses y su bloqueo naval, y ataques ocasionales de Teherán contra petroleros en el estrecho de Ormuz.",https://www.vision360.bo/noticias/2026/09/30/70197-iran-dice-haber-recibido-una-propuesta-de-eeuu-tras-rechazo-de-trump-a-su-plan
Visión 360,2026-09-30,•Mundo,China anuncia subsidios a intereses hipotecarios por primera vez y avanza medidas de apoyo,"EFE / Shanghái (China)

El Banco Popular de China (BPC, banco central) anunció un paquete de medidas para apuntalar el crecimiento económico entre las que destacan un recorte de 0,25 puntos a una tasa de préstamos a bancos y el primer subsidio a los intereses hipotecarios de su historia ante la crisis inmobiliaria.

En varios comunicados publicados anoche en su página web oficial, la institución desgrana esas medidas: la segunda, anunciada en conjunción con el Ministerio de Finanzas y el regulador del sector financiero, la NFRA, se aplicará durante un año a partir de mañana para ciertos compradores de primera vivienda.

Se trata de la primera ocasión en que las autoridades fiscales centrales del gigante asiático ofrecen subvenciones directas sobre los intereses de préstamos hipotecarios comerciales a nivel individual, siempre y cuando estos sean para inmuebles inferiores a 120 metros cuadrados y la transacción no supere los 1,5 millones de yuanes (unos 224.000 dólares o 197.000 euros).

Las hipotecas cuyo capital sea inferior a un millón de yuanes (149.000 dólares, 132.000 euros) podrán beneficiarse de un subsidio de intereses equivalente a un punto porcentual anualizado de esa cantidad durante un plazo máximo de cinco años, apunta el documento.

Según expertos citados por el diario hongkonés South China Morning Post, los compradores con un préstamo por esa cantidad podrían ahorrar hasta 50.000 yuanes (7.500 dólares, 6.600 euros) si se acogen al nuevo programa.

Minutos antes, el banco central había anunciado que reducirá del 1,75 % al 1,5 % su tasa de interés para los préstamos complementarios con garantía (PSL, según sus siglas en inglés) a un año, herramienta con la que otorga préstamos a bancos para dirigir el crédito hacia áreas prioritarias.

En este caso, el BPC indicó que el ámbito de esos créditos será ampliado para incluir proyectos relacionados con lo que Pekín denomina 'seis redes', iniciativas de inversión relativas a las redes hídricas, de electricidad, de computación, de comunicaciones de nueva generación, subterráneas y de logística.

Asimismo, la institución elevará sus cuotas de représtamo para los sectores dedicados a la innovación tecnológica y la agricultura, con 30.000 millones de dólares adicionales para lo primero y otros 75.000 millones para lo segundo, y avanzó que seguirá ""haciendo un uso integral de diversas herramientas de política monetaria"".

Las iniciativas se anunciaron tan solo un día después de que el Consejo de Estado (Ejecutivo), encabezado por el primer ministro, Li Qiang, prometiese medidas ""más potentes"" a nivel macro para impulsar la economía y reavivar la demanda nacional, lastrada desde principios de esta década ante la falta de confianza en el seno de los consumidores.

No obstante, el impacto de estas nuevas medidas es ""muy limitado"", según analistas citados por Bloomberg, que creen que las autoridades se están centrando en garantizar el cumplimiento de los objetivos económicos oficiales con este ""mini estímulo"", y no tanto en darle realmente la vuelta a la coyuntura de la demanda.

Según Xing Zhaopeng, de ANZ, Pekín tampoco podría acometer importantes rebajas de tipos mientras la Reserva Federal (Fed) estadounidense suba los suyos, ya que correría el riesgo de presionar a la baja sus tipos de cambio y de incentivar la fuga de capitales.",https://www.vision360.bo/noticias/2026/09/30/70191-china-anuncia-subsidios-a-intereses-hipotecarios-por-primera-vez-y-avanza-medidas-de-apoyo
Visión 360,2026-09-30,•Mundo,"Putin llama a la  cámara de diputados rusa a ""hacer todo por la victoria"" en Ucrania","EFE / Moscú

El presidente ruso, Vladímir Putin, abrió hoy la novena legislatura de la Duma o cámara de diputados con un llamamiento ""a hacer todo por la victoria"" en la guerra con Ucrania, lo que incluiría el incremento del gasto en defensa en el nuevo presupuesto, según los medios.

""Ustedes están llamados a prestar especial atención a asuntos de importancia estatal como el reforzamiento de la defensa del país y hacer todo por nuestra victoria, al apoyar a los defensores de la patria y sus familias"", dijo desde la tribuna de la cámara baja del Parlamento ruso.

En particular, instó a los parlamentarios a aprobar para el próximo trienio un presupuesto ""equilibrado"" que mantenga la estabilidad macroeconómica al tiempo que se cumplen con todos los programas sociales.

Según las filtraciones de la prensa internacional, el gobierno ruso volverá a incrementar el gasto en defensa en los próximos tres años hasta los 50 billones de rublos (casi 600.000 millones de dólares).

Si recibe el respaldo de la Duma, como es de esperar, Rusia gastará el próximo año 17,1 billones de rublos (más de 200.000 millones de dólares), un 27 % más de lo previsto en el presupuesto, que ascendía a 13,5 billones de rublos (unos 160.000 millones de dólares).

Como consecuencia, también disminuirán los gastos sociales, y la inversión en sanidad y educación, pero también en construcción de carreteras e infraestructuras, y los subsidios para el sector agrícola, señalan los medios.

Putin destacó que el partido del Kremlin, Rusia Unida, cuenta con una amplia mayoría -349 de 450 escaños-, y llamó a todas las formaciones políticas con representación parlamentaria a la unidad.

Subrayó que en los asuntos vitales para el país las decisiones deben adoptarse ""con un apoyo solidario y consolidado de todos los partidos y diputados"", es decir, unánimemente, ya que -adujo- ""todos nosotros somos correligionarios y partidarios de lo importante: la aspiración al éxito, seguridad y florecimiento de nuestra patria"".

""La unidad de nuestra sociedad es una fiel garantía de que juntos lograremos todos los objetivos que nos hemos marcado. Garantizaremos durante muchas generaciones la seguridad y soberanía de Rusia. Así será, estoy completamente seguro de ello"", proclamó, momento en el que los diputados prorrumpieron en aplausos.

Por su parte, llamó a aplaudir a los diputados de las cuatro regiones ucranianas anexionadas -recordó que hace exactamente cuatro años la Duma aprobó lo que Moscú llama reunificación- elegidos en las elecciones parlamentarias celebradas del 18 al 20 de septiembre.

Los comunistas pusieron hoy en duda la mayoría constitucional de Rusia Unida, denunciando numerosas irregularidades en el voto electrónico y en el escrutinio durante los tres días de votación.

Varios activistas, incluido liberales y comunistas, han convocado protestas contra lo que consideran fraude electoral, pero las autoridades de las diferentes ciudadades no han dado su permiso para celebrar dichas acciones, en ocasiones apelando a las restricciones vigentes desde la pandemia.",https://www.vision360.bo/noticias/2026/09/30/70185-putin-llama-a-la-camara-de-diputados-rusa-a-hacer-todo-por-la-victoria-en-ucrania
Visión 360,2026-09-30,•Mundo,El primer ministro británico no descarta que el Reino Unido regrese a la Unión Europea,"EFE / Londres

El primer ministro británico, Andy Burnham, afirmó este miércoles que su Gobierno analizará ""todas las opciones"" sobre la relación con la Unión Europea (UE), y no descartó ""ir hasta el final"" y plantear el reingreso del Reino Unido en el bloque comunitario.

Burnham hizo estas declaraciones en una entrevista con la BBC después de declarar el martes ante el congreso anual del Partido Laborista que el Brexit -salida británica de la UE- ""hizo más daño que bien"".

Lee también: Trump ordena que su Gobierno use el término ""superinteligencia"" para referirse a la IA

También dijo a las bases que su Ejecutivo preparará en los próximos meses propuestas para avanzar en la relación con los Veintisiete, que podría presentar en la segunda cumbre bilateral entre las dos partes prevista para finales de año, tras una primera celebrada en Londres en mayo de 2025.

El primer ministro aseguró a la BBC que analizará los ""pros y contras"" de todas las alternativas, entre ellas mantener el estado actual, una posible adhesión a la unión aduanera o al mercado único y el retorno al club europeo.

Burnham explicó que no quiere dejar el asunto ""en el aire"" y prefiere aclarar ""hacia dónde queremos que vaya el Reino Unido en la próxima década"".

Lee también: El hallazgo de habitaciones de lujo dentro de una cárcel desata polémica en Indonesia

El programa electoral con el que los laboristas llegaron al poder en julio de 2024 descarta la incorporación al mercado único y a la unión aduanera, por lo que en principio cualquier cambio fundamental tendría que someterse a votación en las próximas elecciones.

La opción de regresar a la UE cuenta con el apoyo de buena parte del Partido Laborista, el Liberal Demócrata y el Partido Nacional Escocés (SNP), entre otros, mientras que se oponen el Partido Conservador y el populista Reform UK.

Las últimas encuestas apuntan a un cambio en la opinión pública, con una mayoría en torno al 52 % favorable a solicitar el reingreso, si bien el respaldo es aún mayor, del 59%, a fomentar una relación más estrecha sin volver al bloque.",https://www.vision360.bo/noticias/2026/09/30/70176-el-primer-ministro-britanico-no-descarta-que-el-reino-unido-regrese-a-la-union-europea
Visión 360,2026-09-30,•Mundo,"Pekín promete ""responder con firmeza"" si la UE aplica nuevas medidas contra comercio chino","EFE / Pekín

El Gobierno chino ""responderá con firmeza"" para defender los ""derechos e intereses legítimos"" de sus industrias si la Unión Europea (UE) aplica nuevas medidas dirigidas contra las empresas o los productos chinos, indicó el Ministerio de Comercio del gigante asiático.

La cartera se refería a informaciones según las cuales varios Estados miembros de la UE estarían elaborando un documento conjunto para pedir a la Comisión Europea que acelere la creación de una herramienta similar a la sección 301 de la Ley de Comercio de Estados Unidos y que adopte medidas más duras contra el comercio chino.

En un comunicado difundido a última hora del martes, un portavoz del Ministerio de Comercio de China subrayó que la herramienta en cuestión constituye una medida ""típicamente proteccionista y unilateralista, que no solo no contribuye a resolver los problemas, sino que se volverá contra la propia Unión Europea"".

Lee también: Trump ordena que su Gobierno use el término ""superinteligencia"" para referirse a la IA

""La UE también fue víctima en su día de este tipo de herramientas: no hagas a los demás lo que no quieras que te hagan a ti"", apuntó el vocero, que recalcó que el movimiento perturbará la estabilidad del comercio entre China y Europa y las cadenas industriales y de suministro mundiales.

Si Bruselas mantiene diálogos con Pekín al mismo tiempo que ""intensifica sus demostraciones de fuerza"" contra el país asiático, socavará gravemente la confianza mutua, interferirá en el proceso general de consultas entre ambas partes y ""afectará al conjunto de la cooperación económica y comercial"", advirtió el portavoz.

""La parte china insta a la parte europea a mantenerse en la senda correcta de gestionar las diferencias mediante el diálogo (...). Si la parte europea se empeña en introducir medidas restrictivas discriminatorias contra empresas o productos chinos, China responderá sin duda con firmeza para defender los derechos e intereses legítimos de su industria"", sentenció.

En declaraciones al diario oficialista Global Times, un observador anónimo chino afirmó que, si la UE sigue adelante con estas ""medidas proteccionistas"", China responderá con una ""potente batería de instrumentos políticos"", como la apertura de investigaciones antidiscriminación, pesquisas sobre la seguridad de las cadenas industriales y de suministro e investigaciones sobre el impacto de las subvenciones extranjeras.

Lee también: El hallazgo de habitaciones de lujo dentro de una cárcel desata polémica en Indonesia

Este medio vinculaba esta reacción a un reciente artículo de Noah Barkin, asesor sénior sobre relaciones entre China y Europa de la consultora Rhodium Group, que señalaba, al citar a funcionarios europeos, que Alemania y Francia estaban ultimando un documento conjunto que instaría a la Comisión a acelerar el desarrollo de un instrumento que otorgue a Bruselas nuevos poderes para cerrar el mercado comunitario a China.

La publicación del artículo y la posterior respuesta oficial se produjeron en la antesala de la visita a Pekín del comisario europeo de Comercio, el eslovaco Maros Sefcovic, los días 8 y 9 de octubre, en la que abordará con sus pares chinos el estado de las relaciones económicas y comerciales bilaterales.

Sefcovic afirmó la semana pasada que el objetivo de Bruselas con esta visita es ""reequilibrar"" el comercio con Pekín, al abordar el futuro de las exportaciones chinas a la UE y el acceso de las empresas europeas al mercado chino.",https://www.vision360.bo/noticias/2026/09/30/70173-pekin-promete-responder-con-firmeza-si-la-ue-aplica-nuevas-medidas-contra-comercio-chino
Visión 360,2026-09-30,•Mundo,"Trump ordena que su Gobierno use el término ""superinteligencia"" para referirse a la IA","EFE / Washington

El presidente de Estados Unidos, Donald Trump, firmó este martes una orden ejecutiva para sustituir el término ""inteligencia artificial"" por ""superinteligencia"" en las comunicaciones oficiales del Gobierno federal y que encarga establecer además una definición oficial para este nuevo concepto.

La orden, que busca mejorar la imagen de la IA en un momento en que las críticas contra esta industria van en aumento en Estados Unidos, obliga a los departamentos y agencias federales a utilizar ""superinteligencia"" y las siglas ""SI"" en su correspondencia, comunicaciones públicas y documentos de política, y les indica que dejen de utilizar ""inteligencia artificial"" e ""IA"".

Lee también: Lula y Bolsonaro bajan el nivel de la campaña con noticias falsas a cinco días de los comicios

Además, encarga al Consejo de Asesores Presidenciales de Ciencia y Tecnología proponer una definición federal de ""superinteligencia"" y determinar qué nuevas acciones ejecutivas serían necesarias para aplicarla.

Finalmente, la Casa Blanca sitúa estas medidas dentro de una estrategia para acelerar el uso de sistemas avanzados en áreas como la investigación científica, la medicina, la energía y la industria.

La decisión llega a seis semanas de unas legislativas en la que Trump y los republicanos se juegan su escasa mayoría en el Congreso y en medio de un creciente debate sobre el impacto de los centros de datos en las comunidades y los riesgos de los sistemas de IA más avanzados, después de que las propias empresas advirtieran sobre la necesidad de aumentar las salvaguardas para su desarrollo.

Trump, en cambio, ha rechazado controles estrictos y defiende que Estados Unidos mantenga el liderazgo frente a China.

Lee también: Rusia abre caso contra el líder opositor ruso por escribir ""Por la paz"" en la papeleta

El republicano recibió este martes en la Casa Blanca a los máximos responsables de las principales empresas de inteligencia artificial y tecnología de Estados Unidos para un almuerzo de trabajo centrado en el desarrollo de la IA, la seguridad de sus avances y la expansión de los centros de datos necesarios para sostenerlos.

Al término del encuento, Trump firmó junto a los líderes de las seis mayores tecnológicas estadounidenses involucradas en el desarrollo de la IA -Sundar Pichai (Google), Elon Musk (XAI), Dario Amodei (Anthropic), Mark Zuckerberg (Meta) y Jensen Huang (Nvidia)- un acuerdo voluntario para reforzar la seguridad de la inteligencia artificial mediante controles internos para vigilar capacidades y comportamiento de los modelos (especialmente frente a riesgos como ciberataques), evaluaciones de riesgos y revisiones externas.

Como parte de esta campaña para mejorar la imagen de la IA en el país, Trump anunció hoy mismo una renovación de los servicios federales online apoyados por IA, con los que la Administración pretende ampliar sus funciones para que los usuarios puedan realizar trámites como solicitar pasaportes y acceder a prestaciones públicas de manera más cómoda y eficiente.",https://www.vision360.bo/noticias/2026/09/30/70170-trump-ordena-que-su-gobierno-use-el-termino-superinteligencia-para-referirse-a-la-ia
Visión 360,2026-09-30,•Mundo,El hallazgo de habitaciones de lujo dentro de una cárcel desata polémica en Indonesia,"EFE / Yakarta

El hallazgo de habitaciones y autos de lujo dentro de una cárcel situada en la ciudad de Bogor, al sur de Yakarta, ha desatado una polémica en Indonesia, donde el Gobierno del exmilitar Prabowo Subianto ha anunciado sanciones e investigaciones para hacer frente a las críticas.

Dirección General de Instituciones Penitenciarias de Indonesia supervisó este miércoles la demolición de estos inmuebles, una semana después de que personal de la Defensoría del Pueblo (Ombudsman) hallase una hilera de pequeños apartamentos ocultos en un terreno de la prisión de Cibinong.

Lee también: Lula y Bolsonaro bajan el nivel de la campaña con noticias falsas a cinco días de los comicios

Según el Ombudsman, que publicó imágenes del hallazgo, en el recinto había varios vehículos de alta gama estacionados y al menos una decena de pequeñas viviendas ""con comodidades como salas de estar, sofás, televisores, refrigeradores, mesas de comedor y aire acondicionado"".

Además, en la zona, en la que algunos guardias de seguridad intentaron impedir el acceso del personal de la Defensoría del Pueblo, había un gimnasio completamente equipado y un simulador de golf en construcción.

Detrás de las viviendas, precisó el Ombudsman en una nota de prensa, había una puerta de salida al exterior sin llave, ""lo que representa un grave riesgo de fuga y acceso no controlado"" en una cárcel que el Ejecutivo había certificado como ""libre de corrupción"".

Lee también: Rusia abre caso contra el líder opositor ruso por escribir ""Por la paz"" en la papeleta

En vista del escándalo creado, el Gobierno suspendió de sus puestos al director de la cárcel y a otros cuatro altos funcionarios del recinto, quienes están ahora siendo investigados por la Justicia.

Según informó la agencia pública Antara, las investigaciones preliminares revelaron que entre los reclusos que usaban estas instalaciones se encuentran empresarios pagando penas por corrupción.

La Comisión Anticorrupción y una comisión legislativa abrieron un seguimiento especial del caso, por el que han pedido al Ministerio de Prisiones una rendición de cuentas.",https://www.vision360.bo/noticias/2026/09/30/70149-el-hallazgo-de-habitaciones-de-lujo-dentro-de-una-carcel-desata-polemica-en-indonesia
Visión 360,2026-09-30,•Política,TSJ reorganiza juzgados penales y crea instancias especializadas en corrupción y crimen organizado,"El Tribunal Supremo de Justicia (TSJ) aprobó una nueva estructura para los juzgados penales, con la creación de instancias especializadas en delitos de corrupción y crimen organizado. La medida fue adoptada por la Sala Plena y tendrá una aplicación prioritaria en el distrito judicial de Santa Cruz.

El presidente del TSJ, Romer Saucedo, informó que se aprobaron dos acuerdos para la refuncionalización de los juzgados penales y explicó que los nuevos tribunales estarán conformados por jueces seleccionados para atender exclusivamente este tipo de procesos.

“Quiero informar a toda la población boliviana que por disposición de nuestra Sala Plena, el día de hoy, se han aprobado dos acuerdos de Sala Plena para establecer la refuncionalización de juzgados en materia penal. Esto implica que a partir de la fecha se crearán juzgados especializados que conocerán materia anticorrupción y además conocerán delitos vinculados al crimen organizado”, informó.

Saucedo señaló que la selección de los jueces se concentrará principalmente en Santa Cruz, donde se prevé una modificación de la actual estructura. “Esto obedece a la situación por la que está atravesando nuestra institución y para ello se seleccionarán los mejores perfiles de aquellos jueces que van a conocer estos delitos, principalmente en el distrito de Santa Cruz. Ante esta situación también es importante informar que estos jueces se dedicarán de manera exclusiva a conocer este tipo de delitos”, afirmó.

Según el presidente del TSJ, en Santa Cruz existen 28 juzgados de instrucción que actualmente atienden distintas materias. Con la refuncionalización, parte de estos juzgados será destinada específicamente a procesos relacionados con corrupción y crimen organizado.

“Estos serán reducidos, reitero, a jueces especializados en materia anticorrupción y contra el crimen organizado”, sostuvo.

Los jueces que no sean incorporados a esta estructura especializada continuarán atendiendo procesos por delitos ordinarios y casos relacionados con hechos de violencia contra mujeres, niñas, niños y adolescentes.

“Los demás jueces conocerán los delitos ordinarios y los delitos que estén vinculados a hechos de violencia contra la mujer, niños, niñas y adolescentes”, explicó Saucedo.

Lee también: Consejo de la Magistratura interviene juzgado de jueza señalada por presunta visita a Marset

Para formalizar la nueva estructura, el Consejo de la Magistratura deberá emitir los nuevos títulos correspondientes a los jueces que asumirán las funciones especializadas.

El TSJ también anunció que recurrirá a la cooperación internacional para fortalecer la capacitación de los operadores de justicia que asumirán estas tareas. “Recurriremos a la cooperación internacional para fortalecer la formación académica de los jueces especializados a partir de la fecha”, señaló Saucedo.

Además, informó que la Unidad de Transparencia del TSJ se trasladará a Santa Cruz para realizar verificaciones sobre las actuaciones judiciales. En caso de identificar posibles irregularidades, los antecedentes podrán ser remitidos a las instancias disciplinarias correspondientes y al Ministerio Público.

“El compromiso de toda nuestra Sala Plena es contundente en relación a asumir acciones necesarias que permitan consolidar una nueva administración de justicia”, afirmó el presidente del TSJ.",https://www.vision360.bo/noticias/2026/09/30/70275-tsj-reorganiza-juzgados-penales-y-crea-instancias-especializadas-en-corrupcion-y-crimen-organizado
Visión 360,2026-09-30,•Política,Mariaca suma respaldos tras la decisión de EEUU de restringirle la visa,"Luego de que el Departamento de Estado de Estados Unidos decidiera suspender las visas de 13 ciudadanos bolivianos, entre ellos, el fiscal general del Estado, Roger Mariaca, este recibió el respaldo del vicepresidente Edmand Lara y de la Central Obrera Boliviana (COB). La medida generó reacciones en Bolivia y abrió un nuevo escenario político en torno a la máxima autoridad del Ministerio Público.

El lunes, Estados Unidos publicó una lista con 13 nombres de ciudadanos bolivianos, a quienes les impuso “restricciones en materia de visados y a sus familias” porque socavan a un gobierno “democráticamente electo” por sus vínculos con actividades de corrupción y narcotráfico, mismo que se constituye en una “amenaza para la seguridad del Estado”.

Uno de los sectores que se pronunció fue la COB. La entidad de los trabajadores expresó su respaldo a Mariaca, bajo el argumento de que es una defensa de la soberanía del país, la independencia y el respeto a la Constitución Política del Estado.

“Expresamos nuestro respaldo institucional al Fiscal General del Estado, Dr. Roger Mariaca Montenegro, en el ejercicio de las funciones que le asignan la Constitución y las leyes, destacando la importancia de que el Ministerio Público actúe con independencia, imparcialidad y dentro del marco jurídico vigente”, dice un pronunciamiento emitido por la COB.

El ente pidió que los “asuntos internos de Bolivia” sean resueltos por las autoridades e instituciones bolivianas “con pleno respeto a la soberanía nacional y al principio de no intervención”.

En tanto, el vicepresidente Edmand Lara, mediante un comunicado público, sostuvo que una autoridad boliviana no puede ser apartada o condenada únicamente por haber sido incluida en una lista de un gobierno extranjero.

“Nuestra posición institucional es clara: no podemos condenar ni apartar a una autoridad boliviana simplemente porque un gobierno extranjero la incluya en una lista. Una lista no es una sentencia y una acusación no sustituye a las pruebas”, afirmó Lara.

Agregó que, si existen pruebas contra el fiscal del Estado, deben presentarse e investigarse “conforme a la ley. No defendemos a personas, defendemos el debido proceso y la institucionalidad”.

En tanto, el fiscal departamental de Santa Cruz, Alberto Zeballos, salió públicamente en defensa de Mariaca. Aseguró que el Ministerio Público se mantiene unido y rechazó cualquier intento de injerencia, tanto interna como externa, en las investigaciones que desarrolla la institución.

Lee también: Lara defiende el debido proceso tras sanción de EEUU contra Mariaca y pide investigar “a todos”

“No vamos a permitir injerencias o, en todo caso, influencias políticas sean internas o sean externas. La labor del Ministerio Público va a continuar, estamos unidos y por ende fortalecidos para poder realizar nuestra labor investigativa”, afirmó el fiscal departamental.

Además, dijo que el Ministerio Público cuenta con soberanía y que ese aspecto será “respetada” y que la traducirán “en que nuestro señor Fiscal General del Estado al igual que el suscrito Fiscal Departamental estamos más unidos que nunca”.

En tanto, los diputados de APB-Súmate, Antonio Montaño, y de Unidad, Anais Merlín Guzmán, indicaron que Bolivia cuenta con soberanía y que cualquier hecho denunciado debe ser investigado por las instituciones encargadas del país.

“Cualquier hecho que correspondan a la jurisdicción boliviana, debe ser resuelta por nuestras instituciones y conforme a nuestras leyes. Si Estados Unidos tiene pruebas concretas, que las presente. Cuáles son los hechos concretos por los que se están investigando y respetando nuestra institucionalidad. No se puede actuar sobre la base de un comunicado”, expresó Guzmán.

Otra autoridad que argumentó soberanía institucional es el gobernador cruceño, Juan Pablo Velasco. Este afirmó que “el país es soberano” y que tiene “la capacidad de poder definir la justicia. Es muy pronto para dar una opinión, no estamos en ninguno de los dos lados, solo pedimos que haya independencia de poderes y que no debe haber injerencia de ningún lado ni injerencia internacional”.",https://www.vision360.bo/noticias/2026/09/30/70218-mariaca-suma-respaldos-tras-la-decision-de-eeuu-de-restringirle-la-visa
Visión 360,2026-09-30,•Política,Paz se fija hasta 4 años para acabar con el centralismo: “Debe ser ordenado para que perdure”,"En un acto con la presencia de gobernadores, el presidente Rodrigo Paz se fijó un plazo de hasta cuatro años para acabar con el “gobierno central” y justificó el margen de tiempo en la necesidad de que el proceso sea ordenado, para que funcione y perdure la nueva organización estatal.

Actualmente, el proceso contempla reuniones con gobernadores y alcaldes para establecer la ruta crítica hacia la profundización de las autonomías, en la que los departamentos y las alcaldías cobrarán protagonismo en el desarrollo de sus respectivas jurisdicciones territoriales.

“La idea es que en estos 3 a 4 años que vienen se culmine con el gobierno central, pero de forma ordenada, porque de forma desordenada, saben ustedes, tarde o temprano el sistema no dura. Tienes que consolidar un sistema que perdure en el tiempo”, aseguró.

Lee también: Paz anuncia el fin del centralismo y el inicio de las autonomías, en las que el desarrollo de las regiones tendrá preponderancia

El plazo difiere de la posición de los gobernadores que, por ejemplo, exigen que la redistribución de los recursos —como parte del proceso para acabar con el centralismo bajo la fórmula 50-50— empiece con el Presupuesto General del Estado 2027 y el Impuesto a las Transacciones (IT).

Paz planteó el plazo en el acto de promulgación de la ley que liberó a las gobernaciones de pagar más de Bs 209 millones en prediarios a privados de libertad, el bono de vacunación y otros ítems que fueron restituidos al Gobierno central.

Hacia este proceso, que tiene un plazo de cuatro años, propuso avanzar hacia un pacto fiscal y un ordenamiento de la administración departamental, que será apoyado por el Banco Interamericano de Desarrollo (BID) en áreas como recursos humanos y económicos.

Lee también: 50/50: Gobierno debe gestionar ley de coparticipación, ampliar el dominio tributario y profundizar las autonomías a favor de las gobernaciones

“Espero que de aquí a unos años realmente sean las asambleas departamentales las que rijan la vida de los departamentos y el Parlamento Nacional sea una suerte de coordinación de ejes de políticas nacionales”, afirmó.

También anunció, como parte de este proceso, la reforma de la Ley de Autonomías, vigente desde julio de 2010 y que, en criterio del mandatario, se convirtió más en un obstáculo que en un facilitador de la profundización autonómica.

Sin embargo, insistió en que “el 50-50 es irreversible, como creo yo que en el futuro el federalismo va a ser irreversible en Bolivia; pero por algo hay que empezar, por algo hay que empezar”, manifestó.",https://www.vision360.bo/noticias/2026/09/30/70215-paz-se-fija-hasta-4-anos-para-acabar-con-el-centralismo-debe-ser-ordenado-para-que-perdure
Visión 360,2026-09-30,•Política,Nilton Condori dice que le dio un “abrazo de solidaridad étnica” a Evo y cree que es imposible aprehenderlo,"El senador suplente Nilton Condori, suspendido de la Asamblea Legislativa Plurinacional (ALP), pasó de criticar y pedir la aprehensión del expresidente Evo Morales a abrazarlo el pasado sábado. El acto ocurrió en Lauca Ñ, Cochabamba, durante un ampliado de la plataforma “Evo Pueblo”. El legislador aseveró que el abrazo que le dio a Morales fue en son de “solidaridad étnica” y remarcó que no cambió de posición sobre su pedido de captura, pero indicó que será imposible ejecutar ese mandamiento.

En entrevista con Visión 360 , Condori manifestó que acudió a Lauca Ñ el sábado con la intención de presentar su “modelo político” del “Partido Popular del Pueblo”. Agregó que no cambió de postura sobre la aprehensión contra Morales.

“Mi respuesta es sencilla como de cualquier legislador: si Evo tiene mandamientos de aprehensión, que ejecuten. ¿Por qué me tendrían que preguntar a mí? Yo siempre decía, si tiene mandamientos de aprehensión, que lo aprenda la justicia, que se encargue la justicia. La Policía debe aprehenderlo, pero no creo que aprendan al Evo, es difícil. Yo fui a ver fácticamente, el Evo tiene anillos de seguridad más de 5.000 personas. O sea, para aprender al Evo tendría que haber genocidio, un río de sangre tendría que pasar”, señaló Condori a este medio.

El sábado se llevó adelante el ampliado de la plataforma política Evo Pueblo en la localidad de Lauca Ñ, Cochabamba, donde participaron diferentes sectores. También estuvo presente Condori, a quien se lo vio abrazar a Morales frente a varios de sus seguidores.

Respecto a ese gesto, Condori señaló que fue un abrazo de “solidaridad étnica”, uno de “solidaridad” con Morales porque está “tratando de salvar a Bolivia” de los ladrones políticos. “(Fue) un abrazo de solidaridad étnica. O sea, yo me solidarizo no por lo que está confinado, sino yo me solidarizo de que él está luchando para salvar Bolivia, yo también estoy luchando para salvar Bolivia de los ladrones políticos. Entonces hay una solidaridad étnica para impulsar un proyecto político”, sostuvo Condori.

Declaró que lo que él busca es una transformación mediante el pueblo. Por ello, su idea es fundar un nuevo partido político que vendría a denominarse “Partido Movimiento Popular del Pueblo”, con el que busca “una tercera revolución”, que implica “prácticamente desmontar esta estructura de ladronería, de la corrupción, y montar con otra estructura revolucionaria”.

El legislador suspendido manifestó que su visita a Lauca Ñ no representa que él apoye a Evo Pueblo, sino que llegó a esa localidad para presentar su idea de encarar “una tercera revolución desde las bases”. Afirmó que no busca una base en el evismo, sino construir una desde abajo.

Lee también: La pugna escala: Paz tilda a Evo de pedófilo y le recuerda su papel en La Haya; Morales le dice “niño mimado y sumiso” a EEUU

“No necesito ningún tipo de andamios. Aquí es dar un nuevo horizonte al pueblo. Es decir, yo tengo que impulsar a que el pueblo se sume a este proyecto político. Entonces, eso significa, en términos sociológicos, capital político, yo quiero conseguir capital político. Andrónico dependió de Evo, pero yo no quiero depender de nadie. Si me va bien, si consigo a que crean, a que tengan creencia a este modelo político, bien. Si me va mal, bien también. O sea, la política no es una tendencia absoluta. La política es una tendencia de verdad”, indicó Condori a este medio.

Condori fue suspendido el pasado 12 de agosto por el lapso de ocho meses, sin goce de haberes. Estará fuera de la ALP hasta abril de 2027.

“No puedo volver a la asamblea, no puedo volver a ser profesor porque me han suspendido, dicen. No puedo generar economía. Por eso estoy en esto de la economía informal. He estado en La Asunta. He generado creo que 3.000 bolivianos y eso me está amortiguando. Este fin de semana estaré en Palos Blancos, igual vendiendo, no soy experto, pero se gana algo. Me falta más práctica”, señaló.",https://www.vision360.bo/noticias/2026/09/30/70194-nilton-condori-dice-que-le-dio-un-abrazo-de-solidaridad-etnica-a-evo-y-cree-que-es-imposible-aprehenderlo
Visión 360,2026-09-30,•Economía,Cámara Forestal denuncia que Ministerio de Salud de Chile ordenó incinerar madera boliviana incautada,"La Cámara Forestal de Bolivia denunció hoy que el Ministerio de Salud de Chile ordenó incinerar la madera incautada por denuncias de que estaba impregnada con cocaína, que debía resguardarse al constituirse en prueba en un juicio en ese país; a la fecha, ya se quemaron seis contenedores de los 45 que fueron incautados en el mes de junio.

El presidente de la Cámara Forestal de Bolivia, Pedro Colanzi, informó sobre la decisión asumida, a la cual calificó como funesta para el sector y para la hermandad de Bolivia con el vecino país, cuando restan unas semanas para la llegada del presidente José Antonio Kast.

“Los hemos reunido ahora para darles una terrible noticia y un funesta para el sector exportador de Bolivia el Ministerio de Salud Pública de Chile, la directora ha dado órdenes de incinerar toda la madera que había retenida en Arica”, precisó en conferencia de prensa.

De acuerdo con el reporte de El Deber, seis contenedores de madera, de los 45 que fueron incautados el 8 de junio del presente año, fueron incinerados entre el 3 y el 11 de septiembre; el quemado el 3 de septiembre fue utilizado como prueba de que la madera exportada por 23 empresas estaba impregnada con cocaína.

Según la Fiscalía de Arica, las 1.080 toneladas que eran exportadas por empresas bolivianas tenían impregnadas de cocaína y, de acuerdo con los cálculos realizados, contenían 108 toneladas de droga.

Dijo que la orden fue dada en contra de una orden expresa del Fiscal de Arica, que decía que la madera tenía que resguardarse hasta que todos los informes y las pruebas radiquen en el juicio que debía iniciarse por esta causa.

“Como decimos acá en el pueblo, muerto el perro, se acabó la rabia. Están quemando la evidencia que liberaba al sector forestal de este caso, de esta indultación, que de momento venimos diciendo que era falsa totalmente, tirada de los pelos, porque ya se ha presentado mucha prueba que esto fue usado, fue manipulado por la fiscalía de Chile”, afirmó.

Colanzi sostuvo que los fiscales usaron una pericia donde nunca dijeron que había contaminación en la madera. Han pasado más de cuatro meses, hasta ahora vemos un gramo de droga, no vemos ni de ninguna sustancia ilícita. Han pasado cuatro meses y no han demostrado cómo se introdujo la sustancia ilícita en la madera y, peor, cómo se la puede extraer de la madera, cuestionó.

Lee también: Exportadores revelan que Fiscalía de Chile utilizó IA para identificar productos que podrían estar contaminados con droga

Se refirió a la contratación de las empresas a dos expertos, exagentes de la DEA, uno de ellos jefe de laboratorio internacional de esa institución, el otro investigador en jefe, que ha sido tanto jefe de la DEA en Bolivia, en Chile, en Colombia, que en su informe sostiene que el Instituto de Salud de Chile no tiene la capacidad para analizar estas pruebas y estos narcóticos.

Otro factor mencionado por Colanzi fue que las pruebas no muestran impregnación. Esto, sumado a informes de distintos institutos del mundo, de Europa, donde dicen que es imposible la impregnación en madera dura.

¿Qué dicen estos análisis?, sostuvo, dicen que hay trazas, trazas de alguna sustancia ilícita, tanto como cocaína, paracetamol, cafeína y otras sustancias, que tienen miles de explicaciones lógicas de cómo pueden haber llegado ahí, sostuvo.

“Pero de ninguna manera ha sido con una organización criminal exportando 108 mil kilogramos de droga y no se ha mostrado medio gramo de droga. Ahora, esta decisión que ha tomado la institucionalidad, el Poder Judicial de Chile, marca un precedente funesto para las exportaciones, para el sector productivo y para la hermandad de nuevos países”, aseguró.

Advirtió que, en esa ocasión, ha sido afectado el sector forestal, también podía ser afectado el sector soyero, el sector de minerales, el de carne o cualquier otro sector que exporta los puertos de Arica y que, si tiene que ser sometido por alguna controversia, llegar a los tribunales chilenos, sabemos que la noticia no es imparcial.

Lee también: Exportadores revelan que Fiscalía de Chile utilizó IA para identificar productos que podrían estar contaminados con droga

“Yo creo que no vale la razón en Chile, no vale la evidencia científica y tratar de tapar un error tan grande, porque este ha sido un error monumental en la justicia de Chile, pero en un sector que no ha afectado directamente, no solamente a 23 empresas, ha afectado a todo un sector. Ahora los números son tangibles, no solamente son entre $us 10 y 15 millones que han perdido estas empresas, que es el esfuerzo de toda su vida”, remarcó.

Dijo que, para alguna de las empresas afectadas, lo sucedido en Chile significa la quiebra. Hemos perdido hasta el momento 20.000, se ha perdido 35 millones de dólares, está dejando de producir el sector forestal en Bolivia, sumado a un costo reputacional que no tiene precio, lamentó.

Advirtió que, a partir de lo que ocurrió en Chile, el presidente del Estado y las instituciones chilenas, “van a marcar un camino muy conflictivo en un nuevo comienzo que se quería hacer entre las relaciones comerciales de estos dos países”.

Colanzi mencionó que se hablaba de un nuevo comienzo de confianza en la institucionalidad, tanto en Bolivia como en Chile, pero por el precedente de ahora, la instrucción para la quema de la madera, cuando una Comisión de Senadores se encuentra en el vecino país, investigando el caso, en alusión a la visita del presidente de ese país, José Antonio Kast, programada para el 15 de octubre.

“Los senadores que el Estado boliviano ha enviado para investigar esta causa, delante de ellos se ha procedido a quemar la madera. Se ha quemado el esfuerzo de miles de trabajadores del sector forestal en Bolivia”, dijo.

Para Colanzi, lo que se está quemando es el esfuerzo de miles y miles de trabajadores bolivianos. “Se está quemando la reputación de un sector que se ha construido en más de 50 años. Estaba en el puerto de Arica, estaba la Comisión del Senado que investiga el tema de las maderas. “Ellos son testigos de este abuso al que ha sido sometida esta empresa, bueno, nosotros”, dijo.

La comisión multipartidaria viajó al vecino país con el objetivo de exigir pruebas de las acusaciones realizadas, que afectan a las empresas exportadoras, después de que surgieron informaciones sobre los errores cometidos en la investigación.

El gerente general de la Cámara de Exportadores de Santa Cruz (CADEX), Martín Salces, por su parte, exigió que el Gobierno nacional tome las acciones para frenar este abuso contra el sector exportador.

“Se está destruyendo y está resolviendo principios legales en Chile. Establece que las pruebas, mientras estén en controversia, no se pueden destruir. Entonces, me parece que esto es una afrenta”, afirmó.

Exigió al Gobierno boliviano que tome acciones decididas para frenar este abuso. Que, a todas luces, no solamente está perjudicando a un sector. El día de mañana puede haberse afectado otros sectores, el sector alimento, el sector forestal, cualquier otro sector, advirtió.

“Se ha quemado una prueba que estaba en controversia. Eso cualquier estudiante de derecho puede decir que no puede hacerse, mientras esté todavía en duda. Nosotros hemos presentado sobreabundantes pruebas de que esa carga no estaba contaminada”, afirmó.",https://www.vision360.bo/noticias/2026/09/30/70272-camara-forestal-denuncia-que-ministerio-de-salud-de-chile-ordeno-incinerar-madera-boliviana-incautada
Visión 360,2026-09-30,•Economía,"Tres jóvenes mineros pierden la vida en hundimiento de mina en el Cerro Rico de Potosí; dos resultan heridos, uno sufrió un TEC","Tres jóvenes mineros, de 22, 24 y 26 años, perdieron la vida ayer en un hundimiento de la mina 9 de Abril, Sección Boca Mejora, ubicada en el Cerro Rico, debido al hundimiento de la plataforma que habría cedido en una dimensión de 100 metros, informó hoy el comandante departamental de Policía, Franklin Villazón.

Otros dos trabajadores resultaron heridos, uno de ellos de 22 años, quien ya fue sometido a una cirugía en la Caja Nacional de Salud; el otro, de 24 años, será intervenido en las próximas horas y sufre de un Trauma Cráneo Encefálico (TEC).

Con estas tres pérdidas, la cantidad de muertos en las minas de Potosí se eleva a 118, 106 varones y 12 mujeres, en los nueve meses de 2026.

De acuerdo con el informe oficial, el siniestro se registró el pasado martes, al promediar la medianoche. La familia minera se encuentra de luto debido a que este accidente cobró la vida de nuestros mineros potosinos, manifestó, a tiempo de expresar su solidaridad con las familias de los fallecidos.

“Al promediar las 00:00 del día de ayer, se ha se ha conocido acerca de un hundimiento en la mina 9 de Abril Sección Boca Mejora, como producto de ese hundimiento la plataforma habría cedido en una dimensión aproximada de 100 metros”, explicó el jefe policial a Satel Televisión.

Dijo que, como resultado, existen al momento tres personas fallecidas y dos personas que se encuentran internadas en la Caja Nacional de Seguridad Social de la ciudad de Potosí. “Las personas fallecidas responden al nombre de Alex Mostajo Yucra, de 24 años de edad; Limbert Manrique Taboada, de 24 años de edad, y Desiderio Saavedra Suyo, de 26 años de edad”, precisó.

Lee también: Estudio establece que la contaminación con mercurio en pueblos indígenas se debe al consumo de peces carnívoros

Las personas heridas responden al nombre de Alexander Conde Ibáñez, de 22 años de edad, que se ha sometido a cirugía, ya que se encuentra policontuso; y Ernesto Dorado Zárate, de 26 años de edad, quien también tendrá que ser sometido a cirugía en las próximas horas, ya que tiene trauma craneoencefálico, informó Villazón.

Sostuvo que el Comando Departamental de Policía de Potosí, a través de la Dirección Departamental de Bomberos y su Brigada de Rescate, ha realizado acciones coordinadas durante altas horas de la noche hasta la madrugada para poder rescatar los tres cuerpos.

Al momento, continúa el personal de Bomberos en inmediaciones de la mina referenciada, ya que no se descarta que podría haber más personas enterradas en los escombros. Sin embargo, las informaciones que brindan los dirigentes hacen mención de que podrían ser solamente estas cinco personas, tres fallecidas y dos heridas.

El personal de la Dirección Departamental de Bomberos Caracoles acudió al lugar tras recibir la alerta de personas desaparecidas al interior de la mina. Los rescatistas de la brigada BERSA no pudieron ingresar a la bocamina debido a la falta de condiciones de seguridad y a la ausencia de responsables de la cooperativa que permitieran coordinar el operativo, según SABCO Visión Potosí.

Minutos después, los propios cooperativistas lograron recuperar tres cuerpos del interior de la mina. Los bomberos verificaron que los tres mineros no presentaban signos vitales; los cuerpos fueron trasladados en vehículos particulares hasta la sede de la Cooperativa Minera 9 de Abril, mientras que los familiares se retiraron del lugar.

El operativo de Bomberos concluyó aproximadamente a las 2:40 de la madrugada. Hasta el momento, las víctimas permanecen como personas no identificadas y se espera el informe oficial de las autoridades para establecer las circunstancias exactas del derrumbe.",https://www.vision360.bo/noticias/2026/09/30/70242-tres-jovenes-mineros-pierden-la-vida-en-hundimiento-de-mina-en-el-cerro-rico-de-potosi-dos-resultan-heridos-uno-sufrio-un-tec
Visión 360,2026-09-30,•Economía,"Gobierno mantendrá el GLP a Bs 22,50: “No se va a tocar, sí va a existir un subsidio”","El Presupuesto General del Estado 2027 empieza a construirse con la mirada puesta en un déficit —la diferencia entre los ingresos y los gastos— no mayor al 6%. Se espera que ya no figure la subvención a la gasolina, pero no se prevé tocar el precio del Gas Licuado de Petróleo (GLP), informó el viceministro del Tesoro, Oscar Navarro.

“Para el siguiente presupuesto, esperamos que no exista subvención [a los carburantes] porque es un proceso totalmente regresivo para la población”, afirmó, y añadió que el “GLP (que usan las amas de casa) no se va a tocar, sí va a existir un subsidio; se va a tratar de focalizar esos subsidios”, aunque no dio mayores detalles sobre el mecanismo de focalización.

El 18 de septiembre, mediante el Decreto 5716, fue eliminada la subvención al diésel y se fijó un precio de Bs 17,95, que irá ajustándose en función de la cotización internacional del crudo. Este miércoles, otro decreto, el 5729, liberó la importación y comercialización de la gasolina de aviación Grado 100 a precio internacional.

Por el momento, permanece la subvención a la gasolina, con un precio de Bs 6,96, establecido en enero, cuando se levantaron los subsidios a los carburantes.

Lee también: Expresidente del Concejo dice que ejes acordados entre el Gobierno y alcaldías deben convertirse en “obligaciones, instrumentos y resultados”

Navarro espera que el presupuesto de 2027 ya no contemple los recursos destinados a la subvención que mantuvieron los gobiernos del Movimiento Al Socialismo (MAS) y que representaron, en su pico, una carga para el Estado que superó los 3.000 millones de dólares.

Actualmente, solo la gasolina y el GLP están subvencionados. En el acuerdo que firmó el Gobierno con el Fondo Monetario Internacional (FMI), se compromete a acabar con la subvención en 2027 e implementar otras medidas de ajuste para enfrentar la crisis económica.

El precio del GLP se mantiene en Bs 22,50 y no fue tocado en el primer retiro de la subvención de enero pasado.",https://www.vision360.bo/noticias/2026/09/30/70230-gobierno-mantendra-el-glp-a-bs-22_50-no-se-va-a-tocar-si-va-a-existir-un-subsidio
Visión 360,2026-09-30,•Economía,Gobernadores logran abrir el debate para la transferencia del 15% de coparticipación tributaria,"En la reunión con el presidente Rodrigo Paz, los gobernadores lograron un acuerdo para empezar a discutir la transferencia del 15% de la coparticipación tributaria y el inicio de mesas técnicas para avanzar en este y otros dos temas pactados rumbo a la agenda 50-50.

Es una de las demandas centrales con las que llegaron siete de los nueve gobernadores a la reunión en la sede de Gobierno. De hecho, el gobernador de Santa Cruz, Juan Pablo Velasco, aseguró minutos antes de la cita que los gobernadores no aceptarían una coparticipación inferior al 15%.

Tras el encuentro en el viejo Palacio Quemado, la gobernadora de Pando, Gabriela de Paiva, informó, junto al resto de sus colegas, sobre los acuerdos alcanzados.

Lee también: Paz se fija hasta 4 años para acabar con el centralismo: “Debe ser ordenado para que perdure”

“Quedamos en pelear y desde el día 5 [de octubre] tendremos las mesas técnicas nuevamente en la ciudad de La Paz: La transferencia del 15% de la coparticipación tributaria sobre los impuestos establecidos en las disposiciones transitorias tercera y cuarta de la Ley número 031 [de Autonomías]”, precisó.

Parte de la disposición tercera hace referencia a la coparticipación del Impuesto al Valor Agregado (IVA), del Régimen Complementario al Impuesto al Valor Agregado (RC-IVA), del Impuesto sobre las Utilidades de las Empresas (IUE), del Impuesto a las Transacciones (IT), del Impuesto a los Consumos Específicos (ICE), del Gravamen Aduanero (GA), del Impuesto a la Transmisión Gratuita de Bienes y del Impuesto a las Salidas al Exterior (ISE).

Otro de los acuerdos es trabajar en la “modificación de la Ley 154, de Clasificación de Impuestos y de Regulación para Creación y/o Modificación de Impuestos de Dominio de los Gobiernos Autónomos Departamentales”, aunque no se dieron mayores detalles.

El tercer punto del acuerdo tiene relación con la redacción y aprobación de una ley básica de relaciones internacionales de los gobiernos autónomos departamentales para no depender del nivel central en la gestión de recursos internacionales, consolidando así la autonomía de gestión internacional.

La reunión se dio después del acto de promulgación de la ley que liberó a las gobernaciones de pagar más de Bs 209 millones por concepto de prediarios de privados de libertad, el bono de vacunación y otros ítems que fueron restituidos al Gobierno central.

Lee también: La pugna escala: Paz tilda a Evo de pedófilo y le recuerda su papel en La Haya; Morales le dice “niño mimado y sumiso” a EEUU

Durante el acto, el presidente se trazó un plazo de hasta cuatro años para acabar con el “gobierno centralista” y planteó avanzar en un pacto fiscal para que, en el futuro próximo, las asambleas departamentales cobren un papel central en el andamiaje de las autonomías.

“El 50-50 es irreversible, como creo yo que en el futuro el federalismo va a ser irreversible en Bolivia; pero por algo hay que empezar, por algo hay que empezar”, aseguró.

Junto a De Paiva y Velasco, estuvieron los gobernadores de La Paz, Luis Revilla; de Cochabamba, Leonardo Loza; de Beni, Jesús Eguez; de Oruro, Edgar Sánchez; y de Chuquisaca, Luis Ayllón. Estuvieron ausentes los gobernadores de Tarija, María René Soruco, y de Potosí, René Joaquino.

Una próxima reunión técnica fue programada para este 5 de octubre, y otra de carácter técnico y político se fijó para el 12 de octubre en Cobija, Pando.",https://www.vision360.bo/noticias/2026/09/30/70221-gobernadores-logran-abrir-el-debate-para-la-transferencia-del-15por_ciento-de-coparticipacion-tributaria
Visión 360,2026-09-30,•Economía,Fondo de compensación y bonos del Tesoro: los alivios del Gobierno para dar liquidez a las alcaldías y permitirles cerrar 2026,"Las alcaldías están en una situación económica compleja y ven difícil llegar a fin de año, por lo que en la reunión con el presidente Rodrigo Paz los alcaldes priorizaron este tema. La respuesta en el corto plazo fue la creación de un fondo de compensación económica y la entrega de bonos soberanos para que puedan pagar deudas.

Paz se reunió el martes con alcaldes de las principales ciudades capitales, además de El Alto. De la cita participó el alcalde de Cochabamba, Manfred Reyes Villa, quien reconoció que “muy poco se avanzó en la agenda 50-50”, porque sus prioridades estuvieron en lograr liquidez que les permita cerrar la gestión 2026.

“Hay un compromiso de que en dos semanas va a haber un fondo de compensación. Estaba el ministro de Economía, que nos lo va a dar a conocer en dos semanas. Pero lo más importante, nos han hablado de darnos bonos soberanos que nos permitan negociar en la banca o con empresas” para pagar deudas, explicó en la red Unitel.

Lee también: Decreto del diésel es una condición del FMI: Paz descarta anularlo y condiciona a las alcaldías

De la reunión del martes participaron los ministros de Economía, Christian Morales, y de la Presidencia, Fernando Aramayo, entre otras autoridades. La cita formó parte del proceso que empezó la actual administración con la idea de concertar la ruta crítica hacia la redistribución de recursos económicos con la fórmula 50-50.

Si bien Reyes Villa aseguró que muy poco se avanzó, Paz destacó, por el contrario, la firma del “Acuerdo 50-50”, que contempla “más libertad y eficiencia para los municipios”; reformas normativas para eliminar las restricciones al gasto municipal; y acuerdos fiscales para avanzar hacia una distribución más equitativa de los recursos.

Para el alcalde de Cochabamba, la situación económica de las alcaldías es compleja debido a que los recursos del Impuesto Directo a los Hidrocarburos (IDH) llegaron a “su mínima expresión”, en un contexto agravado por el retiro de la subvención al diésel, que también impacta en las finanzas municipales.

Lee también: La cita entre alcaldes y el Ejecutivo debe ser un punto de inflexión para reactivar el debate del pacto fiscal, sostiene Dulon

Otro de los temas planteados fue la transferencia a las alcaldías de los recursos económicos de la Unidad de Proyectos Especiales (UPRE) —que depende del Gobierno central y destina dinero a obras en los municipios— y del Fondo Nacional de Inversión Productiva y Social (FPS).

Bolivia se encuentra en una difícil situación económica, arrastrada desde el gobierno del expresidente Luis Arce, hoy en la cárcel por denuncias de irregularidades en el Fondo Indígena cuando ejercía como ministro de Economía. Ante esta situación, Paz encara un plan de ajuste económico que tiene como factor central la eliminación de la subvención a los carburantes.

Las alcaldías y gobernaciones no son ajenas a la crisis. Este miércoles se realizará una reunión entre Paz y los gobernadores, no solo para avanzar en el 50-50, sino también para evaluar la situación económica.",https://www.vision360.bo/noticias/2026/09/30/70182-fondo-de-compensacion-y-bonos-del-tesoro-los-alivios-del-gobierno-para-dar-liquidez-a-las-alcaldias-y-permitirles-cerrar-2026
Visión 360,2026-09-30,•Economía,Gobierno avanza en la política de ajuste: libera la importación de gasolina de aviación y deja su precio al mercado,"El Gobierno del presidente Rodrigo Paz avanza en someter el precio de los carburantes a las reglas del mercado, y esta vez fue el turno de la gasolina de aviación Grado 100. Mediante el Decreto 5729, abrió la importación a los privados y su venta a precios de mercado.

“La comercialización de gasolina de aviación Grado 100, proveniente de importaciones realizadas por personas naturales o jurídicas privadas y/o por la empresa operadora de planta de suministro de combustibles de aviación, está sujeta a precios de mercado”, prevé el artículo 4 de la norma.

Mientras que, de acuerdo con el artículo 6, se deja claramente establecido que “la importación y posterior comercialización de la gasolina de aviación Grado 100 no está sujeta a subvención”.

Lee también: YPFB sube en cerca de dos bolivianos el precio del diésel importado para su venta en Bolivia

También se determina que la empresa operadora de la planta de suministro de combustibles de aviación en el aeropuerto efectuará la comercialización de este combustible al usuario y/o cliente aeronáutico, ya sea con producto importado por sí misma o adquirido al importador.

Además, se determinó un arancel del 0% y una alícuota específica del Impuesto Especial a los Hidrocarburos y sus Derivados (IEHD) para su importación hasta el 31 de diciembre de 2027.

La administración de Paz encara un proceso de retiro de la subvención a los hidrocarburos como parte de su política de ajuste económico. Hasta el momento, retiró el subsidio al diésel y lo fijó en un precio inicial de Bs 17,95, que variará en función de la cotización internacional del crudo.

Ahora, el combustible de aviación fue liberado al precio de mercado. Hasta antes del Decreto 5729, este combustible estaba fijado en Bs 10,57 el litro.",https://www.vision360.bo/noticias/2026/09/30/70155-gobierno-avanza-en-la-politica-de-ajuste-libera-la-importacion-de-gasolina-de-aviacion-y-deja-su-precio-al-mercado
Visión 360,2026-09-30,•Sociedad,Defensoría del Pueblo alerta sobre riesgos en la alimentación y salud de menores y adultos mayores en centros de acogida,"El Defensor del Pueblo, Pedro Callisaya, alertó hoy de un riesgo inminente que afecta a los derechos a la alimentación y salud de las personas en situación de vulnerabilidad que se encuentran bajo custodia del Estado, entre ellos, niños, niñas, adolescentes y personas adultas mayores, debido al alza de precios de los alimentos y de medicamentos, debido a la eliminación de la subvención del diésel, entre otras medidas asumidas por el Gobierno nacional.

Informó que se realizaron 54 verificaciones a nivel nacional: 18 a centros de acogida de niñas y adolescentes, 15 hogares de personas adultas mayores y 21 hospitales de segundo y tercer nivel, y que el resultado es preocupante.

“Queremos mandar un mensaje claro a la población, pero también a los diferentes niveles del Estado central, las gobernaciones y los municipios, para que adopten las medidas necesarias y evitar que se profundice el riesgo de alimentación a estas poblaciones”, advirtió.

Precisó que una de las causas principales para que se registre esta situación es la eliminación de la subvención al diésel, así como otras medidas que afectan en este momento a la sociedad boliviana, por lo que hay anuncios de movilizaciones.

Callisaya informó que el 67% de los centros de acogida de niñez y adolescencia refiere que hay un incremento de los precios en los alimentos que compran; el 60% de los hogares que acogen a personas adultas mayores sostiene que hay un incremento de los precios de los alimentos; el 43% de los hospitales de segundo y tercer nivel que fueron visitados también mencionan que hay un incremento de los precios, que incide directamente en la alimentación de estas poblaciones.

Lee también: Gobierno compromete mayor asignación presupuestaria y consolidar a corto plazo el 50/50 con municipios capitales

Como consecuencia de esta situación, advirtió que niñas, adolescentes, adultos mayores y personas que están en los hospitales se van a ver perjudicados si es que no se adoptan medidas para mitigar esta situación.

Dijo que el presupuesto que tienen estos centros ya no alcanza para brindar una alimentación adecuada; por eso, el 56% de estos 18 centros de acogida que hemos visto están en una situación muy alarmante.

“Si bien es cierto que en este momento el 83% tiene alimentos secos son stock para determinado tiempo y, luego de este tiempo van a tener que comprar otros alimentos, y con los nuevos precios van a entrar en falencia presupuestaria”, advirtió.

En cuanto a los alimentos frescos, hay un 17% de estos centros de acogida que ya no pueden comprar estos productos y están en una situación muy lamentable, manifestó.

Callisaya reportó que, en cuanto a los proveedores, hay problemas porque han incrementado los precios y tienen demoras en las entregas, precisamente porque no quieren entregar con los antiguos precios y hay una reducción de la cantidad de los alimentos, en un 22%, en estos centros.

Entre los centros de acogida de menores afectados están: Aldeas Infantiles de El Alto, Hogar Beni de Oruro, Hogar de Niñas de Trinidad y Centro Educativo Chete Quije de Trinidad, son los centros que han reportado estas limitaciones, precisó.

Ante esta situación, lo que está haciendo el 28% es sustituir productos por aquellos de menor calidad, el 22% está solicitando recursos y, lo peor, el 22% está pidiendo donaciones, y no podemos llegar a eso, sostuvo.

Lee también: Choferes de Sucre, Potosí, Tarija, Oruro y Santa Cruz acatarán paro dispuesto para este lunes contra el D.S. 5716

En cuanto a la situación de las personas adultas mayores, el 73% de los hogares han reportado que ya no les cubre el presupuesto para comprar la cantidad de alimentos que compraban anteriormente; esto incide en la alimentación de las personas.

El 20% de los hogares de personas adultas mayores no cuenta con reservas de alimentos secos en este momento y el 27% de los hogares de las personas indicó que no cuenta con reservas suficientes de alimentos frescos, según el resultado del estudio efectuado.

“Estamos poniendo en un alto riesgo a esta población, y por supuesto es común, el 47% ha incrementado precios y el 33% no quiere vender al mismo precio por las dificultades de entrega”, dijo.

Los afectados son: Hogar San José en Cochabamba, Asilo San José en Cochabamba, San Martín de El Alto, Hogar transitorio de El Alto, Asilo San Roque, en Potosí, Hogar de Ancianos Trinidad, indicó.

Anunció que ante esta emergencia, “el 40% de estos centros de acogida de personas adultas mayores están pidiendo donaciones y si no hay donación, que va a pasar con la alimentación”, afirmó.

Además, dijo que hay otras debilidades, debido a que el presupuesto no alcanza y no se puede realizar la compra de pañales; lo propio con la salud mental, los medicamentos psiquiátricos que no son cubiertos por el Seguro Universal de Salud (SUS), y está siendo difícil cubrir sus costos, afectando el derecho a la dignidad.

""El 52% de los 21 de los hospitales que hemos visitado a nivel nacional, señala que el presupuesto es insuficiente; 5% de estos hospitales no cuentan con reservas de suficientes de productos secos y el 9% no cuenta con reservas de alimentos frescos, y hay dificultades en las dietas especializadas para los pacientes"", dijo.

Advirtió que debido a esta situación se pueden tener resultados negativos, porque además de esas limitaciones en la alimentación, está afectando otros derechos, como el acceso a la educación y transporte, en los casos de acogida de menores y adultos mayores.",https://www.vision360.bo/noticias/2026/09/30/70266-defensoria-del-pueblo-alerta-sobre-riesgos-en-la-alimentacion-y-salud-de-menores-y-adultos-mayores-en-centros-de-acogida
Visión 360,2026-09-30,•Sociedad,Reyes Villa plantea que recursos de la UPRE pasen a las alcaldías dentro del 50/50,"El alcalde de Cochabamba, Manfred Reyes Villa, planteó que los recursos destinados a la Unidad de Proyectos Especiales (UPRE) sean transferidos a los gobiernos municipales, como parte de una nueva distribución de los recursos de coparticipación bajo el esquema 50/50.

“Estos gastos de la UPRE que hacen, vienen acá en una competencia con los alcaldes, construyen escuelas, construyen hospitales. Esas competencias son de la alcaldía, esos recursos UPRE tienen que pasar a las alcaldías”, afirmó este miércoles el alcalde, según informó Erbol.

La propuesta surgió después de una reunión de alcaldes con el presidente Rodrigo Paz, en la que se abordaron criterios para avanzar hacia una redistribución de recursos. Reyes Villa reconoció que hubo poco avance, pero sostuvo que es necesario modificar el actual esquema de distribución.

Actualmente, los gobiernos municipales reciben el 20% de los recursos de coparticipación, mientras las universidades reciben el 5% y el nivel central del Estado concentra el 75%. El alcalde propuso que el Fondo Nacional de Inversión Productiva y Social (FPS) también sea incorporado a la redistribución.

Reyes Villa señaló que las alcaldías podrían llegar a recibir entre el 28% y el 30% de los recursos, aunque aclaró que todavía no se definió un porcentaje. Según su estimación, el incremento representaría para los municipios un monto adicional de “un poco más de 200 millones, 200, 150 millones de bolivianos”.

El alcalde sostuvo que esos recursos permitirían a los gobiernos municipales atender las necesidades de la población y cuestionó que actualmente las alcaldías tengan que asumir gastos relacionados con competencias que corresponden al nivel nacional.

Entre los gastos mencionó el pago de médicos en hospitales. En ese sentido, planteó que los municipios concentren sus recursos en las competencias que les corresponden y que el Gobierno nacional asuma aquellas que son de su responsabilidad.

Lee también: Alcaldes de Bolivia se reúnen este jueves con el presidente Paz con una agenda de cinco puntos marcada por el tema económico

La UPRE fue creada durante el gobierno de Evo Morales para ejecutar programas como “Evo Cumple”, orientados a la construcción de infraestructura de impacto social.

Reyes Villa cuestionó que esa unidad ejecute proyectos que, según sostuvo, corresponden a los gobiernos municipales, como la construcción de escuelas y hospitales. También señaló que algunos proyectos se convirtieron en “elefantes blancos”.

Además de la redistribución de recursos, Reyes Villa informó que existe el compromiso de establecer en dos semanas un fondo de compensación para los municipios. Explicó que el ministro de Economía participó en la reunión con los alcaldes y será el encargado de informar sobre las características de ese fondo.

Los municipios también plantearon la posibilidad de acceder a bonos soberanos que puedan ser negociados con bancos o empresas y utilizados para determinadas obligaciones tributarias. Según Reyes Villa, esta alternativa podría contribuir al cierre de la gestión municipal.

Asimismo, los alcaldes solicitaron la devolución de un 12% del Impuesto Directo a los Hidrocarburos (IDH) que estaba destinado a fomentar la exploración, pero que, según señalaron, no cumplió con ese objetivo.

Finalmente, Reyes Villa informó que los municipios plantearon realizar una auditoría de los ingresos correspondientes a la coparticipación y participación popular, debido a que existen cálculos municipales sobre posibles faltantes de recursos.",https://www.vision360.bo/noticias/2026/09/30/70260-reyes-villa-plantea-que-recursos-de-la-upre-pasen-a-las-alcaldias-dentro-del-5050
Visión 360,2026-09-30,•Sociedad,Del conflicto al diálogo: las tareas pendientes para reconstruir la cohesión social,"Jorge Quispe, Sumando Voces

El eco de los más de 50 días de bloqueos registrados entre mayo y junio todavía se siente en las calles y en los bolsillos de las familias bolivianas. La conflictividad dejó afectaciones a la salud, la movilidad, el abastecimiento y la actividad económica, además de 22 fallecimientos documentados por la Defensoría del Pueblo en ese contexto, 19 de ellos correspondientes a terceros afectados por los bloqueos.

A las consecuencias inmediatas se suman una economía debilitada, hogares con menor capacidad para enfrentar nuevas dificultades y una población que vuelve a mirar con preocupación el aumento del costo de vida. En este escenario, el director ejecutivo de la Fundación Jubileo, Juan Carlos Núñez, y la especialista en diálogo y mediación Gabriela Ugarte analizan los efectos de la crisis y plantean la necesidad de recuperar mecanismos de diálogo, corresponsabilidad y participación para evitar que las diferencias sociales vuelvan a desembocar en escenarios de confrontación.

Una crisis que golpea a los hogares

La crisis económica y los bloqueos prolongados han dejado al descubierto la vulnerabilidad de amplios sectores de la población. Según datos de la Encuesta de Hogares 2025 del Instituto Nacional de Estadística (INE), el 44,7% de la población boliviana se encontraba en situación de pobreza por ingresos, mientras que el 16,7% estaba en pobreza extrema.

Sobre esta realidad, Núñez advierte además acerca de la fragilidad de sectores que, aun sin encontrarse por debajo de la línea de pobreza, tienen poca capacidad para enfrentar un nuevo golpe económico. Fundación Jubileo ha señalado que la clase media es vulnerable ante factores como el incremento de los precios, la pérdida del empleo o una emergencia familiar.

La presión también se refleja en el costo de vida. De acuerdo con los datos de la Encuesta de Hogares utilizados por Núñez, los ingresos necesarios para cubrir las necesidades básicas varían entre las áreas urbana y rural. En ambos casos, el aumento de los precios reduce el margen que tienen las familias para destinar recursos a salud, educación, transporte y otras necesidades.

A este escenario se suma la situación laboral de los jóvenes. Ugarte advierte sobre las dificultades que enfrenta este grupo y llama la atención sobre la necesidad de incorporar a las nuevas generaciones en las decisiones que definirán el futuro del país.

Un dato muestra una de las dimensiones de este fenómeno. Durante el primer semestre de 2026, el Servicio Nacional de Migraciones de Chile otorgó 84.717 permisos laborales a ciudadanos bolivianos, que representaron cerca del 70% de los 121.977 permisos concedidos a extranjeros en ese periodo. La cifra no permite atribuir por sí sola las razones de esa migración laboral, pero sí muestra la magnitud de la movilidad de trabajadores bolivianos hacia ese país.

Para Núñez, las consecuencias de la crisis tampoco pueden medirse únicamente en puestos de trabajo perdidos. “No solamente se han perdido 200.000 empleos, como dice el Gobierno, sino que hemos tenido la quiebra de muchos emprendimientos pequeños y de economías familiares”, sostiene.

Proteger la producción y repartir responsabilidades

Ante un escenario marcado por el encarecimiento de la vida, la eliminación de la subvención al diésel, la incertidumbre económica y la prolongación de las tensiones sociales, Núñez plantea fortalecer la capacidad productiva local.

Su preocupación apunta especialmente a los pequeños productores que deben competir con productos importados o ingresados al país de manera ilegal. Como ejemplo, menciona el caso de la papa producida en el occidente, que llega a los mercados paceños y alteños y puede encontrarse con producto peruano o chileno a menor precio.

“La única manera de parar la inflación, superar de alguna manera la crisis y la pobreza es con la capacidad productiva que podamos tener”, sostiene.

El planteamiento coloca la discusión económica en una dimensión que también tiene efectos sociales: garantizar condiciones para producir, acceder a mercados y generar ingresos puede contribuir a reducir la vulnerabilidad de las familias y, al mismo tiempo, disminuir las presiones que alimentan nuevos conflictos.

Núñez incorpora además la corresponsabilidad ciudadana como parte de la respuesta. “La crisis hay que enfrentarla con corresponsabilidad y no solo hablando del gobierno o las dirigencias sociales, sino de la ciudadanía en su conjunto”, afirma.

Del diálogo improvisado a un proceso con método

Para Ugarte, quien además es coordinadora del programa FPP de la Red UNITAS, evitar una nueva escalada requiere entender el diálogo como un proceso y no como una reunión convocada cuando la confrontación ya alcanzó su punto máximo.

En las etapas previas o durante una crisis, cuando la comunicación se rompe y aumenta la tensión, propone trabajar sobre lo que denomina las “4C”: convicción, conexión, condiciones y capacitación.

“El diálogo es un proceso que involucra una metodología, que involucra una estructura, que demanda un proceso que tiene cuatro momentos claves”, explica Ugarte.

La idea supone que la construcción de acuerdos necesita preparación, condiciones mínimas de confianza y participantes con capacidades para sostener la conversación incluso cuando existen posiciones enfrentadas.

La metodología también contempla escenarios posteriores a hechos de violencia. En esos casos, Ugarte plantea trabajar sobre las “3R”: reconciliación, reconstrucción de las relaciones y renovación de la cohesión social.

“Si es que se han dado esos niveles de violencia, el diálogo sirve precisamente para cumplir con las tres áreas que involucran la reconciliación, que involucra la reconstrucción de las relaciones y también involucra renovar la cohesión social”, señala.

Pensar más allá de la crisis

Para la experta, recuperar la confianza requiere previsibilidad y señales concretas de voluntad de diálogo. Pero también implica incorporar una dimensión que suele quedar relegada cuando las decisiones se concentran en resolver la urgencia: el futuro.

“Es fundamental que podamos tener la variable del futuro en la mesa del diálogo. Porque si decidimos sobre temas coyunturales del aquí y el ahora, es probable que tengamos resultados, pero a corto plazo”, explica.

Incorporar esa mirada supone también escuchar a quienes tendrán que vivir con las consecuencias de las decisiones actuales, particularmente las nuevas generaciones.

El planteamiento adquiere relevancia en un país donde la crisis económica, el empleo, la migración y el acceso a oportunidades están modificando las expectativas de miles de jóvenes.

¿Quiénes deben sentarse a la mesa?

Otro elemento central es quiénes participan en los procesos de diálogo. Para Ugarte, una negociación no puede limitarse a quienes protagonizan directamente una disputa, porque las decisiones que se adopten también pueden afectar a terceros.

“No podemos imaginar un diálogo solamente entre los demandantes y demandados, sino los secundarios, quienes tienen la afectación de las cosas que se vayan a resolver en esa mesa de diálogo y cómo les va a afectar en su vida”, sostiene.

La inclusión, en ese sentido, no se limita a ampliar el número de participantes. También implica reconocer las diferencias de poder existentes entre los actores y generar condiciones para que esas asimetrías no impidan una conversación efectiva.

En ese espacio pueden intervenir terceros que gocen de la confianza de las partes y que no formen parte directa de la disputa. Ugarte menciona, entre otros, a instituciones de la Iglesia y la academia, cuya participación puede contribuir a facilitar procesos de mediación.

La experiencia reciente muestra que la necesidad de diálogo no aparece solamente al final de una crisis. Durante los bloqueos de mayo y junio, la propia Defensoría del Pueblo realizó 30 acciones de prevención, gestión y facilitación del diálogo, además de promover llamados conjuntos con la Iglesia Católica y organizaciones de la sociedad civil.

Después del conflicto, reconstruir la confianza

Los más de 50 días de bloqueos dejaron una huella que no se reduce a las pérdidas económicas. La Defensoría documentó afectaciones a derechos como la vida, la salud, la libertad de circulación y la integridad física, además de situaciones que afectaron a personas que no eran parte de la disputa.

Por eso, el desafío posterior a una crisis no consiste únicamente en recuperar la actividad económica o restablecer el tránsito. También supone reconstruir relaciones deterioradas, recuperar confianza en las instituciones y generar condiciones para que las diferencias puedan procesarse mediante mecanismos democráticos.

Núñez considera que la responsabilidad alcanza a la clase política y a los gobernantes, especialmente en materia de transparencia y respuesta institucional. Pero su planteamiento también incorpora a las organizaciones sociales y a la ciudadanía.

Ese enfoque de corresponsabilidad permite mirar la crisis desde una perspectiva más amplia: el Estado tiene obligaciones frente a los derechos de la población; las organizaciones tienen responsabilidades en el ejercicio de la protesta y la defensa de sus demandas; y la sociedad necesita espacios donde las diferencias puedan ser procesadas sin que quienes no participan directamente de una disputa terminen pagando sus mayores costos.

La experiencia de mayo y junio deja así una pregunta que trasciende aquella coyuntura: cómo construir mecanismos capaces de anticipar los conflictos antes de que lleguen a las calles, cómo garantizar los derechos de quienes protestan y de quienes resultan afectados por las medidas de presión, y cómo recuperar la confianza cuando la confrontación ya ha dejado heridas.

El diálogo, en esa perspectiva, no es solamente una salida para cuando el conflicto estalla. Es también una herramienta de prevención, participación democrática y reconstrucción de la convivencia.

La democracia no elimina las diferencias. Su desafío es ofrecer caminos para procesarlas sin que esas diferencias terminen convirtiéndose en una fractura social.",https://www.vision360.bo/noticias/2026/09/30/70257-del-conflicto-al-dialogo-las-tareas-pendientes-para-reconstruir-la-cohesion-social
Visión 360,2026-09-30,•Sociedad,"Expresidente del Concejo dice que ejes acordados entre el Gobierno y alcaldías deben convertirse en “obligaciones, instrumentos y resultados”","El martes, el Gobierno central y las alcaldías de las ciudades capitales, además de la de El Alto, firmaron el Acuerdo 002/2026, denominado Agenda 50/50, que contiene tres ejes: “libertades y eficiencia autonómica”, “reformas normativas” y “acuerdos fiscales y financiamiento”. Para el analista y expresidente del Concejo Municipal paceño, Jorge Dulon, los ejes deben convertirse en “obligaciones, instrumentos y resultados”. Añadió que existe un riesgo que estaría en el segundo punto acordado.

“Los tres ejes son técnicamente pertinentes; lo que todavía falta es convertirlos en obligaciones, instrumentos jurídicos, cronogramas y resultados medibles. El Acuerdo 002/2026 identifica precisamente esos tres ámbitos y plantea revisar competencias, cargas financieras, procedimientos administrativos, normativa e instrumentos de financiamiento”, señaló Dulon en contacto con Visión 360 .

Según el acuerdo, el primer eje, “Libertades y eficiencia autonómica”, establece medidas destinadas a fortalecer la capacidad de los municipios para ejercer sus competencias y prestar servicios públicos.

El segundo eje contempla las “reformas normativas” para profundizar la autonomía municipal y eliminar las restricciones que afectan la gestión local. Este punto plantea revisar la legislación que limita las competencias de los gobiernos municipales, facilitar la aprobación de las Cartas Orgánicas, evaluar mecanismos de administración tributaria municipal y promover nuevas formas de cooperación internacional. Además, se incorpora la posibilidad de impulsar inversiones y alianzas público-privadas.

Sin embargo, para Dulon, en este eje se centraría un riesgo: que el Gobierno no haya enviado una nueva propuesta normativa sobre Alianzas Público-Privadas a la Asamblea Legislativa, lo que perjudicaría las alianzas entre los gobiernos municipales y las empresas privadas.

Lee también: Gobernadores logran abrir el debate para la transferencia del 15% de coparticipación tributaria

“El principal riesgo está en el segundo eje: la reforma normativa. Un ejemplo evidente son las Alianzas Público-Privadas. El propio Gobierno había anunciado en agosto el envío posterior de un proyecto de Ley de Alianzas Público-Privadas a la Asamblea Legislativa Plurinacional. Mientras ese marco nacional no esté aprobado y reglamentado, las Entidades Territoriales Autónomas tienen dificultades para construir seguridad jurídica suficiente para desarrollar APP de alcance relevante”, señaló Dulon.

El tercer eje, referido a los acuerdos fiscales y financiamiento, plantea analizar de manera integral las fuentes de ingresos municipales, incluyendo transferencias, tributos propios, crédito y financiamiento corriente. Además, establece la necesidad de estudiar criterios para una distribución fiscal equitativa, considerando factores como población, capacidad fiscal y esfuerzo recaudatorio.

Sobre este punto, Dulon señaló que para llevarlo adelante se requiere una metodología objetiva. “El propio acuerdo plantea considerar población, capacidad fiscal, esfuerzo recaudatorio, dinamismo económico y necesidades básicas insatisfechas. Si esos criterios terminan expresándose en fórmulas, leyes y reglamentos, estaremos frente a una reforma. Si permanecen únicamente en actas y declaraciones, serán buenas intenciones”, indicó el analista.",https://www.vision360.bo/noticias/2026/09/30/70227-expresidente-del-concejo-dice-que-ejes-acordados-entre-el-gobierno-y-alcaldias-deben-convertirse-en-obligaciones-instrumentos-y-resultados
Visión 360,2026-09-30,•Sociedad,Paz promulga ley y libera a las gobernaciones de pagos por más de Bs 209 millones,"Más de Bs 209 millones fueron liberados de las obligaciones de pago de las gobernaciones, lo que representa un alivio inmediato a la difícil situación financiera departamental. Se trata de los prediarios para los reclusos y del bono de vacunación que, junto a otras responsabilidades, dejarán de pagar las gobernaciones al transferirse estas competencias al Gobierno central.

En un acto en el viejo Palacio Quemado, el presidente Rodrigo Paz promulgó la ley que restituye a la administración central competencias que se transfirieron a las gobernaciones durante el gobierno del expresidente Evo Morales, apoyadas en los ingresos que recibían provenientes, principalmente, del Impuesto Directo a los Hidrocarburos (IDH).

Lee también: Rodrigo Paz elimina la subvención al diésel y anuncia un paquete de medidas sociales

La declinación de la producción hidrocarburífera representó menores ingresos y hacía complejo el cumplimiento de asignaciones que no habían sido acompañadas con presupuesto, por lo que la ley puesta en vigencia este miércoles representa un alivio directo en las cuentas de las gobernaciones de Bolivia.

Se trata de más de Bs 209 millones de los que ahora podrán disponer las gobernaciones. “Felicitar a los gobernadores porque asumieron en una mesa de consenso [esta ruta]: no es imponiendo, es consensuando; no es amenazando, es sentándonos y diciéndole al país que entre bolivianos podemos sentarnos a la mesa, consensuar y construir un nuevo Estado”, afirmó Paz.

Los gobernadores de siete de los nueve departamentos estuvieron en el acto de promulgación de la ley, además del presidente del Senado, Diego Ávila. A partir de la vigencia de la norma, el Gobierno asumirá el pago de prediarios, del bono de vacunación y de otras responsabilidades relacionadas con el lago Titicaca, la Oficina Técnica de los Ríos Pilcomayo y Bermejo y los servicios de mejoramiento de la navegación amazónica.

Lee también: Fondo de compensación y bonos del Tesoro: los alivios del Gobierno para dar liquidez a las alcaldías y permitirles cerrar 2026

El gobernador de Santa Cruz, Juan Pablo Velasco, afirmó a nombre de sus colegas que este es un paso importante en la profundización de la autonomía y en la generación de mayor holgura en los presupuestos departamentales, sobre todo en un momento económico complejo, no solo para el Gobierno nacional, sino para el resto de los subgobiernos.

La ley se da en momentos en los que comenzó un proceso hacia la construcción de la agenda para la redistribución de los recursos públicos bajo la fórmula 50-50. Las autoridades de las gobernaciones y alcaldías exigen agilizar este trabajo y que comience ya en 2027, dentro del Presupuesto General del Estado.

“El 50-50 es irreversible, como el federalismo”, afirmó el presidente en el acto que precedió a una reunión con alcaldes de las nueve ciudades capitales, más El Alto —efectuada el martes—, y con siete de nueve gobernadores.",https://www.vision360.bo/noticias/2026/09/30/70203-paz-promulga-ley-y-libera-a-las-gobernaciones-de-pagos-por-mas-de-bs-209-millones
Visión 360,2026-09-30,•La Verde,La selección de Bolivia tendrá su segunda prueba ante la subcampeona mundial este miércoles,"Sports 360 y EFE

Tres días después de haber perdido frente a Paraguay en los Estados Unidos (2-0), la selección de Bolivia jugará este miércoles frente a Argentina, su segundo partido de preparación de la fecha FIFA de septiembre-octubre.

El cotejo se disputará desde las 20.00 (hora boliviana) en el estadio Mario Alberto Kempes de la ciudad de Córdoba y será dirigido por el colombiano Jhon Ospina.

Será el primer compromiso para la selección de Argentina, después de haber perdido la final de la Copa del Mundo 2026 frente a España (1-0) el pasado 19 de julio en el MetLife Stadium.

Después de enfrentar a la Verde, la actual subcampeona mundial jugará con Burkina Faso el sábado 3 de octubre y el domingo 6 con Benín, cotejo que marcará la despedida oficial de Lionel Messi, quien en agosto anunció su retiro definitivo de su selección.

El equipo de Lionel Scaloni incluye algunas caras nuevas respecto a la plantilla que disputó la última Copa del Mundo, algunos de los cuales podrían hacer su debut ante Bolivia.

Ambas selecciones encaran el largo camino hacia el Mundial de 2030 desde perspectivas muy distintas, ya que Argentina intentará sobreponerse al reciente anuncio del retiro de Messi tras más de 20 años vistiendo la celeste y blanca, mientras que la Verde intentará consolidar el recambio que inició su técnico Óscar Villegas hace dos años y que tiene como objetivo clasificar a la siguiente Copa del Mundo.

De cara al choque de este miércoles, una de las principales novedades del conjunto albiceleste podría ser la inclusión de Agustín Giay, lateral derecho del Palmeiras que se quedó a las puertas de una convocatoria mundialista meses atrás.

Los dos combinados finalizaron su trabajo previo el martes por la tarde. El seleccionado anfitrión lo hizo en su predio de Ezeiza y después se trasladó a Córdoba, donde fue recibido por una multitud.

Bolivia llegó a la sede del partido después de un largo viaje desde Washington, que incluyó paradas en Bogotá y Buenos Aires, y se entrenó en el predio del club Instituto de Córdoba.

Para la Verde será importante mejorar su producción respecto del choque ante Paraguay, que dejó muchas dudas en la afición y en la gente entendida en la materia; aunque el seleccionador quedó conforme con lo mostrado por su equipo.

En el primer partido del nuevo proceso, el DT de Bolivia presentó una formación con la base del equipo que jugó las eliminatorias y la repesca mundialista en marzo en México y dio pocos minutos a los jugadores que citó por primera vez.

Tras la visita a Argentina, la Selección boliviana se enfrentará al combinado de Gambia, el domingo 4 en Santa Cruz de la Sierra (18.30 horas).",https://www.vision360.bo/noticias/2026/09/30/70144-la-seleccion-de-bolivia-tendra-su-segunda-prueba-ante-la-subcampeona-mundial-este-miercoles
