sitio_noticias,fecha,seccion,titular,cuerpo,url
Éxito Noticias Bolivia,2026-08-26,MUNDO,Casi 400 personas desaparecidas tras inundaciones en Nepal,"Éxito Noticias, 26 de agosto 2026.- Las autoridades de Nepal están sin noticias de 384 turistas, 291 de ellos extranjeros, después de que una enorme inundación arrasara la región fronteriza con Tíbet y dejara al menos 55 muertos este miércoles (26.08.2026).

En imágenes compartidas por la policía nepalí puede verse un río desbordado que va barriendo a su paso varias casas en el distrito de Rasuwa. La policía también dijo que hay “varios agentes que estaban fuera de contacto”.

El número de víctimas se identificó gracias a “un registro preliminar, elaborado por agencias y recibido de empresas de turismo y viajes”, señaló la Oficina de Turismo.

Un terremoto habría causado la tragedia

La inundación golpeó Syabrubesi, el punto de partida de la popular ruta de senderismo de Langtang, así como otras zonas usadas por viajeros para la peregrinación hindú a Kailash Mansarovar.

Se sospecha que un terremoto sacudió la región y desencadenó una avalancha de hielo y roca en el río Lhende Khola, lo que provocó las inundaciones. Las autoridades advirtieron sobre la posibilidad de una segunda inundación, ya que persiste una obstrucción aguas arriba en el río, el cual atraviesa tanto Nepal como Tíbet.

Asimismo, se emitieron alertas de inundación en los estados indios de Bihar y Uttar Pradesh, limítrofes con Nepal, dado que varios ríos descienden desde el Himalaya hacia sus llanuras.

//DW",https://exitonoticias.com.bo/casi-400-personas-desaparecidas-tras-inundaciones-en-nepal/401424/
Éxito Noticias Bolivia,2026-08-26,SEGURIDAD,El Alto: clausuran dos “minicines” que funcionaban como bares clandestinos cerca de la UPEA,"Éxito Noticias, 26 de agosto 2026.- Dos establecimientos que operaban como supuestos minicines fueron intervenidos y clausurados por la Alcaldía de El Alto, tras detectar que en su interior se comercializaban y consumían bebidas alcohólicas de manera irregular.

El operativo se realizó la tarde del martes en la zona Los Andes, cerca de la Universidad Pública de El Alto (UPEA). Durante la intervención, los funcionarios encontraron a más de 80 jóvenes, entre hombres y mujeres, quienes fueron trasladados a dependencias de Conciliación Ciudadana para cumplir las sanciones establecidas.

Además, el personal municipal decomisó mobiliario y otros objetos hallados en los locales, que fueron cerrados por incumplir la normativa vigente.

La Secretaría Municipal de Seguridad Ciudadana señaló que los controles buscan prevenir actividades irregulares en sectores próximos a centros educativos y anunció que este tipo de operativos continuarán en la UPEA y otros puntos de la ciudad",https://exitonoticias.com.bo/el-alto-clausuran-dos-minicines-que-funcionaban-como-bares-clandestinos-cerca-de-la-upea/401437/
Éxito Noticias Bolivia,2026-08-26,"NACIONAL, PORTADA",Nevadas y lluvias dejan más de 121.000 familias afectadas en Bolivia,"Éxito Noticias, 26 de agosto 2026.- Las nevadas y lluvias registradas entre el 11 y el 26 de agosto provocaron afectaciones en 121.731 familias de distintos departamentos del país, además de daños considerables en cultivos y ganado, informó este miércoles el viceministro de Defensa Civil, Roberto Rivero.

Del total, 96.462 familias resultaron afectadas por las nevadas y 25.279 fueron damnificadas, según el reporte presentado por la autoridad.

Los eventos climáticos también ocasionaron daños en 93.934 hectáreas de cultivos, mientras que otras 1.289 hectáreas fueron reportadas como perdidas. En el sector pecuario, se contabilizaron 5.897 cabezas de ganado afectadas y 1.719 perdidas.

Potosí es uno de los departamentos con mayor impacto por las nevadas, aunque también se registraron daños en La Paz, Oruro, Cochabamba, Chuquisaca y Tarija. Las lluvias provocaron además inundaciones en La Paz, Potosí y Cochabamba, mientras que Potosí reportó fuertes vientos.

Frente a este panorama, Defensa Civil coordina asistencia para las familias y productores afectados, además de trabajos destinados a restablecer las vías y atender las necesidades del sector agropecuario.

“Estamos trabajando también en vías camineras, estamos trabajando en ayuda humanitaria”, señaló Rivero, quien agregó que también se gestiona la entrega de forraje y medicamentos veterinarios.

Por otra parte, los ministerios de Agricultura y Medio Ambiente analizan la implementación de un seguro para unas 70.000 hectáreas, con el propósito de respaldar a los productores afectados por los fenómenos climáticos.

En cuanto a las inundaciones, Defensa Civil reportó 11.144 familias afectadas y 2.091 damnificadas, principalmente en municipios de La Paz, Potosí y Cochabamba.

Entre las regiones afectadas se encuentra Quime, en La Paz, donde la situación habría retornado a una relativa normalidad, aunque continúa la asistencia a las familias damnificadas.

Rivero indicó finalmente que Defensa Civil aguarda las declaratorias de emergencia de los municipios para ampliar la respuesta del Gobierno y coordinar acciones y recursos con las gobernaciones.",https://exitonoticias.com.bo/nevadas-y-lluvias-dejan-mas-de-121-000-familias-afectadas-en-bolivia/401435/
Éxito Noticias Bolivia,2026-08-26,"PORTADA, SEGURIDAD",Gobierno se apersona como parte coadyuvante en investigación contra Fernando Cerimedo por legitimación de ganancias ilícitas,"Éxito Noticias, 26 de agosto 2026.- El viceministro de Transparencia, Yamil García, informó que el Ministerio Público abrió una investigación de oficio contra el ciudadano argentino Fernando Cerimedo por el presunto delito de legitimación de ganancias ilícitas y aseguró que el Gobierno se apersonó al proceso en calidad de parte coadyuvante.

La autoridad fue consultada durante una conferencia de prensa sobre las denuncias públicas que involucran a Cerimedo y a otras personas cercanas al entorno del Gobierno. García aclaró que será la Fiscalía la instancia encargada de determinar quiénes tuvieron participación en los hechos que son objeto de investigación.

“Se ha aperturado una investigación de oficio por el posible delito de legitimación de ganancias ilícitas en contra del señor Fernando Cerimedo”, señaló.

García explicó que la investigación está bajo dirección funcional de un fiscal y que corresponderá al Ministerio Público establecer, con base en los elementos colectados, si existen otras personas involucradas.

En ese marco, afirmó que el Ejecutivo asumió una posición de colaboración con la investigación y puso a disposición de la Fiscalía la información que pueda contribuir al esclarecimiento de las denuncias.

“Todo debe investigarse, todo debe esclarecerse”, manifestó el viceministro, al referirse a la instrucción del Gobierno para que las denuncias sean sometidas a una revisión.

Ante la consulta específica sobre si la investigación fiscal alcanza a la esposa del presidente Rodrigo Paz, García evitó confirmar que exista una investigación en su contra y sostuvo que será el Ministerio Público el que determine eventuales responsabilidades.

El viceministro remarcó que, por el momento, la información oficial que tiene el Gobierno establece que la investigación fue abierta contra Cerimedo.

“Será el fiscal de materia a cargo quien considerará, en todo caso, quiénes tendrían o no participación”, explicó.

Asimismo, señaló que cualquier persona que formule acusaciones contra terceros deberá presentar los elementos que respalden sus afirmaciones. En ese sentido, diferenció las denuncias públicas de las investigaciones que lleva adelante el Estado con documentación y elementos verificables.

García también indicó que el despacho presidencial instruyó realizar una revisión minuciosa de los hechos denunciados y que el Viceministerio de Transparencia continuará colaborando con las investigaciones fiscales.

La autoridad anunció además que el Gobierno establecerá una línea de comunicación periódica para informar sobre nuevos hallazgos derivados de las investigaciones y procesos que se encuentran en curso.

De acuerdo con García, el Viceministerio recibió decenas de denuncias y continuará realizando verificaciones para determinar responsabilidades, tanto de funcionarios como de particulares, cuando existan elementos que sustenten posibles delitos.

En el caso de Cerimedo, el viceministro insistió en que la investigación se encuentra bajo responsabilidad del Ministerio Público y que será esa instancia la que establezca el alcance del proceso y las eventuales responsabilidades de otras personas.",https://exitonoticias.com.bo/gobierno-se-apersona-como-parte-coadyuvante-en-investigacion-contra-fernando-cerimedo-por-legitimacion-de-ganancias-ilicitas/401432/
Éxito Noticias Bolivia,2026-08-26,"ECONOMIA, NACIONAL, PORTADA",Transparencia denuncia daño económico de Bs 870 millones en contratos para planta de biodiésel de YPFB,"Éxito Noticias, 26 de agosto 2026.- El Viceministerio de Transparencia identificó un daño económico superior a Bs 870 millones en una operación vinculada con la provisión de aceite crudo de soya para la planta de biodiésel N.º 1 de YPFB, informó este miércoles el viceministro Yamil García.

De acuerdo con la autoridad, la afectación se habría producido a partir de dos contratos adjudicados a la empresa Indueste SRL, cuyo valor conjunto alcanzó los Bs 1.057 millones. La investigación apunta principalmente a la modificación previa de las garantías exigidas para este tipo de contrataciones.

García explicó que el directorio de YPFB Refinación aprobó el 2 de abril de 2024 una modificación al reglamento de garantías que eliminó la obligación de presentar garantías de correcta inversión de anticipo y de cumplimiento de contrato para los proveedores de aceite crudo de soya.

Tres días después, el 5 de abril, se comunicó la adjudicación de los contratos a la empresa y, el 8 de abril, se suscribieron los documentos. Al día siguiente comenzaron los desembolsos de los anticipos.

“En menos de una semana, YPFB configura este esquema”, afirmó García, al señalar que se entregaron recursos millonarios sin contar con garantías suficientes que permitieran recuperar el dinero en caso de incumplimiento.

Según la explicación del viceministro, en una contratación estatal de estas características deben existir mecanismos para proteger los recursos públicos. Entre ellos se encuentra la garantía de cumplimiento de contrato, equivalente al 7% del monto, además de la garantía por el anticipo entregado.

Sin embargo, en este caso ambas garantías fueron eliminadas mediante la modificación aprobada por el directorio.

Posteriormente, cuando la empresa incumplió los contratos, YPFB acordó su terminación y aceptó como respaldo dos terrenos rurales ofrecidos por la compañía para garantizar la devolución de los recursos.

El problema surgió cuando la estatal intentó ejecutar esas propiedades. Según García, se determinó que se trataba de pequeñas propiedades agrarias que, por disposición constitucional, tenían carácter inembargable e inejecutable.

“Han concurrido una serie de hechos sistemáticamente realizados para beneficiar a una empresa”, sostuvo.

La autoridad afirmó que los más de Bs 870 millones comprometidos no retornaron al patrimonio de YPFB.

Ante estos hechos, el Viceministerio de Transparencia informó que presentó dos denuncias ante el Ministerio Público por presuntos delitos de corrupción.

Entre los denunciados se encuentran el representante legal de la empresa contratista, sus socios y funcionarios y exfuncionarios de YPFB Refinación, incluidos responsables de las áreas gerencial, comercial, jurídica y de la unidad solicitante.

Inicialmente son 14 las personas denunciadas, aunque García no descartó que la investigación sea ampliada a otros funcionarios que participaron en la elaboración de informes técnicos y legales o recomendaron la contratación sin garantías.

La autoridad señaló además que uno de los delitos denunciados es el de asociación delictuosa, debido a la presunta coordinación entre funcionarios y particulares para concretar la operación.

El caso de la planta de biodiésel forma parte de un conjunto de denuncias que el Viceministerio de Transparencia recibió durante las últimas semanas.

García informó que en aproximadamente 20 días fueron recibidas 60 denuncias relacionadas con presuntas irregularidades en YPFB y otras entidades vinculadas al sector de hidrocarburos.

“Tenemos una nueva denuncia por cada ocho horas”, afirmó.

Las denuncias incluyen presuntos casos de favorecimiento a proveedores, contrabando, desvío de combustibles y otras irregularidades. Según la autoridad, los casos involucran a funcionarios y particulares con nombres y apellidos y fueron reportados principalmente en Santa Cruz, La Paz, Chuquisaca y Beni.

El Viceministerio anunció que realizará investigaciones financieras y patrimoniales sobre los presuntos involucrados y que dará a conocer nuevos hallazgos cada dos o tres días.",https://exitonoticias.com.bo/transparencia-denuncia-dano-economico-de-bs-870-millones-en-contratos-para-planta-de-biodiesel-de-ypfb/401430/
Éxito Noticias Bolivia,2026-08-26,"NACIONAL, PORTADA",Beni: productores de Marbán bloquean el puente San Pablo y exigen anular decreto sobre precio del combustible,"Éxito Noticias, 26 de agosto 2026.- Productores de la provincia Marbán y organizaciones sociales de San Andrés, del departamento de Beni, instalaron este miércoles un punto de bloqueo en el puente San Pablo, en rechazo al Decreto Supremo 5676 y al precio de Bs 18 por litro de combustible establecido para grandes usuarios.

La medida fue definida durante un cabildo y comenzó durante la madrugada, provocando la interrupción del tránsito entre ambos departamentos. En la zona se mantiene un contingente reducido de policías, pese a que el país se encuentra bajo estado de excepción.

Los movilizados demandan al Gobierno dejar sin efecto la normativa y advierten que mantendrán la protesta hasta recibir una respuesta concreta. La medida se produce además después de que el Ministerio de Defensa advirtiera que no permitirá el cierre de carreteras.

El Ejecutivo, por su parte, expresó el martes su disposición a revisar e incluso modificar el incremento del precio del carburante, ante las protestas anunciadas en distintas regiones. Sin embargo, hasta el momento no se concretó una solución que permita restablecer la circulación en el puente San Pablo.",https://exitonoticias.com.bo/beni-productores-de-marban-bloquean-el-puente-san-pablo-y-exigen-anular-decreto-sobre-precio-del-combustible/401425/
Éxito Noticias Bolivia,2026-08-26,"POLITICA, PORTADA",Asamblea interpela a ministro de Gobierno por acciones contra el narcotráfico,"Éxito Noticias, 26 de agosto 2026.- La Asamblea Legislativa inició este miércoles la sesión de interpelación al ministro de Gobierno, Marco Antonio Oviedo, para que explique las acciones ejecutadas por el Ejecutivo en la lucha contra el narcotráfico y el crimen organizado.

La comparecencia había sido aplazada en junio a pedido de los propios legisladores que promovieron la interpelación. Ahora, Oviedo deberá responder a las consultas relacionadas con los resultados de los operativos antidroga y las medidas adoptadas contra las organizaciones criminales.

El cuestionamiento se produce después de que el ministro vinculara recientemente hechos de violencia registrados en Santa Cruz con estructuras relacionadas con el narcotraficante uruguayo Sebastián Marset. Según Oviedo, una organización vinculada a ese entorno habría operado una ruta de tráfico de drogas con destino a Brasil.

Durante su gestión, el Gobierno también fortaleció la cooperación con países vecinos. En mayo, Bolivia y Brasil activaron una comisión binacional para mejorar el intercambio de inteligencia y la coordinación frente al narcotráfico, el lavado de activos y el crimen organizado.

La sesión legislativa permitirá a los interpelantes evaluar la política antidroga impulsada por Oviedo, quien ocupa el cargo desde noviembre de 2025 y asumió con el objetivo de modernizar la Policía y reforzar la lucha contra las redes criminales.",https://exitonoticias.com.bo/asamblea-interpela-a-ministro-de-gobierno-por-acciones-contra-el-narcotrafico/401441/
Éxito Noticias Bolivia,2026-08-26,"POLITICA, PORTADA",Edmand Lara pide abrogar el decreto del diésel y convocar a los sectores movilizados,"Éxito Noticias, 26 de agosto 2026.- El vicepresidente Edmand Lara pidió al Gobierno dejar sin efecto el decreto que incrementó el precio del diésel y convocar a los sectores afectados para buscar una salida al aumento de los costos de producción y las movilizaciones registradas en algunas regiones.

Lara advirtió que el encarecimiento del combustible terminará trasladándose al precio de los productos de la canasta familiar, con mayor impacto en los hogares de menores ingresos.

“Los que van a perder son los más pobres”, afirmó el vicepresidente, al cuestionar el efecto que tendrá la medida sobre los consumidores.

Ante este escenario, planteó que el Ejecutivo revise la normativa y abra un espacio de diálogo con productores y otros sectores movilizados. “Particularmente yo creo que tiene que abrogarse y se tiene que sentar con todos los sectores y buscar una solución”, sostuvo.

Lara también se refirió al bloqueo instalado en la provincia Marbán, en Beni, y consideró que una convocatoria directa del presidente permitiría encaminar una solución y recuperar la normalidad en las regiones afectadas.

“Hay que escuchar a la gente, creo que hay que sentarse con todos estos sectores y tomar una decisión para que el país avance”, afirmó.",https://exitonoticias.com.bo/edmand-lara-pide-abrogar-el-decreto-del-diesel-y-convocar-a-los-sectores-movilizados/401449/
Éxito Noticias Bolivia,2026-08-26,OPINION,El doloroso empobrecimiento de Bolivia,"Éxito Noticias, 26 de agosto 2026.- El doloroso empobrecimiento de Bolivia, malas noticias para el país y lo grave es que, como dicen los periodistas, se trata de una noticia en desarrollo que podría ser peor dependiendo de cómo el gobierno encare la delicada situación económica, política y social que azota al país por culpa de unos cuantos incapaces.

El reciente reporte de inflación y política monetaria del Banco Central de Bolivia ha informado que el Producto Interno Bruto podría caer un 3,6% este año y que a junio habría bajado ya un 3,34% confirmándolo anticipado por el Banco Mundial y el Fondo Monetario Internacional meses atrás que el descenso superaría el 3%.

Triste noticia porque una caída de la actividad económica implica una menor producción de baja del consumo familiar, menos inversión privada, menores ventas, cierre de empresas y negocios, descenso de la recaudación tributaria, despidos de personal, menos contrataciones, reducción de salarios, mayor informalidad, más pobreza y deterioro del bienestar, especialmente cuando el Banco Central de Bolivia proyecta una inflación del 9,22% para 2026.

Bolivia sufriría así un tercer año de recesión, algo muy grave pues la caída del Producto Interno Bruto en 3,6% se da comparando a un mal año como el 2025 cuando también decreció 1,58% y este contra el 2024 que cayó 1,12% de ahí que una torta cada vez más chica se reparte entre una población cada vez más grande.

Para el Banco Central de Bolivia la principal causa de esta debacle fueron los bloqueos por más de 50 días a lo que se sumó la escasez de combustibles y dólares y si bien destaca que la minería registró un crecimiento positivo y que la agricultura, ganadería, silvicultura y pesca también gracias a la cosecha anterior los bloqueos los productores fueron afectados en su liquidez además por la falta de insumos para la campaña de siembra.

Ahora, si bien ciertas actividades del sector servicios tuvieron un desempeño positivo la construcción fue de las más golpeadas por los bloqueos y la menor inversión pública, el transporte, las comunicaciones, el comercio y la industria manufacturera decrecieron tanto por los bloqueos como por la falta de combustibles llegando a parar fábricas dada la ausencia de materias primas en tanto que las actividades financieras, seguros e inmobiliarias, alojamiento y servicio de comidas y bebidas y actividades comunales y sociales sufrieron también.

Hay que añadir a ello, como en su momento informara el Instituto Boliviano de Comercio Exterior IRCE, la caída del volumen tanto de las exportaciones como de las importaciones atribuible principalmente a los bloqueadores y subsidiariamente a la carencia de combustibles y dólares, algo que redundó en un menor ingreso de divisas y el encarecimiento de los productos importados.

Y aunque se espera un repunte de las exportaciones desde julio con la salida de productos que no pudieron hacerlo durante los bloqueos, las perspectivas no son alentadoras pues el consumo podría seguir cayendo por la pérdida de empleos e ingresos así como por la baja de la inversión si no mejora la seguridad jurídica. Pero hay algo más doloroso en el reporte del Banco Central de Bolivia.

A junio de 2026 la población ocupada cayó en más de 200.000 personas y la población inactiva subió casi en otras 200.000, a lo que se suma el aumento de la subocupación, la subutilización laboral y la precarización del empleo, algo que se viene dando por el aumento de la informalidad desde el inicio de la crisis de balanza de pagos. Según el Banco Central de Bolivia, en junio de 2026 la población ocupada en el sector informal del área urbana era de 3,2 millones de personas.

Y otro dato, en 2025 un total de 5,4 millones de personas estaban por debajo de la línea de pobreza, casi un millón más que en 2024, provocado ello por la inflación que el pasado año superó el 20% y el problema es que podría subir a 5,7 millones si se dispara la inflación, afectando a quienes dedican la mayor parte de su gasto a comprar alimentos.

Consumada esta tercera caída consecutiva del PIB, cabe preguntarnos ¿qué futuro estamos construyendo para nuestros hijos y los hijos de nuestros hijos? Tenemos territorios, recursos naturales, tierras productivas, bosques, agua, biodiversidad, minerales, hidrocarburos, posibilidades de energía renovable y turismo, así como empresarios y trabajadores que producen hasta en condiciones adversas.

Pero no transformamos todo ese potencial en millones de empleos dignos para combatir la pobreza en Bolivia. Pareciera que hay quienes desean lo contrario, mientras los bloqueadores de siempre, los torpes políticos y las malévolas ONGs sigan oponiéndose a ello, seguiremos repartiendo una torta cada vez más pequeña entre una población más grande. Bolivia no puede seguir sufriendo así. Precisamos crear riqueza y construir dignidad.

Aún estamos a tiempo, pero el tiempo se está acabando. Si Dios nos dio un país rico en recursos y posibilidades de desarrollo, ¿podemos cometer el pecado de convertir esa bendición en pobreza solo por la falta de visión, unidad y decisión? No, mil veces no.

Gary Antonio Rodríguez Álvarez",https://exitonoticias.com.bo/el-doloroso-empobrecimiento-de-bolivia/401452/
Éxito Noticias Bolivia,2026-08-26,SEGURIDAD,Caso Cerimedo: Fiscalía cita a Ximena Galarza como testigo en la investigación por enriquecimiento ilícito,"Éxito Noticias, 26 de agosto 2026.- La directora general de Comunicación Estratégica del Estado, Mónica Ximena Galarza Lora, fue convocada por la Fiscalía de La Paz para declarar en calidad de testigo dentro de la investigación que involucra a Fernando Cerimedo, por el presunto delito de enriquecimiento ilícito con afectación al Estado.

La diligencia está programada para este miércoles 26 de agosto, a las 16:30, en dependencias del Ministerio Público de La Paz.

La citación forma parte de las actuaciones iniciadas de oficio contra Cerimedo por la presunta comisión del delito de enriquecimiento ilícito de particulares con afectación al Estado, contemplado en el artículo 28 de la Ley 004.

Galarza deberá brindar su declaración como testigo, cuyos elementos serán incorporados al proceso investigativo que lleva adelante la Fiscalía.",https://exitonoticias.com.bo/caso-cerimedo-fiscalia-cita-a-ximena-galarza-como-testigo-en-la-investigacion-por-enriquecimiento-ilicito/401444/
Éxito Noticias Bolivia,2026-08-26,SEGURIDAD,Nadia Beller pide declarar como testigo protegida en investigación contra Cerimedo,"Éxito Noticias, 26 de agosto 2026.- La abogada Nadia Beller solicitó ser incorporada al programa de testigos protegidos antes de prestar su declaración ante la Fiscalía dentro de la investigación por legitimación de ganancias ilícitas que involucra a su expareja, Fernando Cerimedo.

El pedido fue presentado mediante un memorial por su abogado, Jerjes Justiniano, quien explicó que Beller está dispuesta a brindar información, pero considera necesario contar con garantías debido a los datos que podría revelar durante su declaración.

“Estamos solicitando que ella tenga la calidad de testigo protegida”, informó Justiniano.

La figura permite resguardar información personal de la persona que declara, como su identidad y domicilio, con el objetivo de reducir posibles riesgos y garantizar su participación en las distintas etapas del proceso.

Aunque Beller fue citada para declarar este miércoles 26 de agosto en La Paz, una comisión de fiscales de Santa Cruz se trasladará hasta el domicilio donde actualmente reside para tomarle la declaración en calidad de testigo. La diligencia está prevista para las 16:00.

La solicitud se produce días después del ataque armado que sufrió Beller el 17 de agosto en Santa Cruz, cuando fue herida por tres disparos efectuados por personas que se aproximaron simulando ser repartidores. Tras el hecho, responsabilizó públicamente a Cerimedo, quien es investigado por distintos hechos denunciados.

Además del proceso por legitimación de ganancias ilícitas, la Fiscalía abrió investigaciones por presunta violencia familiar y tentativa de feminicidio. Justiniano informó que su defendida ya declaró dentro del proceso por violencia y que aguarda la posible imputación formal contra Cerimedo.

Beller también realizó denuncias públicas sobre presuntos hechos de corrupción y mencionó a personas vinculadas al Gobierno, información que, según su defensa, será parte de los elementos que podría aportar durante su declaración.",https://exitonoticias.com.bo/nadia-beller-pide-declarar-como-testigo-protegida-en-investigacion-contra-cerimedo/401455/
Éxito Noticias Bolivia,2026-08-26,SEGURIDAD,Gobierno se apersona en la investigación por presunto sobreprecio en compra de tomógrafos de la CNS,"Éxito Noticias, 26 de agosto 2026.- El Gobierno, a través del Viceministerio de Transparencia, se apersonó al proceso que investiga presuntas irregularidades en la adquisición de tomógrafos para la Caja Nacional de Salud (CNS), operación que habría ocasionado un daño económico superior a Bs 40 millones.

El viceministro de Transparencia, Yamil García, informó que la entidad estatal coadyuvará con el Ministerio Público en las investigaciones y realizará seguimiento al proceso para establecer responsabilidades entre los funcionarios y personas que participaron en la contratación.

“También nosotros nos hemos apersonado dentro del proceso y estamos coadyuvando con la investigación”, afirmó García.

De acuerdo con la autoridad, el caso ya cuenta con una imputación formal y una persona sometida a medidas cautelares, mientras las pesquisas continúan para determinar la participación de otros involucrados.

Como parte de las investigaciones, serán convocados funcionarios que intervinieron en las diferentes etapas del proceso de adquisición. Entre ellos están quienes actuaron como unidad solicitante, los responsables de establecer los precios referenciales y los integrantes de las comisiones encargadas de la calificación y recepción de los equipos.

El Viceministerio de Transparencia busca establecer si durante el proceso de contratación se produjeron irregularidades que derivaron en el presunto sobreprecio y, posteriormente, en la afectación económica al Estado.

García sostuvo que la investigación deberá alcanzar a todos los actores que hayan tenido participación en la operación, con el objetivo de determinar responsabilidades y esclarecer cómo se produjo el daño económico.",https://exitonoticias.com.bo/gobierno-se-apersona-en-la-investigacion-por-presunto-sobreprecio-en-compra-de-tomografos-de-la-cns/401460/
Éxito Noticias Bolivia,2026-08-26,SEGURIDAD,La Paz: FELCV reporta aumento de violencia contra adultos mayores y señala a familiares como principales agresores,"Éxito Noticias, 26 de agosto 2026.- La Fuerza Especial de Lucha Contra la Violencia (FELCV) de La Paz atendió durante esta gestión varios casos de violencia y maltrato contra adultos mayores, principalmente relacionados con conflictos familiares, económicos y disputas por herencias.

El director de la FELCV, Miguel Zambrana, explicó que las personas de la tercera edad constituyen uno de los sectores vulnerables frente a este tipo de delitos y que, en una parte importante de los casos, los presuntos agresores pertenecen al propio entorno familiar.

“Los hijos o el entorno familiar en algún momento sí se convierte en un índice alto de agresores a sus progenitores”, señaló Zambrana.

Según la autoridad, los hechos denunciados comprenden principalmente violencia física, psicológica y económica, aunque también se identificaron casos de agresión sexual contra adultos mayores.

Entre las situaciones detectadas están aquellas en las que familiares buscan desplazar a las víctimas de sus propias viviendas, principalmente por intereses relacionados con la propiedad de los inmuebles o disputas por herencias.

“Hay personas que tratan de hacer que los adultos mayores salgan del domicilio que era de ellos”, explicó el jefe policial, al referirse a algunos de los casos atendidos durante la gestión.

Zambrana señaló que los hechos de violencia pueden producirse directamente por familiares o por otras personas que comparten el domicilio con los adultos mayores, lo que dificulta en algunos casos que las víctimas denuncien las agresiones.

Además de la violencia familiar o doméstica, la FELCV recibió denuncias por agresiones sexuales y otros delitos cometidos contra personas de la tercera edad, aunque la mayor incidencia corresponde a hechos de violencia dentro del núcleo familiar.

La Policía recomendó a los adultos mayores y a sus familiares recurrir a las instancias correspondientes ante cualquier situación de maltrato, mientras que las autoridades continúan con la atención e investigación de estos casos para establecer responsabilidades.",https://exitonoticias.com.bo/la-paz-felcv-reporta-aumento-de-violencia-contra-adultos-mayores-y-senala-a-familiares-como-principales-agresores/401462/
Éxito Noticias Bolivia,2026-08-26,SEGURIDAD,Juicio por la toma militar de plaza Murillo entra en cuarto intermedio hasta el 5 de octubre,"Éxito Noticias, 26 de agosto 2026.- El juicio relacionado con el excomandante del Ejército Juan José Zúñiga ingresó en un cuarto intermedio hasta el próximo 5 de octubre, fecha en la que se retomarán las actuaciones con la presentación de testigos de la Fiscalía y posteriormente de la defensa.

Eduardo León, abogado de Zúñiga, informó que ya se avanzó en la toma de declaraciones de varios de los acusados y que se estableció un cronograma de audiencias para los días 5, 6 y 7 de octubre.

Según el jurista, el 5 de octubre el Ministerio Público deberá concluir con la presentación de los testigos ofrecidos en el proceso. Un día después será el turno de la defensa del excomandante, que prevé convocar a alrededor de 25 personas.

Entre los nombres mencionados por León están el expresidente Luis Arce, el exministro de Defensa Edmundo Novillo, además de Jhonny Aguilera, Eduardo del Castillo, Hugo Moldiz y María Nela Prada, junto con militares que, según la defensa, tuvieron participación en los hechos investigados.

“Estamos viendo que los pertinentes son alrededor de 25 personas”, señaló León, al explicar que los testimonios serán utilizados para sustentar la versión de Zúñiga sobre los acontecimientos que derivaron en el denominado levantamiento militar.

La defensa pretende que los testigos aporten elementos para establecer, según su hipótesis, cómo se habría desarrollado una supuesta operación contra las Fuerzas Armadas durante la gestión de Arce.

León afirmó además que buscarán demostrar presuntos actos de tortura contra miembros de la institución militar y sostuvo que los testimonios permitirán respaldar las acusaciones planteadas por la defensa.

La audiencia continuará el 7 de octubre con las actuaciones previstas dentro del proceso, mientras la defensa de Zúñiga busca incorporar nuevos elementos para sustentar su versión de los hechos.",https://exitonoticias.com.bo/juicio-por-la-toma-militar-de-plaza-murillo-entra-en-cuarto-intermedio-hasta-el-5-de-octubre/401466/
Éxito Noticias Bolivia,2026-08-26,SEGURIDAD,El Alto: una menor víctima de violación por parte de su profesor se lanzó desde un tercer piso,"Éxito Noticias, 26 de agosto 2026.- Una adolescente de 15 años permanece en terapia intensiva luego de caer desde el tercer piso de un inmueble en El Alto, en un hecho que, según la investigación policial, estaría relacionado con una presunta agresión sexual cometida por su profesor de artes plásticas, de 72 años.

El caso ocurrió el martes, cuando la menor se encontraba en el domicilio de su abuela. Tras lanzarse desde el tercer piso, fue auxiliada por su tía, a quien, todavía consciente, habría revelado que tomó esa decisión después de haber sido víctima de una violación.

La adolescente fue trasladada inicialmente a una clínica cercana y posteriormente derivada al Hospital Materno Infantil de El Alto, donde permanece internada en terapia intensiva debido a las múltiples lesiones que sufrió.

La Fuerza Especial de Lucha contra la Violencia (FELCV) de El Alto inició las investigaciones y procedió con la aprehensión del presunto agresor, quien actualmente se encuentra a la espera de una audiencia de medidas cautelares.

De acuerdo con el reporte policial, el acusado es profesor de artes plásticas de la adolescente. Durante las primeras actuaciones investigativas se habría acogido a su derecho al silencio y no brindó declaraciones sobre la denuncia.

La familia de la menor no habría tenido conocimiento previo de la presunta agresión sexual. Según la información proporcionada por la Policía, la adolescente habría mantenido el hecho en reserva, situación que habría profundizado su estado emocional hasta llevarla a tomar la decisión de lanzarse desde el inmueble.

La investigación busca establecer las circunstancias en las que se produjo la presunta agresión y determinar las responsabilidades correspondientes. Entretanto, la adolescente continúa recibiendo atención médica especializada debido a la gravedad de las lesiones.",https://exitonoticias.com.bo/el-alto-una-menor-victima-de-violacion-por-parte-de-su-profesor-se-lanzo-desde-un-tercer-piso/401470/
Éxito Noticias Bolivia,2026-08-26,TRETENIMIENTO,Radio Éxito amplía su propuesta digital con el lanzamiento de Éxito Streaming,"Éxito Noticias, 26 de agosto 2026.- Radio Éxito inicia una nueva etapa con el lanzamiento de Éxito Streaming, una plataforma audiovisual que busca trasladar la experiencia de la radio al entorno digital, con contenidos informativos, deportivos, de opinión y entretenimiento.

La propuesta incorpora nuevos programas y formatos destinados a una audiencia que consume cada vez más contenido a través de plataformas digitales, manteniendo como eje la información y el análisis de los principales temas de actualidad nacional.

Entre los espacios destacados se encuentra “5 Voces”, programa de actualidad y opinión conducido por Karen Canales, Alejandra Claros, Benjamín Cornejo, Neils Quinteros y Jasmani Villegas. El espacio abordará temas políticos, sociales, deportivos y de entretenimiento desde diferentes perspectivas.

El deporte también tendrá un espacio propio con Éxito Sports Streaming, que estará a cargo de Asbel Valenzuela, Jasmani Villegas y Luis Moreno, con información, entrevistas y análisis sobre el fútbol boliviano.

La programación se complementa con propuestas de entretenimiento como “Bla Bla Bla”, conducido por Zoraya Díaz y Gloria Díaz, y “Pura Boca”, integrado por José Luis Salazar “Neneco”, Yoselin Peralta, Mahady Zadda, Rous Párraga y Martín Alcázar “Tinchex”.

Los fines de semana se emitirá “Ahora nos toca”, con Nayra Miranda y Antonio Durán, un espacio dedicado al análisis de las tres noticias más relevantes del país.

Con este proyecto, Radio Éxito busca fortalecer su presencia en plataformas digitales y llegar a nuevos públicos mediante contenidos dinámicos, participativos y de calidad.

La apuesta tiene como objetivo consolidar una comunidad digital activa y posicionar a Éxito Streaming como una plataforma audiovisual referente en Bolivia, sin dejar de lado la esencia de Radio Éxito: informar, acompañar y mantener una comunicación cercana con su audiencia.

El lanzamiento marca el inicio de una nueva etapa, que contempla además transmisiones especiales, invitados y contenidos exclusivos para el entorno digital.",https://exitonoticias.com.bo/radio-exito-amplia-su-propuesta-digital-con-el-lanzamiento-de-exito-streaming/401472/
Éxito Noticias Bolivia,2026-08-26,SOCIAL,Barral anuncia recurso para que se rebaje la tarifa de aseo urbano por los días sin recojo de basura,"Éxito Noticias, 26 de agosto 2026.- El exdiputado Amílcar Barral anunció que presentará un recurso constitucional para solicitar que la población de La Paz no pague el costo correspondiente a los días en los que el servicio de recojo de basura estuvo paralizado.

En contacto con radio Éxito, Barral sostuvo que, tras más de 15 días de acumulación de residuos en distintos puntos de la ciudad, los usuarios no deberían cancelar por un servicio que no recibieron.

“No puedes pagar por un servicio que no han hecho”, afirmó el exlegislador, quien cuestionó que la Alcaldía pretenda cobrar de manera regular la tasa de aseo urbano pese a la interrupción del servicio.

Según Barral, la medida podría representar un perjuicio económico para el municipio, pero consideró que el costo debe ser asumido por la administración municipal y no trasladado a los ciudadanos.

El exdiputado también ratificó que continuará con la denuncia penal presentada contra el alcalde César Dockweiler por presunto incumplimiento de deberes y delitos contra la salud pública, debido a la acumulación de residuos durante el conflicto.",https://exitonoticias.com.bo/barral-anuncia-recurso-para-que-se-rebaje-la-tarifa-de-aseo-urbano-por-los-dias-sin-recojo-de-basura/401478/
Éxito Noticias Bolivia,2026-08-26,SEGURIDAD,“Es un gran operador de manipulación masiva”: víctima argentina de Cerimedo revela antecedentes de estafa y violencia,"Éxito Noticias, 26 de agosto 2026.- Lucía Real Salas, una de las víctimas de Fernando Cerimedo en Argentina, relató los antecedentes judiciales del consultor y afirmó que durante años logró evadir consecuencias pese a una condena por una millonaria estafa inmobiliaria.

Según su testimonio compartido en contacto con radio Éxito, el caso se remonta a 2012, cuando sus padres, ambos jubilados, buscaban comprar un pequeño departamento en Mar del Plata. Tras contactar a Cerimedo mediante un aviso clasificado, concretaron la compra por 30.000 dólares y recibieron la posesión del inmueble.

Sin embargo, posteriormente descubrieron que la misma propiedad había sido vendida también a otra familia. De acuerdo con Real, Cerimedo habría utilizado documentación y distintos argumentos para concretar ambas operaciones.

La situación se agravó cuando, mientras la familia se encontraba fuera de la ciudad, Cerimedo habría ingresado al inmueble, cambiado la cerradura y entregado la propiedad a los otros compradores. Los bienes personales de sus padres también fueron retirados del lugar.

La víctima aseguró que durante la investigación judicial presentó documentación, correos electrónicos y antecedentes que, a su criterio, demostraban que no se trataba de un hecho aislado.

De esta manera, Cerimedo fue condenado a dos años y seis meses de prisión, además de ser obligado a devolver el dinero. Real afirmó que, pese a la sentencia, su familia nunca recuperó los recursos entregados por la propiedad.

Durante la entrevista, Real sostuvo que también encontró antecedentes y denuncias relacionadas con actividades inmobiliarias y otros negocios en Puerto Rico y Argentina. Afirmó que esa información fue incorporada en su momento al proceso judicial para demostrar un supuesto patrón de conducta.

La entrevistada también mencionó una denuncia por violencia de género vinculada con la primera esposa de Cerimedo y aseguró que existen otros testimonios sobre presuntos episodios de violencia y conflictos económicos.

Real cuestionó que, pese a esos antecedentes, el consultor haya logrado posteriormente acercarse a dirigentes y espacios políticos de alto nivel en distintos países de la región.

“Es un gran operador de manipulación masiva”, sostuvo al referirse a Cerimedo, a quien también calificó de “mentiroso” y “manipulador”.

La víctima argentina dijo que conoció con preocupación el crecimiento de Cerimedo dentro de círculos políticos, especialmente por sus vínculos con dirigentes de la región. Recordó que su familia intentó durante años recuperar el dinero perdido y obtener una reparación.

Por ello, consideró que la aprehensión y los procesos abiertos en Bolivia representan una oportunidad para esclarecer hechos que, según afirmó, permanecieron impunes durante años.

“Por primera vez después de tantos años nos sentimos” con una sensación de resarcimiento, manifestó, aunque expresó temor de que el proceso termine nuevamente sin consecuencias.

Actualmente, Cerimedo cumple detención preventiva por 180 días en Bolivia y enfrenta investigaciones por presuntos delitos relacionados con enriquecimiento ilícito y tentativa de feminicidio.

Real anunció además su disposición a entregar a Nadia Beller y a las autoridades bolivianas la documentación judicial que conserva sobre el caso argentino, con el objetivo de contribuir a reconstruir los antecedentes del consultor.

“Me pongo a disposición de lo que pueda aportar”, señaló durante la entrevista.",https://exitonoticias.com.bo/es-un-gran-operador-de-manipulacion-masiva-victima-argentina-de-cerimedo-revela-antecedentes-de-estafa-y-violencia/401482/
Éxito Noticias Bolivia,2026-08-26,"POLITICA, PORTADA",Ministro de la Presidencia ratifica a cuatro viceministros y posesiona a uno nuevo,"Éxito Noticias, 26 de agosto 2026.- Con el fin de fortalecer la coordinación institucional, la planificación, la modernización del Estado y la atención de las demandas de la población, el ministro de la Presidencia, Fernando Aramayo, posesionó este miércoles a cinco viceministros, de los cuales cuatro fueron ratificados y uno es nuevo.

Wilson Santa María asumió como viceministro de Gestión Legislativa y Coordinación con Organizaciones Sociales; Jessica Echeverría fue ratificada en la cartera de Igualdad de Oportunidades.

Adrián Oliva Alcázar seguirá a cargo del Viceministerio de Autonomías y Tierras, y Marcelo Yamil García Delfín continuará en el despacho de Transparencia, Seguridad Jurídica e Integridad Pública.

En tanto, René Gonzalo Rivera Méndez fue posesionado como viceministro de Coordinación, Planificación Estratégica y Modernización del Estado, en reemplazo de Héctor Linares, quien presentó su renuncia por “razones de índole institucional” y dejó el cargo este 26 de agosto.

“El Estado tiene que ser austero, pero el Estado tiene que volver al servicio del ciudadano. Y ese es el compromiso que hoy, bajo su liderazgo, señor ministro (Aramayo), asumimos junto con mis colegas”, expresó Echeverría tras tomar juramento.

Remarcó que Bolivia necesita viceministerios “con puertas abiertas para todos, con capacidad de diálogo y de respuesta eficaz y eficiente” y subrayó que el Estado “tiene que volver a funcionar para las bolivianas y los bolivianos”.

“Tenemos la responsabilidad de transformar la arquitectura del Estado y tener mayor capacidad, compromiso de responder a las necesidades del país. Para asumir esa responsabilidad es necesario reconocer con claridad el punto del cual partimos”, sostuvo.

La posesión de tales autoridades se hace, luego de la reestructuración del Órgano Ejecutivo y la reducción de 14 a 12 ministerios, establecida mediante el Decreto Supremo 5675, aprobado este mes.

/ABI",https://exitonoticias.com.bo/ministro-de-la-presidencia-ratifica-a-cuatro-viceministros-y-posesiona-a-uno-nuevo/401486/
Éxito Noticias Bolivia,2026-08-26,MUNDO,Inundaciones en China y Nepal dejan 160 muertos y 900 desaparecidos,"Éxito Noticias, 26 de agosto 2026. – Al menos 98 personas murieron y cientos permanecían desaparecidas o sin contacto este miércoles después de que violentas inundaciones repentinas golpearan ambos lados de la frontera entre Nepal y el Tíbet (China), arrastrando puentes, cortando carreteras y dañando infraestructuras hidroeléctricas. La mayoría de las víctimas se concentra en Nepal, donde se han recuperado 157 cadáveres.

El balance oficial realizado por la Oficina del Primer Ministro nepalí detalla que los cuerpos no han sido identificados, y que se desconoce el paradero de 484 turistas (391 extranjeros y 93 nepalíes), además de 44 miembros del Ejército, 28 policías, 13 efectivos de la Fuerza Armada de Policía y 60 trabajadores de distintos proyectos hidroeléctricos. Las autoridades recopilan información para determinar el alcance definitivo de la tragedia.

El ministro de Asuntos Exteriores de Nepal, Shishir Khanal, señaló que los primeros indicios apuntan a que un terremoto registrado por la mañana habría provocado un gran deslizamiento de tierra que bloqueó temporalmente el cauce del río en territorio tibetano, antes de que la acumulación de agua desencadenara la crecida sobre territorio nepalí. Al otro lado de la frontera, las autoridades chinas informaron de 3 muertos y 265 desaparecidos en el condado de Gyirong.

No estaba claro por el momento si había alguna superposición entre las cifras chinas y las anunciadas por Nepal, ya que la cadena estatal china CCTV indicó que los datos concretos de víctimas aún están en proceso de verificación. Entre los extranjeros desaparecidos en Nepal hay estadounidenses, indios, malasios, británicos y un australiano.

La riada golpeó con especial fuerza el distrito de Rasuwa, en el norte de Nepal, donde la masa de agua alcanzó a primera hora las localidades de Timure, Rasuwagadhi y Syabrubesi, junto a uno de los principales pasos terrestres hacia el Tíbet. El desastre dañó al menos 80 puentes y unos 40 kilómetros de carreteras, además de proyectos hidroeléctricos y otras infraestructuras, lo que dificultó el acceso de los equipos de rescate.

“Vi cómo las aguas se llevaban por delante ocho o nueve camiones, además de casas y personas”, contó Suman Chalise, un profesor de 34 años, en la localidad nepalí de Nuwakot. “Fue absolutamente desgarrador (…) Nunca había visto nada igual”, añadió.

El primer ministro nepalí, Balendra Shah, hizo un llamado a la unidad, pero también pidió a la población “paciencia”. “Quiero asegurarles que no están solos en estos momentos difíciles: el Estado está con ustedes con todos sus medios y recursos”, afirmó Shah en un comunicado publicado en las redes sociales. “Por favor, tengan paciencia. El Gobierno asume toda la responsabilidad por su rescate, atención médica, alimentación y alojamiento. En momentos de una catástrofe como esta, todos debemos permanecer unidos”, agregó.

El Gobierno nepalí declaró zona de desastre durante tres meses las áreas afectadas y ordenó movilizar helicópteros militares y privados para las operaciones de búsqueda y rescate, además de proporcionar atención médica gratuita a los heridos y acelerar la restauración de carreteras, electricidad y telecomunicaciones. El Ejército nepalí realiza búsquedas aéreas y rescató ya a 114 personas del distrito de Rasuwa, uno de los más afectados, informó el gobierno.

//DW.",https://exitonoticias.com.bo/inundaciones-en-china-y-nepal-dejan-160-muertos-y-900-desaparecidos/401490/
Éxito Noticias Bolivia,2026-08-26,"POLITICA, SEGURIDAD",Lissa Claros formaliza proceso judicial contra Beller y Cerimedo tras ser vinculada con supuestos sobresueldos,"Éxito Noticias, 26 de agosto 2026 .- La diputada de Libre, Lissa Amanda Claros, formalizó una querella por el presunto delito de calumnia contra Nadia Beller y Fernando Gabriel Cerimedo, según consta en un registro judicial recibido el 26 de agosto de 2026.

El registro establece que Claros figura como querellante, mientras que Beller y Cerimedo aparecen como imputados dentro de esta causa. El documento también precisa que se trata de un proceso penal privado y que el caso fue asignado a un juzgado de sentencia penal de La Paz. Esto significa que la legisladora ya llevó su reclamo ante la justicia, aunque el registro por sí solo no determina que los señalados sean culpables.

La acción judicial se produce después de que el nombre de Claros apareciera en una lista difundida públicamente en medio de la polémica por los presuntos “sobresueldos” de 5.000 dólares que, según denunció Beller, recibirían algunos parlamentarios de las alianzas Libre y Unidad. La activista afirmó que estos pagos se entregarían de manera mensual a cambio de respaldar determinadas normas impulsadas por el Gobierno.

Claros rechazó de manera categórica haber recibido dinero y sostuvo que nunca cobró un sobresueldo. Tras conocer que su nombre figuraba en la supuesta nómina, exigió que se esclarezca quién elaboró y difundió la lista, además de que se determine si alguien habría recibido dinero utilizando su identidad. La diputada también pidió que Beller y Cerimedo presenten ante la justicia las pruebas que respalden las acusaciones.",https://exitonoticias.com.bo/lissa-claros-formaliza-proceso-judicial-contra-beller-y-cerimedo-tras-ser-vinculada-con-supuestos-sobresueldos/401496/
Éxito Noticias Bolivia,2026-08-26,"POLITICA, PORTADA",Gobierno advierte con ampliar el estado de excepción si continúan las protestas y amenazas,"Éxito Noticias, 26 de agosto 2026. – El Gobierno analiza la posibilidad de extender el estado de excepción más allá del 18 de septiembre, fecha en la que concluye su actual vigencia, si persisten las movilizaciones que considera una amenaza para el orden democrático. El ministro de la Presidencia, Fernando Aramayo, advirtió que la medida podría prolongarse si continúan las acciones que, según el Ejecutivo, afectan el estado de derecho.

“Si esta amenaza sigue tiene que ampliarse el estado de excepción”, afirmó Aramayo este miércoles, al defender la continuidad de la medida mientras existan focos de conflicto. La autoridad sostuvo que el Gobierno no permitirá que las protestas deriven en una interrupción de las garantías democráticas ni en situaciones que pongan en riesgo la estabilidad del país.

El estado de excepción fue declarado en junio, después de 53 días de bloqueos, con el objetivo de restablecer la circulación y garantizar el tránsito en las carreteras. La medida tiene una duración de 90 días y su actual periodo termina el 18 de septiembre; para una eventual ampliación se requiere la autorización de la Asamblea Legislativa Plurinacional.

Desde el Gobierno también señalaron que la decisión todavía no está tomada. El viceministro de Régimen Interior y Policía, Hernán Paredes, afirmó que la medida ya cumplió con los objetivos para los que fue aplicada, principalmente mediante controles focalizados en los lugares donde se registraron conflictos. Explicó que se buscó aplicar un “estado de excepción quirúrgico” para evitar afectar las actividades del resto de la población.",https://exitonoticias.com.bo/gobierno-advierte-con-ampliar-el-estado-de-excepcion-si-continuan-las-protestas-y-amenazas/401495/
Éxito Noticias Bolivia,2026-08-26,"POLITICA, PORTADA",Paz habla por primera vez de Cerimedo tras el ataque a Beller y asegura que “nunca representó al gobierno”,"Éxito Noticias, 26 de agosto 2026.- El presidente Rodrigo Paz se refirió finalmente al vínculo que mantuvo con el estratega argentino Fernando Cerimedo, quien actualmente enfrenta una investigación por la tentativa de feminicidio contra Nadia Beller y otros procesos. En un mensaje difundido en redes sociales, Paz aseguró que su Gobierno otorgó garantías para que se esclarezca el ataque contra Beller y sostuvo que cualquier acusación debe ser investigada en busca de la verdad. “Como cabeza del Ejecutivo nacional dimos todas las garantías para que las investigaciones sean transparentes, sean pulcras y sean en la búsqueda de la verdad para todos los bolivianos”, afirmó.

Paz explicó que Cerimedo tuvo contacto con su campaña electoral luego de la primera vuelta y que fue incorporado como estratega debido a su experiencia internacional. Según su relato, el argentino colaboró durante la campaña que terminó con la victoria electoral y también participó en los primeros momentos de la gestión gubernamental. Sin embargo, remarcó que su presencia en Bolivia no era constante y que, por esa razón, nunca llegó a establecerse una relación laboral directa con el Ejecutivo. “Por eso nunca hubo un contrato, una relación de trabajo directa, como la que se puede llevar adelante con ministros, viceministros, delegados presidenciales”, sostuvo el mandatario.

Uno de los puntos centrales de su declaración fue la aclaración sobre el nivel de autoridad que Cerimedo tenía dentro del Gobierno. Paz afirmó de manera categórica que el argentino no estaba facultado para hablar o actuar en nombre de la Presidencia, del Ejecutivo ni de su familia. “El señor Cerimedo jamás tuvo la autorización de representar a este boliviano, a la Presidencia, al Gobierno o a mi familia”, manifestó. Agregó que las representaciones oficiales solamente pueden ser ejercidas mediante autoridades con mandato institucional, como ministros, viceministros o delegados presidenciales, y negó además que existiera la figura de un “asesor principal” con atribuciones para representar al Gobierno.

Las aclaraciones del mandatario se producen después de las denuncias realizadas por Beller desde el hospital, donde acusó a Cerimedo de estar detrás del ataque armado que sufrió en Santa Cruz y también lanzó cuestionamientos contra el entorno del presidente. La abogada afirmó que Cerimedo tenía una fuerte influencia dentro del Ejecutivo y lo llegó a describir como el “presidente en las sombras”, además de denunciar presuntos negocios irregulares relacionados con combustible, oro y otros sectores. El Gobierno respondió inicialmente que, si Beller tenía pruebas sobre sus acusaciones, debía presentarlas ante las autoridades para que fueran investigadas.

El caso también generó cuestionamientos sobre la relación de Cerimedo con el Gobierno, debido a que el argentino aparecía públicamente cercano al mandatario pese a no figurar como funcionario estatal. Incluso su abogado sostuvo que realizaba una consultoría externa supuestamente vinculada a la CAF, versión que posteriormente fue negada por ese organismo, que afirmó que no mantiene ninguna relación contractual con Cerimedo.

Actualmente, Cerimedo permanece detenido preventivamente mientras avanzan las investigaciones por la tentativa de feminicidio contra Beller y por presunto enriquecimiento ilícito, mientras la Fiscalía abrió además una tercera investigación por supuestos vínculos con el narcotráfico.",https://exitonoticias.com.bo/paz-habla-por-primera-vez-de-cerimedo-tras-el-ataque-a-beller-y-asegura-que-nunca-represento-al-gobierno/401501/
Éxito Noticias Bolivia,2026-08-26,"POLITICA, PORTADA","Paz defiende a su familia y pide que las denuncias se investiguen “no sobre escándalos, sino sobre pruebas”","Éxito Noticias, 26 de agosto 2026 .- El presidente Rodrigo Paz salió en defensa de su familia luego de que surgieran acusaciones que involucraron a su esposa y a su entorno en presuntos negocios relacionados con el oro y otros hechos denunciados públicamente. En un mensaje difundido en redes sociales, el mandatario aseguró que los cargos que él y su familia han ocupado fueron alcanzados mediante el respaldo ciudadano y destacó la trayectoria de servicio público que, según afirmó, mantiene junto a su esposa.

Paz también dedicó parte de su mensaje a reivindicar la conducta de su esposa y la formación de su familia. “Con una esposa que ha sido intachable como parte de una familia construida sobre la base de cuatro chicos, tres mujeres y un chango”, manifestó. El presidente describió a su entorno familiar como una familia de valores cristianos, comprometida con el país, el respeto al prójimo y la solidaridad, y sostuvo que las acusaciones públicas no deben utilizarse para afectar su convivencia.

En ese marco, el mandatario cuestionó que se generen “escándalos” en lugar de presentar elementos que puedan ser verificados por las autoridades. Paz afirmó que será el primero en defender la democracia y la transparencia de las investigaciones, pero insistió en que cualquier denuncia debe sustentarse en evidencias. “No puede ser que generando escándalos quieran dañar nuestra forma de convivencia y de comportamiento”, señaló, para luego remarcar: “El escándalo no es una prueba”.

Sus declaraciones se producen después de que Nadia Beller, tras el ataque armado que sufrió en Santa Cruz, realizara distintas acusaciones contra personas del entorno presidencial y señalara presuntos vínculos con negocios de oro, además de cuestionar la influencia que habría tenido Fernando Cerimedo dentro del Gobierno. Estas denuncias forman parte del contexto de las investigaciones abiertas tras el ataque contra Beller, mientras Cerimedo permanece detenido preventivamente y es investigado por su presunta participación en el caso, además de otros hechos.

Finalmente, Paz pidió dejar de lado la confrontación y enfocarse en la situación económica y las reformas que, según dijo, necesita Bolivia. Reconoció que el país atraviesa “momentos difíciles” debido a la compleja situación económica heredada, pero aseguró que su Gobierno trabaja para impulsar cambios legales y constitucionales. “Los bolivianos queremos salir adelante, queremos prosperar”, afirmó, antes de cerrar su mensaje con un llamado a la unidad: “Vamos a salir adelante con fe en Dios, en la familia y en la patria”.",https://exitonoticias.com.bo/paz-defiende-a-su-familia-y-pide-que-las-denuncias-se-investiguen-no-sobre-escandalos-sino-sobre-pruebas/401505/
Éxito Noticias Bolivia,2026-08-26,"POLITICA, PORTADA","Entre críticas y votos divididos, Oviedo logra evitar la censura en la Asamblea","Éxito Noticias, 26 de agosto 2026.- El ministro de Gobierno, Marco Antonio Oviedo, logró mantenerse en el cargo después de que el pleno de la Asamblea Legislativa Plurinacional (ALP) rechazara la moción de censura planteada tras su interpelación por las acciones contra el narcotráfico. La autoridad recibió el respaldo mayoritario de los legisladores presentes, aunque la votación también evidenció diferencias dentro de la bancada oficialista de Libre.

De los 153 asambleístas que participaron en la sesión, 82 votaron por la opción de “puro y simple”, que permitió a Oviedo evitar la censura, mientras que 36 legisladores apoyaron su salida y otros 35 optaron por abstenerse. Entre quienes cuestionaron al ministro estuvieron algunos legisladores de Libre, aunque también hubo votos oficialistas a favor de mantenerlo en el cargo.

Durante la interpelación, Oviedo presentó un informe sobre las tareas realizadas por su despacho en la lucha contra el narcotráfico y detalló los operativos ejecutados por la Fuerza Especial de Lucha Contra el Narcotráfico (Felcn). Según expuso, en el país se realizaron 7.546 operaciones relacionadas con la lucha antidroga, además de acciones vinculadas al secuestro de sustancias controladas y la intervención de avionetas.

Las explicaciones, sin embargo, no convencieron a todos los legisladores. El diputado de Unidad Carlos Alarcón cuestionó la forma en que se desarrolló la interpelación y aseguró que este tipo de sesiones están perdiendo legitimidad. “Estas interpelaciones tan mal hechas están deslegitimando a la Asamblea”, afirmó, al cuestionar además al Gobierno por temas como la corrupción y la falta de avances en una reforma constitucional.

Desde el PDC también surgieron críticas al informe presentado por Oviedo. La senadora Ana María Crispín consideró que los datos expuestos por el ministro no coincidían con las acciones conocidas públicamente y votó por la censura. Pese a estos cuestionamientos, la mayoría del pleno se inclinó por el “puro y simple”, con lo que Oviedo evitó la censura y continuará al frente del Ministerio de Gobierno.",https://exitonoticias.com.bo/entre-criticas-y-votos-divididos-oviedo-logra-evitar-la-censura-en-la-asamblea/401510/
Éxito Noticias Bolivia,2026-08-26,"POLITICA, PORTADA, SOCIAL",Barral anuncia que impulsará revocatorio contra Dockweiler y Roca,"Éxito Noticias, 26 de agosto 2026.- El exdiputado Amílcar Barral anunció que promoverá un proceso de revocatoria de mandato contra los alcaldes de La Paz y El Alto, César Dockweiler y Eliser Roca, respectivamente, al cuestionar sus gestiones y el manejo de los conflictos recientes.

En contacto con radio Éxito, Barral afirmó que la crisis por la acumulación de basura en La Paz reforzó su decisión de impulsar esta iniciativa y aseguró que comenzará a trabajar en el proceso, aunque aclaró que los tiempos legales serán determinantes.

“Nosotros vamos a encabezar el tema del revocatorio contra César Dockweiler de La Paz y Eliser Roca de El Alto”, afirmó.

Respecto a Dockweiler, cuestionó que durante sus primeros meses de gestión persistan problemas como el trameaje, la situación de los mercados y otros conflictos municipales. También sostuvo que la administración no habría respondido adecuadamente a las demandas de la población.

El exlegislador consideró que la baja votación obtenida por ambos alcaldes en las elecciones facilitaría, a su criterio, una eventual campaña de revocatoria.

Barral, además, anticipó que continuará con las acciones legales contra Dockweiler por la gestión del conflicto de la basura y otros hechos que, según denunció, habrían ocasionado perjuicios económicos al municipio.",https://exitonoticias.com.bo/barral-anuncia-que-impulsara-revocatorio-contra-dockweiler-y-roca/401480/
Éxito Noticias Bolivia,2026-08-26,"NACIONAL, PORTADA, SOCIAL","Paye al ministro de Minería: “Pareces un niño malcriado, nosotros necesitamos hombres”","Éxito Noticias, 26 de agosto 2026.- El ejecutivo de la Federación Sindical de Trabajadores Mineros de Bolivia, Andrés Paye, exigió la destitución del ministro de Minería, Marco Antonio Calderón, a quien acusó de asumir decisiones que generan división entre los sectores mineros y de no atender las demandas planteadas por los trabajadores.

Durante su intervención, Paye cuestionó duramente la gestión de la autoridad y sostuvo que el sector necesita un ministro que conozca la realidad de los trabajadores y responda a las necesidades de las bases.

“Pareces un niño malcriado. Nosotros necesitamos hombres”, manifestó el dirigente, al remarcar que su posición no responde a un conflicto personal con el ministro, sino a las determinaciones asumidas por la organización sindical.

Paye también rechazó las acciones impulsadas desde el Ministerio de Minería y cuestionó la realización de una cumbre sectorial que, según afirmó, habría generado divisiones entre los cooperativistas. Señaló que los trabajadores asalariados también presentaron propuestas, pero hasta ahora no habrían recibido respuestas concretas a sus planteamientos.

El dirigente sostuvo que la federación representa los intereses de sus afiliados y sus familias, por lo que advirtió que no permanecerá en silencio frente a decisiones que considere perjudiciales para el sector.

Asimismo, defendió la necesidad de diferenciar a los trabajadores mineros de las actividades que operan al margen de la normativa. En ese marco, cuestionó que se pretenda vincular al sector con la minería ilegal y reclamó una política que permita garantizar fuentes laborales y mejores condiciones para los trabajadores.

Paye afirmó que las organizaciones sindicales continuarán evaluando las medidas que correspondan y anticipó que, si sus demandas no son atendidas, están dispuestas a movilizarse.

“No es solamente por los del sector, es por el pueblo, porque somos parte del pueblo”, sostuvo el dirigente al cerrar su intervención.",https://exitonoticias.com.bo/paye-al-ministro-de-mineria-pareces-un-nino-malcriado-nosotros-necesitamos-hombres/401475/
Éxito Noticias Bolivia,2026-08-26,SEGURIDAD,Suspenden declaración de Nadia Beller en la investigación contra Cerimedo por presunto enriquecimiento ilícito,"Éxito Noticias, 26 de agosto 2026.- La declaración informativa de la abogada Nadia Beller, convocada como testigo dentro de la investigación por presunto enriquecimiento ilícito contra Fernando Cerimedo, fue suspendida este miércoles en Santa Cruz. La diligencia debía realizarse en su domicilio, hasta donde se trasladó una comisión de fiscales para recoger su testimonio debido a que su estado de salud le impide acudir a otras dependencias.

Pasadas las 16:00, personal de la unidad de lucha contra la corrupción y el fiscal Néstor Torrez llegaron hasta el inmueble de Beller para cumplir con la diligencia. Sin embargo, el acto procesal no pudo concretarse y fue suspendido por un motivo que la Fiscalía calificó como de “fuerza mayor”. El fiscal explicó que la declaración será reprogramada y que se emitirá una nueva citación desde La Paz.

Beller fue convocada en calidad de testigo debido a la información que podría aportar en la investigación contra Cerimedo, quien fue su expareja y actualmente enfrenta procesos por distintos hechos. La diligencia había generado expectativa porque su testimonio podría contribuir a esclarecer aspectos relacionados con el patrimonio y las actividades del investigado.

Ante el riesgo que podría enfrentar por la información que prevé proporcionar, la defensa de Beller presentó además un memorial para solicitar que sea incorporada al proceso bajo la figura de testigo protegida. Mientras tanto, se espera que la Fiscalía de La Paz defina una nueva fecha para recibir su declaración, esta vez nuevamente en el domicilio de la abogada, tomando en cuenta su condición de salud.",https://exitonoticias.com.bo/suspenden-declaracion-de-nadia-beller-en-la-investigacion-contra-cerimedo-por-presunto-enriquecimiento-ilicito/401513/
Opinión,2026-08-26,"El País, Nadia Beller, rodrigo paz, CERIMEDO",Beller contradice a Paz: muestra chats que vinculan a Cerimedo y Gobierno hasta julio,"Nadia Beller respondió al presidente Rodrigo Paz y cuestionó su versión sobre la duración de la relación con el asesor político Fernando Cerimedo. Para respaldar sus afirmaciones, difundió chats, registros de ubicación y fotografías que, según sostuvo, demostrarían la presencia de Cerimedo en espacios relacionados con el Gobierno al menos hasta julio.

“Y si usted pretende instalar que su relación con Cerimedo terminó al inicio de su gobierno, me obliga a demostrar públicamente que eso no es así”, afirmó Beller al presentar material correspondiente, según indicó, al periodo comprendido entre febrero y el 17 de julio.

Entre los elementos difundidos aparecen registros de ubicación en la residencia presidencial y conversaciones en las que se hace referencia a la presencia de Cerimedo en la Casa Grande del Pueblo. Beller también mostró una fotografía tomada dentro de un avión y cuestionó su procedencia al plantear interrogantes sobre la aeronave y la persona o institución a la que estaría asignada.

La abogada señaló además que los chats contienen referencias a cambios de ministros, reuniones privadas, actos oficiales y otros acontecimientos a los que presuntamente habría asistido Cerimedo.

Con estos elementos, Beller puso en duda la versión de Paz de que Cerimedo únicamente colaboró durante la campaña electoral y los primeros meses de su administración, además de cuestionar que su presencia en Bolivia no hubiera sido constante.

“Sus registros migratorios dan cuenta, además, de que él vivía más en Bolivia que fuera del país”, afirmó Beller, quien consideró que ese dato contradice la explicación de que se trataba de un asesor internacional sin tiempo suficiente para permanecer en el país.

Según la también activista, el material difundido contiene referencias a la supuesta presencia recurrente de Cerimedo en distintos espacios vinculados al Gobierno y al presidente Paz, entre ellos el denominado “comando”, la residencia presidencial y una “oficina” ubicada en la Casa Grande del Pueblo.

Beller también sostuvo que el asesor habría ejercido influencia sobre estructuras policiales y que incluso habría participado en acciones de monitoreo relacionadas con ella.

Sus declaraciones se producen en medio de versiones enfrentadas sobre el vínculo entre ambas partes. La defensa de Cerimedo la acusó de ejercer presiones y chantajes con el objetivo de obtener un cargo dentro del Gobierno, una acusación que Beller rechaza.

La abogada aseguró que decidió hacer público el material para respaldar las denuncias que realizó y, según explicó, como una medida para proteger su vida y la de su bebé.",https://www.opinion.com.bo/articulo/pais/beller-contradice-paz-muestra-chats-que-vinculan-cerimedo-gobierno-julio/20260826214424995317.html
Opinión,2026-08-26,"El País, Asamblea, Interpelación, Oviedo, Caso maderas",Oviedo supera interpelación por el caso “Maderas”,"El ministro de Gobierno, Marco Antonio Oviedo, superó este miércoles la interpelación en la Asamblea Legislativa Plurinacional (ALP) por el caso “Maderas”, sin que se alcance los dos tercios necesarios para aprobar una censura o un voto de confianza.

“Al no existir dos tercios, no existe voto de confianza, tampoco existe censura. Ese es el resultado”, informó el presidente de la Asamblea, Edmand Lara, tras la votación, con lo que la sesión fue declarada concluida.

De acuerdo con el informe de Diputados y Senadores, 153 asambleístas participaron en la votación: 36 respaldaron la censura, 82 votaron por el orden del día puro y simple y 35 se abstuvieron. El resultado no alcanzó los dos tercios requeridos para la censura.

Durante la interpelación, Oviedo denunció que la Fiscalía chilena se negó a entregar muestras de la madera incautada en ese país para someterlas a análisis en laboratorios y verificar la presencia de sustancias controladas.

La autoridad también cuestionó el reporte sobre 108 toneladas de droga y sostuvo que los escáneres de los recintos aduaneros de Tambo Quemado, en Bolivia, y Chungará, en Chile, no detectaron irregularidades. Además, informó que la Felcn ejecutó 7.546 operativos contra el narcotráfico en el país.",https://www.opinion.com.bo/articulo/pais/oviedo-supera-interpelacion-caso-maderas/20260826212218995316.html
Opinión,2026-08-26,"El País, rodrigo paz, CERIMEDO","Paz rompe el silencio, defiende a su esposa y desautoriza a Fernando Cerimedo","A más de una semana del atentado contra Nadia Beller, el presidente Rodrigo Paz rompió el silencio sobre el caso, defendió a su esposa y desautorizó a Fernando Cerimedo, al asegurar que el asesor político argentino nunca tuvo autorización para representarlo a él, al Gobierno o a su familia.

“Por eso nunca hubo un contrato, por eso nunca hubo una relación de trabajo directa (...). El señor Cerimedo jamás tuvo la autorización de representar a este boliviano, a la Presidencia, al Gobierno o a mi familia”, afirmó Paz, quien garantizó una investigación transparente y orientada a establecer la verdad.

El mandatario reconoció que Cerimedo colaboró como estratega internacional durante la segunda vuelta electoral y que también cooperó al inicio de su Gobierno, pero aclaró que su presencia en Bolivia no era constante y que nunca existió una relación laboral formal.

Paz también defendió a su esposa, a quien calificó como ""intachable"", y a su familia frente a las acusaciones surgidas en el caso y cuestionó que se pretenda afectar su imagen mediante escándalos. “El escándalo no es una prueba”, sostuvo, al remarcar que las investigaciones deben sustentarse en evidencias.

Las declaraciones se producen después de que Beller denunciara un supuesto “contubernio” para atentar contra su vida y encubrir hechos de violencia y presunta corrupción. La activista señaló a Cerimedo, a la esposa del jefe de Estado y a personas vinculadas al Gobierno, y afirmó que mantuvo una relación sentimental con el asesor.

En paralelo, la defensa de Cerimedo rechazó las acusaciones y sostuvo que Beller habría ejercido presiones y chantajes sobre su defendido para conseguir un cargo en el Gobierno. Su abogada, Margarita Arce, afirmó que esos elementos estarían registrados en los chats entregados a la Fiscalía y señaló que Cerimedo está dispuesto a un careo con Beller.",https://www.opinion.com.bo/articulo/pais/paz-rompe-silencio-defiende-esposa-desautoriza-fernando-cerimedo/20260826211244995315.html
Opinión,2026-08-26,"Alcaldía, Registro, Animal, Criaderos, Refugios, bienestar","Alcaldía inicia el registro de criaderos, albergues y refugios para fortalecer el bienestar animal","La Alcaldía de Cochabamba informó que pondrá en marcha el Registro Municipal de criaderos, albergues y refugios de animales para verificar las condiciones de sanidad, bienestar animal y seguridad.

Se informó que los establecimientos registrados recibirán una certificación con vigencia de dos años.

El Gobierno Autónomo Municipal de Cochabamba, a través de la Dirección de Control Sanitario y Zoonosis – Cemzoo, iniciará el proceso de registro de criaderos, albergues y refugios que operan en el municipio, en el marco del cumplimiento de la Ley Municipal N.º 1147/2022. La medida busca fortalecer el control de estos establecimientos y garantizar condiciones adecuadas para los animales y la salud pública.

El director de Zoonosis, Diego Prudencio, informó que los responsables de estos espacios deberán solicitar su registro mediante una carta dirigida a Zoonosis. Posteriormente, se realizará una revisión documental e inspección técnica para verificar las condiciones de funcionamiento. Una vez cumplidos los requisitos, el establecimiento será inscrito en el Registro Municipal y recibirá un certificado con vigencia de dos años.

Entre las condiciones que serán verificadas se encuentran las medidas higiénico-sanitarias, el espacio adecuado para los animales, áreas de aislamiento o cuarentena, alimentación, agua, protección climática, medidas para evitar escapes y la existencia de un registro sobre el origen, destino e incidencias de los animales. Asimismo, deberán contar con un médico veterinario responsable.

La autoridad aclaró que, en esta etapa, no se aplicará una sanción directa por no contar con el registro o certificado. Sin embargo, si en un establecimiento ocurre algún incidente, accidente o un hecho que implique maltrato o biocidio, el funcionamiento sin registro ni certificación municipal podrá ser considerado un agravante dentro de los procesos y sanciones que correspondan por la vía penal u ordinaria, de acuerdo con la normativa aplicable.

Zoonosis realizará inspecciones previas y posteriores para verificar el cumplimiento de las condiciones de bienestar animal y salud pública. En el caso de los criaderos con fines comerciales, la cría y venta de animales deberá realizarse desde establecimientos destinados y registrados para esta actividad, conforme a la normativa vigente.",https://www.opinion.com.bo/articulo/cochabamba/alcaldia-inicia-registro-criaderos-albergues-refugios-fortalecer-bienestar-animal/20260826171729995314.html
Opinión,2026-08-26,"La Paz, Minería, Acciones, La Asunta, AJAM",AJAM anuncia acciones conjuntas contra la minería ilegal en La Asunta,"Durante una Petición de Informe Oral desarrollada ante la Cámara de Diputados, la Autoridad Jurisdiccional Administrativa Minera (AJAM) anunció el fortalecimiento de acciones para evitar la minería ilegal en La Asunta.

La sesión contó con la presencia del ministro de Minería y Metalurgia, Marco Antonio Calderón de la Barca, en el marco de un cuestionario planteado por la Comisión de Región Amazónica, Tierra, Territorio, Agua, Recursos Naturales y Medio Ambiente.

“La AJAM atiende las denuncias dentro de los procedimientos establecidos y, cuando existen investigaciones que corresponden al Ministerio Público, nuestra institución coadyuva con la labor investigativa”, explicó el director ejecutivo nacional de la AJAM, Jaime Sanabria.

Como parte de las acciones inmediatas, informó que se realizará una inspección técnica en el sector denunciado, extendiendo la verificación al área que corresponda y no únicamente a un punto específico.

La inspección permitirá establecer la situación técnica y jurídica de las actividades identificadas y, de ser necesario, generar los informes técnicos y adoptar las medidas administrativas correspondientes.

Sanabria aclaró que la AJAM cuenta con atribuciones para realizar tareas de fiscalización y control de la actividad minera ilegal, por lo que no requiere un convenio ni autorización previa de la Gobernación o de la Alcaldía de La Asunta para efectuar estas acciones dentro de su ámbito de actuación.

“La AJAM está asumiendo las acciones que corresponden. Vamos a realizar la verificación técnica y, a partir de los resultados, se tomarán las medidas que establece la normativa, buscando que este trabajo se desarrolle de manera coordinada y segura”, manifestó.

Por otro lado, junto a miembros de la Comisión de Región Amazónica, Sanabria anunció la solicitud de una reunión con la Fiscalía para coordinar acciones ante una posible intervención en el lugar denunciado. Para ello, se gestionará la colaboración de la Policía Boliviana y, de ser necesario, de las Fuerzas Armadas, a fin de garantizar una intervención segura y verificar la situación técnica y jurídica del área.

Además, se acordó una reunión interinstitucional para definir acciones, responsabilidades y mecanismos de intervención frente a la minería ilegal en La Asunta.",https://www.opinion.com.bo/articulo/pais/ajam-anuncia-acciones-conjuntas-mineria-ilegal-asunta/20260826170114995312.html
Opinión,2026-08-26,"Mercado, Operativo, Brujas, QUIRQUINCHOS, RANAS DISECADAS",Secuestran quirquinchos y ranas disecadas en el mercado Las Brujas de La Paz,"Un operativo de la Fuerza Especial Contra Delitos Ambientales (FELCDA), ejecutado este miércoles en el mercado Las Brujas de La Paz, permitió el secuestro de cuatro quirquinchos y cuatro ranas disecadas que pretendían ser comercializados.

Durante la intervención a los diferentes puestos de venta, también se encontraron 11 carteras, aparentemente elaboradas con piel de jaguar, las cuales fueron decomisadas.

Se sospecha que los animales disecados iban a ser utilizados en rituales ancestrales.

En el operativo, una persona fue arrestada y trasladada a dependencias policiales para las investigaciones correspondientes, por la presunta comisión del delito de tráfico ilegal de vida silvestre.

La Policía recordó que las acciones de control y protección de la fauna silvestre tienen como objetivo prevenir la comercialización y el tráfico ilegal de animales silvestres.",https://www.opinion.com.bo/articulo/pais/secuestran-quirquinchos-ranas-disecadas-mercado-brujas-paz/20260826165632995310.html
Opinión,2026-08-26,"Beni, Diálogo, Puente, Bloqueo, Convocatoria",Bloqueo en el puente San Pablo entra a cuarto intermedio tras convocatoria al diálogo,"Los productores de la provincia Marbán en Beni entraron a un cuarto intermedio en el bloqueo que instalaron la mañana de este miércoles, en rechazo al Decreto Supremo 5676 y la escasez del diésel.

La decisión se tomó luego de que se produjera una división entre los movilizados, ya que algunos aceptaron asistir a la reunión convocada por el Gobierno, mientras que otros pretendían sostener el bloqueo en el puente San Pablo, ubicado en la carretera Trinidad – Santa Cruz.

El encuentro entre los productores y el ejecutivo se programó para las 18:00 de este miércoles en la ciudad de Trinidad, con la presencia del ministro de Hidrocarburos, Marcelo Blanco, y el presidente de Yacimientos Petrolíferos Fiscales Bolivianos (YPFB), Sebastián Daroca.

Por su parte, militares fueron desplegados en el lugar para intentar levantar la medida de presión, debido a que aún rige el estado de excepción en el país.",https://www.opinion.com.bo/articulo/pais/bloqueo-puente-san-pablo-entra-cuarto-intermedio-convocatoria-dialogo/20260826164140995308.html
Opinión,2026-08-26,"Alcaldía, Sacaba, Construcciones, El Abra, Ilegales",Alcaldía de Sacaba demuele 60 construcciones ilegales en la zona de El Abra,"Identificaron construcciones en un área protegida en el Distrito 6 de Sacaba, y la Alcaldía determinó demolerlas. Se trata de más de 60 construcciones en la zona Sinaí - Viña Central Sud.

Este miércoles se realizó un operativo ejecutado por el Gobierno Autónomo Municipal de Sacaba, con el apoyo de la Policía y otras instituciones, “en defensa del área protegida y en cumplimiento de la normativa vigente”.

El director jurídico de la Alcaldía de Sacaba, Walter Terán, informó que la intervención se realizó en cumplimiento de las leyes municipales y nacionales, así como de las disposiciones destinadas a preservar las áreas protegidas y ecológicas del municipio.

“Como Gobierno Municipal tenemos la obligación de hacer respetar las leyes y proteger nuestras áreas protegidas. Por ello, se procedió a la demolición de construcciones que fueron levantadas de manera ilegal”.

Desde la Alcaldía se informó que la demolición se dio luego de las notificaciones correspondientes a la Procuraduría, Fiscalía, Gobernación de Cochabamba y Policía, además de la participación de funcionarios de la Defensoría de la Niñez y Adolescencia (DNA), Adulto Mayor y Zoonosis, quienes estuvieron presentes para atender cualquier eventualidad y garantizar el respeto de los derechos de las personas involucradas.

Terán explicó que las demoliciones se ejecutaron en tres sectores y lamentó que algunas personas posiblemente hayan sido víctimas de estafa, al adquirir terrenos bajo la promesa de que contaban con documentación legal y se encontraban debidamente saneados.

Sin embargo, aclaró que, hasta el momento, los ocupantes no presentaron documentación que acredite legalmente su derecho propietario sobre los terrenos intervenidos.

Además, dijo que el Gobierno Municipal sostuvo previamente reuniones con los afectados para abordar la situación y solicitar la documentación correspondiente; no obstante, pese a estas gestiones, no se presentó la documentación requerida que permita respaldar la legalidad de las construcciones.",https://www.opinion.com.bo/articulo/cochabamba/alcaldia-sacaba-demuele-construcciones-ilegales-zona-abra/20260826163621995306.html
Opinión,2026-08-26,Adultos Mayores,"El 82% de los adultos mayores en el país sobrevive con la Renta Dignidad, según Cáritas Bolivia","El 82% de los adultos mayores en Bolivia sobrevive con la Renta Dignidad de Bs 350, informó Elizabeth Zabala, secretaria ejecutiva de Pastoral Social Cáritas Bolivia, quien advirtió sobre las dificultades económicas que enfrenta este sector.

“De 1.200.000 adultos mayores que tenemos, el 82% sobrevive con la Renta Dignidad. Esa es la gran realidad que tenemos en nuestro país”, afirmó Zabala a ERBOL.

La representante de Cáritas explicó que la situación económica también obliga a muchos adultos mayores a continuar trabajando. El 67% es jefe de hogar y, en las áreas urbanas, muchos recurren al comercio informal, mientras que en las zonas rurales se dedican a la producción agropecuaria.

La crisis también afecta a los hogares de acogida de la Iglesia Católica, donde el incremento de los costos de alimentación, medicamentos, pañales, personal y servicios básicos dificulta su sostenimiento. Cáritas advirtió que algunos centros están en riesgo de cierre y otros ya redujeron su capacidad.

En este contexto, la Pastoral Social Cáritas Bolivia lanzó este miércoles la campaña nacional “Vejez digna, compromiso de todos”, para apoyar a 977 personas adultas mayores que viven en 17 hogares de acogida. El 74% presenta algún nivel de dependencia y el 80% no cuenta con acompañamiento familiar.

Zabala afirmó que, según datos recogidos por el Ministerio de Justicia en 2024, en Bolivia existen 78 centros de acogida para personas adultas mayores, donde viven alrededor de 2.240 personas. Zabala señaló que una parte importante de estos centros está bajo responsabilidad de la Iglesia Católica, que actualmente enfrenta dificultades para sostener sus hogares, pese a que la atención de quienes no tienen familia corresponde al Estado.

La iniciativa se realiza en el marco del Día de la Dignidad de las Personas Adultas Mayores, que se conmemora este 26 de agosto en Bolivia. Cáritas llamó a la sociedad a apoyar estos hogares y pidió al Estado asumir mayor responsabilidad en el cuidado de las personas adultas mayores.",https://www.opinion.com.bo/articulo/pais/82-adultos-mayores-pais-sobrevive-renta-dignidad-caritas-bolivia/20260826163333995304.html
Opinión,2026-08-26,"Gobierno, ALP, Sustancias controladas, Interpelación, Oviedo",Interpelación: Oviedo dice que aún no se demostró la presencia de sustancias controladas en el caso maderas,"Marco Antonio Oviedo, ministro de Gobierno, se refirió este miércoles, durante su interpelación en la Asamblea Legislativa Plurinacional (ALP), al caso “narcomaderas”. Oviedo resaltó que, hasta la fecha, no se demostró científicamente la presencia de sustancias controladas en las maderas incautadas en puertos de Chile.

“Hasta la fecha no ha sido demostrado científicamente la presencia y la forma de impregnación de sustancias controladas en los cargamentos de madera incautados en el vecino país de Chile”, resaltó Oviedo en su interpelación en la ALP.

Oviedo respondió a 11 preguntas que formularon legisladores interpelantes de Alianza Popular sobre la incautación de 1.080 toneladas de madera que, según autoridades chilenas, estaría impregnada con sustancias controladas.

El ministro explicó además que la investigación abierta en Bolivia, tras las alertas emitidas en el país vecino, se encuentra radicada en el departamento de Santa Cruz. En ese panorama, el ministro precisó que la carga retenida en puertos chilenos continúa bajo análisis y que aún no se cuenta con resultados concluyentes de laboratorio que confirmen la presencia de sustancias controladas.

“Aún se encuentra en etapa de investigación y todavía no se ha demostrado mediante pericias laboratoriales especializadas en Chile la presencia de sustancias controladas”, resaltó Oviedo.

Por otro lado, el ministro de Estado mencionó que la Fiscalía chilena se “negó” a entregar muestras de las maderas para que se realicen análisis.

“La Fiscalía chilena se ha negado a entregarnos muestras de las maderas para que las sometamos a verificación de análisis en laboratorio (…) hemos pedido al Gobierno chileno, concretamente a la Fiscalía chilena, para que haga una misión para que verifique la noticia que dañó la reputación de nuestro país”.

Oviedo pidió que “los miembros de este cuerpo” ayuden a realizar gestiones para establecer qué contienen esas 1.080 toneladas de madera incautada en Chile. “Lo que nos hicieron, un daño emergente, una responsabilidad muy grande”, finalizó.

La interpelación retomó su sesión tras un cuarto intermedio tras el informe de Oviedo y se pasó al debate para aprobar o rechazar el informe presentado por la autoridad.",https://www.opinion.com.bo/articulo/pais/interpelacion-oviedo-dice-que-aun-demostro-presencia-sustancias-controladas-caso-maderas/20260826162211995302.html
Opinión,2026-08-26,"Cochabamba, Niños, Carrera, Solidaria, Sociedad San José",Cochabamba corre por una causa: llega la quinta versión de las 33 Horas de Solidaridad,"No importa si corres, caminas o trotas: esta vez, cada kilómetro cuenta. Cochabamba se prepara para recibir la quinta versión nacional de la Carrera 33 Horas de Solidaridad, una iniciativa organizada por la Sociedad Católica San José que busca unir el deporte con una causa social: convertir cada kilómetro recorrido en un día de alimentación para un niño.

La actividad se desarrollará los 29 y 30 de agosto en el Parque de Educación Vial de Cochabamba, bajo el lema “Un kilómetro, un día de alimento”.

Cada kilómetro tiene un valor solidario de 15 bolivianos, y los participantes podrán sumar sus recorridos a través de auspicios de empresas, familias, instituciones, amigos o personas particulares.

La carrera está abierta a atletas, familias, equipos, empresarios, instituciones y estudiantes. Durante las 33 horas se podrá correr, caminar o trotar, con diferentes modalidades: 33 horas continuas para ultramaratonistas, con una inscripción de Bs 180; 24 horas continuas para supermaratonistas, por Bs 120; y 33 horas discontinuas para corredores solidarios, por Bs 60.

Además de la competencia deportiva, la organización anunció un circuito certificado, controlado y seguro, con cronometraje electrónico y control de kilómetros. Los participantes tendrán acceso a hidratación, primeros auxilios, atención de emergencias, fisioterapia, recuperación, masajes, seguridad y apoyo logístico durante la competencia. Los atletas que alcancen el podio recibirán sus respectivas medallas, mientras que quienes completen las modalidades de 24 y 33 horas recibirán la medalla de Finisher.

La iniciativa también tendrá presencia nacional, ya que la Carrera 33 Horas de Solidaridad se desarrolla en Cochabamba, Santa Cruz y La Paz, uniendo deporte y solidaridad alrededor de una misma causa. La organización está a cargo de la Sociedad Católica San José, con el patrocinio del Banco Nacional de Bolivia (BNB) y el respaldo de ICAM y empresas importantes.

La invitación está abierta: correr, caminar o trotar; lo importante es sumarse. Cada kilómetro cuenta y cada kilómetro alimenta.",https://www.opinion.com.bo/articulo/deportes/cochabamba-corre-causa-llega-quinta-version-33-horas-solidaridad/20260826155335995300.html
Opinión,2026-08-26,"Gobierno, Diésel, Decreto, Consumidores, Abrogar",Gobierno descarta abrogar decreto 5676 que ajusta precio de diésel para grandes consumidores,"El ministro de la Presidencia, Fernando Aramayo, descartó este miércoles la posibilidad de abrogar el Decreto Supremo 5676, que ajusta el precio del diésel para grandes consumidores.

La autoridad fue consultada al respecto ante las observaciones y cuestionamientos de algunos sectores productivos, que expresaron su rechazo a la norma y a los posibles efectos que esta ocasionará.

“¿Qué salida le damos? ¿Qué preferimos? ¿Que no haya abastecimiento y que las colas estén frente a surtidores que no van a vender el diésel? Es decir, la situación es clara”, afirmó Aramayo.

La autoridad recordó que, en múltiples ocasiones, el presidente Rodrigo Paz afirmó que se tomarán decisiones para transformar el país en materia económica, con el objetivo de evitar que continúen el contrabando y el desvío de combustible.

“Este no es un precio que se ha definido de forma caprichosa; incluso hay fórmulas como el precio de paridad de importación”, afirmó.

En comparación con otros países, según Aramayo, el precio de Bs 18 por litro de diésel no es “irracional” y puede ser comparado con los precios de otros países para establecer un promedio.",https://www.opinion.com.bo/articulo/pais/gobierno-descarta-abrogar-decreto-5676-que-ajusta-precio-diesel-grandes-consumidores/20260826154201995298.html
Opinión,2026-08-26,"Proyecto, Ley, Loza, Eventos, Gratis, Mayores",Loza presenta proyecto de ley para que adultos mayores ingresen gratis a eventos deportivos y culturales,"A propósito del Día de la Dignidad de las Personas Adultas Mayores, el gobernador de Cochabamba, Leonardo Loza, presentó el Proyecto de Ley Departamental N.º 011 de Acceso Libre y Gratuito de las Personas Adultas Mayores a Eventos Deportivos y Culturales, como parte de las acciones destinadas a fortalecer la protección y el ejercicio de los derechos de este sector.

El acto se desarrolló en la Casa Departamental de las Culturas, con la participación de representantes de organizaciones de personas adultas mayores y autoridades departamentales, quienes destacaron la importancia de impulsar políticas públicas que promuevan una vejez digna, activa e inclusiva.

Durante el acto, el gobernador Leonardo Loza afirmó que las personas adultas mayores merecen el reconocimiento y respeto de toda la sociedad por el aporte realizado durante su vida a sus familias, comunidades y al desarrollo del departamento.

Asimismo, exhortó a las familias a brindar atención y protección a sus padres y abuelos, y pidió denunciar cualquier hecho de discriminación o maltrato contra las personas adultas mayores.

El ejecutivo de la Confederación Nacional de Adultos Mayores, Ramón Mamo, destacó la iniciativa impulsada por la Gobernación.

ACCESO GRATUITO El Proyecto de Ley Departamental N.º 011 establece medidas para garantizar el acceso libre, gratuito y directo de las personas adultas mayores a eventos deportivos y culturales que se desarrollen en escenarios administrados por la Gobernación de Cochabamba.

La propuesta contempla que este sector pueda acceder a actividades deportivas y culturales de carácter local, departamental e internacional, promoviendo su participación e integración social.",https://www.opinion.com.bo/articulo/cochabamba/loza-presenta-proyecto-ley-que-adultos-mayores-ingresen-gratis-eventos-deportivos-culturales/20260826153226995297.html
Opinión,2026-08-26,"Narcotráfico, Marihuana, Sucre, Jóvenes, Preventiva",Ordenan detención preventiva para dos jóvenes por vender galletas con marihuana en Sucre,"Dos jóvenes, un hombre y una mujer de 20 y 24 años, fueron enviados con detención preventiva al penal de San Roque luego de ser aprehendidos por la Fuerza Especial de Lucha Contra el Narcotráfico (FELCN) en Sucre cuando vendían galletas con marihuana en el centro de la ciudad.

“Cuando estos ciudadanos se procedían a comercializar galletas, fueron interceptados por funcionarios de la Fuerza Especial de Lucha Contra el Narcotráfico y han sido remitidas al Ministerio Público”, detalló la fiscal de Materia, Laura Sánchez, en contacto con los medios de comunicación.

Ambas personas fueron encontradas en la plazuela Cochabamba, en el centro de la ciudad de Sucre, cuando pretendían comercializar de forma directa este producto. En su posesión tenían seis galletas, pero antes ya habrían vendido otras, detalló la autoridad.

Explicó que, realizada la prueba de campo, dio positivo a marihuana, por lo que se inició una investigación, en la que se allanó los domicilios de ambas personas. En el interior encontraron sustancias controladas y los instrumentos utilizados para la elaboración de las galletas, como una gramera, taburete y horno eléctrico, entre otros.

“En la ciudad de Sucre es la primera vez que el Ministerio Público toma conocimiento de este tipo de comercialización de sustancias controladas a través de galletas”, afirmó la fiscal.

Añadió que actualmente se investiga por qué medio se hacía la comercialización y de dónde obtenían la marihuana para la preparación de este producto.",https://www.opinion.com.bo/articulo/policial/ordenan-detencion-preventiva-dos-jovenes-vender-galletas-marihuana-sucre/20260826152322995295.html
Opinión,2026-08-26,"El País, Juicio, zúñiga","Asonada militar: Zúñiga propondrá de testigos a Luis Arce, Del Castillo, Aguilera y otros","El juicio por la asonada militar del 26 de junio de 2024 se retomará en octubre de este año y, para entonces, la defensa legal de Juan José Zúñiga anunció que pretende convocar como testigos al expresidente Luis Arce y su cúpula.

En este caso, Zuñiga fue acusado de supuestamente intentar un golpe de Estado militar contra Luis Arce. Sin embargo, la tesis de su defensa sostiene que fue una “emboscada” contra las Fuerzas Armadas, con la intención de fabricar una narrativa favorable al Gobierno de entonces.

Eduardo León, abogado de Zúñiga, precisó que la defensa está pidiendo como testigos a Luis Arce, los exministros Eduardo Del Castillo, Edmundo Novillo, María Nela Prada, el exviceministro Jhonny Aguilera y el entonces asesor Hugo Moldiz.

Explicó que el 5 de octubre tendrían que tomarse los testimonios aportados por el Ministerio Público, por lo cual los testigos de la defensa entrarían al juicio el 6 de octubre.

León señaló que serían en total unas 25 personas convocadas como testigos. Señaló que con esos testimonios se establecerá “cómo el presidente Arce con Edmundo Novillo, han organizado toda esta emboscada a las Fuerzas Armadas”.

Además, denunció que los exministros serían responsables de torturas sufridas por los acusados cuando fueron detenidos.

Calificó a los exministros de “torturadores” y “emboscadores”. Advirtió que los hará aprehender en caso de que no se presenten.

“Desde el propio Luis Arce Catacora, no vamos a ir con ningún tipo de consideración contra ninguno de estas personas y vamos a hacer que estas personas vengan a declarar todo lo que se han atrevido a montar”, agregó.

A su turno, Zúñiga manifestó que los testimonios de torturas de sus compañeros le han sacado lágrimas. “Realmente no se puede aceptar ese tipo de tortura, ese tipo de presión psicológica sobre los militares”, afirmó.",https://www.opinion.com.bo/articulo/pais/asonada-militar-zuniga-propondra-testigos-luis-arce-castillo-aguilera-otros/20260826151843995294.html
Opinión,2026-08-26,"Juicio, Luis Arce, Testigos, Juan José Zuñiga, ASONADA MILITAR","Juicio por la asonada militar: Zúñiga propondrá de testigos a Luis Arce, Del Castillo, Aguilera y otros exfuncionarios","El juicio por la asonada militar del 26 de junio de 2024 se retomará en octubre de este año y, para entonces, la defensa legal de Juan José Zúñiga anunció que pretende convocar como testigos al expresidente Luis Arce y su cúpula.

En este caso, Zuñiga fue acusado de supuestamente intentar un golpe de Estado militar contra Luis Arce. Sin embargo, la tesis de su defensa sostiene que fue una “emboscada” contra las Fuerzas Armadas, con la intención de fabricar una narrativa favorable al Gobierno de entonces.

Eduardo León, abogado de Zúñiga, precisó que se la defensa está pidiendo como testigos a Luis Arce, los exministros Eduardo Del Castillo, Edmundo Novillo, María Nela Prada, el exviceministro Jhonny Aguilera y el entonces asesor Hugo Moldiz.

Explicó que el 5 de octubre tendrían que tomarse los testimonios aportados por el Ministerio Público, por lo cual los testigos de la defensa entrarían al juicio el 6 de octubre.

León señaló que serían en total unas 25 personas convocadas como testigos. Señaló que con esos testimonios se establecerá “cómo el presidente Arce con Edmundo Novillo, han organizado toda esta emboscada a las Fuerzas Armadas”.

Además, denunció que los exministros serían responsables de torturas sufridas por los acusados cuando fueron detenidos.

Calificó a los exministros de “torturadores” y “emboscadores”. Advirtió que los hará aprehender en caso de que no se presenten.

“Desde el propio Luis Arce Catacora, no vamos a ir con ningún tipo de consideración contra ninguno de estas personas y vamos a hacer que estas personas vengan a declarar todo lo que se han atrevido a montar”, agregó.

A su turno, Zúñiga manifestó que los testimonios de torturas de sus compañeros le han sacado lágrimas. “Realmente no se puede aceptar ese tipo de tortura, ese tipo de presión psicológica sobre los militares”, afirmó.",https://www.opinion.com.bo/articulo/pais/juicio-asonada-militar-zuniga-propondra-testigos-luis-arce-castillo-aguilera-otros-exfuncionarios/20260826151811995293.html
Opinión,2026-08-26,"Atleta, Competencia, Vicepresidente, Zapatos, Lara",¿Quién está detrás de los zapatos que lució Lara? Un atleta los fabrica y vende para financiar sus competencias,"¿Quién está detrás de los zapatos que Edmand Lara lució con la inscripción “Vicepresidente”? La imagen de la autoridad despertó críticas y comentarios en redes sociales, donde algunos usuarios calificaron el gesto como una muestra de ego. Sin embargo, detrás del llamativo calzado está Alfredo Condori, un atleta cochabambino que los fabrica y vende para financiar su participación en competencias nacionales e internacionales de montaña.

El vicepresidente contó en sus redes sociales que el pasado 11 de agosto recibió la visita de Condori, un atleta de 26 años que representa a Bolivia en competencias internacionales de Skyrunning.

“Me obsequió un par de zapatos hechos por sus propias manos con la inscripción ‘Vicepresidente’”, escribió Lara.

La autoridad explicó que Condori fabrica y comercializa calzados para hombres para cubrir sus gastos de viaje y participar en competencias en representación del país. “Bolivia necesita más jóvenes como él. Trabajadores, dignos y comprometidos. Mi respaldo es total, pero este campeón nos necesita a todos. Apoyemos. Cada par que le compremos es un kilómetro menos que corre solo”.

Lara también compartió los números de contacto del atleta, 75200052 y 60555335, para quienes quieran adquirir sus productos y apoyar su carrera deportiva.

Condori se prepara ahora para competir en el Sudamericano de Skyrunning, que se disputará en octubre.",https://www.opinion.com.bo/articulo/pais/quien-detras-zapatos-que-lucio-lara-atleta-fabrica-vende-financiar-competencias/20260826150256995292.html
Opinión,2026-08-26,"El País, Caso, CERIMEDO",Abren nuevo caso contra Cerimedo por vuelos irregulares vinculados a sustancias controladas,"El fiscal departamental de Beni, Alexander Mendoza, informó que abrieron un nuevo proceso en contra del argentino Fernando Cerimedo por presuntos vuelos irregulares vinculados a sustancias controladas.

“El caso que se a aperturado en la unidad de sustancias controladas es a cierta protección que se estaría dando en el municipio de Santana, con relación a los vuelos irregulares que estarían dando cobertura. Es la denominación que se le ha dado, en relación a avionetas que estarían presuntamente vinculado al tráfico de sustancias controladas”, dijo el fiscal.

Asimismo, indicó que citarán a declarar a ciudadanos y funcionarios públicos en este caso y añadió que no descartan que la investigación se amplíe conforme se vayan recabando más datos.

Además, Fernández anunció que también brindarán su declaración autoridades que tienen relación con el aeropuerto donde se dio el hecho y del control de sustancias controladas.

“Lo se quiere es dar a conocer a los responsables y cuando el Ministerio Publico pueda recolectar todos los elementos de convicción vamos a ampliar la investigación, incluso hasta llegar a la imputación”, dijo el fiscal.

Por último, no descartó que haya una organización criminal dentro del caso; sin embargo, anunció harán la investigación para comprobar de quiénes se trata y qué roles cumplían.",https://www.opinion.com.bo/articulo/pais/abren-nuevo-caso-cerimedo-vuelos-irregulares-vinculados-sustancias-controladas/20260826145221995290.html
Opinión,2026-08-26,"El País, Juramento, Aramayo, Viceministros",Aramayo ratifica a cuatro viceministros y posesiona a uno nuevo para Coordinación y Planificación,"El ministro de la Presidencia, Fernando Aramayo, posesionó este miércoles a cinco viceministros, cuatro de ellos ratificados y uno nuevo, tras la renuncia de Julio Héctor Linares al Viceministerio de Coordinación, Planificación Estratégica y Modernización del Estado.

“Esta nueva arquitectura del Estado tiene que ser más eficiente, más austera, tenemos la responsabilidad de transformar la arquitectura del Estado”, afirmó la viceministra de Igualdad de Oportunidades, Jessica Echeverría, durante el acto de posesión.

La posesión se da luego de la reestructuración del Órgano Ejecutivo y la reducción de 14 a 12 ministerios, establecida mediante el Decreto Supremo 5675.

Wilson Santa María asumió como viceministro de Gestión Legislativa y Coordinación con Organizaciones Sociales; Echeverría fue ratificada en Igualdad de Oportunidades; Adrián Oliva Alcázar continuará en Autonomías y Tierras, y Marcelo Yamil García Delfín seguirá al frente de Transparencia, Seguridad Jurídica e Integridad Pública.

En tanto, René Gonzalo Rivera Méndez asumió el Viceministerio de Coordinación, Planificación Estratégica y Modernización del Estado, en reemplazo de Linares, quien presentó su renuncia irrevocable por “razones de índole institucional” y dejó el cargo este 26 de agosto.

Echeverría sostuvo que la gestión debe recuperar capacidades, fortalecer la institucionalidad y garantizar que el Estado esté al servicio de la ciudadanía.",https://www.opinion.com.bo/articulo/pais/aramayo-ratifica-cuatro-viceministros-posesiona-uno-nuevo-coordinacion-planificacion/20260826142358995289.html
Opinión,2026-08-26,"Cultura, Cine, Tim Curry","Adiós a Tim Curry, protagonista del film ""It"" y actor en ""Mi pobre angelito""","Tim Curry, actor británico reconocido por interpretar a Pennywise en It y por su participación en Mi pobre angelito 2: Perdido en Nueva York así como en The Rocky Horror Picture Show como el Dr. Frank-N-Furter,  murió a los 80 años, de acuerdo con un reporte publicado este miércoles por TMZ, que fue el primer medio en informar sobre el fallecimiento.

La información todavía se encuentra en desarrollo y, hasta el momento, no se ha difundido una confirmación oficial por parte de la familia o representantes del actor.

Curry falleció la noche del martes 25 de agosto en su casa de Los Ángeles. Fuentes policiales citadas por el medio señalaron que agentes acudieron al domicilio alrededor de las 23:23 horas y que no se sospecha de un acto criminal.

Uno de los personajes más recordados de Curry fue Pennywise, el payaso que interpretó en la miniserie televisiva It, estrenada en 1990 y basada en la novela homónima de Stephen King.

Su interpretación convirtió al personaje en una de las representaciones más reconocibles del terror televisivo de aquella época. Años después, Bill Skarsgard retomó el papel para las películas It estrenadas en 2017 y 2019.

Curry habló en distintas ocasiones sobre su experiencia interpretando al ente cósmico y llegó a señalar que ya tenía rechazo hacia los payasos cuando aceptó el papel.

Los seguidores del actor también pueden recordarlo por una participación mucho más breve, pero reconocible, en Mi pobre angelito 2: Perdido en Nueva York (Home Alone 2: Lost in New York).

En la película de 1992 protagonizada por Macaulay Culkin, Curry interpretó al conserje del hotel, quien forma parte de las escenas en las que Kevin McCallister intenta alojarse en el Hotel Plaza.

Aunque Curry acumuló una extensa trayectoria en cine, televisión y teatro, su papel más asociado con su carrera fue el de Dr. Frank-N-Furter en The Rocky Horror Picture Show, película de 1975 que se convirtió en un fenómeno de culto.

El personaje nació en el escenario antes de llegar al cine y convirtió a Curry en una figura reconocida internacionalmente. La película adquirió con el paso de los años una enorme base de seguidores y se mantuvo como una de las producciones de culto más longevas.

Curry también volvió al universo de Rocky Horror en 2016, cuando participó en The Rocky Horror Picture Show: Let's Do the Time Warp Again, esta vez como narrador y criminólogo.

La carrera del actor se vio afectada en 2012, cuando sufrió un derrame cerebral que tuvo consecuencias importantes en su movilidad. Desde entonces redujo considerablemente sus apariciones en pantalla y se concentró principalmente en trabajos de voz.

Curry utilizó una silla de ruedas desde entonces y que continuó trabajando en proyectos de voz. En 2015 recibió un reconocimiento a su trayectoria durante una ceremonia relacionada con los premios Tony.",https://www.opinion.com.bo/articulo/cultura/adios-tim-curry-protagonista-film-it-actor-pobre-angelito/20260826120602995287.html
Opinión,2026-08-26,"Cochabamba, Alcaldía, Encuentro, Comisiones",Comisiones municipales se reúnen en Cochabamba y tratan el ‘50/50’,"Temas como el 50/50, diésel y otros preocupan a las alcaldías en el país. Comisiones municipales se reúnen en Cochabamba para evaluar la situación.

El secretario de Asuntos Jurídicos de la Alcaldía de Cochabamba, Abel Zuazo, informó que Cochabamba se convertirá en el epicentro político de la “cuarta era de municipalidades 26-50”. Detalló que hoy se reciben ocho delegaciones para un diálogo sobre el 50/50 y se enfocarán en generar soluciones inmediatas.

Por su lado, el director del Servicio Estatal de Autonomías (SEA) en Bolivia, Alfonso ‘Pica’ Lema, explicó que se reúnen delegados de capitales y El Alto. Sostuvo que es necesario sustentar el trabajo y la construcción de la agenda en términos jurídicos, técnicos y fiscales. Resaltó que se inició un proceso de diálogo construcción permanente. Anunció, que en septiembre se reunirán los gobiernos autónomos municipales de capitales y El Alto, tendrán un encuentro con el Gobierno Nacional y de la misma forma los gobiernos indígenas originarios campesinos y el gobierno regional del Chaco.",https://www.opinion.com.bo/articulo/cochabamba/comisiones-municipales-reunen-cochabamba-tratan-50-50/20260826113004995285.html
Opinión,2026-08-26,"Bolivia, Universidades, Viral, Farmear, Aura",¿Farmear aura? La batalla viral que se disputa en plazas y universidades de Bolivia,"Ni peleas por bailar o rapear mejor. Lo que manda hoy en las plazas son las batallas de “farmear aura”. El gran reto viral del momento entre jóvenes y adolescentes llegó a Bolivia y consiste en demostrar, con una pose, una mirada o un movimiento, quién es el más cool del lugar… aunque a veces el resultado raye en lo contrario.

No hay golpes ni una coreografía que seguir. Dos o más participantes se colocan frente a frente y recurren a caminatas lentas, poses extravagantes, gestos elocuentes, movimientos y referencias a memes para conseguir la mayor reacción. Los gritos y aplausos determinan quién gana.

La expresión reúne dos conceptos tomados de la cultura digital. En el lenguaje de internet, “aura” se utiliza para describir la presencia, seguridad, estilo o magnetismo que una persona transmite. “Farmear” proviene de los videojuegos, donde significa repetir determinadas acciones para acumular recursos, experiencia u objetos.

El experto en derecho y tecnología Mario R. Durán Chuquimia explicó a ABI que esta combinación traslada la lógica de los videojuegos a la vida cotidiana. En las batallas, los participantes realizan acciones repetitivas para acumular de manera simbólica carisma, confianza y presencia.

Para Durán, esta tendencia refleja una “profunda gamificación de la vida social”, ya que mecánicas propias de los videojuegos pasan a formar parte de las relaciones y actividades presenciales.

La tendencia, muy viral en Latinoamérica, ya tiene escenarios en distintas ciudades del país. En La Paz, la primera actividad se efectuó el 19 de agosto en la plaza Camacho y tuvo una segunda etapa el sábado 22 en el Monoblock de la Universidad Mayor de San Andrés, donde se desarrollaron las finales.

En Cochabamba, la plaza Sucre, frente a la Universidad Mayor de San Simón, fue escenario el 22 de agosto de una competencia organizada por un grupo de amigos vinculados a la página de Facebook “Esto es San Simón”.

Tarija se sumó con un campeonato en la plaza Luis de Fuentes, mientras que en Cobija, Pando, jóvenes se reunieron por segunda vez en el Parque Urbano Piñata. En Santa Cruz, la actividad llegó hasta la Universidad Autónoma Gabriel René Moreno.

Los encuentros mantienen una característica común: los participantes no necesitan un escenario formal ni equipamiento especial. Un espacio público, un grupo de jóvenes y personas dispuestas a reaccionar son suficientes para convertir el código de las redes sociales en una competencia presencial.

En las batallas se pueden recrear memes y gestos conocidos en internet, como el “mewing”, una pose que consiste en presionar la lengua contra el paladar y marcar la mandíbula; la celebración del futbolista Cristiano Ronaldo, con su característico salto y giro; o el movimiento asociado al meme “six-seven”, que acompaña la frase con un movimiento alternado de las manos. El objetivo es generar una reacción que permita destacar frente a los demás.",https://www.opinion.com.bo/articulo/tendencias/farmear-aura-batalla-viral-que-disputa-plazas-universidades-bolivia/20260826112229995283.html
Opinión,2026-08-26,"Basura, Río, aguas, Rocha, Metropolitano","Río Rocha, aguas residuales y basura son temas prioritarios para el Eje Metropolitano","La contaminación del río Rocha, el tratamiento de aguas residuales y la gestión de residuos sólidos son temas prioritarios para las autoridades de la Región Metropolitana Kanata, en Cochabamba.

El gobernador de Cochabamba y presidente de la Región Metropolitana Kanata, Leonardo Loza, sostuvo una reunión de coordinación con los alcaldes y representantes de Sipe Sipe, Vinto, Quillacollo, Tiquipaya, Colcapirhua y Sacaba, con el objetivo de establecer una agenda conjunta para atender las principales problemáticas que afectan a la población del área metropolitana.

El encuentro contó con la participación de la Secretaria Departamental de Obras y Servicios, el Secretario Departamental de Medio Ambiente y Recursos Hídricos y el Asesor General de la Gobernación, quienes acompañaron la reunión junto a las autoridades municipales.

Durante la reunión se establecieron líneas de trabajo técnico permanente en torno a tres temas considerados prioritarios para la Región Metropolitana: la contaminación del río Rocha, el tratamiento de aguas residuales y la gestión de residuos sólidos.

“Hemos establecido líneas de trabajo técnico permanente con relación a tres temas primordiales que desde hace mucho tiempo aquejan al área metropolitana de Cochabamba: el río Rocha, las aguas residuales y el tema de la basura”, informó el gobernador Leonardo Loza.

La autoridad señaló que la coordinación entre la Gobernación y los municipios permitirá avanzar en la búsqueda de soluciones conjuntas y generar resultados que beneficien a la población de los municipios que conforman la Región Metropolitana.

En ese marco, el alcalde de Vinto, Félix Quispe, destacó la importancia de la convocatoria y señaló que los municipios comparten problemáticas comunes, principalmente relacionadas con el tratamiento de aguas residuales y la disposición de residuos sólidos.

“Hay que trabajar en esos proyectos y hemos llegado a buenas conclusiones. Vamos a instalar una mesa técnica y se tiene que dar prioridad a corto, mediano y largo plazo”, manifestó.

Asimismo, Quispe informó que los municipios delegarán a sus equipos técnicos para avanzar en propuestas concretas y establecer una agenda de trabajo que permita brindar respuestas a la población.

El alcalde de Vinto también planteó la necesidad de impulsar proyectos de infraestructura vial para su municipio, entre ellos la construcción de un puente que permita mejorar la circulación hacia la parte norte de Vinto, con la expectativa de que pueda ser considerado dentro de la planificación de la gestión 2027.",https://www.opinion.com.bo/articulo/cochabamba/rio-rocha-aguas-residuales-basura-son-temas-prioritarios-eje-metropolitano/20260826105924995281.html
Opinión,2026-08-26,"denuncias, Investigación, Presidencia, Beller, CERIMEDO",Presidencia instruyó “investigación minuciosa” sobre denuncias surgidas en el caso Cerimedo-Beller,"El viceministro de Transparencia, Yamil García, reveló que existe una instrucción presidencial para llevar adelante una investigación sobre las denuncias surgidas en el marco del caso que involucra al asesor político Fernando Cerimedo y su expareja Nadia Beller.

García hizo esa mención a tiempo de ser consultado sobre las denuncias de parte de Beller, quien acusó a Cerimedo de hechos corrupción con vínculos incluso en el entorno presidencial.

“El día de ayer hemos recibido una instrucción expresa de parte del despacho presidencial de poder realizar una investigación minuciosa en relación a cada uno de los hechos que se han señalado”, dijo este miércoles el viceministro.

Asimismo, indicó que el Gobierno se ha presentado como parte coadyuvante en la investigación que abrió la Fiscalía contra Fernando Cerimedo por por el posible delito de legitimación de ganancias ilícitas.

“Todo debe investigarse, todo debe esclarecerse. Es por eso que nosotros nos hemos puesto a disposición de la Fiscalía con la finalidad de que podamos llegar al fondo de cada una de estas afirmaciones”, agregó.

Actualmente Cerimedo se encuentra detenido preventivamente por el cargo de intento de feminicidio contra Beller.",https://www.opinion.com.bo/articulo/pais/presidencia-instruyo-investigacion-minuciosa-denuncias-surgidas-caso-cerimedo-beller/20260826103856995279.html
Opinión,2026-08-26,"Beni, Combustible, Bloqueo, Estado de excepción, DS5676","En medio del estado de excepción, bloquean la ruta Santa Cruz-Beni por el DS 5676","Productores de la provincia Marbán en Beni instalaron la mañana de este miércoles un bloqueo indefinido en la carretera Santa Cruz-Trinidad, a la altura del Puente San Pablo, exigiendo la abrogación del Decreto Supremo 5676.

Además de la anulación de la norma, los productores también piden soluciones por el abastecimiento del diésel y otras demandas que se establecieron durante un cabildo.

Debido al bloqueo, las salidas de buses desde la Terminal Bimodal de Santa Cruz hacia el Beni fueron suspendidas. Además, la Unidad Operativa de Tránsito comunicó la suspensión a las empresas de transporte, mientras la administración de la terminal instruyó no vender pasajes hacia ese departamento hasta nuevo aviso.

Hasta el momento no se reportaron enfrentamientos y los productores permanecen movilizados a la espera de una respuesta oficial a su pedido de abrogación del Decreto Supremo 5676.

El 20 de junio el Gobierno de Rodrigo Paz declaró estado de excepción en todo el territorio nacional y la medida continúa vigente.",https://www.opinion.com.bo/articulo/pais/medio-estado-excepcion-productores-bloquean-carretera-santa-cruz-beni-ds-5676/20260826103037995277.html
Opinión,2026-08-26,"Gobierno, ALP, Sesión, Ministro, Interpelación",Asamblea interpelará al Ministro de Gobierno por lucha contra el narcotráfico,"La Asamblea Legislativa Plurinacional tiene programado, en su decimoquinta sesión ordinaria, interpelar al Ministro de Gobierno, Marco Antonio Oviedo, en relación con las acciones emprendidas en la lucha contra el narcotráfico. Senadores y diputados han sido convocados hoy a las 11:00 en el Hemiciclo.

Esta actividad se enmarca en una serie de citaciones previas: ayer correspondió la interpelación al Ministro de Hidrocarburos y Energía, Marcelo Blanco; hace una semana pasó por lo mismo el Ministro de Obras Públicas, Mauricio Zamora. El 18 de agosto fue convocado el entonces Ministro de Economía, José Gabriel Espinoza; ante su inasistencia, fue censurado, y ayer tomó posesión en su reemplazo Christian Morales Burgos.",https://www.opinion.com.bo/articulo/pais/asamblea-interpelara-ministro-gobierno-lucha-narcotrafico/20260826093100995275.html
Opinión,2026-08-26,"Ciencia, Educación, Investigación, Unifranz, PREGRADO",Bolivia necesita más ciencia: el desafío de formar investigadores desde el pregrado,"La formación de investigadores no debería comenzar al final de la carrera ni limitarse a la elaboración de una tesis. En un contexto atravesado por el cambio climático, las crisis sanitarias, la transformación digital y las desigualdades sociales, las universidades enfrentan el desafío de despertar vocaciones científicas desde el pregrado y formar profesionales capaces de investigar los problemas de su entorno.

“Nosotros como universidad creemos que la investigación es un pilar fundamental de la formación de la población estudiantil y de las competencias que los docentes tienen que impartir y desarrollar entre ellos mismos”, afirma Lucía Alvarado Arnez, coordinadora nacional de Investigación de la Universidad Privada Franz Tamayo (Unifranz).

Su planteamiento pone sobre la mesa un desafío que trasciende la producción de artículos científicos. Investigar durante la formación universitaria significa aprender a formular preguntas, contrastar información, buscar evidencias y proponer soluciones a problemas concretos. En otras palabras, implica formar profesionales que no solo consuman conocimiento, sino que también estén preparados para producirlo.

El reto tiene una dimensión regional. Según datos de UNESCO, América Latina y el Caribe representó apenas el 2,5% de la inversión mundial en investigación y desarrollo en 2022. Sin embargo, el número de investigadores en la región creció de 442.835 en 2013 a 642.383 en 2022, una señal de que la construcción de capacidades científicas avanza, aunque persisten importantes brechas.

Las universidades ocupan un lugar central en este proceso. UNESCO IESALC ha señalado que las instituciones de educación superior generan más del 80% de las publicaciones científicas de América Latina y el Caribe. Esto convierte a la universidad en uno de los principales espacios para fortalecer el pensamiento científico y acercar a los jóvenes a la investigación.

Investigar antes de graduarse

Para Alvarado, la investigación debe entenderse como parte de una formación integral. “La investigación la vemos como una estrategia de formación integral que combina pensamiento crítico, análisis reflexivo y la capacidad de formular y responder preguntas relevantes para el entorno”, explica la coordinadora nacional de Investigación de Unifranz.

La idea es particularmente importante en una época en la que los estudiantes tienen acceso inmediato a grandes cantidades de información. La capacidad de distinguir fuentes confiables, analizar datos y construir conclusiones sustentadas se ha convertido en una competencia esencial, especialmente ante la expansión de herramientas de inteligencia artificial.

Desde esta perspectiva, la investigación durante el pregrado puede fortalecer la calidad académica porque transforma la relación del estudiante con el conocimiento. Ya no se trata solamente de memorizar contenidos o reproducir respuestas, sino de comprender cómo se genera la evidencia y cómo puede aplicarse para responder a desafíos reales.

“Incentivar la investigación científica en docentes y estudiantes es fundamental porque es un pilar de la construcción del conocimiento”, sostiene Alvarado. Según la académica, esta experiencia también “fortalece la formación académica y el desarrollo profesional” de quienes participan en ella.

En Unifranz, este enfoque se expresa en iniciativas como las Jornadas de Investigación, que reúnen a estudiantes, docentes e investigadores para presentar trabajos en áreas como salud, tecnología, educación, sostenibilidad y transformación digital. El propósito es que la experiencia investigativa no quede restringida a especialistas o investigadores consolidados, sino que pueda incorporarse progresivamente a la formación universitaria.

Ciencia para responder a los problemas del país

Pero formar investigadores no consiste únicamente en aumentar el número de proyectos o publicaciones. También supone preguntarse qué problemas se investigan y cuál puede ser el impacto del conocimiento generado.

“La investigación en Unifranz no es aislada, es pertinente, aplicada y orientada a generar impacto real”, afirma Alvarado. Esta perspectiva plantea una ciencia conectada con las necesidades de la sociedad y capaz de articular distintas disciplinas.

Los grandes desafíos contemporáneos difícilmente pueden abordarse desde una sola carrera. Los problemas de salud requieren el diálogo entre Medicina, Psicología, Bioquímica y otras áreas; la crisis ambiental demanda aportes de Ingeniería, Economía y Ciencias Sociales; mientras que la transformación digital abre nuevos campos de investigación para Sistemas, Derecho, Comunicación y Administración.

La UNESCO ha advertido que las limitaciones de financiamiento para la ciencia en América Latina afectan la capacidad de los países para “fomentar, retener y atraer talento”. En ese escenario, despertar vocaciones científicas desde el pregrado puede convertirse en una apuesta estratégica para ampliar las capacidades de investigación y evitar que la ciencia sea un ámbito reservado para una minoría.

La formación de nuevos investigadores también puede contribuir a la internacionalización de la educación superior. Las redes académicas, la colaboración entre universidades y la participación en proyectos internacionales permiten que los estudiantes se conecten con otras formas de producir conocimiento, sin perder de vista las necesidades locales.

El desafío, en definitiva, es transformar la curiosidad en una competencia académica. “No se trata sólo de consumir tecnología de otros países, sino de desarrollar la nuestra y también de poder ofrecerla al mundo”, sostiene Alvarado.

Bolivia necesita más ciencia, pero también necesita más jóvenes preparados para hacer preguntas relevantes y buscar respuestas con rigor. Formar investigadores desde el pregrado significa dar a los estudiantes la posibilidad de participar en la construcción del conocimiento antes de recibir su título y convertir a la universidad en un espacio donde aprender también signifique investigar, crear y transformar.",https://www.opinion.com.bo/articulo/innovacion-educativa/bolivia-necesita-mas-ciencia-desafio-formar-investigadores-pregrado/20260826080405995274.html
Opinión,2026-08-26,"Educación, Innovación, Universidad, Academia, Unifranz",De Cochabamba a Colombia: José Manuel volvió con dos títulos y un mundo nuevo,"A veces, un viaje comienza con una maleta y termina cambiando la manera de mirar el mundo. El de José Manuel Pereira Vargas empezó en Cochabamba, Bolivia, y aterrizó en Bucaramanga, Colombia, donde obtuvo doble titulación en Administración de Empresas e Ingeniería Comercial.

Allí, entre clases que comenzaban a las seis de la mañana debido al clima cálido y húmedo, tecnología de simulación de alta gama y unas hamburguesas que nunca antes había probado, José Manuel sumó nuevas experiencias a su proceso de internacionalización, un programa que desarrolla la Universidad Privada Franz Tamayo (Unifranz) junto a universidades de distintas partes del mundo.

Estudiante de Ingeniería Comercial, José Manuel decidió cruzar fronteras porque encontró en el convenio entre Unifranz y la Universidad de Investigación y Desarrollo (UDI) algo que, para él, iba mucho más allá de un intercambio convencional: la posibilidad de ampliar su perfil profesional con un segundo título y, al mismo tiempo, descubrir nuevas perspectivas sobre el mundo laboral.

Este acuerdo de doble titulación exige completar el 60% de las asignaturas en la universidad de origen antes de cursar un año académico en el exterior. Para José Manuel, este esfuerzo se tradujo en una ventaja competitiva directa, la obtención de un título en Administración de Empresas avalado por la UDI y otro en Ingeniería Comercial otorgado por Unfranz.

«Tener dos carreras estudiadas me favorece para cualquier postulación laboral, sea en Bolivia, Colombia o el exterior», afirma.

La UDI, una universidad colombiana reconocida por su enfoque tecnológico y su rigurosidad analítica, le permitió operar herramientas de simulación empresarial de última generación.

Una universidad, otra mirada

El programa de doble titulación fue concebido precisamente para fortalecer la formación académica internacional, el intercambio cultural y las competencias globales. Los estudiantes complementan su plan de estudios en la universidad receptora mediante asignaturas homologadas entre ambas instituciones. Al finalizar satisfactoriamente, pueden obtener el título de su universidad de origen y uno equivalente de la institución receptora.

Para José Manuel, la experiencia también permitió comparar dos maneras de enseñar.

En la UDI encontró una formación que percibió como más teórica, mientras que en Unifranz —dice— la enseñanza resulta «más dinámica». Esa diferencia terminó convirtiéndose en una oportunidad para reconocer el valor de una formación que combina conocimiento y experiencia.

También descubrió nuevas herramientas, especialmente programas vinculados a la simulación empresarial, que le permitieron experimentar otras formas de comprender y administrar una organización.

El programa, además, contempla mecanismos de evaluación continua para garantizar la calidad académica y una duración de hasta un año académico en la institución receptora.

Bucaramanga también se aprende caminando

Fuera de las aulas estaba la otra universidad, la vida. Bucaramanga le regaló calor, humedad, nuevos amigos y una convivencia que lo obligó a valerse por sí mismo. «Uno se hace más independiente que cuando vive con sus padres», recuerda.

Y hubo tiempo para el deporte. El vóley, que practica como hobby, siguió acompañándolo lejos de casa. También descubrió una gastronomía distinta y, entre tanta comida rápida, guarda un recuerdo especial: «probé las mejores hamburguesas».

Sin embargo, los años vividos en Cochabamba dejaron huella. Nacido en La Paz el 20 de marzo de 2002, José Manuel llegó a la Llajta a los siete años y reconoce que, después de tanto tiempo, el sillpancho ya forma parte de sus afectos.

Volver no significa regresar igual

Cuando volvió, sus amigos y familiares notaron algunos cambios. Había ganado independencia, seguridad y una nueva perspectiva.

«Esta experiencia te desarrolla más como persona», sostiene.

Ahora estudia inglés en un instituto y mira hacia el futuro con una idea concreta de trabajar en el sector bancario, un ámbito que le atrae por la estructura y organización de sus instituciones.

Para él, la doble titulación representa una ventaja profesional, pero también una responsabilidad, poner en práctica todo aquello que aprendió en dos sistemas universitarios.

Con esta experiencia, José Manuel demuestra que la calidad académica combinada con la internacionalización no solo entrega diplomas, sino que transforma el carácter de los líderes globales del mañana.

Quizá esa sea la verdadera esencia de internacionalizar la educación: no mandar a un estudiante lejos para que se vaya, sino darle herramientas para que vuelva con un mundo más grande dentro de sí.",https://www.opinion.com.bo/articulo/innovacion-educativa/cochabamba-colombia-jose-manuel-volvio-dos-titulos-mundo-nuevo/20260826080135995272.html
Opinión,2026-08-26,"Denuncia, Senador, Cuenta, CERIMEDO, BILLETERA DIGITAL",Senador revela una billetera digital vinculada al celular de Cerimedo que conecta con una cuenta millonaria,"c

Roca explicó a Urgente.bo que su investigación comenzó a partir del informe del Instituto de Investigaciones Forenses (IDIF), elaborado tras la extracción forense de información del celular de Cerimedo. Según el legislador, en una de las imágenes extraídas del dispositivo apareció una serie de códigos que posteriormente fueron rastreados e identificados por él como correspondientes a una billetera digital.

“El Ministerio Público hace el desdoblamiento del celular del señor Cerimedo y muestra la imagen del 13 de agosto donde indicaba una imagen de un mensaje de texto (…) Al lado de ese mensaje indicaba otro mensaje, Sala 3 de Audiencia, Adrián Lema. Y abajo de ese mensaje figuraba en una nota de texto del 12 de agosto donde había una serie de códigos. Esos códigos empecé a investigarlos y pertenecían justamente a una billetera fría, lo que se denomina una ‘cold wallet’ en términos de criptomonedas”, dijo el legislador.

Una cold wallet es un dispositivo o mecanismo utilizado para almacenar y gestionar criptoactivos sin mantenerlos permanentemente conectados a internet. “Una ‘cold wallet’ es como un pendrive que guarda datos, en este caso es dinero; vendría a ser como una billetera y que puede ser transferida a cualquier parte del mundo y pasar por cualquier aeropuerto y no va a levantar absolutamente ningún tipo de sospecha. Y uno puede llevar en la misma desde 100 hasta miles de millones de dólares en datos y descargarlo en cualquier parte del mundo. Es una forma de transporte y que está muy de moda hoy para lavar activos”, explicó.

El senador explicó que, a partir de los códigos encontrados en el celular, realizó un seguimiento de las operaciones registradas públicamente en la blockchain, tecnología que permite registrar y consultar transacciones digitales.

De acuerdo con su análisis, la billetera que vincula con el celular de Cerimedo habría registrado movimientos por US$ 44.100 hacia 46 destinos distintos durante los últimos seis meses y actualmente tendría un saldo de $us 9,33.

“En materia de criptoactivos, existen lo que se llaman las cuentas de minoreo, que vendrían a ser los peces; las recaudadoras, que vendrían a ser los tiburones; y los adjudicatarios finales se llaman las ballenas. Esta billetera o ‘cold wallet’ que tenía Cerimedo en el celular era un pez, una recaudadora, y justamente nosotros empezamos a verificar quiénes fueron los que transfirieron dinero en los seis meses y qué hacía Cerimedo. Acopiaba y mandaba a un número identificado, porque deja el rastro, de 10 cuentas”.

El legislador sostuvo que los fondos fueron enviados a 10 direcciones y que, al continuar con el rastreo, identificó cuentas con movimientos financieros de gran magnitud.

“Las cuentas que le enviaban dinero a esa billetera vinculada en el celular de Cerimedo, hay cuentas de $us 9.581 millones, $us 4.000 millones, $us 1.700, $us 1.000 millones, $us 975 millones y así sucesivamente. Son cuentas de gran manejo de dinero”, subrayó.

El senador también señaló que una de las direcciones identificadas correspondería a una denominada “ballena”, término utilizado en el ámbito de las criptomonedas para referirse a direcciones que manejan grandes cantidades de activos.

“Lo que nosotros vimos aquí que el ‘wallet’ que estaba vinculada al celular de Cerimedo, hacía la recepción de diferentes montos que están registrados, montos bajos, pero eran transferidos a 10 cuentas particulares. Y una de ellas, que es la que nosotros vamos a poner bastante énfasis, es lo que se denomina una ballena, es una cuenta de destino final que no tiene mucho movimiento. Y esa cuenta al día de hoy está albergando 132 millones de dólares”, explicó el legislador.

El senador considera que estos movimientos deben ser incorporados a la investigación por enriquecimiento ilícito, proceso en el que Cerimedo también está involucrado en el marco de las investigaciones seguida por el Ministerio Público.

“Aquí es donde se tiene que hacer énfasis y empezar a través de los diferentes tratados que tiene Bolivia en cuestión de lavado de activos”, manifestó.

En ese sentido, Leonardo Roca pidió que se identifique a los titulares reales de las direcciones que aparecen en la cadena de transferencias y se determine qué relación tienen con la billetera que vincula con el celular de Cerimedo. El legislador anunció que presentará estos elementos ante el fiscal que lleva la investigación por enriquecimiento ilícito y que se adherirá formalmente a la denuncia.

“En las próximas horas están trabajando en un memorial. Voy a dar a conocer estas pruebas al fiscal que está llevando la causa en la ciudad de La Paz en el tema de enriquecimiento ilícito. Vamos a poner a disposición, tomando en cuenta el informe oficial ya del IDIF, para que, con las pruebas que estemos aportando nosotros, nos vamos a convertir en parte, nos vamos a adherir a la denuncia”.

Cerimedo se encuentra bajo detención preventiva en el penal de Palmasola por el caso de intento de feminicidio contra Nadia Beller (otro proceso contra el argentino) mientras las investigaciones continúan.",https://www.opinion.com.bo/articulo/pais/senador-revela-billetera-digital-vinculada-celular-cerimedo-que-conecta-cuenta-millonaria/20260826075138995270.html
Unitel,2026-08-26,Agencias,"Miércoles, 26 de agosto de 2026",".

FÚTBOL ESPAÑA

Madrid. El Real Madrid, que venció en su estreno liguero en el RCDE Stadium al Espanyol gracias a un gol postrero de Carlos Espí, se presenta ante su público esta temporada en el Bernabéu con el aliciente del reencuentro con Jose Mourinho y la comparecencia de las nuevas incorporaciones ante un rival exigente como la Real Sociedad (21.00 horas) en el partido aplazado de la primera jornada de LaLiga EA Sports por la participación de jugadores de ambos equipos en el Mundial.

(Texto) (Foto)

.

FÚTBOL LIGA CAMPEONES

Redacción deportes. La fase principal de la Liga de Campeones conoce a los cuatro últimos participantes que saldrán de los encuentros de vuelta del 'play off' AEK Atenas (GRE)-Levski Sofía (BUL), Viking (NOR)-Dinamo Zagreb, Celje (SLO)-Slovan Bratislava (SVK), Lyon (FRA)-Fenerbahce (TUR).

(Texto)

.

FÚTBOL COPA SUDAMERICANA

Buenos Aires. El River Plate argentino y el Independiente de Santa Fe colombiano resuelven la eliminatoria de octavos de la Copa Sudamericana que fue aplazada por el terremoto que asoló parte de Colombia, un choque que parte equilibrado después del 0-0 de la ida. El vencedor se encontrará en cuartos con el Vasco da Gama brasileño.

(Texto) (foto)

.

FÚTBOL LEAGUES CUP CONCACAF

Ciudad de México. El Toluca y el América mexicanos se enfrentan a los estadounidenses Austin y Columbus Crew (USA), respectivamente, en los dos encuentros conlos que se cierran los cuartos de final de la Leagues Cup de la Concacaf.

(Texto)

.

FÚTBOL COPA CENTROAMERICANA

San José/Tegucigalpa/Guatemala.- Crónicas de los partidos de la fase de grupos de la Copa Centroamericana de la Concacaf entre Herediano (CRC)-Antigua (GUA), Marathón (HON)-Real Estelí (NIC), Alajuelense (CRC)-Plaza Amador (PAN) y Xelajú (GUA)-Luis Ángel Firpo (SAL).

(Texto) (foto)

.

CICLISMO LA VUELTA

Roquetes (Tarragona). Después de pasar por Mónaco, Francia y Andorra, La Vuelta llega a España en la quinta etapa, que se celebra de manera íntegra en Cataluña, con un recorrido entre las localidades tarraconenses de Falset y Roquetes de 171 kilómetros al que llega como líder destacado el esloveno Tadej Pogacar. Por Carlos de Torres.

(Texto) (Foto)

.

JUEGOS PANAMERICANOS LIMA 2027

Lima. El comité ejecutivo de Panam Sports, la organización deportiva panamericana, hace una visita a las sedes que acogerán los Juegos Panamericanos de Lima 2027.

(Texto) (Foto) (Vídeo)

-----------------------------------------------

AGENDA INFORMATIVA

.

CICLISMO

- Quinta etapa de La Vuelta a España (hasta el 13): Falset (Tarragona)-Roquetes (Tarragona, de 171.1 kilómetros. Información de Carlos de Torres. (FOTO)

- Tour del Porvenir (hasta 27).

.

FÚTBOL

- España. LaLiga EA Sports. 1ª jornada (FOTO): Real Madrid-Real Sociedad (19.00 GMT).

- Previa de los sorteos en Mónaco de las competiciones europeas

- Liga de Campeones. Última ronda previa. Vuelta. AEK Atenas (GRE)-Levski Sofía (BUL), Viking (NOR)-Dinamo Zagreb, Celje (SLO)-Slovan Bratislava (SVK), Lyon (FRA)-Fenerbahce (TUR) (21.00)

- Inglaterra. Copa de la Liga.

- Copa Intercontinental. Primera eliminatoria: Al Ahli (KSA)-Auckland (NZL) (20.00, en Yeda). El ganador se enfrentará al Mamelodi Sundowns sudafricano en la segunda ronda

- Copa Sudamericana. Octavos de final. Vuelta: River Plate -Independiente Santa Fe

- Leagues Cup. Cuartos de final: Toluca-Austin, America-Columbus Crew

- Copa Centroamericana. Primera fase: Herediano-Antigua, Marathon-Real Estelí, Alajuelense-Plaza Amador, Xelajú-Luis Ángel Firpo

.

MOTOCICLISMO

- Previas del Gran Premio de Aragón, en la pista del Motorland de Alcañiz, Teruel.

.

POLIDEPORTIVO

- El comité ejecutivo de Panam Sports, la organización deportiva panamericana, hace una visita a las sedes que acogerán los Juegos Panamericanos de Lima 2027. (FOTO) (VÍDEO)

.

TENIS

- Torneo ATP 250 de Winston-Salem (EE.UU.) (hasta 29).

- Torneo WTA 500 de Monterrey (México) (hasta 29).

- Abierto de Estados Unidos. Torneo de dobles mixtos. (FOTO)

----------------------------------------------------------------

dep/EFE

Redacción EFE Deportes

(34) 913 467 211

Puede escribir a deportes@efe.com para contactar con nuestra redacción.

En www.efeservicios.com encontrará toda la producción multimedia de la Agencia EFE y su Agenda Mundial, un listado actualizado de actos informativos programados.Para cualquier otro producto o servicio, contacte con clientes@efe.com o llame al +34 913 467 245. Av. de Burgos, 8B, 28036 Madrid, España

https://x.com/EFEdeportes

EFE Deportes

Tel. +34 913 467 211

deportes@efe.com",https://unitel.bo/noticias/agencias/miercoles-26-de-agosto-de-2026-ME23054109
Unitel,2026-08-26,Agencias,SIP premia reportaje sobre crimen organizado en minería de Amazonía entre lo mejor de 2026,"Miami (EE.UU.), 25 ago (EFE).- La Sociedad Interamericana de Prensa (SIP) anunció este martes a los ganadores de sus Premios a la Excelencia Periodística en 2026, entre los que se incluye un reportaje sobre el crimen organizado en la minería de la Amazonía.

Entre los premiados figuran profesionales de medios de comunicación de Norteamérica, América Latina, el Caribe y Europa, seleccionados por un jurado integrado por miembros de la Comisión de Premios de la SIP a través de 12 categorías en concurso, informó este organismo, con sede en Miami, en un comunicado.

""Estos premios son también un reconocimiento al enorme esfuerzo que realizan periodistas y medios para seguir produciendo información de calidad"", dijo la presidenta de la Comisión de Premios de la SIP, María Lorente.

Los premios están divididos en 13 categorías e incluyen 26 menciones honoríficas a trabajos que van desde la denuncia del tráfico de personas en el Caribe, hasta la resiliencia de comunidades indígenas frente a la crisis climática en Canadá o investigaciones sobre corrupción, crimen organizado y migración forzada, cuya amplitud temática fue resaltada por el jurado.

Esta fue la primera edición en que se incluyó una categoría dedicada a la perspectiva de igualdad.

Los premios consisten en diplomas de reconocimiento, además de una dotación económica de 2.000 dólares y se entregarán en una ceremonia especial durante la 82 Asamblea General de la SIP que se celebrará en Bogotá (Colombia) del 22 al 25 de octubre.

La lista de premiados:

-Premio de Periodismo en Profundidad (Patrocinado por La República, Perú): 'El precio del progreso: el lado oscuro de los minerales críticos en la Amazonía', de Juan Torres, Bram Ebus, Arianna de Sousa-García, Natalie Barusso, Daniela Castro, Emily Costa, Fábio Bispo, Hyury Potter, Isabela Granados, Joseph Poliszuk y María de los Ángeles Ramírez, Amazon Underworld, de Colombia.

-Premio de Opinión (Patrocinado por El Mercurio, Chile): '¿Volver a Caracas?', de Catalina Lobo-Guerrero, El País-América, de Colombia.

-Premio de Entrevista Alejandro Miró Quesada Garland (Patrocinado por El Comercio, Perú): 'Arturo Pérez-Reverte con Hugo Alconada Mon: 'Hay lugares de los que nunca se vuelve', de Hugo Alconada Mon, La Nación, de Argentina.

-Premio a la Cobertura Noticiosa de Actualidad (Patrocinado por Infobae): 'Luta Busca: familiares desaparecidos', de Rebeca Cardoso Ligabue, Alfredo Henrique, Rebeca Ligabue, Rafaela Lima, Érica Montenegro, Gui Prímola, Lara Abreu, Daniel Ferreira, Michael Melo, Rodrigo Freitas, Victor Sansil, Douglas Macedo, Fernanda Sousa, Fabio Leite, Márcia Delgado, Otto Valle, Olívia Meireles y Lilian Tahan, Metrópoles, de Brasil.

-Premio de Periodismo sobre Medio Ambiente Roberto Eisenmann Jr. (Patrocinado por La Prensa, Panamá): 'Países Minados II', de Sol Lauría, María Teresa Ronderos, Rigoberto Carvajal, Emiliana García, Mercedes Agüero R., Noelia Esquivel Solano, Ernesto Rivera, José Pablo Román Barzuna, David Chavarría y Hulda Miranda, Concolón, CLIP y Voz Guanacaste, de Panamá.

-Premio de Periodismo sobre Migración Claudio Paolillo (Patrocinado por La Silla Rota, México): 'Ada and Her Family Fled El Salvador. She Died Alone in the New Mexico Desert', de Lillian Perlmutter, Rolling Stone, de Estados Unidos.

-Premio de Podcast (Patrocinado por Agencia France Presse, Montevideo-Bogotá): 'Angelina vuelve: la historia y las luchas de una bombera chiquitana', de Jhulissa Michelle Nogales Cardozo, Mijail Miranda Zapata, Angelina Rodas Surubí y María Rosario Rodas Surubí, Muy Waso, de Bolivia.

-Premio de Fotografía (Patrocinado por La Prensa Gráfica, El Salvador): 'Serie Colombia golpeada por ataques antes de las elecciones', de Santiago Saldarriaga Quintero, The Associated Press, de Colombia.

-Premio de Video (Patrocinado por Fundación Carlos Freire, Ecuador): 'Río Colorado: la disputa por el agua en tiempos de sequía', de Alejandro Melgoza Rocha, Omar Sánchez de Tagle, Íñigo Arredondo Vera, Paloma Lafuente Clark, Rubén Mondragón, Marcos García Alvarado, Williams Castañeda, Evelyn Alcántara, Erick Ruiz, Andrea Salinas y Luis Villegas, N+Focus / Vix-Univisión, de México.

-Premio de Periodismo de Datos (Patrocinado por Grupo de Comunicaciones Corripio, República Dominicana): 'Radiografía del Poder: una cobertura interactiva para entender las elecciones del Perú en 2026', de Gisella Salmón Salazar, Lorena Obregón, Mayté Ciriaco, Héctor Villalobos, Armando Scargglioni C., Angela Peña y Marcelo Hidalgo, El Comercio, de Perú.

-Premio de Ilustración e Infografía (Patrocinado por El Tiempo, Colombia): 'Artemis II', de Candela Heredia, Valentina Ravera, Pablo Loscri, Diana Agustina Fernández, Ezequiel Brahim y Nicolás Cassese, La Nación, de Argentina.

-Premio de Periodismo Universitario (Patrocinado por CLAEP): 'La lucha libre como escape y sueño en Ecatepec', de David G. Martínez Rodríguez, Corriente Alterna, de México.

- Premio de Periodismo con Perspectiva de Igualdad (Patrocinado por la CIM): 'Silenciadas: Os bastidores de reportagens sobre crimes sexuais', de Cristina Fibe Gambirasio, Revista Piauí y Audible, de Brasil. EFE

hbc/ppc/eav",https://unitel.bo/noticias/agencias/sip-premia-reportaje-sobre-crimen-organizado-en-mineria-de-amazonia-entre-lo-mejor-de-2026-HE23054322
Unitel,2026-08-26,Agencias,Médicos paraguayos vuelven a manifestarse en las calles para exigir ajustes salariales,"Asunción, 25 ago (EFE).- Cientos de médicos del sector público de Paraguay volvieron a manifestarse este martes en Asunción, en reclamo de ajustes salariales y la dotación de los hospitales, y a solo días de que el Congreso, que controla el oficialismo, inicie la discusión del presupuesto de la nación para 2027.

En el segundo día de una huelga convocada inicialmente hasta el viernes, los manifestantes se concentraron frente al Panteón Nacional de los Héroes, donde reposan los restos de los próceres de Paraguay, lanzaron encendidas proclamas de reivindicación y amenazaron con extender su protesta de forma ""indefinida"" si no son atendidas sus demandas.

""Cuando nadie roba, la plata alcanza"" o ""ningún paraguayo debe morir por ser pobre"" eran algunas de las consignas que corearon los asistentes.

Tras dejar una corona de flores ante los próceres, los manifestantes intentaron marchar hasta el Congreso, pero la Policía cortó las calles aledañas al recinto legislativo.

Pese a todo, los líderes de la protesta lograron trasladarse hasta el Congreso, donde fueron recibidos por el presidente de la Cámara Baja, el diputado Raúl Latorre, quien les ofreció ser un interlocutor de sus demandas ante los parlamentarios.

""Mañana vamos a realizar una reunión con los líderes de las diferentes bancadas de la Cámara de Diputados y los representantes de los gremios médicos"", dijo Latorre -en su cuenta de la red social X-.

Los médicos están en huelga tras no llegar a un acuerdo con el Gobierno luego de cuatro reuniones de negociación.

Además de mayores ingresos y dotación de fármacos e insumos en los hospitales, los facultativos exigen los nombramientos oficiales de los profesionales que tienen contratos temporales y la mejora de sus condiciones laborales.

La huelga afecta a los principales hospitales públicos, donde se suspendieron las consultas y cirugías programadas, pero no así a los pertenecientes al Instituto de Previsión Social (IPS), la entidad gubernamental que administra los fondos de pensiones y el sistema de salud de la gran mayoría de los trabajadores del país.

""Nosotros entendemos la necesidad de los pacientes de consulta, pero estamos totalmente sobrepasados"", dijo a EFE Cynthia Vega, médica del Hospital General Pediátrico Niños de Acosta Ñu de la ciudad de San Lorenzo, cercana a Asunción.

Así mismo, Vega calificó la falta de insumos en los hospitales como ""tremenda"" y negó que el salario de los médicos sea ""suficiente"" como, aseguró, han dicho algunos miembros del Gobierno.

El viernes pasado, el Ministerio de Salud Pública y Bienestar Social oficializó los nombramientos de unos 11.000 trabajadores del sector, entre médicos, enfermeros y funcionarios administrativos.

No obstante, Vega, quien integra la mesa negociadora de los médicos, dijo que la cifra no se acerca al número real de oficializados, que calculó en menos de quinientos.

Esta mañana, los manifestantes trataron de ""hacerse ver"" por el presidente Santiago Peña, quien sostuvo un encuentro con empresarios en el Centro de Convenciones de la Conmebol en la ciudad de Luque, vecina de Asunción.

""No tuvimos ningún éxito, el presidente se dio la vuelta solamente para evitarnos"", dijo a periodistas la líder de los galenos en huelga y secretaria general del Sindicato Nacional de Médicos (Sinamed), Rossana González.

""Imposible"" financiar aumentos

Esta martes, el ministro de Economía y Finanzas, Óscar Lovera, aseguró que al Gobierno le resulta ""imposible"" financiar el ajuste salarial que exigen los médicos.

Sin embargo, el diputado opositor Rubén Rubín dijo esta mañana a los líderes de la huelga que ""plata hay"".

""Docentes, personal de blanco y fuerzas públicas son los cimientos de la democracia. Si no hay plata para ustedes, no tiene sentido conformar Gobierno (...), gastamos fortunas en bonificaciones para cargos públicos, entonces, plata hay"", apuntó Rubín.

De igual manera, el parlamentario prometió transformase en la voz de los médicos cuando el Congreso inicie la discusión del presupuesto para 2027, que debe ocurrir a más tardar el próximo martes 1 de septiembre, y consideró como un momento propicio para garantizar los recursos de los posibles aumentos.

Los médicos aseguran que el último reajuste salarial que recibieron fue aprobado en 2012.

Un galeno devenga como mínimo entre cinco millones (832 dólares) y 5,4 millones de guaraníes (900 dólares) de acuerdo con su tipo de contrato, según datos oficiales.EFE

rgc/lb/jrg

(Foto) (Video)",https://unitel.bo/noticias/agencias/medicos-paraguayos-vuelven-a-manifestarse-en-las-calles-para-exigir-ajustes-salariales-HE23054407
Unitel,2026-08-26,Agencias,Miércoles 26 de agosto de 2026 (19.30 GMT),"Madrid, 25 ago (EFE).-

Neuhardenberg (Alemania).- El canciller alemán, Friedrich Merz, informa de los resultados de la tradicional reunión de verano del Gobierno de coalición antes del inicio del nuevo curso político, en la que los conservadores y socialdemócratas han analizado retos como el tibio crecimiento y la falta de competitividad, en un momento de descontento generalizado de los germanos con el Ejecutivo y antes de tres elecciones clave en el este del país.(Vídeo) (Foto)

Ciudad del Vaticano.- El papa León XIV preside la tradicional audiencia general en el Vaticano.

(Vídeo) (Foto)

Pekín.- Los Juegos Mundiales de Robots Humanoides de Pekín celebran sus principales finales y la ceremonia de clausura, una jornada que permitirá evaluar la evolución de las máquinas respecto a la primera edición, celebrada en 2025.

(Vídeo) (Foto)

La Paz.- Sectores afines al expresidente de Bolivia Evo Morales se reúnen en el centro del país para definir medidas de presión contra el incremento del precio del diésel para grandes consumidores y en defensa de su líder antes las órdenes de captura que pesan contra el exgobernante, pese a que sigue vigente el estado de excepción.

(Vídeo) (Foto)

Ciudad de Guatemala.- El director del Instituto Guatemalteco de Turismo (Inguat), Harris Whitbeck, asegura que los turistas extranjeros que llegan al país centroamericano están registrando estadías más prolongadas e incrementando su gasto diario en los distintos destinos que visitan.

(Vídeo) (Foto)

Miami (EEUU).- El costo de la vida en Miami supera por primera vez al de Nueva York ante el aumento de los precios de la vivienda y los alimentos, revelan datos de la Oficina de Análisis Económico de Estados Unidos (BEA), un fenómeno que se ha agudizado en medio de la mudanza de los multimillonarios a esta ciudad del sur de Florida.

(Vídeo) (Foto)

Lima.- Presentación de los resultados de las recientes investigaciones arqueológicas realizadas en Vichama, ciudad de la civilización Caral, la más antigua de América, que se desarrolló al norte de Lima hace unos 5.000 años.

(Vídeo) (Foto)

San Juan de Luz.- La obra de Manuel de Falla, de cuyo nacimiento se cumplen 150 años, protagoniza el Festival Ravel de la localidad vascofrancesa de San Juan de Luz, que este año explora los vínculos musicales entre Francia y España.

(Vídeo) (Foto)

Los Ángeles (EE.UU.).- 'Coyote vs. Acme', la película que convierte las eternas desventuras de Wile E. Coyote en una batalla legal contra la poderosa corporación Acme, llegará finalmente a los cines después de vivir una odisea similar detrás de cámaras. ""Hicimos una película sobre un desvalido y la película se convirtió en una desvalida"", dice a EFE su director, Dave Green.

(Vídeo) (Foto)

Lima.- El comité ejecutivo de Panam Sports, la organización deportiva panamericana, hace una visita a las sedes que acogerán los Juegos Panamericanos de Lima 2027.

(Vídeo) (Foto)

epp/EFETV

Si quiere conocer otros actos y acontecimientos informativos previstos para hoy o para cualquiera de los próximos 365 días, en España y en el mundo, ponemos a su disposición la Agenda Digital Mundial a la que se accede por Internet y que se actualiza al instante cada vez que EFE conoce una nueva convocatoria. Esta herramienta permite segmentar las previsiones según el interés del usuario.

Para más información sobre éste u otros productos, póngase en contacto con nuestro Departamento de atención al cliente en el teléfono + 34913467245 en horario continuo desde las 07.30 (GMT) horas hasta las 19.00 horas (GMT), o en la dirección electrónica clientes@efe.com.",https://unitel.bo/noticias/agencias/miercoles-26-de-agosto-de-2026-1930-gmt-HE23054517
Unitel,2026-08-26,Agencias,"Miércoles, 26 de agosto de 2026 (02:00 GMT)","DESTACADOS

ISRAEL PALESTINA

Jerusalén/Nueva York - Aumentan las tensiones entre Israel y la ONU tras el cierre de un centro de su agencia UNRWA para los refugiados palestinos en Jerusalén Este, coincidiendo con una reunión del Consejo de Seguridad en Nueva York para discutir sobre la situación en Palestina.

(Texto)

SIRIA KURDOS

Damasco - La disolución pacífica de la alianza armada kurdosiria de las Fuerzas de Siria Democrática (FSD) y su integración en las instituciones del Estado, anuncio que llegó apenas un día después de que el país saliera de la lista estadounidense de los países patrocinadores de terrorismo, abre una nueva era en la turbulenta vida política del país árabe.

(Texto)

CHINA ROBOTS

Pekín - Los Juegos Mundiales de Robots Humanoides de Pekín celebran sus principales finales y la ceremonia de clausura en una jornada que permitirá evaluar la evolución de las máquinas respecto a la primera edición, celebrada en 2025.

(Texto) (Foto) (Vídeo)

ADEMÁS

COLOMBIA TERREMOTO | Cali (Colombia) - Entre los escombros de los edificios derrumbados en Cali por el terremoto del 10 de agosto empiezan a aparecer fragmentos de objetos personales, fotografías y recuerdos que alguna vez hicieron parte de centenares de hogares y que hoy cuentan otra historia, la de las muchas vidas que se perdieron.(Texto) (Foto) (Vídeo)

UCRANIA GUERRA | Kiev - Ucrania se plantea eximir de la movilización a los hombres de más de 50 años, rechaza obligar a ir al Ejército a las mujeres y se resiste a rebajar la edad de reclutamiento forzoso pese al déficit de personal militar por temor a los efectos sociales y demográficos. (Texto)

IRÁN GUERRA | Teherán - Irán hace frente a la nueva campaña de sanciones económicas por parte de Estados Unidos, que sostiene que ha desminado el estrecho de Ormuz.

AGRICULTURA VENDIMIA | París/Roma/Lisboa/Berlín/Ginebra - El calor ha adelantado la vendimia en los principales países productores de Europa a unos niveles nunca vistos, en medio de los esfuerzos de los viticultores por adaptarse al cambio climático y garantizar su rentabilidad. (Texto)

EEUU CINE | Los Ángeles (EE.UU.) - 'Coyote vs. Acme', la película que convierte las eternas desventuras de Wile E. Coyote en una batalla legal contra la poderosa corporación Acme, llegará finalmente a los cines después de vivir una odisea similar detrás de cámaras. ""Hicimos una película sobre un desvalido y la película se convirtió en una desvalida"", dice a EFE su director, Dave Green. (Texto) (Foto) (Vídeo)

SERIES NOVEDADES | Madrid - Las historias de la escritora superventas Elísabet Benavent regresan a Netflix el 28 de agosto con la adaptación de su novela 'Toda la verdad de mis mentiras' en una miniserie compuesta por cinco episodios que explora el ""amor por los amigos"" y el concepto de que ""detrás de cada mentira hay una verdad"", en palabras de la autora. (Texto) (Foto) (Vídeo)

ESPECIALES:

Con motivo de los seis meses del comienzo de la guerra de Estados Unidos e Israel contra Irán, el próximo viernes, la agencia EFE enviará la segunda parte de una serie especial bajo la guía IRÁN GUERRA.

AGENDA INFORMATIVA

América

12:30 GMT.- Washington.- EEUU PIB.- La Oficina de Análisis Económico publica la primera revisión del dato del producto interior bruto (PIB) de EE.UU. en el segundo trimestre, que se espera refleje una ligera revisión al alza del 1,5 % al 1,6 % anualizado. (Texto)

14:00 GMT.- Ciudad de Guatemala.- GUATEMALA TURISMO.- El director del Instituto Guatemalteco de Turismo (Inguat), Harris Whitbeck, asegura que los turistas extranjeros que llegan al país centroamericano están registrando estadías más prolongadas e incrementando su gasto diario en los distintos destinos que visitan. (Texto) (Foto) (Vídeo)

14:00 GMT.- Cartagena de Indias.- COLOMBIA BANCA.- El vicepresidente de Colombia, José Manuel Restrepo, participa en la inauguración de la 60 convención anual de la Asociación Bancaria de Colombia (Asobancaria). (Texto) (Foto)

14:00 GMT.- Asunción.- PARAGUAY JUSTICIA.- La Coordinadora de Derechos Humanos del Paraguay (Codehupy) anuncia la presentación de una denuncia ante el Comité de Derechos Humanos de las Naciones Unidas por el caso de la destitución de la exsenadora opositora Kattya González, en febrero de 2024. Sede de la Coordinadora de Derechos Humanos del Paraguay (Codehupy) (Texto) (Foto)

14:00 GMT.- Nueva York.- ISRAEL PALESTINA.- El Consejo de Seguridad de la ONU celebra un sesión sobre la situación en Palestina

14:00 GMT.- Quito.- ECUADOR BANCOS.- El Superintendente de Bancos de Ecuador, Roberto Romero von Buchwald, comparte información de contexto del sistema financiero nacional, estabilidad financiera y estrategias implementadas desde la entidad supervisora. Swisshotel

16:00 GMT.- Lima.- PERÚ ARQUEOLOGÍA.- Presentación de los resultados de las recientes investigaciones arqueológicas realizadas en Vichama, ciudad de la civilización Caral, la más antigua de América, que se desarrolló al norte de Lima hace unos 5.000 años. Ministerio de Cultura (Texto) (Foto) (Vídeo)

20:00 GMT.- Washington.- ONU SECRETARÍA GENERAL.- El diplomático argentino Rafael Grossi ofrece una charla en el Centro Stimson de Washington para presentar su visión de futuro para Naciones Unidas en el marco de su campaña para convertirse en próximo secretario general del organismo. Centro Stimson (Texto)

20:30 GMT.- Nueva York.- NVIDIA RESULTADOS.- La tecnológica Nvidia presenta este miércoles al cierre de Wall Street sus resultados del segundo trimestre fiscal, tras disparar un 210 % su beneficio y un 85 % sus ingresos en el trimestre anterior, hasta 58.321 y 81.615 millones de dólares, respectivamente, con los inversores pendientes de la evolución de la demanda de chips para inteligencia artificial y de sus previsiones para los próximos meses. (Texto)

22:30h.- Quito.- ECUADOR JUSTICIA.- Un tribunal de Ecuador anuncia su decisión sobre el pedido de Fiscalía de condenar al expresidente Abdalá Bucaram, su hijo Jacobo, y otras dos personas por el delito de delincuencia organizada, por la supuesta venta irregular de pruebas para detectar la covid-19 y otros insumos médicos en 2020. Complejo Judicial Norte de Quito, cuarto piso (Texto)

Tegucigalpa - HONDURAS JUSTICIA - La audiencia inicial contra el expresidente hondureño Juan Orlando Hernández (2014-2022), indultado en Estados Unidos por Donald Trump tras ser condenado por narcotráfico, acusado de presunto fraude y lavado de activos, continúa este miércoles con los peritajes de la Fiscalía y la defensa, antes de pasar a la fase de conclusiones. (Texto) (Foto)

La Paz.- BOLIVIA PROTESTAS.- Sectores afines al expresidente de Bolivia Evo Morales se reúnen en el centro del país para definir medidas de presión contra el incremento del precio del diésel para grandes consumidores y en defensa de su líder antes las órdenes de captura que pesan contra el exgobernante, pese a que sigue vigente el estado de excepción (A las 20.00 hora local (00.00 GMT del jueves). (Texto) (Foto) (Vídeo)

Ciudad de México - MÉXICO VIOLENCIA - Los recientes golpes contra los cárteles mexicanos y la creciente presión de Estados Unidos están empujando a las organizaciones criminales a reconfigurar sus alianzas, formas de operar y el ejercicio de la violencia para mantener un perfil más bajo, según explicó a EFE el especialista en seguridad Andrés Sumano. (Texto) (Foto)

Miami - EEUU INFLACIÓN - El costo de vida en Miami supera por primera vez al de Nueva York ante el aumento de los precios de la vivienda y los alimentos, revelan datos de la Oficina de Análisis Económico de Estados Unidos (BEA), un fenómeno que se ha agudizado en medio de la mudanza de los multimillonarios a la ciudad del sur de Florida. (Texto) (Foto) (Vídeo)

Washington.- EEUU ENERGÍA NUCLEAR.- Se celebra el Foro Internacional de Alto Nivel de la iniciativa Tecnologías Atómicas Autorizadas para Aplicaciones en el Mar (ATLAS) del Organismo Internacional de Energía Atómica (OIEA) para el desarrollo de energía nuclear en el mar. Waldorf Astoria (Texto)

Ciudad de México - MÉXICO MUJERES - La activista estadounidense por los derechos civiles Angela Davis visita por primera vez la Universidad Nacional Autónoma de México (UNAM) para impartir la charla 'Abolición, feminismo, ¡ahora!' en el marco de las actividades de la FILUNI 2026 (Texto) (Foto)

San Salvador.- EL SALVADOR VIOLENCIA.- El Salvador continuará bajo un polémico régimen de excepción, que suspende garantías constitucionales a toda la población y es señalado de violentar derechos humanos, al aprobarse este miércoles en la Asamblea Legislativa una nueva prórroga para 30 días más de implementación. (Texto)

Ciudad de México.- MÉXICO ECONOMÍA.- El Banco de México presenta su informe trimestral abril-junio (Texto)

Lima.- PERÚ ECONOMÍA.- El Instituto Nacional de Estadística e Informática (INEI) de Perú presenta el informe Panorama Económico Departamental de junio de 2026. (Texto)

Buenos Aires.- MARADONA JUICIO.- Previa de una nueva audiencia del juicio para determinar responsabilidades por la muerte de Diego Armando Maradona. (Texto)

Asunción - PARAGUAY SALUD - Tercer día de protestas de la huelga convocada por los médicos del sector público en Paraguay, quienes exigen un reajuste salarial, mejores condiciones laborales y la dotación de insumos y medicamentos en los hospitales. (Texto)

Europa

08:00 GMT.- Roma.- PAPA AUDIENCIA.- El papa León XIV preside la tradicional audiencia general en el Vaticano (Texto) (Foto) (Vídeo)

10:00 GMT.- Neuhardenberg (Alemania).- ALEMANIA GOBIERNO.- El canciller alemán, Friedrich Merz, informa de los resultados de la tradicional reunión de verano del Gobierno de coalición antes del inicio del nuevo curso político, en la que los conservadores y socialdemócratas han analizado retos como el tibio crecimiento y la falta de competitividad, en un momento de descontento generalizado de los germanos con el Ejecutivo y antes de tres elecciones clave en el este del país. (Texto) (Foto) (Vídeo)

10:10 GMT.- Fráncfort.- UE BCE.- El miembro del comité ejecutivo del Banco Central Europeo (BCE) Piero Cipollone da un discurso en un simposio del Bundesbank, el banco central de Alemania, sobre ""El futuro de los pagos: tendencias e innovaciones en Alemania y Europa"".

11:00 GMT.- Nicosia.- CHIPRE REUNIFICACIÓN.- Reunión del presidente de la República de Chipre, Nikos Jristodulidis, y su homólogo de la República Turca del Norte de Chipre (RTNC, solo reconocida por Ankara) para sondear las posibilidades de reanudar el proceso para la reunificación de la isla.

15:40 GMT.- Riga.- BÁLTICOS UE.- El presidente del Consejo Europeo, António Costa, se reúne por separado en Riga y en Vilna con el primer ministro letón, Andris Kulbergs, y el presidente de Lituania, Gitanas Nauseda. (Texto)

Moscú.- RUSIA CATÓLICOS.- El jefe de la diplomacia del Vaticano, Paul Richard Gallagher, se reúne con Yuri Ushakov, asesor de política internacional del Kremlin. (Texto)

Kiev.- UCRANIA GUERRA.- Ucrania se plantea eximir de la movilización a los hombres de más de 50 años, rechaza obligar a ir al Ejército a las mujeres y se resiste a rebajar la edad de reclutamiento forzoso pese al déficit de personal militar por temor a los efectos sociales y demográficos. (Texto)

Kiev.- UCRANIA GUERRA.- Una delegación de la Comisión de Asuntos Exteriores del Senado de España participar en las reuniones organizadas por el vicepresidente de la Comisión de Asuntos Exteriores del Seimas de Lituania y presidente del Grupo United For Ukraine en Kiev.

San Juan de Luz (Francia).- FRANCIA ESPAÑA.- San Juan de Luz (Francia), la obra de Manuel de Falla, de cuyo nacimiento se cumplen 150 años, protagoniza el Festival Ravel de la localidad vascofrancesa de San Juan de Luz, que este año explora los vínculos musicales entre Francia y España. (Texto) (Foto) (Vídeo)

África

Dakar.- SENEGAL JUSTICIA.- Nueva audiencia judicial en el caso por difamación que implica al ex primer ministro senegalés Ousmane Sonko y el ex ministro de Turismo del país, Mame Mbaye Niang.

Asia

Ulán Bator.- COP DESERTIFICACIÓN.- Se celebra en Ulán Bator la Convención de las Naciones Unidas de Lucha contra la Desertificación.

Pekín.- CHINA ROBOTS.- Los Juegos Mundiales de Robots Humanoides de Pekín celebran sus principales finales y la ceremonia de clausura, una jornada que permitirá evaluar la evolución de las máquinas respecto a la primera edición, celebrada en 2025. (Texto) (Foto) (Vídeo)

naipyidó.- BIRMANIA VIETNAM.- El ministro de Exteriores de Vietnam, Le Hoai Trung, visita Birmania donde tiene previsto reunirse con el jefe de la diplomacia del gobierno militar, Tin Maung Swe, en el primer viaje de un canciller vietnamita al país desde el golpe de Estado de 2021 y en el contexto de la pretendida transición política impulsada por el régimen castrense birmano.

Seúl.- COREA DEL SUR EMPRESAS.- Hyundai Motor presenta en Seúl sus principales líneas estratégicas en el 'CEO Investor Day', una cita anual en la que el fabricante surcoreano suele actualizar sus planes de inversión, producción y tecnologías de futuro, así como sus objetivos financieros y de retorno al accionista. (Texto)

Redacción EFE Internacional

(34)913 46 71 00

Puede escribir a mesacentral@efe.com para contactar con nuestra redacción.

En www.efeservicios.com encontrará toda la producción multimedia de la Agencia EFE y su Agenda Mundial, un listado actualizado de actos informativos programados.

Para cualquier otro producto o servicio, contacte con clientes@efe.com o llame al +34 91 3467245",https://unitel.bo/noticias/agencias/miercoles-26-de-agosto-de-2026-0200-gmt-NH23061963
Unitel,2026-08-26,Agencias,Perú y Ecuador acuerdan proteger el canal de Zarumilla ante lluvias del fenómeno El Niño,"Lima, 25 ago (EFE).- Autoridades de Perú y Ecuador acordaron reforzar el mantenimiento, la protección y la seguridad del Canal de Zarumilla y la Bocatoma de La Palma, infraestructura binacional clave para sus poblaciones fronterizas, en una reunión de la Comisión Binacional Permanente, según informó este martes la Cancillería peruana.

Ante el riesgo de eventos climáticos extremos por El Niño, Perú planteó la necesidad de ejecutar durante este año trabajos integrales y urgentes de mantenimiento del canal fronterizo, que incluyen la descolmatación de su cauce, así como intervenciones en puntos críticos.

Estas acciones permitirán recuperar su capacidad de conducción hidráulica y reducir el riesgo de desbordes y daños a la infraestructura, indicó la delegación peruana durante la XVI Reunión Ordinaria de la Comisión Binacional Permanente para la Administración del Canal de Zarumilla y la Utilización de sus Aguas, realizada en la ciudad ecuatoriana de Machala.

A su vez, la parte ecuatoriana informó sobre las gestiones y la disponibilidad de recursos para renovar la póliza de seguro anual que protege el Canal de Zarumilla y la Bocatoma La Palma.

En materia de seguridad, ambos países acordaron reforzar la protección física de esta infraestructura binacional, particularmente frente a pasos fronterizos no autorizados, agregó la cancillería de Perú.

Estos acuerdos se adoptaron en el encuentro celebrado el lunes y martes por el Director General de Desarrollo e Integración Fronteriza del ministerio de Relaciones Exteriores del Perú, embajador Juan Del Campo Rodríguez, y el viceministro del Agua del ministerio de Ambiente y Energía del Ecuador, Fredy Muñoz.

Ambos reafirmaron el compromiso de sus países con una gestión coordinada y eficiente respecto a esta infraestructura compartida.

Asimismo, la Comisión convocará a una reunión extraordinaria a mediados de noviembre próximo, en la que se evaluarán los avances en el mantenimiento, la renovación del seguro y las medidas de seguridad.

De acuerdo a la Comisión Multisectorial encargada del Estudio Nacional del Fenómeno El Niño (ENFEN) en Perú, se prevé la continuación del fenómeno climatológico El Niño Costero, con lluvias intensas en la costa, con una magnitud más probable entre fuerte y extraordinaria hasta inicios del 2027.

Además, se indica que para la región que comprende el Pacífico ecuatorial central se prevé que El Niño se extienda hasta inicios del otoño de 2027, y que sus magnitudes más probables serían fuertes de agosto a setiembre próximo y de fuerte a muy fuerte entre octubre y febrero de 2027.EFE

mmr/gad",https://unitel.bo/noticias/agencias/peru-y-ecuador-acuerdan-proteger-el-canal-de-zarumilla-ante-lluvias-del-fenomeno-el-nino-HH23062126
Unitel,2026-08-26,Agencias,"Miércoles, 26 de agosto de 2026 (07.00 GMT)","Bangkok/Madrid, 26 ago (EFE).-

Neuhardenberg (Alemania).- El canciller alemán, Friedrich Merz, informa de los resultados de la tradicional reunión de verano del Gobierno de coalición antes del inicio del nuevo curso político, en la que los conservadores y socialdemócratas han analizado retos como el tibio crecimiento y la falta de competitividad, en un momento de descontento generalizado de los germanos con el Ejecutivo y antes de tres elecciones clave en el este del país.

(Vídeo)(Foto)(Audio)

Washington.- El secretario de Estado de EE.UU., Marco Rubio, recibe a su homólogo mexicano, Roberto Velasco Álvarez, para tratar asuntos de migración y seguridad, prioritarios en la relación entre ambos países vecinos.

(Vídeo)(Foto)

Cali (Colombia).- Entre los escombros de los edificios derrumbados en Cali por el terremoto del 10 de agosto empiezan a aparecer fragmentos de objetos personales, fotografías y recuerdos que alguna vez hicieron parte de centenares de hogares y que hoy cuentan otra historia, la de las muchas vidas que se perdieron.

(Vídeo)(Foto)

San Salvador .- Cerca de 6,9 millones de quintales de maíz, frijol y sorgo de la siembra postrera estarían en riesgo de perderse en El Salvador a consecuencia de la sequía que ha afectado, principalmente, a la zona oriental del país en las últimas semanas por influencia del fenómeno El Niño, advierten pequeños y medianos productores agropecuarios.

(Vídeo)

Islamabad.- Al menos 15 bebés recién nacidos fallecieron el miércoles tras desatarse un incendio en el hospital del Instituto de Ciencias Médicas de Pakistán (PIMS), en Islamabad, según reportó la cadena local Geo News.

(Vídeo)(Foto)

Guangxi/Fujian (China).- El tifón Narra se debilitaba este miércoles tras tocar tierra en la isla china de Hainan y la provincia de Cantón, mientras las autoridades mantenían la alerta por Saudel, que avanzaba por el mar de China Oriental y podría acercarse en los próximos días a las costas orientales del país asiático.

(Vídeo)

Ciudad del Vaticano.- El papa León XIV preside la tradicional audiencia general en el Vaticano.

(Vídeo)(Foto)

Pekín.- Los Juegos Mundiales de Robots Humanoides de Pekín celebran sus principales finales y la ceremonia de clausura, una jornada que permitirá evaluar la evolución de las máquinas respecto a la primera edición, celebrada en 2025.

(Vídeo)(Foto)(Audio)

La Paz.- Sectores afines al expresidente de Bolivia Evo Morales se reúnen en el centro del país para definir medidas de presión contra el incremento del precio del diésel para grandes consumidores y en defensa de su líder antes las órdenes de captura que pesan contra el exgobernante, pese a que sigue vigente el estado de excepción.

(Vídeo)(Foto)

Ciudad de Guatemala.- El director del Instituto Guatemalteco de Turismo (Inguat), Harris Whitbeck, asegura que los turistas extranjeros que llegan al país centroamericano están registrando estadías más prolongadas e incrementando su gasto diario en los distintos destinos que visitan.

(Vídeo)(Foto)

Miami (EE.UU.).- El costo de la vida en Miami supera por primera vez al de Nueva York ante el aumento de los precios de la vivienda y los alimentos, revelan datos de la Oficina de Análisis Económico de Estados Unidos (BEA), un fenómeno que se ha agudizado en medio de la mudanza de los multimillonarios a esta ciudad del sur de Florida.

(Vídeo)(Foto)

Coto Brus (Costa Rica).- Cuando apenas eran unos niños Cristian y Amado Vargas comenzaron a recolectar piedras extrañas en una quebrada a la que solían ir a jugar y pescar, sin imaginarse que tres décadas después tendrían en su poder cerca de 10.000 piezas fósiles correspondientes a animales que hace miles de años habitaron lo que hoy es Costa Rica.

(Vídeo)(Foto)

Gadungaal Yuin /Canberra (Australia).- Mientras Europa atraviesa una de sus peores temporadas de incendios de los últimos años, Australia aprovecha el invierno austral para prepararse ante un verano que podría ser especialmente severo, combinando satélites, Inteligencia Artificial y drones con el conocimiento ancestral de las comunidades aborígenes para anticiparse al fuego.

(Vídeo)(Foto)

Lima.- Presentación de los resultados de las recientes investigaciones arqueológicas realizadas en Vichama, ciudad de la civilización Caral, la más antigua de América, que se desarrolló al norte de Lima hace unos 5.000 años.

(Vídeo)(Foto)

San Juan de Luz (Francia).- La obra de Manuel de Falla, de cuyo nacimiento se cumplen 150 años, protagoniza el Festival Ravel de la localidad vascofrancesa de San Juan de Luz, que este año explora los vínculos musicales entre Francia y España.

(Vídeo)(Foto)

Seúl.- Corea del Sur vive el último verano en el que podrá venderse la sopa de carne de perro, un plato tradicional de los meses de más calor, antes de que la prohibición del comercio de estos animales para consumo entre en vigor en 2027, mientras el negocio sufre un inevitable declive.

(Vídeo)(Foto)

Calcuta (India) .- Devotos han participado este miércoles en una oración colectiva para conmemorar el 116º aniversario del nacimiento de la Madre Teresa, nacida en 1910 y que recibió el Premio Nobel de la Paz en 1979 por su labor misionera en Calcuta.

(Vídeo)(Foto)

Asia (varias ciudades).- Musulmanes en Asia celebran un aniversario más del nacimiento de Mahoma.

(Vídeo)(Foto)

Nueva York (EE.UU.).- Inicia la residencia del cantante británico Harry Styles en el Madison Square Garden de Nueva York.

(Vídeo)(Foto)

Madrid.- Las historias de la escritora superventas Elísabet Benavent regresan a Netflix el 28 de agosto con la adaptación de su novela 'Toda la verdad de mis mentiras' en una miniserie compuesta por cinco episodios que explora el ""amor por los amigos"" y el concepto de que ""detrás de cada mentira hay una verdad"", en palabras de la autora.

(Vídeo)(Foto)

Los Ángeles (EE.UU.).- 'Coyote vs. Acme', la película que convierte las eternas desventuras de Wile E. Coyote en una batalla legal contra la poderosa corporación Acme, llegará finalmente a los cines después de vivir una odisea similar detrás de cámaras. ""Hicimos una película sobre un desvalido y la película se convirtió en una desvalida"", dice a EFE su director, Dave Green.

(Vídeo)(Foto)

Lima.- El comité ejecutivo de Panam Sports, la organización deportiva panamericana, hace una visita a las sedes que acogerán los Juegos Panamericanos de Lima 2027.

(Vídeo)(Foto)

Nueva York (EE.UU.).- Las semifinales y final del dobles mixto del Abierto de Estados Unidos se disputan este miércoles con un premio de un millón de dólares en juego para la pareja ganadora.

(Vídeo)(Foto)

cdp/alm/EFE

Si quiere conocer otros actos y acontecimientos informativos previstos para hoy o para cualquiera de los próximos 365 días, en España y en el mundo, ponemos a su disposición la Agenda Digital Mundial a la que se accede por Internet y que se actualiza al instante cada vez que EFE conoce una nueva convocatoria. Esta herramienta permite segmentar las previsiones según el interés del usuario.

Para más información sobre éste u otros productos, póngase en contacto con nuestro Departamento de atención al cliente en el teléfono + 34913467245 en horario continuo desde las 07.30 (GMT) horas hasta las 19.00 horas (GMT), o en la dirección electrónica clientes@efe.com.",https://unitel.bo/noticias/agencias/miercoles-26-de-agosto-de-2026-0700-gmt-OH23064695
Unitel,2026-08-26,Economía,"El dólar sube por segundo día consecutivo en Bolivia, ¿a cuánto se cotiza este miércoles?","El Banco Central de Bolivia (BCB) emitió la cotización oficial del dólar para este miércoles 26 de agosto, que presenta una ligera variación.

Para este miércoles, el dólar se cotiza en Bs 11,57 , que son tres centavos de dólar más en comparación del martes, que se cotizó en Bs 11,54.

MIRA AQUÍ: Al menos dos apagones en Viru Viru provocan retraso en vuelos, denuncian pasajeros

Este es el segundo ascenso consecutivo despúés de más de tres semanas con una tendendencia a la baja desde que inició la implementación de la modalidad flexible.

El dólar alcanzó los Bs 12,15 en su cotización el pasado 31 de julio, su valor más alto desde que inició la modalidad flexible. Mientras que su precio más bajo fue el 29 de junio, cuando comenzó a implementarse, con un valor de Bs 9,73.

A partir del 29 de junio, el BCB actualiza cada día el precio del dólar, aplicando un método flexible en base al promedio ponderado de las operaciones cambiarlas de compra realizadas por los Bancos Múltiples, los Bancos PymE y el Banco Público con sus clientes.

MIRA AQUÍ: Viru Viru a oscuras: reportan un apagón en el aeropuerto internacional",https://unitel.bo/noticias/economia/el-dolar-sube-por-segundo-dia-consecutivo-en-bolivia-a-cuanto-se-cotiza-este-miercoles-EH23060613
Unitel,2026-08-26,Mundo,Mueren 14 bebés por un incendio en un hospital de Pakistán,"Catorce bebés murieron en un incendio este miércoles en la maternidad de un hospital de la capital pakistaní , indicaron las autoridades, que atribuyeron el fuego a un aire acondicionado defectuoso.

El incendio fue declarado en el tercer piso del servicio de salud maternal e infantil del Instituto Pakistaní de Ciencias Médicas (PIMS, siglas en inglés), indicó un comunicado publicado por la oficina del distrito de Islamabad.

“En total murieron 14 niños en el incidente”, agregó el comunicado citando al primer ministro Shehbaz Sharif, quien pidió una investigación.

Testigos describiron escenas caóticas y estremecedora s, incluyendo una intensa humareda y vidrios rotos en el piso, así como una respuesta lenta de los servicios de emergencia y guardias que habrían impedido la salida de las personas del sitio.

MIRA AQUÍ: EEUU lanza alerta de seguridad por “posible amenaza” en la ciudad mexicana de Mexicali

Khurram Mehmood, de 40 años, dijo a la AFP que perdió a su bebé de tres días en el incendio , y que los rescatistas tardaron horas en llegar.

“Mi esposa estaba en la maternidad, sacaron a todo el mundo. Nosotros estábamos sentados en la carretera esperando ayuda”, contó.

Aneeza Jalil, portavoz del PIMS, dijo que el incendio fue provocado por un problema eléctrico, y que el fuego surgió del aire acondicionado.

“ Devuélvanme a mi niño ”

La puerta de la unidad de cuidados intensivos neonatales estaba con llave, según Jaweria, una mujer que dijo haber perdido a su bebé en el incendio.

“No lo puedo creer. ¡Devuélvanme a mi niño! ¿Por qué los doctores dejaron allí a los niños?”, reclamó Jaweria.

Abdul Ghafoor, un testigo, contó a AFP que “el fuego se propagó muy rápidamente, había bebés de hasta un día ”. Según dijo, ingresó al hospital para salvar pacientes pero no pudo llegar al ala de la maternidad.

“Había una humareda negra adentro y los pacientes estaban atrapados (...) Los rescatistas tardaron dos horas en llegar”, agregó.

Sohail Ashraf, comisario jefe de Islamabad, aseguró que los rescatistas y policías llegaron al sitio “inmediatamente”, logrando controlar el incendio.

No obstante, una testigo que no se identificó aseguró que la seguridad del hospital “no dejaba a la gente salir ; los guardias los detenían”.

“La gente debió romper la puerta y los equipos de rescate rompieron los vidrios para controlar el incendio”, sostuvo esta testigo.

Una madre con manchas de hollín en las manos cargaba a su bebé de 10 días afuera del hospital.

“La gente gritaba, había humo negro. C orrimos para salvar nuestras vidas, gracias a Dios mi bebé está a salvo”, declaró a la AFP Shagufta Parveen.

MIRA AQUÍ: Chile da por terminada la polémica con Argentina por el Estrecho de Magallanes

El organismo de la ONU para la infancia, Unicef, urgió “revisar y fortalecer los estándares de prevencion de incendios y seguridad en las instalaciones de salud, para asegurar que cada madre y cada niño puedan recibir el cuidado que requieren en un ambiente seguro”.

Las deficientes leyes de seguridad y códigos de construcción hacen que los incendios sean frecuentes en los edificios de Pakistán.",https://unitel.bo/noticias/mundo/mueren-14-bebes-por-un-incendio-en-un-hospital-de-pakistan-KH23066084
Unitel,2026-08-26,Sociedad,Día del Adulto Mayor: Bolivia celebra a quienes llenan de sabiduría y amor a las familias,"Cada 26 de agosto, Bolivia conmemora el ‘ Día del Adulto Mayor ’, una fecha dedicada a honrar a hombres y mujeres de la tercera edad, quienes a través de sus experiencias transmiten enseñanzas y muestras de cariño en sus hijos, nietos y seres queridos.

La jornada busca reconocer el aporte de los adultos mayores a la sociedad y promover una vida digna , con respeto, cuidado y reconocimiento para esta población.

MIRA AQUÍ: Sonrisas y desayuno especial: así disfrutan los adultos mayores sus actividades previas a su día

La celebración se vive de diferentes maneras en todo el país , hogares de adultos mayores preparan actividades especiales para agasajar a sus residentes, mientras que en colegios se realizan homenajes para destacar el valor de los abuelitos y las enseñanzas que transmiten a las nuevas generaciones.

En los hogares, muchas familias también aprovechan esta fecha para compartir momentos especiales con sus adultos mayores , con muestras de cariño, reuniones familiares y pequeños detalles que buscan recordarles lo importantes que son.

MIRA AQUÍ: Alcaldía de La Paz y trabajadores de aseo urbano firman acuerdo para el recojo de basura

Más allá de una fecha especial, el Día del Adulto Mayor hacen un llamado a valorar a quienes han dedicado gran parte de su vida a sus familias y trabajos.",https://unitel.bo/noticias/sociedad/dia-del-adulto-mayor-bolivia-celebra-a-quienes-llenan-de-sabiduria-y-amor-a-las-familias-MH23066497
Unitel,2026-08-26,Seguridad,Testigo vincula a Fernando Cerimedo con la compra de una quinta en $us 200.000,"Nuevos elementos se suman a la investigación contra Fernando Cerimedo sobre la compraventa de un predio en Nueva Palestina, ubicado a 40 kilómetros del Urubó, en Santa Cruz . Una declaración testifical en el marco del caso de Nadia Beller presentada el 21 de agosto ante el Ministerio Público, detalla dicha transacción.

El testigo e intermediario de la operación, identificado como L.V., reveló que Cerimedo se trasladó hasta el terreno para la inspección. El precio pactado fue de $us 200.000, concretándose un primer adelanto de $us 30.000 y pagos posteriores en Bs 100.000 .

El vendedor sostuvo que la transacción no se completó en su totalidad y que existe un saldo adeudado que supera los $us 30.000, según publica Asuntos Centrales.

MIRA AQUÍ: Fiscalía de Beni investiga a Cerimedo por presunta “protección” a vuelos ligados al narcotráfico

La minuta se firmó en un bufete jurídico de Santa Cruz bajo la figura de “venta con representación sin mandato”, utilizando el pasaporte argentino del comprador.

Sin embargo, según esa declaración, el trámite quedó paralizado por la falta del Documento Nacional de Identidad (DNI) y la certificación de flujo migratorio del consultor argentino.

Según la declaración, L.V. se contactó en junio con Cerimedo para pedirle los documentos faltantes. En respuesta, el aludido le habría asegurado que coordinó directamente con una alta autoridad del INRA para viabilizar el trámite sin presentar la documentación exigida .

MIRA AQUÍ: Citan a Beller para que declare este miércoles como testigo en el caso por enriquecimiento ilícito contra Cerimedo

El testimonio de L.V. ya fue incorporado de manera oficial al expediente del Ministerio Público, que ahora deberá contrastar estas afirmaciones con los peritajes e investigaciones correspondientes.

Cerimedo, detenido

Fernando Cerimedo cumple detención preventiva en el penal de Palmasola por el delito de tentativa de feminicidio por el ataque contra Nadia Beller.

También enfrenta un proceso por legitimación de ganancias ilícitas, causa abierta en La Paz y, de forma reciente, la Fiscalía de Beni lo investiga por presuntamente brindar “cobertura” a vuelos ligados al narcotráfico.

“El caso que se ha iniciado en la Unidad de Sustancias Controladas por cierta p rotección que se daba en Santa Ana a vuelos irregulares, se estaría dando cobertura a ciertas avionetas que estaban presuntamente vinculadas el tráfico de sustancias controladas ”, manifestó el fiscal departamental de Beni, Alexander Mendoza.",https://unitel.bo/noticias/seguridad/testigo-vincula-a-fernando-cerimedo-con-la-compra-de-una-quinta-en-us-200000-DH23066410
Unitel,2026-08-26,Mundo,"El petróleo baja un 3,25% pese a anunciar EEUU su plan de sanciones contra Irán","El petróleo intermedio de Texas (WTI, por sus siglas en inglés) bajaba un 3,25% en la apertura de este martes, hasta 82,25 dólares el barril, a pesar de que el Gobierno de Donald Trump anunció un plan de sanciones contra Irán para presionar a la República Islámica.

A las 09:00 hora local (13:00 GMT), los contratos de futuros del WTI para el mes de octubre, los de referencia en Estados Unidos, restaban 2,76 dólares respecto al cierre anterior.

Pese a que tradicionalmente el mercado del crudo se ha movido a la baja cuando han aumentado las esperanzas de que se logre poner fin a la guerra en Oriente Medio y reabrir el estrecho de Ormuz , el anuncio de la operación Paria Económico para cortar “todas las opciones económicas” de Irán no ha provocado ningún repunte.

MIRA AQUÍ: EEUU lanza alerta de seguridad por “posible amenaza” en la ciudad mexicana de Mexicali

”El Departamento del Tesoro ha identificado todos los nodos, facilitadores y redes que Irán ha utilizado para el contrabando de petróleo y eludir sanciones ”, dijo el secretario del ramo, Scott Bessent, en una rueda de prensa en la que reiteró que “nadie está exento” de ser objetivo de sanciones indirectas por negociar con el régimen iraní.

Bessent también informó sobre nuevas sanciones a “más de sesenta entidades, individuos y buques en todo el mundo que permiten al régimen iraní adquirir tecnología nuclear y de misiles ilícita , llevar a cabo ciberoperaciones y generar ingresos petroleros”.

La nueva operación económica de Washington para ahogar la ya maltrecha economía iraní, muy dependiente del petróleo, tiene lugar casi seis meses después del inicio de la guerra lanzada por EEUU e Israel contra la República Islámica y en medio de unas conversaciones de paz estancadas , sin visos de un acuerdo de paz definitivo.

Los analistas consideran que las sanciones elevan más las posibilidades de alcanzar una resolución que las de provocar una nueva disrupción física del suministro, recogen medios locales, lo que explica la bajada de hoy.

MIRA AQUÍ: Dolly Parton, legendaria estrella de la música country, muere a los 80 años

Por otro lado, el diario New York Times informó este martes de que el Departamento e Estado de EEUU planea ordenar la vuelta de sus diplomáticos a sus embajadas en Oriente Medio, algo que podría apuntar que Washington no prevé una reanudación del conflicto a gran escala con Irán.",https://unitel.bo/noticias/mundo/el-petroleo-baja-un-325-pese-a-anunciar-eeuu-su-plan-de-sanciones-contra-iran-BH23066788
Unitel,2026-08-26,Agencias,Selección de la redacción de la AFP del 26 de agosto de 2026,"París, Francia, 26 Ago 2026 (AFP) -

Redifusión de reportajes, enfoques y artículos exclusivos publicados durante la semana y considerados especialmente interesantes y originales:

GUAYARAMERÍN, Bolivia:

En las fronteras de Bolivia, las mafias brasileñas expanden con violencia su poder

A orillas del fronterizo río Mamoré, decenas de viajantes suben y desembarcan de lanchas sin detenerse en el puesto de control migratorio de Guayaramerín, una de las puertas de entrada de las mafias brasileñas que expanden su violencia por Bolivia.

Por William WROBLEWSKI

(Bolivia crimen-organizado policía diplomacia política, Reportaje, 700 palabras)

FOTOS, VIDEO

MÉXICO:

Las ""batallas de aura"" saltan de las redes a las calles latinoamericanas

Dos chicos saltan y gesticulan, se miran fijamente a los ojos y uno lanza una mueca final contundente: es el fin de esta batalla de ""farmear aura"" en México. Hay un ganador, todos aplauden.

Por Lucero MÉNDEZ

(México jóvenes internet, Reportaje, 650 palabras)

FOTOS, VIDEO

MINAB, Irán:

El luto sin fin por los niños muertos en una escuela el primer día de la guerra en Irán

Massoumeh Zakeri revive sin cesar su última noche con su hija de nueve años, muerta hace seis meses en una escuela del sur de Irán durante las primeras horas de los bombardeos israeloestadounidenses que desencadenaron la guerra en Oriente Medio.

Por Menna ZAKI y Ramin KHANIZADEH

(Irán EEUU Israel guerra escuela niños, Reportaje, 700 palabras)

FOTOS, VIDEO

NUEVA ÁREA DE GUIAN, China:

China expande al campo sus centros de datos en su afán por impulsar la IA

En la montañosa provincia china de Guizhou, un conjunto de edificios de estilo europeo, con una torre de reloj y un puente de múltiples arcos, emite un zumbido bajo y constante, una pista de su inesperada identidad como el centro de datos más grande del gigante tecnológico Huawei.

Por Agatha CANTRILL

(China IA ciencia política informática tecnología economía móvil electricidad hardware, Enfoque, 800 palabras)

FOTOS, VIDEO

HAMPTON, Reino Unido:

Los famosos jardines ingleses, obligados a reinventarse por la sequía

El patrimonio verde británico está bajo amenaza por el clima, y en los jardines del Palacio de Hampton Court, al suroeste de Londres, Graham Dillamore, encargado de su mantenimiento, recorre con amargura un césped abrasado por el sol, convertido en una alfombra de color amarillento.

Por Anna MALPAS

(GB clima patrimonio meteorología, Enfoque, 650 palabras)

FOTOS, VIDEO

arm/avl",https://unitel.bo/noticias/agencias/seleccion-de-la-redaccion-de-la-afp-del-26-de-agosto-de-2026-KH23066873
Unitel,2026-08-26,Seguridad,Identifican a un implicado y al vehículo en el que se llevaron a un hombre que fue sacado de una clínica,"La Policía continúa movilizada para dar con el paradero de los sujetos que privaron de libertad a un hombre tras sacarlo por la fuerza de una clínica particular de Cochabamba, para luego dejarlo abandonado en una zona alejada y con una herida de bala. Solo uno de los hombres fue aprehendido y enviado a la cárcel.

El hecho se suscitó hace unas semanas atrás, cuando una persona que se encontraba internada fue sorprendida y retirada, en contra de su voluntad, por tres hombres que prácticamente lo arrastraron para subirlo a un vehículo y llevárselo a otro sector, donde finalmente le dispararon en el hombro para luego abandonarlo.

MIRA AQUÍ: Secuestran a pareja que fue citada para vender un terreno en Cochabamba; exigían $us 200.000 para liberarlos

En las últimas horas, la Fuerza Especial de Lucha Contra el Crimen (Felcc) indicó que ya se logró identificar al motorizado que se utilizó para llevarse a este hombre, por lo que también ya se conoce la identidad del conductor, quien es señalado como cómplice en este caso.

“Coautores en este caso, porque estaba manejando el vehículo, su motorizado, en este caso, está siendo ya objeto de búsqueda y secuestro , tenemos buenos datos”, indicó el director de la Felcc.

Según las investigaciones, una de las hipótesis sobre el móvil del hecho está relacionada con deudas que tendría la víctima, la cual rondaría los 500.000 bolivianos.

Asimismo, la Policía confirmó que este hombre cuenta con antecedentes penales por delitos vinculados al narcotráfico, robo y otros hechos, elementos que son analizados dentro de las pesquisas.

En esta misma investigación, se aprehendió a uno de los implicados el cual, según los datos, es quien apuntó con un arma de fuego a un guardia de seguridad que intentó evitar que se lleven al paciente de la clínica.

MIRA AQUÍ: Muere un brasileño que recibió un disparo en la frontera entre Bolivia y Brasil

Este sujeto ya fue procesado y enviado a la cárcel con detención preventiva por los delitos de privación de libertad e intento de asesinato.

El caso sigue en investigación y se busca dar con el paradero del resto de los hombres que cometieron estos delitos.",https://unitel.bo/noticias/seguridad/identifican-a-un-implicado-y-al-vehiculo-en-el-que-se-llevaron-a-un-hombre-que-fue-sacado-de-una-clinica-AH23066699
Unitel,2026-08-26,Economía,Bloqueo desafía Estado de excepción: Suspenden salidas desde Santa Cruz a Beni por protesta contra el decreto del diésel,"Desde la Terminal Bimodal, Santa Cruz, suspendieron las salidas a Beni, debido a un bloqueo que productores instalaron en el Puente San Pablo, en el límite entre ambos departamentos. La medida se cumple en rechazo al Decreto Supremo 5676, que elimina la subvención del diésel para grandes consumidores.

Los operadores indicaron que desde la Dirección de Tránsito les recomendaron no vender pasajes ni condicionados, a que se levante la protesta, pues se desconoce cuánto durará la medida, que se ejecuta en medio de un Estado de excepción que prohíbe el corte de ruta.

MIRA AQUÍ: El dólar sube por segundo día consecutivo en Bolivia, ¿a cuánto se cotiza este miércoles?

El DS 5676 fija nuevos precios para el diésel para consumidores mayoristas (Graco). La norma se aprobó la anterior semana e inició con un precio referencial de Bs 18 el litro. No obstante, para minoristas se mantiene el precio actual de Bs 9,80.

Los que protagonizan el bloqueo en la Terminal Bimodal son productores que exigen la abrogación del decreto alegando que provocará un incremento escalonado de los precios de productos de la canasta familiar.

MIRA AQUÍ: Presión para abrogar el Decreto 5676: Rodrigo Paz ya retrocedió antes y anuló dos normas clave

La mañana de este miércoles alrededor de las 6:30 se observa poca cantidad de personas que buscan viajar en distintas rutas, en especial a Beni.

Una concentración contra el DS 5676 en Ivirgarzama

En el municipio de Ivirgarzama, Cochabamba, se anunció que esta jornada habrá una concentración también en rechazo del decreto 5676. La cita es para las 16:00 en el estadio conocido como Evo Morales Ayma.

Los sectores sociales y productores aseguran que la medida puede provocar repercusiones económicas negativas.",https://unitel.bo/noticias/economia/bloqueo-desafia-estado-de-excepcion-suspenden-salidas-desde-santa-cruz-a-beni-por-protesta-contra-el-decreto-del-diesel-GH23066231
Unitel,2026-08-26,Sociedad,Barrio Lindo se reactiva: Vendedores instalan puestos en el parqueo a tres semanas del incendio,"Tras 20 días del incendio registrado en la Feria Barrio Lindo , los comerciantes poco a poco retoman sus actividades comerciales en este centro de comercio, uno de los más populares de la capital cruceña.

Este miércoles, los vendedores comienza a instalar sus puestos en los alrededores de la feria, específicamente en el área de parqueo, espacio que fue asignado por el municipio para que puedan continuar con sus actividades.

Con la mercadería que lograron rescatar del incendio, los comerciantes buscan levantarse nuevamente y recuperar paulatinamente sus fuentes de ingreso.

MIRA AQUÍ: Después de 15 días del incendio, avanzan los trabajos de limpieza en Barrio Lindo; los afectados quieren volver a trabajar

Asimismo, comerciantes de las diferentes asociaciones realizaron aportes en conjunto para comprar un generador de energía eléctrica. Una medida que les permitirá contar de manera parcial con el suministro necesario mientras se espera la reposición de la energía eléctrica en el sector.

MIRA AQUÍ: Incendio en la Feria Barrio Lindo: “Hay falencias en mercados y falta de supervisión de la autoridad”, dice experto

Los comerciantes se encuentran instalados en la zona norte, cerca del trillo de la Feria Barrio Lindo, donde la población podrá encontrar nuevamente una variedad de productos y realizar sus compras.",https://unitel.bo/noticias/sociedad/barrio-lindo-se-reactiva-vendedores-instalan-puestos-en-el-parqueo-a-tres-semanas-del-incendio-KH23066972
Unitel,2026-08-26,Sociedad,"“Hoy La Paz tiene que estar limpia”: Tras el acuerdo, avanza el operativo, aún hay basura en las calles de La Paz","Tras 15 días de conflicto, que generó la acumulación de unas 800 toneladas de basura en las calles de La Paz, el alcalde de La Paz, César Dockweiler, firmó un acuerdo con las empresas de aseo urbano y se rubricó el compromiso de reanudar la limpieza.

Sin embargo, en las primeras horas de este miércoles varias calles de la ciudad sede de Gobierno permanecen con desechos . El alcalde paceño sentenció: “ Hoy nuestra ciudad tiene que estar limpia ”.

MIRA AQUÍ: Alcaldía de La Paz y trabajadores de aseo urbano firman acuerdo para el recojo de basura

Así lo ha constatado la red UNITEL en un recorrido realizado en las primeras horas de la mañana en la zona de la plaza Eguino. Un similar panorama se registra en otras zonas comerciales.

Dockweiler estimó que la limpieza de la ciudad se concretará este miércoles.

”Hoy vamos a desplazar diferentes operativos, incluso nuestro propio equipo para que pueda coadyuvar en la limpieza, hoy tiene que estar limpia nuestra ciudad”, señaló en una entrevista con la red UNITEL .

“Así que invitamos a los vecinos a que nos informen, manden las ubicaciones en las que todavía la basura está acumulada”, añadió.

Limpieza

Después de la firma de acuerdo, se reanudó la limpieza de la ciudad y, sobre todo, el recojo de las toneladas de basura acumuladas durante el conflicto.

MIRA AQUÍ: Bloqueo desafía Estado de excepción: Suspenden salidas desde Santa Cruz a Beni por protesta contra el decreto del diésel

Después de la medianoche, cuadrillas de trabajadores volvieron a las calles para retirar los desechos que durante días llenaron contenedores y ocuparon aceras y vías. los residuos fueron cargados en camiones recolectores para su traslado.

el servicio se reactiva después de más de diez días de conflicto, que dejaron toneladas de basura acumuladas en diferentes zonas de la paz.",https://unitel.bo/noticias/sociedad/hoy-la-paz-tiene-que-estar-limpia-tras-el-acuerdo-avanza-el-operativo-aun-hay-basura-en-las-calles-de-la-paz-CH23067306
Unitel,2026-08-26,Política,El nuevo ministro de Economía de Rodrigo Paz trabajó en los gobiernos de Evo Morales y Jeanine Áñez,"El presidente Rodrigo Paz posesionó el martes a Christian Morales como nuevo ministro de Economía en lugar de José Gabriel Espinoza. La autoridad dijo que cuenta con alrededor de 17 años de experiencia en el sector público y reconoció que trabajó tanto en los gobiernos de Evo Morales como en el de Jeanine Áñez.

Sobre su paso por gestiones anteriores, el ministro detalló que comenzó su trayectoria pública como analista en el Ministerio de Economía durante el gobierno de Evo Morales, y que fue ascendiendo hasta llegar a jefe de unidad.

“ Me presenté a una convocatoria y fui elegido . A raíz de eso fui creciendo en diferentes ámbitos. Inicié como analista dentro del Ministerio de Economía”, explicó.

MIRA AQUÍ: Rodrigo Paz pide al nuevo ministro de Economía seguir con las negociaciones con organismos externos

Posteriormente, indicó que se desempeñó como director de Crédito Público durante el gobierno de Jeanine Áñez.

MIRA AQUÍ: Christian Morales jura como nuevo ministro de Economía y Finanzas Públicas

Luego -dijo- trabajó en el Gobierno Municipal de La Paz, “los últimos cinco años, igual en el ámbito del tesoro y crédito público”. Ese periodo coincide con la gestión del exalcalde Iván Arias.

Morales aclaró que no trabajó en el gobierno de Luis Arce. Aseguró que, por el contrario, enfrentó “ persecución política con diversos juicios” en esa gestión porque “no compartía algunos ideales”.

Antes de asumir la cartera de Estado, se desempeñó desde noviembre de 2025 como viceministro del Tesoro y Crédito Público, acompañando al exministro Espinoza.

“ Creo que tengo la ‘expertise’ por estos 17 años que he estado trabajando en el ámbito de las finanzas públicas en su totalidad, así que vamos a llegar a continuar y profundizar todas las medidas que hemos llevado adelante”, sostuvo.",https://unitel.bo/noticias/politica/el-nuevo-ministro-de-economia-de-rodrigo-paz-trabajo-en-los-gobiernos-de-evo-morales-y-jeanine-anez-GH23067177
Unitel,2026-08-26,Tendencias,Las “batallas de aura” saltan de las redes sociales a las calles,"Dos jóvenes saltan y gesticulan , se miran fijamente a los ojos y uno lanza una mueca final contundente: es el fin de esta batalla de “ farmear aura ” en México. Hay un ganador, todos aplauden.

Estas competencias comenzaron como comentarios en redes sociales para luego pasar a encuentros presenciales de jóvenes, cada vez menos frecuentes en la era digital.

Las batallas se convocan en redes sociales. Ya se han realizado en Argentina , Brasil , Perú , Bolivia y México . En una ciudad de Honduras, el alcalde las prohibió.

MIRA AQUÍ: Robot chino supera récord mundial humano en la competencia de atletismo de los 100 metros

“ Farmear ” hace referencia a tácticas para obtener puntajes en videojuegos. “ Aura ” alude a “ estilo ” o “ actitud ”: comentarios como “+10.000 de aura”, “+100 aura” o “aura 100%” son comunes en TikTok o Instagram.

Y por ahí van los puntajes de la competencia: es un duelo de actitud.

“ Quien se ve mejor , quien lo demuestra, quien causa más risa, quien tenga más confianza es el que gana ”, explica a la AFP Aldhir González, de 22 años, que organizó una de las primeras batallas frente al imponente palacio de Bellas Artes en Ciudad de México.

La mayoría de los participantes son jóvenes estudiantes de entre 14 y 20 años.

“Siuuuu” vs. “seis-siete”

Es esencial para la competencia saber referenciar, mediante gestos, la mayor cantidad posible de memes y videos divertidos que circulan en internet.

Carlos Quintana llega a la final. Durante el duelo, el chico de 14 años lanza el gesto “ Siuuuu ” de Cristiano Ronaldo al anotar gol. Luego dispara un “mewing”, meme usado para describir superioridad: enfatizando una mandíbula marcada con mirada fija.

El contrincante responde. Mueve las manos simultáneamente en referencia al “ six-seven ”, un término popularizado en TikTok. Los chicos lo usan para decir “más o menos” y otros simplemente cuando bromean o la están pasando bien.

Joan Deivid entra ahora en competencia. Viste un disfraz de rana y golpea al rival con un zueco de goma gigante que lleva en la mano. “Esto es aura”, apunta sonriendo el joven de 19 años.

Alrededor de los participantes se congregan otros que graban en el celular; una música como de videojuego suena en un parlante.

MIRA AQUÍ: Concierto en Bogotá por el terremoto comienza con una recaudación de 1,4 millones de dólares

Comunicación real

Otra batalla fue convocada para el domingo en un parque de Ciudad de México. El sábado, hay otra en un barrio de Buenos Aires.

En Argentina, las competencias de “ farmeo ” fueron alimento de numerosos memes que llegaron incluso a los clubes de fútbol: Boca Juniors publicó en X una foto del mediocampista Santiago Ascacíbar celebrando un gol e ironizó sobre lo problemático que sería competir contra él en términos de aura.

“ El aura es un estilo de vida ” que “ casi nadie lo entiende ”, dice el organizador del torneo bonaerense del sábado, quien se identifica como “Gonzalo bien de vago”.

Las batallas se popularizan en medio de un debate en México sobre cómo regular las redes sociales y el uso de celulares en escuelas.

Y son blanco de burlas y críticas, sobre todo entre el público mayor. “Si por mi fuera, que existe el servicio militar obligatorio”, dijo un alcalde en Honduras que prohibió las batallas.

La psicóloga venezolana María Eugenia Tovar destaca no obstante “la importancia que tiene la comunicación a través de redes sociales ya través de memes”.

“ Toda esta comunicación digital es real para los adolescentes y genuinamente tiene un impacto en ellos , al punto que también puede propiciar encuentros presenciales”, explica a la AFP.

“Distraerme de casa”

Último duelo frente a Bellas Artes en México: la final. El público y un jurado definen a los ganadores a partir de quién “ farmeó más aura ”.

El ganador se lleva 3.000 pesos, unos 177 dólares. En Argentina el premio es... “ aura infinita ”.

Kaled Rosales resulta ganador. Explica que estudió los movimientos para contraatacar.

Un juez dijo que tenía “ aura ” desde que vio sus bermudas y zuecos rojos del personaje “ Rayo McQueen ” de Disney.

“ Planeo ir a más batallas ” y subirlas a las redes, dice a la AFP Rosales. “Más que por un premio lo hago para pasarla bien y distraerme de casa”.",https://unitel.bo/noticias/tendencias/las-batallas-de-aura-saltan-de-las-redes-sociales-a-las-calles-EH23067366
Unitel,2026-08-26,Economía,Ministro de Economía anuncia ajustes al decreto del diésel y afirma que buscará “que no se abrogue”,"Los sectores productivos se han declarado en emergencia por el nuevo régimen del diésel para los grandes consumidores . En ese marco, el nuevo ministro de Economía y Finanzas Públicas, Christian Morales, anunció ajustes al Decreto Supremo 5676, aunque descartó su abrogación.

” Se tienen que realizar ajustes para minimizar los riesgos ”, dijo la autoridad en una entrevista con La Revista de la red UNITEL en referencia a los anuncios de movilizaciones que surgen desde sectores productivos, del transporte y comercio.

La autoridad, sin embargo, precisó que se buscarán consensos para “ tratar que no se abrogue el decreto” puesto que consideró que se debe ordenar la economía para evitar “las distorsiones” que terminaron por “desangrar las arcas fiscales”.

Con el nuevo régimen, los grandes consumidores pagan por el litro del diésel Bs 18, mientras que el resto de los sectores seguirán comprándolo en Bs 9,80.

Ante el anuncio de una movilización de productores en Yapacaní, el viceministro de Régimen Interior y Policía, Hernán Paredes , afirmó el martes que la norma “está generando muchos problemas en su aplicación”.

MIRA AQUÍ: El nuevo ministro de Economía de Rodrigo Paz trabajó en los gobiernos de Evo Morales y Jeanine Áñez

“Yo he informado al gabinete, que ha dicho que sí quiere abrogar, derogar, pero no puede quedar como está, ¿por qué?, porque no ha cumplido su objetivo ”, dijo.

Morales dijo que “ es importante que hagamos los ajustes que deban realizarse, pero en el marco de un diálogo totalmente respetuoso entre las partes con el único fin de que ambos podamos sacar adelante la economía”.

Luego puntualizó que, “si bien hay que hacer ajustes al decreto, los vamos a realizar, pero es importante que el tema de corregir las distorsiones que hemos heredado son totalmente vitales ”.

Ajustes

Morales anunció que se reunirá con su equipo para evaluar los mecanismos que permitan “garantizar” que las medidas del Gobierno “no afecten a los diferentes sectores y, por sobre todo, acompañar la producción”

“Así que más que un ajuste en el sentido de eliminar el decreto tenemos que escuchar para que nosotros podamos de manera conjunta tratar que no se abrogue el decreto , pero generar las condiciones que puedan dar la certidumbre a los productores que puedan permitir encontrar un punto de equilibrio para las finanzas públicas y los diversos sectores que tienen preocupación sobre eso”, señaló.

MIRA AQUÍ: Sube la presión para dar de baja el decreto del diésel y sectores esperan respuesta del Gobierno

Morales dijo que “se tiene que hacer una evaluación profunda y totalmente técnica”.

Deslizó que “ tal vez pueden haber algunos cambios respecto a los cálculos, respecto del precio final que se pueda llegar a cobrar a los diferentes actores”, con base en “cálculos diferenciados”.

“Así que son diversas tareas técnicas que podemos llevar de manera conjunta con Hidrocarburos y YPFB , especialmente con Hidrocarburos para encontremos un cálculo que permita contar con un precio que permita a los diversos sectores salir adelante”, sostuvo.

¿Es factible anular los impuestos para evitar un incremento mayor del precio de los combustibles?

Morales sentenció que “cualquier eliminación puede profundizar las necesidades de financiamiento que tiene ya un tesoro totalmente golpeado ” y sus efectos pueden llegar a afectar los recursos que perciben las regiones por concepto de coparticipación.

Sectores

La presión para abrogar el Decreto Supremo 5676 aumenta mientras distintos sectores productivos y del transporte exigen al Gobierno una respuesta ante los efectos que atribuyen a la norma y al desabastecimiento de diésel.

El ejecutivo de la Cámara de Transporte del Oriente, Luis Áñez, se sumó al pedido de abrogación y espera abordar la situación este jueves con el ministro de Hidrocarburos, Marcelo Blanco, advirtiendo también que el sector permanece en emergencia por la falta de combustible y que las filas para cargar diésel continúan afectando sus operaciones.

“Lo único que ha causado este decreto es especulación , porque lamentablemente va a crear un mercado negro, y esto no ha sido la solución. Le pedimos al Gobierno que analice la anulación de este decreto , lamentablemente no funcionó y las cosas que no funcionan es mejor deshacerse y buscar una solución estructural”, sostuvo el dirigente.",https://unitel.bo/noticias/economia/ministro-de-economia-anuncia-ajustes-al-decreto-del-diesel-y-afirma-que-buscara-que-no-se-abrogue-CH23066949
Unitel,2026-08-26,Agencias,"Temas del día de EFE Internacional del miércoles, 26 de agosto de 2026 (12:00 GMT)","DESTACADOS

NEPAL TERREMOTO

Katmandú - Al menos 16 personas han muerto y casi 400 peregrinos permanecían este miércoles sin contacto en Nepal después de que una riada provocada por un terremoto de 4,4 grados alcanzase a varias localidades y dañara carreteras y otras infraestructuras cerca de la frontera con el Tíbet (China).

(Foto)(Vídeo)

- El presidente chino, Xi Jinping, señaló la prioridad de ""hacer todo lo posible"" para rescatar a las personas desaparecidas y reducir al máximo las víctimas.

ISRAEL PALESTINA

Jerusalén/Nueva York - Aumentan las tensiones entre Israel y la ONU tras el cierre de un centro de su agencia UNRWA para los refugiados palestinos en Jerusalén Este, coincidiendo con una reunión del Consejo de Seguridad en Nueva York para discutir sobre la situación en Palestina.

(Texto)

- El primer ministro israelí, Benjamín Netanyahu, se felicitó de los 104 asentamientos y 160 granjas -ilegales según el derecho internacional- creados en el territorio palestino de Cisjordania, ocupado por Israel, durante la anterior y la actual Administración estadounidense de Donald Trump.

IRÁN GUERRA

Teherán - Irán desmintió que el estrecho de Ormuz haya sido desminado tal y como aseguró el presidente de Estados Unidos, Donald Trump, e insistió en que solo reabrirá la estatégica vía si Washington cumple con sus condiciones.

(Texto)

- La campaña de sanciones anunciada por Washington contra Irán no se limita a la República Islámica: sus medidas apuntan también a sociedades de Hong Kong, empresas de China continental y operadores del Sudeste Asiático vinculados al transporte marítimo, la logística y el suministro tecnológico de Teherán. (Claves)

UCRANIA GUERRA

Kiev - El presidente ucraniano, Volodímir Zelenski, ha condecorado al magnate y dueño de la empresa de tecnología aeroespacial Space X, Elon Musk, por sus ""méritos excepcionales en la defensa de la vida de la gente y la libertad"" y en ""el desarrollo de las relaciones entre los pueblos de Ucrania y de Estados Unidos de América"".

(Texto)

- El Kremlin valoró hoy positivamente la visita el martes a Rusia del director de la CIA, John Ratcliffe, la primera desde el comienzo de la guerra en Ucrania.

HAITÍ CRISIS

Puerto Príncipe - La situación se mantiene tensa en Haití tras la masacre perpetrada en la madrugada del lunes por bandas armadas en la que según la ONU murieron 47 personas, 22 de ellas ejecutadas en el recinto de una iglesia.

(Texto)

COLOMBIA TERREMOTO

Cali (Colombia) - Entre los escombros de los edificios derrumbados en Cali por el terremoto del 10 de agosto empiezan a aparecer fragmentos de objetos personales, fotografías y recuerdos que alguna vez hicieron parte de centenares de hogares y que hoy cuentan otra historia, la de las muchas vidas que se perdieron.

(Texto) (Foto) (Vídeo)

ADEMÁS

PAKISTÁN INCENDIO | Islamabad - Al menos 14 recién nacidos han muerto tras desatarse un incendio este miércoles en el hospital del Instituto de Ciencias Médicas de Pakistán (PIMS), en Islamabad, debido a la explosión de un compresor de aire acondicionado. (Texto)

SIRIA KURDOS | Damasco - La disolución pacífica de la alianza armada kurdosiria de las Fuerzas de Siria Democrática (FSD) y su integración en las instituciones del Estado, anuncio que llegó apenas un día después de que el país saliera de la lista estadounidense de los países patrocinadores de terrorismo, abre una nueva era en la turbulenta vida política del país árabe. (Texto)

ALEMANIA GOBIERNO | Berlín - El canciller alemán, Friedrich Merz, ofrece una rueda de prensa sobre los resultados de la tradicional reunión de verano del Gobierno de coalición antes del inicio del nuevo curso político, en la que conservadores y socialdemócratas han analizado retos como el tibio crecimiento y la falta de competitividad, en medio de un amplio descontento con el Ejecutivo y de crecimiento del partido de ultraderecha AfD.(Texto) (Foto) (Vídeo)

EEUU CINE | Los Ángeles (EE.UU.) - 'Coyote vs. Acme', la película que convierte las eternas desventuras de Wile E. Coyote en una batalla legal contra la poderosa corporación Acme, llegará finalmente a los cines después de vivir una odisea similar detrás de cámaras. ""Hicimos una película sobre un desvalido y la película se convirtió en una desvalida"", dice a EFE su director, Dave Green. (Texto) (Foto) (Vídeo)

SERIES NOVEDADES | Madrid - Las historias de la escritora superventas Elísabet Benavent regresan a Netflix el 28 de agosto con la adaptación de su novela 'Toda la verdad de mis mentiras' en una miniserie compuesta por cinco episodios que explora el ""amor por los amigos"" y el concepto de que ""detrás de cada mentira hay una verdad"", en palabras de la autora. (Texto) (Foto) (Vídeo)

COREA DEL SUR PERROS | Seúl - Corea del Sur vive el último verano en el que podrá venderse la sopa de carne de perro, un plato tradicional de los meses de más calor, antes de que la prohibición del comercio de estos animales para consumo entre en vigor en 2027, mientras el negocio sufre un inevitable declive. Por Ruy A. Valdés. (Foto)(Vídeo)

ESPECIALES:

Con motivo de los seis meses del comienzo de la guerra de Estados Unidos e Israel contra Irán, el próximo viernes, la agencia EFE enviará la segunda parte de una serie especial bajo la guía IRÁN GUERRA.

AGENDA INFORMATIVA

América

14:30h.- Washington.- EEUU PIB.- La Oficina de Análisis Económico publica la primera revisión del dato del producto interior bruto (PIB) de EE.UU. en el segundo trimestre, que se espera refleje una ligera revisión al alza del 1,5 % al 1,6 % anualizado. (Texto)

16:00h.- Ciudad de Guatemala.- GUATEMALA TURISMO.- El director del Instituto Guatemalteco de Turismo (Inguat), Harris Whitbeck, asegura que los turistas extranjeros que llegan al país centroamericano están registrando estadías más prolongadas e incrementando su gasto diario en los distintos destinos que visitan. (Texto) (Foto) (Vídeo)

16:00h.- Cartagena de Indias.- COLOMBIA BANCA.- El vicepresidente de Colombia, José Manuel Restrepo, participa en la inauguración de la 60 convención anual de la Asociación Bancaria de Colombia (Asobancaria). (Texto) (Foto)

16:00h.- Asunción.- PARAGUAY JUSTICIA.- La Coordinadora de Derechos Humanos del Paraguay (Codehupy) anuncia la presentación de una denuncia ante el Comité de Derechos Humanos de las Naciones Unidas por el caso de la destitución de la exsenadora opositora Kattya González, en febrero de 2024. Sede de la Coordinadora de Derechos Humanos del Paraguay (Codehupy) (Texto) (Foto)

16:00h.- Nueva York.- ISRAEL PALESTINA.- El Consejo de Seguridad de la ONU celebra un sesión sobre la situación en Palestina

16:00h.- Quito.- ECUADOR BANCOS.- El Superintendente de Bancos de Ecuador, Roberto Romero von Buchwald, comparte información de contexto del sistema financiero nacional, estabilidad financiera y estrategias implementadas desde la entidad supervisora. Swisshotel

18:00h.- Lima.- PERÚ ARQUEOLOGÍA.- Presentación de los resultados de las recientes investigaciones arqueológicas realizadas en Vichama, ciudad de la civilización Caral, la más antigua de América, que se desarrolló al norte de Lima hace unos 5.000 años. Ministerio de Cultura (Texto) (Foto) (Vídeo)

22:00h.- Washington.- ONU SECRETARÍA GENERAL.- El diplomático argentino Rafael Grossi ofrece una charla en el Centro Stimson de Washington para presentar su visión de futuro para Naciones Unidas en el marco de su campaña para convertirse en próximo secretario general del organismo. Centro Stimson (Texto)

22:30h.- Nueva York.- NVIDIA RESULTADOS.- La tecnológica Nvidia presenta este miércoles al cierre de Wall Street sus resultados del segundo trimestre fiscal, tras disparar un 210 % su beneficio y un 85 % sus ingresos en el trimestre anterior, hasta 58.321 y 81.615 millones de dólares, respectivamente, con los inversores pendientes de la evolución de la demanda de chips para inteligencia artificial y de sus previsiones para los próximos meses. (Texto)

Tegucigalpa - HONDURAS JUSTICIA - La audiencia inicial contra el expresidente hondureño Juan Orlando Hernández (2014-2022), indultado en Estados Unidos por Donald Trump tras ser condenado por narcotráfico, acusado de presunto fraude y lavado de activos, continúa este miércoles con los peritajes de la Fiscalía y la defensa, antes de pasar a la fase de conclusiones. (Texto) (Foto)

La Paz.- BOLIVIA PROTESTAS.- Sectores afines al expresidente de Bolivia Evo Morales se reúnen en el centro del país para definir medidas de presión contra el incremento del precio del diésel para grandes consumidores y en defensa de su líder antes las órdenes de captura que pesan contra el exgobernante, pese a que sigue vigente el estado de excepción (A las 20.00 hora local (00.00 GMT del jueves). (Texto) (Foto) (Vídeo)

Washington.- EEUU ENERGÍA NUCLEAR.- Se celebra el Foro Internacional de Alto Nivel de la iniciativa Tecnologías Atómicas Autorizadas para Aplicaciones en el Mar (ATLAS) del Organismo Internacional de Energía Atómica (OIEA) para el desarrollo de energía nuclear en el mar. Waldorf Astoria (Texto)

San Salvador.- EL SALVADOR VIOLENCIA.- El Salvador continuará bajo un polémico régimen de excepción, que suspende garantías constitucionales a toda la población y es señalado de violentar derechos humanos, al aprobarse este miércoles en la Asamblea Legislativa una nueva prórroga para 30 días más de implementación. (Texto)

Ciudad de México.- MÉXICO ECONOMÍA.- El Banco de México presenta su informe trimestral abril-junio (Texto)

Lima.- PERÚ ECONOMÍA.- El Instituto Nacional de Estadística e Informática (INEI) de Perú presenta el informe Panorama Económico Departamental de junio de 2026. (Texto)

Buenos Aires.- MARADONA JUICIO.- Previa de una nueva audiencia del juicio para determinar responsabilidades por la muerte de Diego Armando Maradona. (Texto)

África

Dakar.- SENEGAL JUSTICIA.- Nueva audiencia judicial en el caso por difamación que implica al ex primer ministro senegalés Ousmane Sonko y el ex ministro de Turismo del país, Mame Mbaye Niang.

Redacción EFE Internacional

(34)913 46 71 00

Puede escribir a mesacentral@efe.com para contactar con nuestra redacción.

En www.efeservicios.com encontrará toda la producción multimedia de la Agencia EFE y su Agenda Mundial, un listado actualizado de actos informativos programados.

Para cualquier otro producto o servicio, contacte con clientes@efe.com o llame al +34 91 3467245",https://unitel.bo/noticias/agencias/temas-del-dia-de-efe-internacional-del-miercoles-26-de-agosto-de-2026-1200-gmt-EH23067751
Unitel,2026-08-26,Seguridad,Una pareja fue torturada tras ser secuestrada; se indaga si el caso está ligado al narcotráfico,"La Policía trabaja para esclarecer e identificar a las personas que secuestraron y torturaron a una pareja de esposos tras hacerse pasar por presuntos compradores para un terreno. El informe médico indica que las víctimas sufrieron múltiples lesiones, mientras que los datos policiales.

De acuerdo a los datos, el hecho se registró el lunes 24 de agosto, cuando la pareja fue contactada por supuestos comprados que manifestaron interés en un terreno que ellos tenían en Cochabamba.

Tras privarlos de su libertad, los delincuentes los torturaron y exigieron una alta suma de dinero a sus familiares para liberarlos.

El informe médico señala que ambos esposos presentaban golpes en la cabeza, además de algunas fracturas e, incluso, al varón le extrajeron las uñas de ambas manos.

“La mujer hubiese ingresado con un diagnóstico de TEC leve, fractura del tabique tozal y trastorno por estrés postraumático. La pareja de la señora estaría con diagnóstico de TEC leve, onicectomia de segundo ortejo (extracción de uñas) en ambas manos y el mismo se encontraría policontuso”, señaló a UNITEL el teniente coronel Simón Cuadros, director de la Felcc de Cliza.

MIRA AQUÍ: Testigo vincula a Fernando Cerimedo con la compra de una quinta en $us 200.000

El jefe policial manifestó que aún se desconocen las causas por las que estas personas secuestraron y torturaron a esta pareja, ya que ellos aseguran no conocer a los atacantes y a esto se suma de que las víctimas aún tienen temor de contar lo sucedido ya que habrían sido también amenazadas.

Sin embargo, el jefe policial aclaró que al revisar los datos policiales se pudo verificar que el varón cuenta con antecedentes penales por hechos ligados al narcotráfico.

“Actualmente hemos verificado, el varón sí contaría con antecedentes del 2017 por el hecho de narcotráfico , eso estamos tratando de corroborar si el caso estuviese todavía abierto, ya que es de años pasados”, indicó.

Sobre el caso

La Fuerza Especial de Lucha Contra el Crimen (Felcc) indicó que el día de los hechos la pareja se constituye hasta el lugar donde supuestamente iban a concretar la venta de un terreno, sin embargo, t erminaron siendo interceptados por cuatro sujetos que descendieron de un vehículo y se los llevaron hasta otra zona por la fuerza.

“En el lugar los maniataron, fueron introducidos a un domicilio, separados, ambos, marido y mujer, donde han sido víctimas de golpes, tortura, y esto a consecuencia de que los mismos estarían pidiendo un monto de 200.000 dólares americanos”, reveló.

MIRA AQUÍ: Muere un brasileño que recibió un disparo en la frontera entre Bolivia y Brasil

La investigación señala que el hijo de las víctimas fue contactado por los secuestradores por lo que tuvo que conseguir un monto de dinero menor al que exigían los captores , para que finalmente sus padres sean liberados.

La pareja fue abandonada en una zona alejada de Cliza, para luego ser evacuados a un centro médico donde actualmente reciben atención médica.",https://unitel.bo/noticias/seguridad/una-pareja-fue-torturada-tras-ser-secuestrada-se-indaga-si-el-caso-esta-ligado-al-narcotrafico-BH23067600
Unitel,2026-08-26,Sociedad,"El 28 de agosto vence plazo para presentar postulación a una vivienda social, ¿qué requisitos se necesitan?","¿Quiéres tener tu casa?. La Agencia de Vivienda y el Gobierno Municipal de Santa Cruz de la Sierra, a través de las subalcadías, lanzaron las postulaciones para la construcción o refacción de un inmueble. El plazo para presentar los requisitos vence este 28 de agosto y el trámite es personal y 100% gratuito.

¿Cuáles son los requisitos?

En la publicación de la Subalcaldía 7 (Villa Primero de Mayo) se detallan los requisitos, un total de 6:

-Ser boliviano mayor de edad y contar con carga familiar

-Preparar tus requisitos en copias sencillas

-Cédula de identidad de tu familia (titular, conyugue y dependiente)

-Documento de tu terreno que acredite tu derecho propietario

-Comprobante de pago de impuestos de los últimos años

-Plano de tu terreno y certificado catastral

El plan es dirigido para 10 subalcaldías: 5 (Norte); 6 (Pampa de la Isla); 7 (Villa Primero de Mayo); 8 (Plan Tres Mil); 9 (Palmasola); 10 (El Bajío); 12 (Nuevo Palmar); 13 (Palmar del Oratorio) 14 (Paurito) y 15 (Montero Hoyos).

MIRA AQUÍ: Ministro de Economía: Se dará continuidad y se profundizará medidas que se han venido implementando

En la publicación de la Subalcaldía 6 se resalta que para la construcción de viviendas, la contraparte del beneficiario es: contratación de un ayudante y compra de tierra seleccionada.

Además, se precisa que para las viviendas destinadas a refacción o mejoramiento, el aporte del beneficiario comprende: arena, arenilla y otros materiales de construcción, además de ayudante de albañil.

“Las solicitudes serán evaluadas por AEVIVIENDA, de acuerdo con el cumplimiento de requisitos y criterios de priorización”, detalla la publicación.

MIRA AQUÍ: Nuevo ministro de Economía traza dos tareas clave para el inicio de su gestión

Los requisitos deben ser presentados en un folder amarillo y con fotocopias sencillas. No te olvides, hasta este viernes.",https://unitel.bo/noticias/sociedad/el-28-de-agosto-vence-plazo-para-presentar-postulacion-a-una-vivienda-social-que-requisitos-se-necesitan-GH23066716
Unitel,2026-08-26,Política,Nuevo ministro dice que el caso del vehículo de Espinoza es un “tema personal” y no se sumará a las denuncias,"El nuevo ministro de Economía y Finanzas Públicas, Christian Morales, se refirió al caso del vehículo que su predecesor José Gabriel Espinoza compró con un trámite con supuestas irregularidades.

La autoridad dijo que es un tema de carácter personal en el que su despacho no tiene participación. En ese marco, anunció que no se sumará a las denuncias que se anunciaron.

MIRA AQUÍ: Fiscalía citará a Espinoza como investigado por la presunta compra irregular de un vehículo, señala Mariaca

“ Es un tema personal que tiene el exministro Espinoza, no me corresponde y no está dentro de las atribuciones que tiene esta cartera del Estado, que ahora me toca dirigir, adherirme a cualquier demanda que estarían iniciando ”, señaló.

“Entiendo que José Gabriel ha podido llegar a demostrar que todo lo que había realizado, han habido algunas equivocaciones, que se las han corregido en el tiempo debido”, añadió.

El vicepresidente Edmand Lara presentó una querella contra Espinoza por los delitos de falsedad en la declaración jurada de bienes y rentas, falsedad ideológica, uso de instrumento falsificado y enriquecimiento ilícito.

MIRA AQUÍ: Espinoza: “Me voy con la tranquilidad de haber entregado todo mi esfuerzo en estos nueve meses”

Según la denuncia, el valor declarado en la minuta notarial fue de Bs 50.000, cuando el valor de la transacción era de Bs 350.000 .

Espinoza rechazó las acusaciones y dijo que se trataba de un error de la funcionaria de la notaría que luego fue corregido.

Morales sentenció este miércoles: “ No es un tema que corresponda a mi cartera de Estado hacer un seguimiento o adherirme a cualquier demanda ”",https://unitel.bo/noticias/politica/nuevo-ministro-dice-que-el-caso-del-vehiculo-de-espinoza-es-un-tema-personal-y-no-se-sumara-a-las-denuncias-OH23067889
Unitel,2026-08-26,Política,“Vamos a censurar al ministro”: Libre adelanta votación en contra de Marco Oviedo,"La diputada Lissa Claros, de la alianza Libre, anticipó que su bancada votará por la censura del ministro de Gobierno, Marco Antonio Oviedo, durante la interpelación prevista para este miércoles (10:00) en la Asamblea Legislativa Plurinacional.

“Vamos a censurar al ministro”, afirmó Claros al señalar que desde Libre se solicitó en reiteradas oportunidades al Gobierno el cambio del titular de esa cartera.

MIRA AQUÍ: Fiscalía de Beni investiga a Cerimedo por presunta “protección” a vuelos ligados al narcotráfico

Argumentó que la necesidad del cambio es debido a la situación de inseguridad que, a criterio de la bancada, atraviesa el país; demás apuntó una falta de contundencia en investigaciones sonadas como el caso maletas, el caso oro y el caso Marset, “que se han quedado sin resolver” .

El Legislativo convocó a senadores y diputados a una sesión para este miércoles con el objetivo de interpelar a Oviedo sobre la lucha contra el narcotráfico.

MIRA AQUÍ: Citan a Beller para que declare este miércoles como testigo en el caso por enriquecimiento ilícito contra Cerimedo",https://unitel.bo/noticias/politica/vamos-a-censurar-al-ministro-libre-adelanta-votacion-en-contra-de-marco-oviedo-JH23067925
Unitel,2026-08-26,Economía,Productores de Beni bloquean el Puente San Pablo en rechazo al nuevo régimen del diésel,"Los productores y organizaciones sociales del Beni cumplen un bloqueo desde las cero horas de este miércoles en el Puente San Pablo, en la provincia Marbán, en el límite con Santa Cruz, en rechazo al Decreto Supremo 5676 del nuevo régimen del diésel.

Anuncian que la protesta es de forma indefinida hasta que se abrogue la norma.

MIRA AQUÍ: Nuevo ministro de Economía traza dos tareas clave para el inicio de su gestión

El presidente de los arroceros en Marbán, Jhonathan Zárate, lamentó que no cuentan con diésel ni para poder cosechar su producción y que un incremento del precio provocará un efecto escalonado, en alquiler de maquinaria, insumos y transporte.

“Si producíamos, un ejemplo, con 1.000 dólares, en la actualidad nos duplica el precio este producto ”, denunció.

En esta línea, indicó que al aumentar el precio de producción, también aumentará el precio de los productos que producen y finalmente les afectará a los consumidores finales.

MIRA AQUÍ: Al menos dos apagones en Viru Viru provocan retraso en vuelos, denuncian pasajeros

Lamentó que este decreto se aprueba en un momento crítico para el sector porque están en plena cosecha de soya, cuando más se necesita combustible. Agregó que a esta situación se suma que deben preparar la siembre de arroz y de maíz, pero no cuentan con carburantes.

Añadió que en los surtidores les están vendiendo 119 litros a cada productor y para ello deben hacer fila más de un mes.

Zárate anunció que si hay un nuevo ajuste del precio de combustible, más de un 80% de los productores van a desaparecer por lo que hay riesgo de una crisis alimentaria.",https://unitel.bo/noticias/economia/productores-de-beni-bloquean-el-puente-san-pablo-en-rechazo-al-nuevo-regimen-del-diesel-LH23067509
Unitel,2026-08-26,Seguridad,"Delivery queda en terapia intensiva tras ser arrollado por un conductor que se fugó, la deuda en la clínica es de casi Bs 100.000","Un joven que se ganaba la vida como delivery, quedó en terapia intensiva tras ser víctima de atropello por parte de vehículo, cuyo conductor se dio a la fuga evadiendo su responsabilidad. Su familia pide ayuda para cubrir los costos gastos médicos.

Según cuenta la familia, el hecho se suscitó el pasado 6 de agosto, en la zona del Plan tres Mil de la capital cruceña, cuando el joven de tan solo 23 años se encontraba transitando con su motocicleta cuando fue sorprendido por un trufi el cual terminó impactándolo.

MIRA AQUÍ: Secuestran a pareja que fue citada para vender un terreno en Cochabamba; exigían $us 200.000 para liberarlos

La víctima quedó tendida en el suelo con evidentes lesiones, sin embargo, pese a esto, el conductor no se detuvo y escapó del lugar sin auxiliar al joven.

“Él es delivery, se dedica a eso y tiene 23 años, es joven todavía, tiene una hijita por quien luchar y, es un buen muchacho. El día 6, al amanecer, un vehículo lo embistió y se dio a la fuga ”, reveló a UNITEL Ingrid Velasco, suegra de la víctima.

El joven fue llevado por equipos de emergencia a una clínica privada, donde fue operado por una lesión de gravedad en la cabeza, pero debido a su delicado estado de salud tuvo que ser ingresado a la unidad de terapia intensiva.

Por la intervención, la atención y tratamiento que recibió en el lugar la deuda en este nosocomio se hizo insostenible, por lo que su familia solicitó cambiarlo al Hospital Francés, donde actualmente permanece internado.

MIRA AQUÍ: Identifican a un implicado y al vehículo en el que se llevaron a un hombre que fue sacado de una clínica

Sin embargo, la familia asegura que aún deben el dinero a la clínica y la deuda ronda los Bs 100.000 , dinero con el cual no cuentan, por lo cual piden ayuda a la población.

“Él ha quedado en terapia intensiva, por eso estamos acudiendo al pueblo, a la ciudad de Santa Cruz, que, por favor, nos colaboren con lo poco que tengan , porque la deuda se ha hecho demasiada”, indicó.

Asimismo, pide ayuda a la Policía para que se de con el paradero del conductor que provocó este hecho y que este se haga responsable de los gastos médicos, ya que el tratamiento de esta persona es largo.

Cualquier ayuda que desee otorgar a esta familia puede comunicarse al: 70947593.",https://unitel.bo/noticias/seguridad/delivery-queda-en-terapia-intensiva-tras-ser-arrollado-por-un-conductor-que-se-fugo-la-deuda-en-la-clinica-es-de-casi-bs-100000-OH23068446
Unitel,2026-08-26,Seguridad,Incendio afecta a una empresa de transporte de carga en Santa Cruz,"Un incendio afecta a una empresa ubicada en el kilómetro 8 de la zona norte de Santa Cruz. La emergencia se reportó cerca a las 08:30 de este miércoles.

En imágenes compartidas en redes sociales por testigos se observa una densa humareda a un costado de un galpón.

MIRA AQUÍ: Una pareja fue torturada tras ser secuestrada; se indaga si el caso está ligado al narcotráfico

Se busca un informe de personal de bomberos para conocer la afectación del fuego y también qué originó esta emergencia.

En videos compartidos antes de las 9:00 se observa solo algunas personas viendo la humareda; es decir, aún no había personal de emergencia atendiendo esta situación.

MIRA AQUÍ: Secuestran a pareja que fue citada para vender un terreno en Cochabamba; exigían $us 200.000 para liberarlos",https://unitel.bo/noticias/seguridad/incendio-afecta-a-una-empresa-de-transporte-de-carga-en-santa-cruz-MH23068217
Unitel,2026-08-26,Sociedad,Senamhi activa alerta naranja por fuertes vientos y advierte posible frente frío,"El Servicio Nacional de Meteorología e Hidrología (Senamhi) , emitió un aviso meteorológico de prioridad naranja ante la presencia de vientos moderados a temporalmente fuertes de dirección noroeste , con velocidades que oscilarán entre los 60 y 90 kilómetros por hora, informó Ramiro Soliz, director departamental de la institución.

El especialista explicó que si bien en determinados momentos los vientos podría mantenerse entre los 40 y 60 kilómetros por hora , de manera temporal podrían alcanzar velocidades de 70 a 80 kilómetros por hora, por lo que recomendó a la población asumir las previsiones necesarias.

Entre recomendaciones, pidió evitar estacionar vehículos debajo de árboles , postes o vallas publicitarias que no se encuentren debidamente asegurados, debido al riesgo que representan las ráfagas de viento.

También informó que durante estos días se prevén temperaturas elevadas, de entre 32 y 34 grados Celsius , condición que sumada a los vientos, puede favorecer la propagación de incendios forestales y que también remarcó que se debe tomar las respectivas precauciones.

MIRA AQUÍ: Lanzan convocatoria para elegir a la Reina de Santa Cruz, que será coronada el 23 de septiembre

Ingreso de un frente frío la próxima semana

Respecto al comportamiento del clima para los siguientes días , adelantó que para la próxima semana se prevé un cambio en las condiciones atmosféricas , con el posible ingreso de un frente frío durante el martes.

Explicó que las imágenes satelitales muestran actualmente la presencia de una masa de aire seco sobre el territorio nacional , situación que favorecerá jornadas con escasa nubosidad y cielos mayormente despejados.

MIRA AQUÍ: ¡Atención Santa Cruz! Senamhi advierte sobre vientos fuertes hasta el domingo

Sin embargo, la dinámica de esta masa de aire seco permitirá posteriormente un mayor aporte de humedad . Este cambio podría generar las condiciones para el ingreso de un frente frío y un cambio en la dirección de los vientos hacia el sur.",https://unitel.bo/noticias/sociedad/senamhi-activa-alerta-naranja-por-fuertes-vientos-y-advierte-posible-frente-frio-HH23068816
Unitel,2026-08-26,Sociedad,"Lanzan convocatoria para elegir a la Reina de Santa Cruz, que será coronada el 23 de septiembre","La convocatoria para elegir a la Reina de Santa Cruz ya se encuentra abierta, con el objetivo de encontrar no solo una soberana, sino una representante de la cultura y la identidad cruceña, señaló Raquel Terceros, secretaria de Cultura y Turismo de la Alcaldía municipal.

El momento central de la festividad será el 23 de septiembre , durante la serenata a Santa Cruz, donde se realizará la sesión de honor y la coronación de la nueva reina. Sin embargo, la representante comenzará a participar en los actos protocolares desde el 1 de septiembre.

Entre los requisitos para participar se establece que las postulantes deben ser mujeres de entre 18 y 28 años , haber nacido en Santa Cruz y haber vivido durante los últimos cinco años en la ciudad.

MIRA AQUÍ: Albertina Sacaca sorprende al compartir escenario con Fabio Zambrana y Los Kjarkas en EEUU

“ Buscamos más allá que una reina , una representante, embajadora de nuestra cultura ”, señaló Terceros, quien destacó que es importante que las postulantes hayan estado en actividades cívicas, solidarias y culturales.

Como parte de la postulación, las aspirantes deberán presentar fotografías y un video de un minuto, mediante el cual podrán darse a conocer, además, deberán adjuntar sus redes sociales.

MIRA AQUÍ: “Ayer fui a la Iglesia”: Luis Vega comparte una emotiva experiencia con sus seguidores

La selección estará a cargo de un comité que tendrá la responsabilidad de revisar las postulaciones y definir a la mujer que llevará la representación de Santa Cruz durante las actividades oficiales.",https://unitel.bo/noticias/sociedad/lanzan-convocatoria-para-elegir-a-la-reina-de-santa-cruz-que-sera-coronada-el-23-de-septiembre-PH23068124
Unitel,2026-08-26,Seguridad,Mujer muere tras ser atropellada por un vehículo cuando cruzaba la calle para subir a un micro,"Una mujer perdió la vida luego de ser impactada por un vehículo cuando cruzaba la calle para subir a un micro . El hecho se registró en la zona de la avenida Virgen de Luján, en la ciudad de Santa Cruz de la Sierra.

De acuerdo con la información preliminar, el accidente se suscitó la mañana del martes, cuando la víctima, de aproximadamente 40 años, hizo parar una línea de micro para poder ir a su destino.

Sin embargo, al momento de cruzar la vía para llegar a la vereda, la mujer fue sorprendida por un vehículo particular el cual terminó golpeándola provocando que esta caiga sobre la calzada.

MIRA AQUÍ: Identifican a un implicado y al vehículo en el que se llevaron a un hombre que fue sacado de una clínica

Debido al fuerte impacto, la víctima perdió la vida de manera instantánea, quedando incluso tendida en el suelo cerca del micro que ya la estaba esperando para que aborde.

“Hay un video que está circulando en las redes sociales, donde se puede ver claramente que hay un exceso de velocidad del conductor de este vehículo, y también se observa cómo la persona, el peatón intenta cruzar la vía y es impactada”, dijo Martín Guzmán, director de Tránsito.

Vecinos y testigos del hecho, procedieron a reducir al conductor que provocó el hecho para así evitar que este intente darse a la fuga, mientras esperaban la llegada de la Policía de Tránsito, quien terminó aprehendiendo a este hombre.

“Ha protagonizado la muerte de esa persona al atropellarla, pasa al Ministerio Público por el delito de homicidio en accidente de tránsito”, manifestó.

MIRA AQUÍ: Una pareja fue torturada tras ser secuestrada; se indaga si el caso está ligado al narcotráfico

El caso continúa en investigación y se busca establecer las circunstancias en las que ocurrió el hecho y determinar responsabilidades.",https://unitel.bo/noticias/seguridad/mujer-muere-tras-ser-atropellada-por-un-vehiculo-cuando-cruzaba-la-calle-para-subir-a-un-micro-AH23069180
Unitel,2026-08-26,Seguridad,Beller declara este miércoles y dice que llevará pruebas contra Cerimedo por enriquecimiento ilícito,"Nadia Beller, quien es abogada y fue víctima en un caso de intento de feminicidio, indicó que fue citada a declarar este miércoles por la investigación por enriquecimiento ilícito contra Fernando Cerimedo, quien es acusado en ambos casos.

“Voy a colaborar con la Fiscalía. Voy a ofrecer las pruebas y los elementos que estén a mi alcance. Lo voy a hacer porque respeto la ley, pero también porque tengo una razón personal, profunda y absolutamente legítima para querer que la verdad salga a la luz: Fernando Cerimedo atentó contra mi vida”, anunció en sus redes sociales del martes.

MIRA AQUÍ: Testigo vincula a Fernando Cerimedo con la compra de una quinta en $us 200.000

Beller fue atacada a tiros el lunes 17 de agosto en el ingreso de un hotel en la zona norte de Santa Cruz de la Sierra, por dos hombres vestidos con uniforme de delivery , que después del hecho se dieron a la fuga.

Fernando Cerimedo, expareja de la víctima, fue denunciado y enviado a la cárcel por 180 días de forma preventiva mientras siguen las investigaciones.

Casi de forma simultánea la Fiscalía abrió una investigación por enriquecimiento ilícito en La Paz contra Cerimedo.

Ante ello, tras denunciar de forma pública a Cerimedo por presuntas irregularidades y de supuestamente tener cajones con fajos de billetes, Beller aseguró que ella no tiene participación en hechos ilícitos.

MIRA AQUÍ: “Vamos a censurar al ministro”: Libre adelanta votación en contra de Marco Oviedo

“(Cerimedo) intentó cometer un feminicidio para silenciarme, para impedir que denunciara hechos anteriores de violencia y para evitar que hiciera públicos los conocimientos que había adquirido durante nuestra convivencia sobre hechos e irregularidades en la administración de la cosa pública”, publicó Beller en un extenso mensaje.",https://unitel.bo/noticias/seguridad/beller-declara-este-miercoles-y-dice-que-llevara-pruebas-contra-cerimedo-por-enriquecimiento-ilicito-PH23069107
Unitel,2026-08-26,Mundo,Al menos 55 muertos y 403 desaparecidos en la riada masiva en Nepal,"Al menos 55 personas murieron y 403 permanecen desaparecidas este miércoles después de que una riada repentina golpeara varias localidades cerca de la frontera con el Tíbet (China), según confirmaron las autoridades.

El portavoz de la Policía de Nepal en la provincia de Bagmati, Rajendra Prasad Dhamala, elevó a 55 las personas fallecidas en el desastre que golpeó pueblos, mercados, carreteras y obras hidroeléctricas a primera hora de la mañana.

Al mismo tiempo, la Junta de Turismo de Nepal aseguró que 403 personas, entre ellas 341 extranjeras, permanecen desaparecidas. Dos de ellas son de nacionalidad española, según las fuentes.

MIRA AQUÍ: Mueren 14 bebés por un incendio en un hospital de Pakistán

La masa de agua llegó hacia las 9:15 hora local al río Bhote Koshi desde la zona tibetana y golpeó con especial fuerza Timure , Rasuwagadhi y Syabrubesi.

Las autoridades movilizaron a los cuerpos de seguridad y equipos de emergencia mientras trataban de determinar el alcance de los daños y localizar a las personas que permanecían sin contacto.

El ministro de Asuntos Exteriores de Nepal, Shishir Khanal, atribuyó de forma preliminar a un terremoto la riada , al señalar que el sismo habría provocado un gran deslizamiento de tierra que bloqueó el cauce del río Bhote Koshi.

MIRA AQUÍ: Chile da por terminada la polémica con Argentina por el Estrecho de Magallanes

El Servicio Geológico de Estados Unidos (USGS) registró a las 02:52 GMT un sismo de magnitud 4,4, con epicentro unos 77 kilómetros al noroeste de la localidad nepalí de Kodari y a una profundidad de 10 kilómetros",https://unitel.bo/noticias/mundo/al-menos-55-muertos-y-403-desaparecidos-en-la-riada-masiva-en-nepal-HH23069907
Unitel,2026-08-26,Sociedad,Vivienda social: Estos son los distritos municipales en los que se puede presentar postulación,"Se está en la cuenta regresiva para que culmine el plazo para la postulación a una vivienda social. Este 28 de agosto es el último día en el que se debe presentar los requisitos en las subalcaldías de Santa Cruz de la Sierra.

¿Es para vecinos de todas las subalcaldías?

Según información de la Alcaldía cruceña, los requisitos son para vecinos que viven en las áreas que abarcan 10 subalcaldías: 5 (Norte); 6 (Pampa de la Isla); 7 (Villa Primero de Mayo); 8 (Plan Tres Mil); 9 (Palmasola); 10 (El Bajío); 12 (Nuevo Palmar); 13 (Palmar del Oratorio) 14 (Paurito) y 15 (Montero Hoyos).

MIRA AQUÍ: El 28 de agosto vence plazo para presentar postulación a una vivienda social, ¿qué requisitos se necesitan?

Requisitos

-Ser boliviano mayor de edad y contar con carga familiar

-Preparar tus requisitos en copias sencillas

-Cédula de identidad de tu familia (titular, conyugue y dependiente)

-Documento de tu terreno que acredite tu derecho propietario

-Comprobante de pago de impuestos de los últimos años

-Plano de tu terreno y certificado catastral

¿En qué consiste el programa?

Según las publicaciones de las subalcadías, el programa es para la construcción o refacción de un inmueble; es decir, el interesado ya debe contar con un lote . El plazo para presentar los requisitos vence este 28 de agosto y el trámite es personal y 100% gratuito.

MIRA AQUÍ: Observatorio Astronómico confirma que un ‘bólido’ fue visto en Chuquisaca y descarta motivos para alarmarse

En la publicación de la Subalcaldía 6 se resalta que para la construcción de viviendas, la contraparte del beneficiario es: contratación de un ayudante y compra de tierra seleccionada.

Además, se precisa que para las viviendas destinadas a refacción o mejoramiento, el aporte del beneficiario comprende: arena, arenilla y otros materiales de construcción, además de ayudante de albañil.

Todas las postulaciones serán evaluadas por AEVIVIENDA, que definirá prioridad.",https://unitel.bo/noticias/sociedad/vivienda-social-estos-son-los-distritos-municipales-en-los-que-se-puede-presentar-postulacion-FH23069804
Unitel,2026-08-26,Seguridad,Modificaron reglamento y pagaron Bs 870 millones “sin garantías” en YPFB; 14 personas fueron denunciadas,"El viceministro de Transparencia, Yamil García, denunció este miércoles un presunto daño económico de más de Bs 870 millones a Yacimientos Petrolíferos Fiscales Bolivianos (YPFB) en contratos para la provisión de aceite crudo de soya destinados a la Planta de Biodiésel N°1.

La autoridad afirmó que no se trata de “denuncias genéricas”, sino de casos “con nombre y apellido” de funcionarios y exfuncionarios involucrados, entre los que figuran H.N.I., representante legal de la empresa que suscribió los contratos, y sus socios.

“Se tienen como involucrados a los gerentes de YPFB Refinación, al gerente general, gerente comercial, gerente jurídico a la unidad solicitante, de tal manera que son más de 14 personas que han sido denunciadas ante el Ministerio Público ”, informó.

MIRA AQUÍ: Fiscalía de Beni investiga a Cerimedo por presunta “protección” a vuelos ligados al narcotráfico

La autoridad remarcó que el caso tiene que ver con la planta de biodiésel, que ha tenido denuncias públicas por parlamentarios en su momento, de haber tenido un sobreprecio de al menos 10 millones de dólares. “En una de sus primeras operaciones ha producido una afectación económica de más de 870 millones de bolivianos ”, sostuvo.

Según García, el daño se produjo a través de dos contratos adjudicados a un mismo proveedor para la provisión de aceite crudo de soya. El viceministro explicó que el contratista incumplió y que, a diferencia de lo que establece la norma, YPFB no exigió las garantías de cumplimiento de contrato ni de correcta inversión de anticipo .

“¿Qué ha ocurrido en este caso? Que no ha existido ni garantía de cumplimiento de contrato ni garantía de correcta inversión de anticipo ”, señaló este miércoles, en conferencia de prensa.

García detalló que el directorio de YPFB Refinación modificó el reglamento de garantías en una sesión del 2 de abril de 2024. En esa reunión se resolvió “añadir una excepción” para no exigir la garantía de anticipo a proveedores de aceite crudo de soya y cambiar la garantía de cumplimiento por una simple retención para montos mayores a Bs 1 millón.

“A los tres días se comunica la adjudicación a la empresa. Es decir, el directorio sesiona un martes, quita las garantías, y el viernes YPFB le comunica a esta empresa que ya había sido adjudicada por estos contratos millonarios”, denunció.

MIRA AQUÍ: Citan a Beller para que declare este miércoles como testigo en el caso por enriquecimiento ilícito contra Cerimedo

“El 8 de abril se suscribió el contrato” y el 9 de abril de 2024 “comenzaron los desembolsos de anticipos millonarios” , señaló el viceministro.

“En menos de una semana, YPFB configura este esquema, de tal manera que pueda entregar estos más de 870 millones de bolivianos sin tener una sola garantía de que se pueda recuperar un centavo de estos recursos de todos los bolivianos”, afirmó.

García mostró un formulario de pago anticipado que señala como respaldo “informe de excepción de garantías”.

Posteriormente, indicó que ante el incumplimiento, YPFB y la empresa firmaron una terminación de contrato, pero que como garantía, se le entregó dos terrenos rurales en favor de la estatal, pero que resultaron ser “pequeñas propiedades” y por tanto inembargables según la Constitución.",https://unitel.bo/noticias/seguridad/modificaron-reglamento-y-pagaron-bs-870-millones-sin-garantias-en-ypfb-14-personas-fueron-denunciadas-FH23069639
Unitel,2026-08-26,Seguridad,"Caso Cerimedo: La Fiscalía cita como testigo a la directora de Comunicación del Gobierno, Ximena Galarza","La Fiscalía citó a Ximena Galarza, directora general de Comunicación Estratégica del Estado, para que presente su declaración informativa por el caso de Fernando Cerimedo como testigo .

Fuentes del Gobierno confirmaron a la red UNITEL que la comunicadora y politóloga debe presentarse a las 16:30 de este miércoles en la Fiscalía de La Paz.

MIRA AQUÍ: Testigo vincula a Fernando Cerimedo con la compra de una quinta en $us 200.000

Cerimedo es investigado en la sede de Gobierno por un caso que abrió de oficio el Ministerio Público por el delito de enriquecimiento ilícito .

El proceso de investigación tiene base en las denuncias planteadas por Nadia Beller, quien acusó al que fue asesor del presidente Rodrigo Paz de articular una red de corrupción en la que supuestamente está involucrado parte del círculo presidencial.

MIRA AQUÍ: Senador Roca dice que Cerimedo tenía una billetera digital con la que acopiaba criptomonedas y anuncia investigación

Sin embargo, hasta la fecha, la denunciante no presentó pruebas sobre este caso, aunque anunció que las entregará en su declaración ante la Fiscalía que está programada para las próximas horas.

La Fiscalía allanó al menos cinco inmuebles en los que halló dinero y una “mini granja de boots”. Indaga el origen de este fondo y ha pedido a la Unidad de Investigación Financiera (UIF) un informe sobre el asesor argentino.

Procesado

Cerimedo cumple detención preventiva en el penal de Palmasola en el proceso de tentativa de feminicidio por el ataque contra Beller que se perpetró la noche el lunes 17 de agosto. Ese día estalló el escándalo.

La Fiscalía de Beni también lo investiga por presuntamente brindar “cobertura” a vuelos ligados con el narcotráfico .",https://unitel.bo/noticias/seguridad/caso-cerimedo-la-fiscalia-cita-como-testigo-a-la-directora-de-comunicacion-del-gobierno-ximena-galarza-PH23069622
Unitel,2026-08-26,Virales,Video: Nicki Nicole celebra sus 26 en medio de cantos y emoción,"Nicki Nicole celebró sus 26 años y protagonizó un emotivo momento que rápidamente se volvió viral en redes sociales.

En las imágenes, la cantante argentina aparece sonriente , disfrutando de un festejo organizado por sus fans rodeada de alegría y cariño.

Para la ocasión, Nicki lució un gorrito de fiesta color rosa y sostuvo entre sus manos unas velas encendidas con la forma del número 26, mientras compartía el tradicional canto de “ Que los cumplas feliz ”.

MIRA AQUÍ: Messi, mate y familia: la escena que enterneció en las redes sociales

El video capturó a la artista visiblemente emocionada y feliz durante la celebración , mientras compartía con las personas que la acompañaban.

Sin duda el momento no tardó en llamar la atención de sus seguidores, quienes llenaron las redes de mensajes de cariño para la cantante en su día especial, este video fue compartido en X.

MIRA AQUÍ: Video: Así fue la batalla de ‘farmear aura’ en Cochabamba que ya tiene un ganador y una subcampeona

Su felicidad siempre su felicidad, que lindo terminarlo con vos te amamos🫂💕 @Nicki_Nicole19 pic.twitter.com/PM3JUJRko0",https://unitel.bo/noticias/virales/video-nicki-nicole-celebra-sus-26-en-medio-de-cantos-y-emocion-AG23070734
Unitel,2026-08-26,Política,"Paz instruyó “investigación minuciosa” sobre el caso Cerimedo - Beller, señaló viceministro de Transparencia","El viceministro de Transparencia, Yamil García, remarcó que el presidente Rodrigo Paz instruyó impulsar una investigación sobre las denuncias que involucran al que fuera su asesor, Fernando Cerimedo , y su expareja Nadia Beller.

“Ayer (martes) hemos recibido una instrucción expresa de parte del despacho presidencial de poder realizar una investigación minuciosa en relación a cada uno de los hechos que se han señalado”, afirmó García.

El proceso de investigación tiene base en las denuncias planteadas por Nadia Beller, quien acusó al que fue asesor del presidente Rodrigo Paz de articular una red de corrupción en la que supuestamente está involucrado parte del círculo presidencial.

MIRA AQUÍ: Caso Cerimedo: La Fiscalía cita como testigo a la directora de Comunicación del Gobierno, Ximena Galarza

García además indicó que el Gobierno se presentó como parte coadyuvante en la investigación que abrió la Fiscalía contra Cerimedo por el delito de enriquecimiento ilícito.

“ Todo debe investigarse, todo debe esclarecerse . Es por eso que nosotros nos hemos puesto a disposición de la Fiscalía con la finalidad de que podamos llegar al fondo de cada una de estas afirmaciones ”, agregó.

Sin embargo, hasta la fecha, la denunciante no presentó pruebas sobre este caso , aunque anunció que las entregará en su declaración ante la Fiscalía que está programada para las próximas horas.

MIRA AQUÍ: Beller declara este miércoles y dice que llevará pruebas contra Cerimedo por enriquecimiento ilícito

La Fiscalía allanó al menos cinco inmuebles en los que halló dinero y una “mini granja de boots”. Indaga el origen de este fondo y ha pedido a la Unidad de Investigación Financiera (UIF) un informe sobre el asesor argentino.

Procesado

Cerimedo cumple detención preventiva en el penal de Palmasola en el proceso de tentativa de feminicidio por el ataque contra Beller que se perpetró la noche el lunes 17 de agosto. Ese día estalló el escándalo.

La Fiscalía de Beni también lo investiga por presuntamente brindar “cobertura” a vuelos ligados con el narcotráfico .",https://unitel.bo/noticias/politica/paz-instruyo-investigacion-minuciosa-sobre-el-caso-cerimedo-beller-senalo-viceministro-de-transparencia-CG23070389
Unitel,2026-08-26,Mundo,Imágenes impactantes de la riada que se cobró la vida de varias personas en Nepal,"Una crecida devastadora de un río en Nepal, frontera con China, ha provocado la muerte de varias personas y también ha dejado a cientos de desaparecidos, entre los que se encuentran en su mayoría turistas que no han podido ser localizados horas después de la catástrofe.

Un torrente de lodo y escombros se desbordó de un río sepultando edificios y desencadenando una búsqueda frenética para encontrar a supervivientes entre los escombros.

Los medios estatales chinos informaron de “numerosas víctimas” a causa de un deslizamiento de tierra en una zona fronteriza con Nepal , en la región vecina del Tíbet, y el presidente, Xi Jinping, ordenó una operación de rescate “a gran escala”.

MIRA AQUÍ: Al menos 55 muertos y 403 desaparecidos en la riada masiva en Nepal

En las imágenes compartidas por la Policía de Nepal muestran como el río se desborda, barriendo a su paso varias casas en el distrito de Rasuwa.

Asimismo, en varios videos que circulan por las redes sociales se observa como las personas huyen para intentar salvar sus vidas mientras que poco después ya son sorprendidas por enormes olas que llevan consigo lodo y piedras.

Según los últimos datos, son al menos 55 los cuerpos han sido recuperados tras la riada, indicó la Policía de Nepal, que añadió que también había “varios agentes que estaban fuera de contacto”.

“V i cómo las aguas se llevaban por delante ocho o nueve camiones, además de casas y personas”, contó Suman Chalise, un profesor de 34 años, en la localidad nepalí de Nuwakot.

“Fue absolutamente desgarrador (...) Fui testigo de una devastación de tal magnitud que nunca había visto nada igual”, añadió.

En otras imágenes también se ve como las personas logran captar el momento en el que el agua baja con fuerza por el río , mientras se lleva todo a su paso poniendo en riesgo las zonas pobladas.

MIRA AQUÍ: Mueren 14 bebés por un incendio en un hospital de Pakistán

La Oficina de Turismo de Nepal informó que, según un registro preliminar, elaborado por agencias y recibido de empresas de turismo y viajes, ha identificado a 403 personas, entre ellas 341 extranjeras, que permanecen desaparecidas.

La inundación golpeó Syabrubesi, el punto de partida de la popular ruta de senderismo de Langtang, así como otras zonas utilizadas por viajeros para la peregrinación hindú a Kailash Mansarovar.",https://unitel.bo/noticias/mundo/imagenes-impactantes-de-la-riada-que-se-cobro-la-vida-de-varias-personas-en-nepal-DG23070829
Unitel,2026-08-26,Economía,Bloqueo Santa Cruz- Beni: A horas de la protesta se forma una larga fila y permiten el paso por 30 minutos,"A solo horas de que se instalara el bloqueo en el puente San Pablo, en la provincia Marbán, que une Santa Cruz con Beni, se formó una larga fila de motorizados por lo que agentes de la Unidad Táctica de Operaciones Policiales (UTOP) se desplazaron al lugar; en ese interín, se acordó con los productores acatar un cuarto intermedio que duró 30 minutos.

Concluido el tiempo, cerca de las 10:30, los movilizados retomaron su protesta en rechazo al Decreto Supremo 5676 que dicta un nuevo régimen para el diésel.

MIRA AQUÍ: Al menos dos apagones en Viru Viru provocan retraso en vuelos, denuncian pasajeros

El comandante del Utop de departamento de Beni, Marco Ugarte, informó que cerca de 200 vehículos se encontraban varados por el bloqueo que inició desde la madrugada de este miércoles.

Añadió que se llegó a consensuar un cuarto intermedio con el objetivo que pasen las flotas y los camiones varados con niños y adultos mayores.

El DS 5676 fija nuevos precios para el diésel para consumidores mayoristas (Graco). La norma se aprobó la anterior semana e inició con un precio referencial de Bs 18 el litro. No obstante, para minoristas se mantiene el precio actual de Bs 9,80.

MIRA AQUÍ: Nuevo ministro de Economía traza dos tareas clave para el inicio de su gestión

Suspendidos los viajes desdela Terminal Bimodal

D esde la Terminal Bimodal, Santa Cruz, suspendieron las salidas a Beni, debido a un bloqueo que productores instalaron en el Puente San Pablo, en el límite entre ambos departamentos.

Los operadores indicaron que desde la Dirección de Tránsito les recomendaron no vender pasajes ni condicionados, a que se levante la protesta, pues se desconoce cuánto durará la medida, que se ejecuta en medio de un Estado de excepción que prohíbe el corte de rutas a nivel nacional.

Los sectores sociales y productores aseguran que la medida puede provocar repercusiones económicas negativas.",https://unitel.bo/noticias/economia/bloqueo-santa-cruz-beni-a-horas-de-la-protesta-se-forma-una-larga-fila-y-permiten-el-paso-por-30-minutos-AG23070606
Unitel,2026-08-26,Tendencias,"‘Luna de Sangre’: los 5 signos que tendrán un cambio en el amor, el dinero y sus proyectos","El eclipse denominado ‘ Luna de Sangre ’, previsto para el 27 de agosto, llega acompañado, según la astrología, de una energía de transformación. Para algunos signos del horóscopo, este período podría convertirse en una oportunidad para avanzar en el amor, el dinero y los proyectos personales.

Más allá del fenómeno astronómico, la astrología considera que los eclipses pueden funcionar como momentos de cambios profundos, cierres de ciclos y apertura de nuevas oportunidades.

En este contexto, cinco signos podrían experimentar movimientos importantes en distintas áreas de su vida.

MIRA AQUÍ: Las “batallas de aura” saltan de las redes sociales a las calles

La noche del 27 de agosto será visible en México eclipse lunar conocido como “Luna de sangre” https://t.co/inudazQssg pic.twitter.com/TUknciYA0A

Piscis: el eclipse podría marcar un importante punto de inflexión personal. Será un momento propicio para revisar qué desea realmente y comenzar a dejar atrás situaciones, hábitos o relaciones que ya no se corresponden con su presente.

Cáncer: los nacidos bajo este signo podrían sentir un fuerte impulso por ampliar sus horizontes. Viajes, estudios, nuevos proyectos y experiencias diferentes podrían cobrar protagonismo. Además, el eclipse podría llevarlos a cuestionar creencias que hasta ahora limitaban sus decisiones.

Escorpio: el fenómeno podría movilizar especialmente el amor, la creatividad y los deseos personales. Una relación podría avanzar hacia una nueva etapa, mientras que algunas situaciones sentimentales podrían finalmente aclararse.

Tauro: las novedades podrían concentrarse en las amistades, los proyectos colectivos y los planes a futuro. Algunos vínculos podrían adquirir mayor importancia, mientras que otros comenzarían a quedar atrás tras haber cumplido su ciclo.

Capricornio: el eclipse podría favorecer especialmente la comunicación, las decisiones y las nuevas ideas. Algunas conversaciones pendientes podrían concretarse y aportar información clave para definir cómo continuar frente a determinadas situaciones.

MIRA AQUÍ: Robot chino supera récord mundial humano en la competencia de atletismo de los 100 metros

Así, el eclipse se presenta, desde la mirada astrológica, indica que algunos signos podrían encontrar el impulso necesario para cerrar etapas y abrirse a nuevos caminos, según información de Nuevo Diario, Argentina.",https://unitel.bo/noticias/tendencias/luna-de-sangre-los-5-signos-que-tendran-un-cambio-en-el-amor-el-dinero-y-sus-proyectos-JG23071392
Unitel,2026-08-26,Mundo,"Tim Curry, la leyenda del cine y el teatro, fallece a los 80 años","Tim Curry, uno de los intérpretes más versátiles y reconocidos de la cultura pop, falleció a sus 80 años . A lo largo de más de cinco décadas de carrera, el artista británico construyó un legado que atravesó el cine , la televisión , el teatro y la música , con una extensa galería de personajes que permanecen en la memoria del público.

Curry, según medios internacionales, venía enfrentando diversos problemas de salud desde hace más de una década, luego de sufrir un derrame cerebral en el 2012 que afectó su movilidad.

MIRA AQUÍ: Dolly Parton, legendaria estrella de la música country, muere a los 80 años

Una publicación compartida de TMZ (@tmztv)

Pese a las dificultades, continuó vinculado al mundo artístico y mantuvo una trayectoria que lo convirtió en una figura admirada por varias generaciones.

Su c onsagración internacional llegó con Dr. Frank-N-Furter , el extravagante científico de The Rocky Horror Picture Show, personaje que interpretó con una combinación de irreverencia , humor y teatralidad y que terminó convirtiéndose en uno de los grandes íconos de culto de la cultura pop.

MIRA AQUÍ: Informe forense confirma que instructor de paracaidismo murió por un “trauma general”, reporta la Policía

La noticia llega este miércoles en redes sociales TMZ publicó un nuevo reporte en el que sostiene que el actor murió a los 80 años.",https://unitel.bo/noticias/mundo/tim-curry-la-leyenda-del-cine-y-el-teatro-fallece-a-los-80-anos-FG23072236
Unitel,2026-08-26,Sociedad,"Gobierno lanza 5.000 Becas Google para universitarios, docentes y estudiantes de institutos","Este miércoles el Gobierno hizo el lanzamiento de 5.000 Becas Google destinada a universitarios en distintas áreas tecnológicas.

El ministro de Educación, Erick Sanjinés, explicó que estas becas están dirigidas a universitarios y docentes en distintas áreas, además de estudiantes de institutos y emprendedores.

“Este programa tiene acceso gratuito durante seis meses a rutas de aprendizaje en inteligencia artificial, computación en la nube, ciberseguridad analítica de datos e ingeniería de nube”, detalló sobre las áreas.

MIRA AQUÍ: El 28 de agosto vence plazo para presentar postulación a una vivienda social, ¿qué requisitos se necesitan?

A su vez, el ministro de la Presidencia, Fernando Aramayo, indicó que se busca ampliar capacidades de la población y de las condiciones del país para competir tecnológicamente a nivel internacional.

Consideró que se está en época de preguerra, cuando la demanda es a nivel de tecnología.

A su vez, el presidente Rodrigo Paz, indicó que los beneficiarios de estas becas en un futuro tendrán un redito de entre 15 y 25%.

MIRA AQUÍ: Observatorio Astronómico confirma que un ‘bólido’ fue visto en Chuquisaca y descarta motivos para alarmarse",https://unitel.bo/noticias/sociedad/gobierno-lanza-5000-becas-google-para-universitarios-docentes-y-estudiantes-de-institutos-IG23071669
Unitel,2026-08-26,Política,El Legislativo rechaza modificar su agenda para tratar el plan del diputado Zegarra para solicitar una misión internacional por el caso Cerimedo,"La Asamblea Legislativa Plurinacional rechazó este miércoles la alteración de su agenda para el análisis de la propuesta del diputado Edgar Zegarra de solicitar una misión internacional para indagar el caso de Fernando Cerimedo .

Zegarra presentó en el pleno un proyecto de resolución camaral para solicitar la conformación de un mecanismo internacional independiente de investigación sobre las denuncias de corrupción y posibles redes de tráfico de influencias vinculadas al caso Fernando Cerimedo.

Para ese fin, el legislador de Libre solicitó la modificación del orden del día, una propuesta que fue rechazada por la mayoría de los legisladores. Zegarra solicitó la revisión nominal de la votación , instancia en la cual también se desestimó el plan.

Antes, había explicado que su intención era acudir a la Organización de Estados Americanos (OEA).

MIRA AQUÍ: Paz instruyó “investigación minuciosa” sobre el caso Cerimedo - Beller, señaló viceministro de Transparencia

Los legisladores coincidieron en que se vulnera la soberanía jurisdiccional para la investigación de este caso y consideraron que en primera instancia es una competencia de la Fiscalía y del Legislativo boliviano.

En contrapartida, cobró fuerza la propuesta de que la Asamblea conforme una comisión mixta.

El tema se trató en la sesión de interpelación del ministro de Gobierno, Marco Antonio Oviedo, que se programó para este jueves.

“ Hoy vamos a poner a consideración del pleno la propuesta presentada por el diputado Zegarra , de alianza Libre, quien ha solicitado que se conforme una comisión para investigar el caso Cerimedo”, anunció el mandatario.

Gobierno

El viceministro de Transparencia, Yamil García, remarcó que el presidente Rodrigo Paz instruyó impulsar una investigación sobre las denuncias que involucran al que fuera su asesor, Fernando Cerimedo , y su expareja Nadia Beller.

El proceso de investigación tiene base en las denuncias planteadas por Nadia Beller, quien acusó al que fue asesor del presidente Rodrigo Paz de articular una red de corrupción en la que supuestamente está involucrado parte del círculo presidencial.

Procesado

Cerimedo cumple detención preventiva en el penal de Palmasola en el proceso de tentativa de feminicidio por el ataque contra Beller que se perpetró la noche el lunes 17 de agosto. Ese día estalló el escándalo.

La Fiscalía de Beni también lo investiga por presuntamente brindar “cobertura” a vuelos ligados con el narcotráfico .",https://unitel.bo/noticias/politica/el-legislativo-rechaza-modificar-su-agenda-para-tratar-el-plan-del-diputado-zegarra-para-solicitar-una-mision-internacional-por-el-caso-cerimedo-HG23071565
Unitel,2026-08-26,Mundo,Suben a casi 100 los muertos tras la riada en Nepal y más de 700 personas desaparecidas,"Al menos 98 personas murieron y cientos permanecían desaparecidas o sin contacto este miércoles después de que violentas inundaciones repentinas golpearan ambos lados de la frontera entre Nepal y el Tíbet (China), arrastrando puentes, cortando carreteras y dañando infraestructuras hidroeléctricas.

La mayor parte de las víctimas confirmadas hasta ahora se concentra en Nepal, donde la Oficina del Primer Ministro informó de la recuperación de 95 cadáveres en las zonas afectadas por la riada del río Bhote Koshi, aunque su identificación todavía no había concluido.

El mismo balance oficial indicó que permanecían sin contacto 484 turistas, 391 extranjeros y 93 nepalíes , además de 44 miembros del Ejército , 28 policías, 13 efectivos de la Fuerza Armada de Policía y 60 trabajadores de distintos proyectos hidroeléctricos.

Las autoridades continuaban recopilando información para determinar el alcance definitivo de las pérdidas humanas.

MIRA AQUÍ: Al menos 55 muertos y 403 desaparecidos en la riada masiva en Nepal

La riada golpeó con especial fuerza el distrito de Rasuwa, en el norte de Nepal, donde la masa de agua alcanzó a primera hora del miércoles las localidades de Timure, Rasuwagadhi y Syabrubesi, junto a uno de los principales pasos terrestres hacia el Tíbet.

El desastre dañó al menos 19 puentes transitables y unos 40 kilómetros de carreteras , además de proyectos hidroeléctricos y otras infraestructuras, lo que dificultó el acceso de los equipos de rescate a algunas de las zonas afectadas.

El ministro de Asuntos Exteriores de Nepal, Shishir Khanal, señaló que los primeros indicios apuntan a que un terremoto registrado por la mañana habría provocado un gran deslizamiento de tierra que bloqueó temporalmente el cauce del río en territorio tibetano, antes de que la acumulación de agua desencadenara la crecida.

El Servicio Geológico de Estados Unidos (USGS) registró a las 02:52 GMT un sismo de magnitud 4,4 en la zona tibetana próxima a la frontera con Nepal, a una profundidad de 10 kilómetros y con epicentro a unos 77 kilómetros al nor-noroeste de la localidad nepalí de Kodari.

El Gobierno nepalí declaró durante tres meses zona de desastre las áreas afectadas y ordenó movilizar helicópteros militares y privados para las operaciones de búsqueda y rescate, además de proporcionar atención médica gratuita a los heridos y acelerar la restauración de carreteras, electricidad y telecomunicaciones.

Al otro lado de la frontera, las autoridades chinas informaron de al menos tres muertos y 265 desaparecidos en el condado tibetano de Gyirong, según un primer balance difundido por el medio estatal CCTV.

MIRA AQUÍ: Al menos 55 muertos y 403 desaparecidos en la riada masiva en Nepal

El recuento, actualizado hasta las 20:00 hora local, precisó que el número concreto de fallecidos y heridos seguía bajo verificación mientras continuaban las operaciones de búsqueda y rescate.",https://unitel.bo/noticias/mundo/suben-a-casi-100-los-muertos-tras-la-riada-en-nepal-y-mas-de-700-personas-desaparecidas-BG23072560
Unitel,2026-08-26,Seguridad,Vendían galletas con marihuana en plena plaza principal; dos jóvenes fueron aprehendidos,"Dos jóvenes, un hombre y una mujer de 20 y 24 años, fueron enviados con detención preventiva al penal de San Roque luego de ser aprehendidos por la Fuerza Especial de Lucha Contra el Narcotráfico (Felcn) cuando vendían galletas con marihuana en el centro de la ciudad de Sucre.

Según el informe de la Fiscalía, ambas personas fueron encontradas en la plazuela Cochabamba , en el centro de la ciudad de Sucre, cuando pretendían comercializar de forma directa este producto.

MIRA AQUÍ: Muere un brasileño que recibió un disparo en la frontera entre Bolivia y Brasil

“Cuando estos ciudadanos se procedían a comercializar galletas, fueron interceptados por funcionarios de la Fuerza Especial de Lucha Contra el Narcotráfico y han sido remitidos al Ministerio Público”, detalló la fiscal de Materia, Laura Sánchez, en contacto con los medios de comunicación.

Explicó que, realizada la prueba de campo, las galletas dieron positivo a marihuana, por lo que se inició una investigación, en la que se allanó los domicilios de ambas personas.

“En la ciudad de Sucre es la primera vez que el Ministerio Público toma conocimiento de este tipo de comercialización de sustancias controladas a través de galletas ”, afirmó la fiscal.

MIRA AQUÍ: Testigo vincula a Fernando Cerimedo con la compra de una quinta en $us 200.000

Añadió que actualmente se investiga por qué medio se hacía la comercialización y de dónde obtenían la marihuana para la preparación de este producto.",https://unitel.bo/noticias/seguridad/vendian-galletas-con-marihuana-en-plena-plaza-principal-dos-jovenes-fueron-aprehendidos-HG23073051
Unitel,2026-08-26,Política,"Lara a Paz: “Debe dar la cara, debería denunciar a Fernando Cerimedo”","El vicepresidente, Edmand Lara, consideró que el mandatario Rodrigo Paz debe pronunciarse de manera pública sobre el caso de Fernando Cerimero e inclusive señaló que debe denunciar al que fue su asesor.

“Para el presidente debe ser muy complicado dar la cara al país , pero en la medida en que no lo haga su prestigio, su credibilidad, va a seguir cayendo”, afirmó.

MIRA AQUÍ: Paz instruyó “investigación minuciosa” sobre el caso Cerimedo - Beller, señaló viceministro de Transparencia

“ El presidente debe dar la cara, ha involucrado a su entorno familiar y el que nada tiene, nada teme ”, añadió.

El viceministro de Transparencia, Yamil García, remarcó que el presidente Rodrigo Paz instruyó impulsar una investigación sobre las denuncias que involucran al que fuera su asesor, Fernando Cerimedo, y su expareja Nadia Beller.

“ Ayer (martes) hemos recibido una instrucción expresa de parte del despacho presidencial de poder realizar una investigación minuciosa en relación a cada uno de los hechos que se han señalado”, afirmó García.

El proceso de investigación tiene base en las denuncias planteadas por Nadia Beller, quien acusó al que fue asesor del presidente Rodrigo Paz de articular una red de corrupción en la que supuestamente está involucrado parte del círculo presidencial.

MIRA AQUÍ: Caso Cerimedo: La Fiscalía cita como testigo a la directora de Comunicación del Gobierno, Ximena Galarza

Lara se refirió al vínculo de Paz con Cerimedo y aseguró que hay pruebas de su cercanía.

“ Él debería salir, dar la cara y decir ‘no tengo nada que ver’ y él debería denunciar a Fernando Cerimedo por hacerse pasar pro su asesor porque le ha encontrado tarjetas”, señaló.

“ Hay imágenes, hay pruebas de que Cerimedo estaba en la Casa Grande del Pueblo . Participaba en reuniones de gabinete, participaba en conferencias de prensa al lado del ministro de Gobierno”, añadió.",https://unitel.bo/noticias/politica/lara-a-paz-debe-dar-la-cara-deberia-denunciar-a-fernando-cerimedo-HG23073271
Unitel,2026-08-26,Insólito,"Adolescente mató a su madre, pasó la noche con el cuerpo y fue al colegio antes de confesar el crimen","Una adolescente de 14 años fue detenida por su presunta culpabilidad en la muerte de su madre, ocurrida al interior del departamento donde ambas vivían en la comunidad de San Joaquín, zona sur de Santiago de Chile.

De acuerdo con los antecedentes expuestos por la policía, l a menor habría golpeado a la mujer de 48 años , con un martillo. Tras el ataque, habría cubierto el cuerpo con una sábana y pasado la noche en el mismo lugar.

Al día siguiente, la adolescente acudió a clases y realizó sus actividades con normalidad . Después de regresar del colegio, denunció el hecho y ante la Comisaría de Santiago de Carabineros y confesó su participación en el crimen.

“ Ella había sido la autora de ese delito de parricidio ”, señaló el subprefecto Robert Briones, jefe de la Brigada de Homicidios de la zona sur de Santiago.

MIRA AQUÍ: Detienen a los ladrones de una joyería mientras comían un churrasco

Una adolescente de 14 años mata a su madre con un martillo en Santiago y va al colegio antes de confesar el crimen al día siguiente https://t.co/NWctWE9YFn

Tras recibir la denuncia , personal de la Policía de Investigaciones ingresó al departamento y encontró el cadáver de la mujer. Según el subprefecto la víctima presentaba “ diversas heridas contusas ”, cuyo autor correspondería a su hija.

Hasta ahora, la policía ha establecido preliminarmente que la víctima se encontraba sola en el departamento junto a su hija al momento de los hechos.

MIRA AQUÍ: Madre logra que su hijo sea reconocido como heredero de su expareja tras una prueba de ADN

La adolescente fue detenida y trasladada ante un tribunal de garantía, que decretó su internación provisoria por el delito de parricidio consumado. La medida se mantendrá mientras avanzan las investigaciones para esclarecer las circunstancias del caso, cuya información fue difundida por EL PAÍS.",https://unitel.bo/noticias/insolito/adolescente-mato-a-su-madre-paso-la-noche-con-el-cuerpo-y-fue-al-colegio-antes-de-confesar-el-crimen-CG23073919
Unitel,2026-08-26,Seguridad,"Pareja que fue secuestrada y torturada tiene antecedentes por narcotráfico, el varón tiene una condena en su contra","La Policía ha informado que la pareja que fue secuestrada tras un supuesto intento de venta de un terreno en Cochabamba, cuenta con antecedentes por delitos ligados al narcotráfico e incluso, uno de ellos estaba siendo buscado por la Justicia.

De acuerdo al informe brindado por la Fuerza Especial de Lucha Contra el Narcotráfico (Felcn), A.S. y su esposa M.V.G., registran tres antecedentes penales cada uno por delitos vinculados al narcotráfico.

Según informaron las autoridades policiales, Sandoval incluso tiene una condena de ocho años de prisión por este delito y se encontraba prófugo de la Justicia.

MIRA AQUÍ: Identifican a un implicado y al vehículo en el que se llevaron a un hombre que fue sacado de una clínica

La pareja aseguró que fue víctima de secuestro por parte de cuatro sujetos que supuestamente se hicieron pasar por compradores para un terreno, sin embargo, cuando llegaron al lugar, fueron interceptados y trasladados a la zona de La Angostura.

En su relato, aseguraron que los pusieron en ambientes separados y los torturaron, para luego llamar a su hijo y pedir una recompensa de 200 mil dólares, sin embargo , su hijo consiguió aproximadamente la mitad del dinero para que liberen a sus padres.

Ambos fueron dejados en una zona de Cliza con múltiples lesiones, incluso, al varón le habían sacado las uñas.

Ambos permanecen internados y bajo resguardo policial e n una clínica particular del municipio de Sacaba, recuperándose de sus heridas.

MIRA AQUÍ: Delivery queda en terapia intensiva tras ser arrollado por un conductor que se fugó, la deuda en la clínica es de casi Bs 100.000

Sin embargo, desde la Policía se informó que se prevé que, una vez se recupere, Sandoval sea trasladarlo al penal de San Sebastián varones para que cumpla la condena pendiente.

Asimismo, se aggregó que continúan las investigaciones para identificar y capturar a los responsables del secuestro.",https://unitel.bo/noticias/seguridad/pareja-que-fue-secuestrada-y-torturada-tiene-antecedentes-por-narcotrafico-el-varon-tiene-una-condena-en-su-contra-MG23073942
Unitel,2026-08-26,Política,Cruce en sesión de la Asamblea: Lara llama “distraído” a Alarcón y el diputado le responde “usted manipula”,"El vicepresidente de Bolivia, Edmand Lara tuvo un cruce verbal con el diputado de Unidad, Carlos Alarcón, durante la sesión de la Asamblea Legislativa Plurinacional (ALP) de este miércoles, que fue convocada para la interpelación del ministro de Gobierno, Marco Oviedo.

A minutos de instalarse se realizó una votación para tratar la alteración de la agenda ante la propuesta del diputado Edgar Zegarra de solicitar una misión internacional para indagar el caso de Fernando Cerimedo .

Durante la votación Lara reclamo: “Diputado Alarcón usted siempre distraído. Estamos controlando”.

MIRA AQUÍ: El Legislativo rechaza modificar su agenda para tratar el plan del diputado Zegarra para solicitar una misión internacional por el caso Cerimedo

De forma inmediata Alarcón respondió: “ Usted siempre manipula . Estamos votando comprobación para el cambio del orden del día o la confirmación de la comisión. Nos hemos desordenado”.

Además, añadió “los colegas están votando por la comprobación de la comisión y yo tengo entendido que no hemos tenido dos tercios para el cambio del orden del día. Acláreme para que emita mi voto, son dos cosas completamente distintas”.

Lara respondió: “Diputado Alarcón usted siempre distraído”.

Alarcón: “ Y usted siempre manipula... Usted actúa mal, es importante corregir. No me aclaró ”.

MIRA AQUÍ: Nuevo ministro dice que el caso del vehículo de Espinoza es un “tema personal” y no se sumará a las denuncias

Lara le pidió a Alarcón estar más atento y en respuesta él alegó que debió de explicar porque había legisladores que estaban votando por otro tema, por una comisión internacional; sin embargo, sostuvo que en realidad se estaba emitiendo el voto para comprobación de si se cambiaba o no el orden del día.",https://unitel.bo/noticias/politica/cruce-en-sesion-de-la-asamblea-lara-llama-distraido-a-alarcon-y-el-diputado-le-responde-usted-manipula-CG23073634
Unitel,2026-08-26,Política,El ministro Oviedo se presenta en la Asamblea para su interpelación por la lucha contra el narcotráfico,"El vicepresidente del Estado y presidente de la Asamblea Legislativa Plurinacional, Edmand Lara, instaló pasadas las 11:00 de este miércoles una nueva sesión del pleno para la interpelación al ministro de Gobierno, Marco Antonio Oviedo , sobre la lucha contra el narcotráfico.

La interpelación fue solicitada por los diputados Rolando Pacheco, Edwin Huiza, Claudia Herbas y Juan Carlos Poma .

En los minutos previos a la sesión surgieron voces de parlamentarios para posponer la fiscalización para septiembre, con el argumento de que era necesario reunir más elementos sobre el tema; sin embargo, cerca a las 13:15, la autoridad se hizo presente en el hemiciclo para responder a las preguntas de los interpelantes.

Oviedo es el cuarto ministro en ser interpelado en los últimos 10 días . La semana pasada, la Asamblea censuró a José Gabriel Espinoza, que dejó el cargo de ministro de Economía.

Luego fueron interpelados Mauricio Zamora, de Obras Públicas, y Marcelo Blanco, de Hidrocarburos, quienes eludieron la censura luego de que la Asamblea aprobara los informes sobre el caso BoA y los combustibles, respectivamente.

Antes de la interpelación, el pleno del Legislativo analizó la propuesta del diputado Edgar Zegarra para solicitar una comisión internacional para indagar el caso de Fernando Cerimedo .

Zegarra presentó en el pleno un proyecto de resolución camaral para solicitar la conformación de un mecanismo internacional independiente de investigación sobre las denuncias de corrupción y posibles redes de tráfico de influencias vinculadas al caso de Fernando Cerimedo.

El planteamiento fue rechazado, pero se solicitó la conformación de una comisión mixta del Legislativo.",https://unitel.bo/noticias/politica/el-ministro-oviedo-se-presenta-en-la-asamblea-para-su-interpelacion-por-la-lucha-contra-el-narcotrafico-DG23071121
Unitel,2026-08-26,Política,Nueva estructura: Aramayo ratifica a cuatro viceministros y suma a René Rivera en Coordinación y Modernización del Estado,"El ministro de la Presidencia, Fernando Aramayo, ratificó y tomó juramente este miércoles a cuatro viceministros y sumó a René Rivera en Coordinación y Modernización del Estado , en el marco de la reestructuración de esa cartera del Estado.

Durante el acto, Aramayo pidió a los viceministros compromiso y responsabilidad en el ejercicio de sus funciones, y les instó a hacer cumplir las leyes.

MIRA AQUÍ: Modificaron reglamento y pagaron Bs 870 millones “sin garantías” en YPFB; 14 personas fueron denunciadas

Las autoridades posesionadas son:

- Wilson Santamaría Choque, quien permanece en Presidencia ahora como viceministro de Gestión Legislativa y Coordinación con Organizaciones Sociales.

- Jéssica Echeverría permanece como viceministra de Igualdad de Oportunidades.

- Adrián Oliva Alcázar es el viceministro de Autonomías y Tierras.

- Yamil García Delfín dirige el Viceministerio de Transparencia, Seguridad Jurídica e Integridad Pública.

- René Rivera Méndez se estrena como viceministro de Coordinación, Planificación Estratégica y Modernización del Estado.

Echeverría se dirigió de forma pública tras la posesión y señaló que hay una decisión muy clara del presidente, de hacer “un uso mucho más responsable de los recursos públicos” y “la situación exige austeridad, pero también compromiso, eficacia y eficacia”.",https://unitel.bo/noticias/politica/nueva-estructura-aramayo-ratifica-a-cuatro-viceministros-y-suma-a-rene-rivera-en-coordinacion-y-modernizacion-del-estado-AG23073399
Unitel,2026-08-26,Agencias,Infografías del miércoles 26 de agosto de 2026,"NEPAL RIADA - Las inundaciones repentinas en la frontera entre Nepal y el Tíbet dejan un centenar de muertos y cientos de desaparecidos o incomunicados. La riada arrasó puentes y carreteras, dañó infraestructuras hidroeléctricas y mantiene activas las operaciones de búsqueda y rescate.

DOLLY PARTON - Dolly Parton, una de las grandes figuras de la música country, murió a los 80 años tras más de seis décadas de trayectoria. Autora de éxitos como 'Jolene' y 'I Will Always Love You', deja un legado que trascendió la música y alcanzó el cine y la filantropía.

EEUU INFLACIÓN - La inflación internanual en Estados Unidos se mantiene en julio en el 3,7 %.

EEUU PIB - La economía de Estados Unidos se frena y crece un 1,5 % anual en el segundo trimestre.

ESTRENOS CINE - 'Coyote vs. Acme' llega finalmente a los cines tras una batalla que reflejó su propia trama: la película fue archivada por Warner Bros. en 2023 y rescatada dos años después. Wile E. Coyote pasa ahora de perseguir al Correcaminos a enfrentarse a una poderosa corporación. EFE

db/lnm

Disponibles en http://www.efeservicios.com/

Dirección de Contenidos Digitales - Agencia EFE - clientes@efe.com",https://unitel.bo/noticias/agencias/infografias-del-miercoles-26-de-agosto-de-2026-BG23074500
Unitel,2026-08-26,Agencias,EEUU aprueba prometedor tratamiento para cáncer de pancreas (regulador de medicamentos),"Washington, Estados Unidos, 26 Ago 2026 (AFP) -

La Administración de Alimentos y Medicamentos de Estados Unidos (FDA) anunció el miércoles la aprobación de un tratamiento prometedor contra el cáncer de páncreas, que abre una nueva era en el abordaje de una de las formas más mortales de la enfermedad.

El tratamiento llamado Rasonque, desarrollado por la start-up estadounidense Revolution Medicines, ha duplicado la supervivencia de los pacientes, según su ensayo clínico. Este resultado, ampliamente aclamado por la comunidad médica, constituye el primer avance notable contra este cáncer en varias décadas.

cha/msp/sms/nn/mar/mvl/mar",https://unitel.bo/noticias/agencias/eeuu-aprueba-prometedor-tratamiento-para-cancer-de-pancreas-regulador-de-medicamentos-FG23074551
Unitel,2026-08-26,Agencias,La oposición colombiana presenta un gabinete alterno para controvertir a De la Espriella,"Bogotá, 26 ago (EFE).- El Pacto Histórico, partido del expresidente colombiano Gustavo Petro (2022-2026), presentó este miércoles el 'Gabinete por la vida', un equipo integrado por exfuncionarios del anterior Gobierno que ejercerá oposición al presidente Abelardo de la Espriella y con el cual esperan volver al poder en 2030.

""Este no es un gabinete en la sombra, todo lo contrario. Es un gabinete en la luz"", afirmó Petro durante la presentación que tuvo lugar en Bogotá, en la que aseguró que el nuevo equipo tendrá como misión controvertir las políticas del actual Gobierno y proponer alternativas.

Entre sus integrantes están los exministros Germán Ávila (Hacienda), Guillermo Alfonso Jaramillo (Salud), Rosa Yolanda Villavicencio (Relaciones Exteriores), Irene Vélez (Ambiente), Juan David Correa (Cultura), y el exdirector de la Agencia Nacional de Tierras (ANT) Felipe Harman, entre otros exfuncionarios.

Petro justificó el nombre del gabinete al señalar que Colombia enfrenta un ""Gobierno por la muerte"" y cuestionó las políticas de la actual Administración, que vinculó con un supuesto proyecto internacional de control social mediante algoritmos y grandes plataformas tecnológicas.

El expresidente también arremetió contra sectores de la política y la tecnología de Estados Unidos y mencionó, entre otros, al empresario Peter Thiel, al vicepresidente estadounidense J.D. Vance y al magnate Elon Musk, a quienes relacionó con una corriente que, según dijo, pretende ""sustituir las democracias por estructuras de poder jerarquizadas"".

Petro sostuvo además que el nuevo gabinete debe ejercer una ""crítica racional"" al Gobierno y formular propuestas, y defendió el balance de su propia Administración, al destacar que dos de las tres grandes reformas que impulsó su Gobierno, la laboral y pensional, ya fueron aprobadas y que solo queda pendiente la reforma a la salud.

Oposición democrática

Por su parte, el senador Iván Cepeda, que fue rival de De la Espriella en las pasadas elecciones presidenciales, afirmó que la oposición debe estar preparada para ejercer una defensa ""firme, serena y organizada"" de la democracia frente a lo que calificó como arbitrariedades del Gobierno.

El senador señaló que el Pacto Histórico está dispuesto a ejercer ""todas las formas de oposición democrática"", incluida la ""legítima desobediencia civil"" y la ""resistencia activa"", además de buscar alianzas con otros sectores democráticos.

Cepeda explicó que el gabinete opositor se inspira en experiencias internacionales, particularmente en el parlamentarismo británico, donde la oposición organizada puede funcionar como un ""gobierno a la espera"", preparado política y técnicamente para asumir el poder.

""Es una formidable herramienta para hacer la defensa de la democracia en Colombia"", sostuvo el senador, quien cerró su intervención con una declaración de intención política: ""Tengan de ello ustedes la certeza, la responsabilidad de conducir el Estado en el año 2030"".

La creación de este gabinete ocurre en un momento en que el Pacto Histórico busca consolidarse como principal fuerza de oposición al Gobierno de De la Espriella y reorganizar sus estructuras políticas de cara al ciclo electoral de 2027 cuando serán elegidos alcaldes, gobernadores y miembros de corporaciones como concejos municipales y asambleas departamentales. EFE

enb/joc/nvm

(foto)(video)",https://unitel.bo/noticias/agencias/la-oposicion-colombiana-presenta-un-gabinete-alterno-para-controvertir-a-de-la-espriella-PG23074568
Unitel,2026-08-26,Agencias,Agenda informativa multisoporte América para el miércoles 26 de agosto de 2026,"ESTADOS UNIDOS

- Estados Unidos ha pausado temporalmente las citas para solicitar visados de inmigrante en todo el mundo, por la necesidad de entrenar a su personal consular sobre nuevos procedimientos, informó este miércoles un portavoz del Departamento Estado. (foto)

- El actor y comediante británico Tim Curry, conocido por interpretar al Dr. Frank-N-Furter en el clásico de culto 'The Rocky Horror Picture Show', falleció anoche a los ochenta años. (foto)

- El secretario de Estado de EE.UU., Marco Rubio, recibe a su homólogo mexicano, Roberto Velasco, para fortalecer la relación bilateral en medio de las tensiones comerciales. (foto) (video)

- La empresa tecnológica Meta acuerda pagar hasta 16.680 millones de dólares para resolver una demanda de decenas de estados que acusaron a Facebook e Instagram de ser adictivos y dañinos para menores de edad. (foto)

- Aumentan las tensiones entre Israel y la ONU tras el cierre de un centro de la UNRWA en Jerusalén Este, coincidiendo con una reunión del Consejo de Seguridad sobre Palestina.

- El costo de vida en Miami supera por primera vez al de Nueva York por el alza de vivienda y alimentos, según la Oficina de Análisis Económico de EE.UU. (foto)(video)

- Rafael Grossi ofrece una charla en el Centro Stimson sobre su visión para la ONU, en el marco de su campaña a secretario general.

- Lanzamiento del Foro Internacional de Alto Nivel de la iniciativa Tecnologías Atómicas Autorizadas para Aplicaciones en el Mar (ATLAS) del Organismo Internacional de Energía Atómica (OIEA) para el desarrollo de energía nuclear en el mar.

- Nvidia presenta resultados del segundo trimestre fiscal, tras disparar 210 % su beneficio y 85 % sus ingresos, hasta 58.321 y 81.615 millones de dólares.

- La Oficina de Análisis Económico publica la primera revisión del dato del PIB de EE.UU. en el segundo trimestre.

- 'Coyote vs. Acme', que convierte las desventuras de Wile E. Coyote en batalla legal contra Acme, llega a los cines tras una odisea similar detrás de cámaras. (foto)(video)(infografía)

COLOMBIA

- Un sismo de magnitud 5,1 sacudió este miércoles el oeste y el centro de Colombia, dos semanas después del terremoto de 7,4 que causó una gran devastación en el oeste y la zona cafetera del país.

- El presidente colombiano, Abelardo de la Espriella, asiste a la ceremonia de transmisión de mando en la que asumirán los nuevos comandantes de las Fuerzas Militares, mayor general Erick Rodríguez Aparicio, y del Ejército, mayor general José Bertulfo Soto. (foto)(video)

- El expresidente Gustavo Petro y el senador Iván Cepeda presentan el 'gabinete por la vida' de la oposición para hacer seguimiento y control al nuevo Gobierno de Colombia. (foto)(video)

- Entre los escombros de los edificios derrumbados en Cali por el terremoto del 10 de agosto aparecen fragmentos de objetos personales, fotografías y recuerdos de centenares de hogares. (foto)(video)

MÉXICO

- La segunda salida de Rubén Rocha Moya de la gobernación del estado de Sinaloa abre una nueva fase de una crisis política que involucra al Gobierno, las presiones de EE.UU. y las acusaciones contra el exgobernador por sus presuntos nexos con el crimen organizado.

- Los golpes contra los carteles mexicanos y la presión de EE.UU. empujan a las organizaciones criminales a reconfigurar alianzas y operar con un perfil más bajo, según el especialista Andrés Sumano. (foto)

- Conferencia de prensa de la presidenta mexicana, Claudia Sheinbaum. (foto)

- Entrevista con María Luisa Montoya Garcia, de la organización Haz Valer Mi Libertad, quien habla sobre la nueva 'Guía de actuación para visibilizar y atender las violencias y prácticas discriminatorias que ejercen las personas operadoras del sistema de justicia penal en México'.

- La activista Angela Davis visita por primera vez la UNAM para la charla 'Abolición, feminismo, ¡ahora!', en el marco de la FILUNI 2026. (foto)

- El Banco de México presenta su informe trimestral abril-junio.

- La Cámara Nacional de la Industria Cinematográfica (Canacine) retoma la celebración de los Premios Luminus, que reconocen al cine mexicano. (foto)

HONDURAS

- La audiencia inicial contra el expresidente Juan Orlando Hernández, acusado de fraude y lavado de activos, continúa con los peritajes de la Fiscalía y la defensa, antes de pasar a la fase de conclusiones, tras su regreso a Honduras luego de ser indultado por el presidente estadounidense, Donald Trump. (foto)

BOLIVIA

- Sectores afines a Evo Morales se reúnen para definir medidas de presión por el alza del diésel y en defensa de su líder. (foto)(video)

EL SALVADOR

- La Asamblea Legislativa aprueba una nueva prórroga de 30 días del régimen de excepción, vigente desde 2022 y cuestionado por organizaciones de derechos humanos.

- Cerca de 6,9 millones de quintales de maíz, frijol y sorgo de la siembra postrera estarían en riesgo de perderse en El Salvador por la sequía que afecta la zona oriental, por influencia de El Niño.

ECUADOR

- Un tribunal decide sobre el pedido de condenar al expresidente Abdalá Bucaram, su hijo Jacobo y dos personas más por delincuencia organizada, por venta irregular de pruebas covid-19.

- El Superintendente de Bancos, Roberto Romero von Buchwald, comparte información sobre el sistema financiero nacional y su estabilidad.

- ""¿Novio español?...vas a mejorar la raza"", ese comentario llevó hace una década a la cineasta ecuatoriana Carolina Hernández a preguntarse dónde nacen esos complejos y por qué están tan arraigados en la sociedad, una interrogante que ahora lleva al cine en la película 'El niño probeta'. (foto)(video)

PERÚ

- Presentación de hallazgos arqueológicos en Vichama, ciudad de la civilización Caral, la más antigua de América, al norte de Lima. (foto)(video)

- El INEI presenta el informe Panorama Económico Departamental de junio de 2026.

- El jefe del Instituto de Defensa Civil (Indeci) de Perú, Luis Enrique Vásquez, habla sobre la prevención frente al fenómeno climático de El Niño, que apunta a causar un fuerte impacto en la corte norte del país.

COSTA RICA

- De niños, Cristian y Amado Vargas recolectaban piedras extrañas en una quebrada donde jugaban, sin imaginar que tres décadas después tendrían cerca de 10.000 piezas fósiles de animales que habitaron Costa Rica. (foto)(video)

ARGENTINA

- Previa de nueva audiencia del juicio para determinar responsabilidades por la muerte de Diego Armando Maradona.

GUATEMALA

- El director del Inguat, Harris Whitbeck, asegura que los turistas extranjeros registran estadías más largas y mayor gasto diario en el país. (foto)(video)

PARAGUAY

- La Coordinadora de Derechos Humanos del Paraguay (Codehupy) anuncia la presentación de una denuncia ante el Comité de Derechos Humanos de la ONU por el caso de la destitución de la exsenadora opositora Kattya González, en febrero de 2024. (foto) (video)

- Tercer día de la huelga convocada por médicos del sector público en Paraguay, quienes exigen reajuste salarial, mejores condiciones laborales, dotación de insumos y medicamentos en los hospitales.

DEPORTES

Perú.- El comité ejecutivo de Panam Sports hace una visita a las sedes que acogerán los Juegos Panamericanos de Lima 2027. (foto)(video)

Argentina.- River Plate recibe a Santa Fe de Bogotá para disputar el partido de vuelta de octavos de la Copa Sudamericana. (foto)

México.- WTA de tenis en Monterrey. (foto)

Honduras.- El Marathón de Honduras recibe este miércoles al Real Estelí de Nicaragua en la Copa Centroamericana de Concacaf.

Honduras.- Previa del partido entre el Olimpia de Honduras y el Saprissa de Costa Rica por la fase de grupos de la Copa Centroamericana.

Guatemala.- El Xelajú MC se enfrenta al Luis Ángel Firpo de El Salvador en la Copa Centroamericana, un choque de tradición regional. (foto)

Uruguay.- Previa del encuentro que las selecciones de Uruguay y Bahamas disputarán en Montevideo por la primera fecha de la segunda ronda de las eliminatorias para la Copa Mundial de Baloncesto de 2027. EFE

Mesa de Edición de América

mesaamerica@efe.com

ma/lnm",https://unitel.bo/noticias/agencias/agenda-informativa-multisoporte-america-para-el-miercoles-26-de-agosto-de-2026-MG23074585
Unitel,2026-08-26,Agencias,"Sinaloa, dolor de cabeza y moneda de cambio de Sheinbaum frente a las presiones de EE.UU.","Ciudad de México, 26 ago (EFE).- El estado mexicano de Sinaloa tiene desde este semana nueva gobernadora, Graciela Domínguez, en una prolongada crisis política desatada por la segunda renuncia de Rubén Rocha Moya, acusado de nexos con el crimen organizado, y la sospecha de que la presidenta, Claudia Sheinbaum, negociaría su extradición a Estados Unidos.

Sheinbaum pidió este lunes que el reemplazo de Rubén Rocha Moya, de su mismo partido, al frente del Gobierno de Sinaloa tenga ""capacidad, honestidad, profesionalismo y entrega al pueblo"", al subrayar que ""ningún interés personal puede estar jamás por encima de los intereses del pueblo y de la nación"".

""Yo me enteré por la publicación del propio gobernador. No tuve ningún conocimiento previo de que él quisiera regresar a ejercer sus funciones en el estado de Sinaloa. La verdad no me parecía pertinente, por decirlo menos"", señaló la mandataria.

El gobernador, separado de su cargo por las acusaciones de EE.UU. sobre sus presuntos nexos con el Cartel de Sinaloa, regresó el pasado 21 de agosto por ""miedo"" a que la mandataria mexicana utilizara su posible extradición como moneda de cambio y finalmente lo pusiera a disposición de las autoridades estadounidenses.

""Rocha Moya calculó que una medida de compensación habría sido su cabeza"", asegura a EFE David Saucedo, experto en seguridad.

Ante tal panorama, Rocha Moya, allegado a López Obrador, decidió retomar de manera ""unilateral"" el cargo para obtener fuero, una protección legal que impide que los gobernadores ""sean investigados, detenidos o llamados a comparecer"", recordó.

Al tomar esta decisión, el afiliado al partido oficialista recibió, además de un aislamiento político por parte de Morena y la presidenta, a emisarios que, según Saucedo, le comunicaron que ""si no presentaba su dimisión a la gobernatura, lanzarían un juicio de desafuero en su contra desde el Congreso federal, así como una investigación penal y su posible extradición"".

""Rocha Moya acepta su segunda salida de la gobernatura a cambio de no ser extraditado, lo que no se negoció fue la sucesión"", afirma el especialista.

Sin embargo, sostiene que el Gobierno federal busca con Graciela Dominguez un nuevo perfil para la gubernatura interina, a diferencia de lo ocurrido con la gestión de Yeraldine Bonilla Valverde, quien fungió como mano derecha de Rocha Moya al asumir el cargo a inicios de mayo, cuando el gobernador pidió licencia por primera vez.

""Lo que busca el Gobierno es desmantelar todo el dominio político, empresarial y caciquil de Rocha Moya en Sinaloa"", apuntó Saucedo sobre el político, quien, desde el presunto secuestro y detención del narcotraficante Ismael 'El Mayo' Zambada en 2024, está en la mira de las autoridades estadounidenses por su supuesta colaboración con el Cartel de Sinaloa.

Sinaloa, en el noroeste de México, registra una persistente crisis de violencia impulsada por la pugna interna entre facciones de este grupo del crimen organizado, con miles de homicidios y desapariciones acumulados desde que inició el conflicto a finales de 2024. EFE

abz/afs/eav

(foto)",https://unitel.bo/noticias/agencias/sinaloa-dolor-de-cabeza-y-moneda-de-cambio-de-sheinbaum-frente-a-las-presiones-de-ee-uu-AG23074602
Unitel,2026-08-26,Seguridad,"Personal de Felcn allana un hangar en la localidad de Peji, ruta a Camiri","Pasado el mediodía de este miércoles, personal de la Fuerza Especial de Lucha Contra el Narcotráfico allanó un hangar en la localidad Peji, carretera a Camiri, Santa Cruz.

Hasta las 14:00 no había salido personal de la Felcn para informar sobre cuál era el caso por el que se realizó esta intervención y si se encontró sustancias controladas.

MIRA AQUÍ: Modificaron reglamento y pagaron Bs 870 millones “sin garantías” en YPFB; 14 personas fueron denunciadas

Aunque de forma preliminar se conoció que sí se había hallado en el lugar sustancias controladas.

Para el operativo el personal se desplazó en al menos tres vehículos e ingresó a la propiedad, que en el ingreso tenía pastizales.

MIRA AQUÍ: Delivery queda en terapia intensiva tras ser arrollado por un conductor que se fugó, la deuda en la clínica es de casi Bs 100.000",https://unitel.bo/noticias/seguridad/personal-de-felcn-allana-un-hangar-en-la-localidad-de-peji-ruta-a-camiri-FG23074346
Unitel,2026-08-26,Agencias,Detienen en Italia a un francés que llevaba misiles antitanque en su camioneta,"Roma, 26 Ago 2026 (AFP) -

Un ciudadano francés fue detenido en Italia acusado de tráfico de armas después de que un control policial hallara tres misiles antitanque y otros equipos militares en su camioneta, informaron las autoridades este miércoles.

El hombre, identificado como Regis Normand, de 46 años, fue arrestado en la ciudad portuaria de Bari (sur) en junio y permanece bajo custodia, indicaron los fiscales a la AFP.

La detención, que salió a la luz esta semana, se produjo después de que la policía inspeccionase el vehículo cuando desembarcaba de un ferry procedente de Patras, en Grecia.

Según documentos judiciales consultados por la AFP, se encontraron tres misiles antitanque portátiles Akeron, un misil de entrenamiento sin cabeza explosiva y un tubo lanzador.

Las armas estaban disimuladas como material de entrenamiento de la OTAN, según los documentos.

De acuerdo con fiscales, Normand le dijo a la policía que los misiles habían sido reparados en la isla griega de Creta y que él los estaba transportando de vuelta al fabricante de los misiles Akeron, MBDA France.

La empresa, sin embargo, no respondió de inmediato a la solicitud de comentarios.

Una fuente francesa conocedora del caso dijo a la AFP que MBDA había ""obtenido una licencia para realizar pruebas de vectores experimentales, es decir, misiles Akeron incompletos, en Grecia"".

Las autoridades solicitaron investigar más el caso, dada la falta de permisos para transportar las armas y por discrepancias en la documentación presentada.

El Akeron es un misil de combate terrestre y naval diseñado para la guerra en campo abierto o en zonas urbanas, según el sitio web de MBDA.

ub/ams/sbk/ahg/jvb",https://unitel.bo/noticias/agencias/detienen-en-italia-a-un-frances-que-llevaba-misiles-antitanque-en-su-camioneta-KG23074619
Unitel,2026-08-26,Mundo,"Un temblor de magnitud 5,1 sacude a Colombia dos semanas después del gran terremoto de 7,4","Un sismo de magnitud 5,1 sacudió este miércoles el este y el centro de Colombia, dos semanas después del terremoto de 7,4 que causó una gran devastación en el oeste y la zona cafetera del país.

El temblor ocurrió a las 11.45 hora local (16:45 GMT) y tuvo como epicentro Los Santos, en el departamento de Santander (noreste), a una profundidad de 140 kilómetro s, según el Servicio Geológico Colombiano (SGC).

Hasta el momento las autoridades no han informado de víctimas o daños por este temblor y, según la Presidencia, “se mantiene comunicación permanente con las autoridade s y organismos de gestión del riesgo para verificar posibles afectaciones”.

MIRA AQUÍ: Suben a casi 100 los muertos tras la riada en Nepal y más de 700 personas desaparecidas

En un primer momento, el SGC informó que el sismo había sido de 5,4, pero luego actualizó la magnitud a 5,1 y la profundidad la amplió a 149 kilómetros.

La región de La mesa de los Santos, situada en la Cordillera Oriental de los Andes, está atravesada por una falla geológica y es la zona de mayor actividad sísmica de Colombia, con temblores casi diarios.

Este miércoles, el SGC ya había registrado en la misma zona dos temblores de menor magnitud, ambos de 3,1, a la 01:53 y las 3:56 hora local.

Este temblor es el más fuerte registrado en Colombia desde el terremoto del 10 de agosto, que tuvo como epicentro San José del Palmar, en el departamento del Chocó (oeste) y dejó al menos 331 personas fallecidas, 4.439 heridos y 240 desaparecidos, así como numerosas edificaciones destruidas o seriamente averiadas, en su mayor parte en los departamentos de Valle del Cauca y Risaralda.

MIRA AQUÍ: EEUU lanza alerta de seguridad por “posible amenaza” en la ciudad mexicana de Mexicali

El sismo de este miércoles se sintió principalmente en los departamentos de Santander, Norte de Santander, Arauca, Boyacá y Cundinamarca, los más cercanos al epicentro, y en Bogotá, donde las personas evacuaron los edificios.",https://unitel.bo/noticias/mundo/un-temblor-de-magnitud-51-sacude-a-colombia-dos-semanas-despues-del-gran-terremoto-de-74-GG23074637
Unitel,2026-08-26,Agencias,"EEUU determina que un deslizamiento, no un terremoto, generó la actividad sísmica en Nepal","Miami (EE.UU.), 26 ago (EFE).- El Servicio Geológico de Estados Unidos (USGS, en inglés) determinó que el evento registrado inicialmente este miércoles como un terremoto de magnitud 4,4 en Nepal fue en realidad generado por un deslizamiento de tierra, en medio de un desastre que ha dejado cerca de un centenar de muertos.

El USGS, con sede en Virginia, explicó en una actualización a las 02:52 GMT que un análisis adicional de las ondas sísmicas de largo período mostró que la energía sísmica no fue producida por un terremoto.

El USGS actualizó el evento a magnitud 5,2, clasificado como deslizamiento, y situó su origen a unos 55 kilómetros al noroeste de Kodari, Nepal.

La ubicación del evento fue estimada a partir de imágenes satelitales, detalló.

El organismo había situado inicialmente el evento a unos 77 kilómetros al noroeste de Kodari, cerca de la frontera con China, y a una profundidad aproximada de 10 kilómetros.

La riada en Nepal ha golpeado con fuerza el norte del país, especialmente el distrito de Rasuwa, en la provincia de Bagmati, cerca de la frontera con el Tíbet, en China, y que deja, por el momento, al menos 98 muertos y casi un millar de desaparecidos. EFE

ims/nvm",https://unitel.bo/noticias/agencias/eeuu-determina-que-un-deslizamiento-no-un-terremoto-genero-la-actividad-sismica-en-nepal-GG23074714
Unitel,2026-08-26,Agencias,Más de 20 detenidos por falsificar títulos de docentes para obtener cargos en Panamá,"Ciudad de Panamá, 26 ago (EFE).- Más de 20 personas fueron capturadas este miércoles en Panamá en el marco de una investigación por la falsificación de títulos de maestros y otros documentos para obtener cargos de docentes dentro del Ministerio de Educación (Meduca), informó la Fiscalía.

Este caso estalló meses atrás, cuando la entonces ministra de Educación Lucy Molinar, quien renunció el pasado 12 de agosto al cargo, denunció la detección de funcionarios que aspiraban a ascensos en el Meduca con títulos falsos.

El Meduca informó el pasado 12 de agosto que hasta esa fecha se habían ""formalizado las denuncias contra 701 funcionarios"" con diplomas y otros documentos académicos falsos.

""No puede ser que haya gente que no tiene ni título de bachillerato y aparezca con licenciaturas y maestrías. Falsificaron el de bachillerato, el de licenciatura y hasta el de maestría (...) cuando la politiquería se toma una institución pasan cosas terribles. Seguimos encontrando títulos falsos, seguimos encontrando redes de manejos irregulares y vamos a tratar de llegar todo lo lejos que se pueda para poner orden"", declaró a mediados de julio pasado Molinar.

El Ministerio Público (MP, Fiscalía) precisó este miércoles que la veintena de personas fueron detenidas en siete de las diez provincias de Panamá, durante diligencias en las que se ubicaron indicios como diplomas, facturas y equipos tecnológicos.

En un comunicado de prensa, la Fiscalía dijo que la investigación se desarrolla tras las denuncias presentadas por el Ministerio de Educación ""sobre irregularidades detectadas en el Sistema de Recursos Humanos (SIARHE), plataforma oficial empleada para la selección de aspirantes en los Concursos de Nombramiento Docente"".

""De acuerdo con la denuncia, esta presunta red criminal se estaría dedicando a la confección y venta expedita de títulos, créditos y diplomas falsos, utilizando de forma fraudulenta el nombre de prestigiosas instituciones universitarias"", añadió la información oficial.

Según datos del Meduca difundidos al inicio del año escolar 2026, el pasado marzo, en Panamá hay 52.757 docentes que atienden a más de 950.000 estudiantes, la gran mayoría de ellos del sectores público. EFE

gf/mt/eav",https://unitel.bo/noticias/agencias/mas-de-20-detenidos-por-falsificar-titulos-de-docentes-para-obtener-cargos-en-panama-BG23074731
Unitel,2026-08-26,Política,Oviedo ante la Asamblea sobre el caso maderas: “Aún no se ha demostrado la presencia de sustancias controladas”,"El ministro de Gobierno, Marco Antonio Oviedo, responde ante el pleno del Legislativo la interpelación sobre la lucha contra el narcotráfico y se refiere al caso de las maderas detectadas en Chile que supuestamente estaban impregnadas con droga.

Oviedo señaló que tras las alertas lanzadas en el vecino país en Bolivia se abrió una investigación que radica en Santa Cruz.

“ Corresponde aclarar que la Felcn no autoriza exportaciones ni emite despachos aduaneros , funciones que corresponde a otras instancias"", dijo.

“Sin embargo, la Felcn refiere que según registros de Aduana las mercaderías registran como frontera de salida el recinto aduanero de Tambo Quemado ”, añadió.

Luego dijo que “cabe aclarar que el cargamento, al pasar por los escáneres el recinto aduanero de Bolivia, en Tambo Quemado, y el recinto aduanero de Chile, en Chungará, no detectó ninguna irregularidad ni presencia de sustancias controladas”.

Acto seguido, dijo: “Al no haberse emitido ninguna alerta previa, ni del lado boliviano, ni del lado chileno, la exportación de maderas siguió su camino rumbo a puerto ”, afirmó.

Oviedo aseguró que “la carga retenida en puertos chilenos, y supuestamente impregnada por sus sustancias controladas, aún se encuentra en etapa de investigación y todavía no se ha demostrado mediante pericias laboratoriales especializadas en Chile la presencia de sustancias controladas ”

Interpelación

La interpelación fue solicitada por los diputados Rolando Pacheco, Edwin Huiza, Claudia Herbas y Juan Carlos Poma.

En los minutos previos a la sesión surgieron voces de parlamentarios para posponer la fiscalización para septiembre, con el argumento de que era necesario reunir más elementos sobre el tema; sin embargo, cerca a las 13:15, la autoridad se hizo presente en el hemiciclo para responder a las preguntas de los interpelantes.

Oviedo es el cuarto ministro en ser interpelado en los últimos 10 días. La semana pasada, la Asamblea censuró a José Gabriel Espinoza, que dejó el cargo de ministro de Economía.",https://unitel.bo/noticias/politica/oviedo-ante-la-asamblea-sobre-el-caso-maderas-aun-no-se-ha-demostrado-la-presencia-de-sustancias-controladas-KG23074680
Unitel,2026-08-26,Economía,Loza dice que enviará una propuesta al Gobierno para importar petróleo crudo y “disminuir” el costo del combustible,"El gobernador de Cochabamba, Leonardo Loza, informó que presentará una propuesta técnica al Gobierno para que importe petróleo crudo y se refine en Bolivia , para disminuir así los costos para la gasolina y el diésel, además de eliminar las filas.

El anuncio lo realizó este miércoles, a través de un programa en la Radio Kawsachun Coca, en el trópico de Cochabamba, donde aseguró que es una propuesta que había surgido desde el Gobierno Departamental.

“Mantenemos nuestra propuesta que la Gobernación de Cochabamba, en un principio había lanzado, de importar petróleo crudo ”, manifestó Loza.

MIRA AQUÍ: Ministro de Economía anuncia ajustes al decreto del diésel y afirma que buscará “que no se abrogue”

Según manifestó el gobernador, dicha propuesta tiene como objetivo disminuir los costos que implica la importación de combustible al país.

“Tiene algunos temas técnicos, por supuesto, pero estoy seguro, tenemos plantas de refinación en Cochabamba y en Santa Cruz, podemos traer petróleo crudo, podemos procesar y tener producción de diésel o gasolina de buena calidad, inclusive con menor precio”, señaló.

Ante esto, aseguró que presentará el proyecto al Gobierno central para que así pueda tomarlo en cuenta, para así finalmente “terminar” con las filas en las estaciones de servicio de Cochabamba y el resto del país.

“El documento, si quieren en físico o en digital, vamos a hacerle llegar al Gobierno. Hemos trabajado y estamos planteando acabar con la gasolina basura, acabar con el precio, inclusive, y, tener una gasolina de buena calidad y acabar con las colas que están ahí. Cochabamba está siendo más azotado que cualquier otro departamento, y en el transcurso del día se lo vamos a pasar en documento digital y físico al gobierno que tenemos ”, dijo.

MIRA AQUÍ: Anuncian inauguración de un pozo petrolero en Santa Cruz este viernes

El anuncio lo realiza Loza, en medio de un panorama donde varios sectores se han declarado en emergencia exigiendo al Gobierno abrogar el decreto 5676 que establece un incremento en el precio del diésel para los grandes consumidores.",https://unitel.bo/noticias/economia/loza-dice-que-enviara-una-propuesta-al-gobierno-para-importar-petroleo-crudo-y-disminuir-el-costo-del-combustible-CG23072321
Unitel,2026-08-26,Política,Interpelación: Sesión entra en cuarto intermedio tras exposición del ministro Oviedo sobre lucha contra el narcotráfico,"Tras la exposición del ministro de Gobierno, Marco Antonio Oviedo, durante la interpelación en la Asamblea Legislativa Plurinacional (ALP) sobre los operativos contra el narcotráfico, la sesión ingresó en cuarto intermedio.

Una vez que se reanude el acto legislativo, diputados y senadores iniciarán el debate para aprobar o rechazar el informe presentado por la autoridad del Ejecutivo.

MIRA AQUÍ: El ministro Oviedo se presenta en la Asamblea para su interpelación por la lucha contra el narcotráfico

La exposición del ministro de Gobierno, Marco Antonio Oviedo, comenzó poco después de las 14:50 de este miércoles. Tras responder las preguntas formuladas por los legisladores presentes en la sesión, la autoridad del Ejecutivo se retiró del pleno.

Durante su intervención, Oviedo informó sobre la cantidad de operativos ejecutados por la Fuerza Especial de Lucha Contra el Narcotráfico (Felcn) en todo el territorio nacional. La autoridad mencionó que se ejecutaron 7.546 operaciones contra el narcotráfico.

Oviedo dijo que en estas operaciones se han destruido 446 fabricas de droga, 2.187 aprehendidos. El trabajo se ejecutó entre el 8 de noviembre de 2025 al 24 de agosto de 2026.

En total , el ministro respondió 11 preguntas planteadas por los legisladores durante la interpelación.

Oviedo es el cuarto ministro en ser interpelado en los últimos 10 días . La semana pasada, la Asamblea censuró a José Gabriel Espinoza, que dejó el cargo de ministro de Economía.

MIRA AQUÍ: Oviedo ante la Asamblea sobre el caso maderas: “Aún no se ha demostrado la presencia de sustancias controladas”

Luego fueron interpelados Mauricio Zamora, de Obras Públicas, y Marcelo Blanco, de Hidrocarburos , quienes eludieron la censura luego de que la ALP aprobara los informes sobre el caso BoA y los combustibles, respectivamente.",https://unitel.bo/noticias/politica/interpelacion-sesion-entra-en-cuarto-intermedio-tras-exposicion-del-ministro-oviedo-sobre-lucha-contra-el-narcotrafico-CG23075979
Unitel,2026-08-26,Economía,Presidente de Cainco advierte que dos precios para el diésel incentivan el mercado negro y la corrupción,"En medio del rechazo de diferentes sectores al Decreto Supremo 5676, el presidente de la Cámara de Industria, Comercio, Servicios y Turismo de Santa Cruz (Cainco), Jean Pierre Antelo, advirtió que mantener dos precios para el diésel puede incentivar el mercado negro y la corrupción.

Frente a ese escenario, el dirigente empresarial planteó reemplazar el esquema de precios diferenciados por mecanismos de focalización, como bonos dirigidos a los sectores vulnerables que requieran apoyo.

“Lo que hay que buscar son mecanismos de focalización de bonos por otros mecanismos, no tener dos precios porque incentiva al mercado negro y la corrupción” , sostuvo el ejecutivo al ser consultado sobre el tema.

MIRA AQUÍ: Sube la presión para dar de baja el decreto del diésel y sectores esperan respuesta del Gobierno

La norma, que establece un precio referencial de Bs 18 por litro de diésel para grandes consumidores y de Bs 9,80 para el resto de los usuarios, es rechazada por diferentes sectores del aparato productivo, los cuales piden su abrogación.

En esta línea, Antelo también consideró que el decreto no alcanzó el objetivo para el que fue planteado y señaló que debe ser revisado, agregando que la preocupación no se limita al mecanismo de precios, sino que también alcanza la disponibilidad del combustible

“Compartimos la preocupación de los sectores, el decreto no cumplió el objetivo. Sí es necesario abrogarlo, derogarlo, cambiarlo, modificarlo, pero debe haber abastecimiento, debe haber un sinceramiento de precio y debe solucionarse de manera urgente”, resaltó.

El dirigente empresarial también pidió que las decisiones sobre el combustible incorporen las recomendaciones de los sectores productivos, más allá de la socialización del decreto, asi como también instó a evitar un esquema de “prueba y error”.

MIRA AQUÍ: Ministro de Economía anuncia ajustes al decreto del diésel y buscará “que no se abrogue”",https://unitel.bo/noticias/economia/presidente-de-cainco-advierte-que-dos-precios-para-el-diesel-incentivan-el-mercado-negro-y-la-corrupcion-BG23075730
Unitel,2026-08-26,Branded Content,Regia en la cocina boliviana: su sabor acompaña las preparaciones que nos representan,"Hablar de gastronomía boliviana es hablar de historia, identidad y tradición. Es hablar de recetas que pasan de generación en generación, de ingredientes que construyen memoria y de preparaciones que nacieron en el hogar antes de llegar a las grandes mesas.

Platos como el sonso, la salteña, el fricasé, las humintas o la sopa de maní no solo forman parte de nuestra cocina; forman parte de quienes somos.

Durante más de 40 años, Regia ha acompañado ese recorrido, estando presente en preparaciones cotidianas y tradicionales de miles de familias bolivianas. Desde la cocina de casa hasta espacios donde hoy la gastronomía nacional es reconocida y celebrada, la marca ha sido parte de innumerables recetas que mantienen vivo el sabor boliviano.

Ese compromiso es el que hoy impulsa su participación como auspiciador oficial de Summum Bolivia , la plataforma que llega por primera vez al país para reconocer la excelencia gastronómica nacional y destacar a los actores que impulsan su crecimiento: cocineros, productores, restaurantes y nuevos talentos.

Porque detrás de cada plato que representa a Bolivia existe una historia que comenzó mucho antes. Y Regia ha estado acompañando esa historia desde hace más de cuatro décadas.

Regia, 40 años consintiendo a los bolivianos",https://unitel.bo/noticias/branded-content/regia-en-la-cocina-boliviana-su-sabor-acompana-las-preparaciones-que-nos-representan-GG23077230
Unitel,2026-08-26,Sociedad,Demuelen al menos 50 viviendas que habían sido construidas ilegalmente en un área protegida de Sacaba,"La Alcaldía de Sacaba, Cochabamba, realizó este miércoles la demolición de varias viviendas que fueron construidas de manera ilegal en áreas verdes del sector del cementerio de La Viña, por lo que acudió a la zona con respaldo de un fuerte contingente policial.

Funcionarios municipales procedieron con el desalojo y retiro de los enseres de las personas que ocupaban los predios para posteriormente ejecutar la demolición con maquinaria pesada.

MIRA AQUÍ: Vivienda social: Estos son los distritos municipales en los que se puede presentar postulación

Desde la Alcaldía informaron que las construcciones no contaban con autorización y advirtieron sobre la presunta presencia de personas dedicadas al loteamiento, quienes estarían intentando apropiarse de estos terrenos y engañar a la población mediante documentos presuntamente falsificados.

“Estamos hablando de, entre las tres áreas que se tiene previsto hacer las demoliciones, de unas 50 viviendas ilegalmente construidas ”, detalló a UNITEL Germán Ordóñez, asesor legal del municipio de Sacaba.

Las autoridades procedieron a realizar la intervención para recuperar los espacios, sin embargo, durante el operativo hubo algunas personas que mostraron resistencia para dejar los predios e intentaron arremeter contra los efectivos policiales.

Ante esta situación, los uniformados tuvieron que hacer uso de agentes químicos para dispersar a las personas y así se pueda continuar con la intervención.

Se conoce que eran aproximadamente 300 efectivos policiales que participaron del operativo de intervención y demolición de construcciones ilegales de esta área protegida de Sacaba, ya que tenían con el fin garantizar el trabajo de la maquinaria pesada y de los funcionarios municipales.

MIRA AQUÍ: “Hoy La Paz tiene que estar limpia”: Tras el acuerdo, avanza el operativo, aún hay basura en las calles de La Paz

Pese a los incidentes, no se registraron mayores dificultades y se pudo concretar con las labores de demolición en la zona.",https://unitel.bo/noticias/sociedad/demuelen-al-menos-50-viviendas-que-habian-sido-construidas-ilegalmente-en-un-area-protegida-de-sacaba-DG23074755
Unitel,2026-08-26,Seguridad,Nadia Beller declarará esta tarde en su domicilio; su abogado pide que considerarla ‘testigo protegida’,"La abogada Nadia Beller declarará la tarde de este miércoles en su domicilio ante una comisión de fiscales que se trasladará hasta Santa Cruz, dentro de la investigación abierta por presunto enriquecimiento y legitimación de ganancias ilícitas contra Fernando Cerimedo.

Así lo señaló su abogado, Jerjes Justiniano, quien confirmó que también solicitó que la abogada sea considerada testigo protegida, ante la información que brindará dentro de la investigación contra Cerimedo.

“Ella quiere declarar. Entonces, en función de esas pruebas y de lo que, de su propio testimonio, es que ella está solicitando tener la calidad de testigo protegida”, señaló Justiniano, acotando que esta figura busca preservar bajo reserva datos de identidad y domicilio para garantizar la seguridad de la persona que presta declaración.

MIRA AQUÍ: Beller declara este miércoles y dice que llevará pruebas contra Cerimedo por enriquecimiento ilícito

La solicitud para que Beller tenga la condición de testigo protegida fue presentada mediante un memorial, su defensa sostiene que la medida es necesaria por la naturaleza de la información que entregará y por el riesgo que podría enfrentar como consecuencia de su testimonio dentro de la investigación que sigue la Fiscalía.

La defensa también explicó que, debido a que ella está impedida de concurrir a un lugar para prestar su declaración, los fiscales deberán acudir hasta su domicilio particular para recibir su testimonio.

El pedido ocurre después de que Beller anunciara públicamente que colaboraría con la investigación, señalado que dará las pruebas y elementos que estuvieran a su alcance y vinculó esa decisión con un hecho que también involucra a Cerimedo: el ataque a tiros que sufrió la semana pasada en Santa Cruz.

“Voy a colaborar con la Fiscalía. Voy a ofrecer las pruebas y los elementos que estén a mi alcance. Lo voy a hacer porque respeto la ley, pero también porque tengo una razón personal, profunda y absolutamente legítima para querer que la verdad salga a la luz: Fernando Cerimedo atentó contra mi vida”, manifestó Beller en sus redes sociales.

MIRA AQUÍ: Testigo vincula a Fernando Cerimedo con la compra de una quinta en $us 200.000",https://unitel.bo/noticias/seguridad/nadia-beller-declarara-esta-tarde-en-su-domicilio-su-abogado-pide-que-considerarla-testigo-protegida-JG23077079
Unitel,2026-08-26,Seguridad,Caso maderas: Oviedo denuncia que Fiscalía de Chile se negó a entregar muestras de la madera incautada,"En el marco del caso Maderas, el ministro de Gobierno, Marco Antonio Oviedo, denunció este miércoles que la Fiscalía chilena se ha negado a entregar muestras de la madera incautada en ese país , luego de señalar que el cargamento contenía droga impregnada.

“La Fiscalía chilena se ha negado a entregarnos muestras de las maderas para que las sometamos a verificación y análisis en laboratorios”, señaló el ministro durante su intervención ante la Asamblea Legislativa Plurinacional (ALP).

MIRA AQUÍ: Oviedo ante la Asamblea sobre el caso maderas: “Aún no se ha demostrado la presencia de sustancias controladas”

Oviedo calificó de “irresponsables” a las autoridades de la Fiscalía chilena que, en una primera instancia, reportaron que el cargamento de madera procedente de Bolivia contenía una sustancia ilícita.

“El fiscal chileno, de manera irresponsable, dijo que de Bolivia salieron 108 toneladas de droga. No entra en la cabeza. Los expertos europeos y norteamericanos dijeron que eso no es posible”, afirmó.

Luego dijo que “cabe aclarar que el cargamento, al pasar por los escáneres el recinto aduanero de Bolivia, en Tambo Quemado, y el recinto aduanero de Chile, en Chungará, no detectó ninguna irregularidad ni presencia de sustancias controladas”.

El ministro Oviedo se presentó este miércoles ante el pleno de la Asamblea Legislativa para ser interpelado sobre el trabajo que ejecuta su ministerio en las operaciones contra el narcotráfico.

MIRA AQUÍ: El ministro Oviedo se presenta en la Asamblea para su interpelación por la lucha contra el narcotráfico

Durante su intervención, Oviedo informó sobre la cantidad de operativos ejecutados por la Fuerza Especial de Lucha Contra el Narcotráfico (Felcn) en todo el territorio nacional. La autoridad mencionó que se ejecutaron 7.546 operaciones contra el narcotráfico.",https://unitel.bo/noticias/seguridad/caso-maderas-oviedo-denuncia-que-fiscalia-de-chile-se-nego-a-entregar-muestras-de-la-madera-incautada-PG23076900
Unitel,2026-08-26,Política,Interpelación: Diputados y senadores votan si aprueban o rechazan el informe del ministro Oviedo,"Tras la exposición del ministro de Gobierno, Marco Antonio Oviedo, ante la Asamblea Legislativa Plurinacional (ALP) sobre las operaciones contra el narcotráfico, la sesión se reinstaló poco después de las 16:00 de este miércoles.

Los diputados y senadores presentes iniciaron la votación sobre la aprobación o el rechazo del informe presentado por la autoridad del Ejecutivo.

MIRA AQUÍ: El ministro Oviedo se presenta en la Asamblea para su interpelación por la lucha contra el narcotráfico

En la votación, la senadora del Partido Demócrata Cristiano (PDC), Ana María Crispín, cuestionó el informe del ministro Oviedo y votó por la censura.

“Respecto a la información, realmente no coincide con las páginas en redes sociales ni con los pasos que ha dado. Ha mencionado secuestro de droga, avionetas. Nos mienten, nos quieren hacer ver ilusiones”, declaró en su intervención.

La exposición del ministro de Gobierno, Marco Antonio Oviedo, comenzó poco después de las 14:50 de este miércoles. Tras responder las preguntas formuladas por los legisladores presentes en la sesión, la autoridad del Ejecutivo se retiró del pleno.

MIRA AQUÍ: Oviedo ante la Asamblea sobre el caso maderas: “Aún no se ha demostrado la presencia de sustancias controladas”

Durante su intervención, Oviedo informó sobre la cantidad de operativos ejecutados por la Fuerza Especial de Lucha Contra el Narcotráfico (Felcn) en todo el territorio nacional. La autoridad mencionó que se ejecutaron 7.546 operaciones contra el narcotráfico.",https://unitel.bo/noticias/politica/interpelacion-diputados-y-senadores-votan-si-aprueban-o-rechazan-el-informe-del-ministro-oviedo-BG23076520
Unitel,2026-08-26,Política,Edmand Lara: “Sería un error gravísimo del presidente designar a Espinoza como interventor (de YPFB)”,"El vicepresidente Edmand Lara dijo que tiene información de que el exministro de Economía, José Gabriel Espinoza, continuará como funcionario de Estado, pero en una nueva faceta como interventor de la petrolera estatal a partir del jueves.

MIRA AQUÍ: Paz instruyó “investigación minuciosa” sobre el caso Cerimedo - Beller, señaló viceministro de Transparencia

“Sería otro error, para mí gravísimo del presidente, poner de interventor a Gabriel Espinoza cuando fue censurado, ha perdido credibilidad, ha cometido delito y el presidente no dice nada”, señaló Lara en contacto con los medios.

Espinoza fue censurado por la Asamblea Legislativa Plurinacional (ALP) el 18 de agosto, tras permanecer como ministro de Economía durante los primeros nueves meses del Gobierno de Rodrigo Paz.

Tras ser censurado, Espinoza presentó un recurso de amparo constitucional, pues consideraba que no se cumplió lo que establece la Constitución durante la interpelación. La audiencia para resolver este recurso debía llevarse adelante el lunes; sin embargo, cuando ya estaba instalada la sesión se conoció que el exministro retiró su recurso.

Lara cuestiona que Espinoza haya presentado el recurso, dice que buscaba mantenerse en el cargo cercenando la interpelación, una competencia de la Asamblea Legislativa.

MIRA AQUÍ: Nueva estructura: Aramayo ratifica a cuatro viceministros y suma a René Rivera en Coordinación y Modernización del Estado

Según el vicepresidente, si Paz quería mostrar transparencia debía haber destituido a Espinoza desde el momento en que surgió la denuncia por la presunta compra irregular de un vehículo.

“No podemos nosotros permitir que haya corrupción y quedarnos callados ante tanto escándalo de corrupción, sobre todo de ministros de Estado que deberían dar el ejemplo”, manifestó Lara.",https://unitel.bo/noticias/politica/edmand-lara-seria-un-error-gravisimo-del-presidente-designar-a-espinoza-como-interventor-de-ypfb-FG23076883
Unitel,2026-08-26,Agencias,Artículo,"Nvidia supera ampliamente expectativas en 2T y asegura que demanda de chips sigue subiendo

tu/alv/mr/mel",https://unitel.bo/noticias/agencias/articulo-JG23077952
Unitel,2026-08-26,Política,"“El primero en pronunciarse ha sido nuestro presidente”, dice Aramayo sobre el atentado contra Beller","El ministro de la Presidencia, Fernando Aramayo, indicó este miércoles que el presidente Rodrigo Paz fue el primero en pronunciarse respecto al atentado a Nadia Beller, ocurrido el pasado lunes 17 de agosto. Sin embargo, el mandatario no se pronunció respecto a su asesor presidencial, Fernando Cerimedo, acusado de ser el autor intelectual de este crimen.

“Desde el primer día y el primero en pronunciarse ha sido nuestro presidente, Rodrigo Paz. Lo ha hecho en sus redes sociales, él primero ha expresado su solidaridad con la vida de la señora, ha pedido que la justicia actúe de manera independiente, transparente y con celeridad”, sostuvo.

La autoridad señaló que este tema obedece a una acción judicial y que está en fase investigativa, por lo que el Ejecutivo no puede plantear un criterio al respecto, para respetar la independencia de poderes.

MIRA AQUÍ: Interpelación: Sesión entra en cuarto intermedio tras exposición del ministro Oviedo sobre lucha contra el narcotráfico

“Queremos que se esclarezca a la brevedad posible toda esta situación, que todas las denuncias se puedan demostrar, que se muestren pruebas, pero además que porque se está desacreditando a veces a la gente”, indicó Aramayo.

Sin embargo, hasta la fecha el mandatario no se ha referido a las acusaciones contra Cerimedo que realizó Beller.

Actualmente Cerimedo cumple detención preventiva por tentativa de feminicidio en la cárcel de Palmasola. Además, también es investigado por violencia intrafamiliar. En La Paz se indaga enriquecimiento ilícito y legitimación de ganancias ilícitas. En Beni, se indaga una presunta “cobertura” a vuelos ligados al narcotráfico.

MIRA AQUÍ: Oviedo ante la Asamblea sobre el caso maderas: “Aún no se ha demostrado la presencia de sustancias controladas”",https://unitel.bo/noticias/politica/el-primero-en-pronunciarse-ha-sido-nuestro-presidente-dice-aramayo-sobre-el-atentado-contra-beller-CG23077555
Unitel,2026-08-26,Seguridad,Santa Cruz: Fiscalía precinta dos avionetas halladas en una propiedad en Peji,"La Fiscalía precintó dos avionetas halladas en una propiedad ubicada en la comunidad de Peji, en el municipio cruceño de La Guardia, después de que un patrullaje de la Fuerza Especial de Lucha Contra el Narcotráfico (Felcn) permitiera identificar el predio.

Así lo reflejó el fiscal Ismael Palenque al precisar que las aeronaves estaban al interior de galpones y eran objeto de trabajos de reparación , por lo que ahora se busca establecer si fueron utilizadas o acondicionadas para actividades vinculadas al tráfico de sustancias controladas.

“Es un trabajo rutinario que ha hecho de control la Fuerza Especial de Lucha Contra el Narcotráfico (Felcn) en su división o grupo de inteligencia, en el cual patrullando, ha logrado identificar este predio, esta propiedad que tenía no hangares, sino galpones”, señaló Palenque.

MIRA AQUÍ: Pareja que fue secuestrada y torturada tiene antecedentes por narcotráfico

Al ingresar a los galpones, los investigadores encontraron las dos aeronaves y la Fiscalía decidió precintarlas con fines investigativos.

No obstante, la medida no implica, por ahora, que se haya establecido un vínculo de las aeronaves con actividades ilícitas.

Además, Palenque remarcó que durante la intervención no se encontraron sustancias controladas en el lugar y que tampoco existen personas arrestadas o aprehendidas como resultado de este operativo.

La Fiscalía también tomó declaraciones preliminares a las personas que se encontraban en la propiedad y, según Palenque, fueron entrevistadas en el lugar y posteriormente citadas para que comparezcan formalmente ante el Ministerio Público y presenten su declaración dentro de la investigación.

Mientras avanzan las pesquisas, la propiedad y las aeronaves quedaron bajo custodia provisional.

MIRA AQUÍ: Delivery queda en terapia intensiva tras ser arrollado por un conductor que se fugó",https://unitel.bo/noticias/seguridad/santa-cruz-fiscalia-precinta-dos-avionetas-halladas-en-una-propiedad-en-peji-DG23077884
Unitel,2026-08-26,Política,Ministro de la Presidencia descarta abrogar decreto del diésel y propone a sectores trabajar en la reglamentación,"En medio de reclamos y de un bloqueo que se instaló este miércoles en una carretera nacional en rechazo al decreto que elimina la subvención del diésel para grandes consumidores, el ministro de la Presidencia, Fernando Aramayo, descartó que se vaya a abrogar la norma y plantea a sectores trabajar en la reglamentación para aplicar cambios.

“No”, repitió de manera tajante en dos oportunidades el ministro Aramayo, cuando se le consultó si la norma iba a ser abrogada.

MIRA AQUÍ: Ministro Justiniano: “Tener un producto con dos precios crea mafias que terminan golpeando al que produce”

El ministro señaló que se han venido sosteniendo reuniones y diálogo con algunas organizaciones a quienes planteó trabajar en la reglamentación del decreto.

“Hay que reglamentar el decreto y hay normas complementarias que también hay que modificar y trabajar”, manifestó Aramayo.

De acuerdo a las normas bolivianas, una ley es una norma de rango superior que define los principios, derechos y obligaciones, pero muchas veces deja aspectos técnicos sin especifica. La reglamentación llega a a cubrir ese vacío, mediante normas secundarias que detallan procedimientos.

MIRA AQUÍ: Lara a Paz: “Debe dar la cara, debería denunciar a Fernando Cerimedo”

El ministro de la Presidencia señala que todos los bolivianos están conscientes de la imposibilidad de sostener un subsidio a los combustibles. Además, señala que existen “mafias en instituciones estatales” y fuera de ellas, que “lucran con la plata de los bolivianos”.

“La única forma de luchar realmente contra el contrabando es que deje de ser negocio contrabandear diésel o gasolina. Entonces, el que se haya tomado esta decisión es dura, es compleja, pero ¿es esto o continuamos financiando a estas mafias que estaban lucrando con el contrabando de diésel?”, concluyó Aramao.",https://unitel.bo/noticias/politica/ministro-de-la-presidencia-descarta-abrogar-decreto-del-diesel-y-propone-a-sectores-trabajar-en-la-reglamentacion-PG23078135
Unitel,2026-08-26,Branded Content,Harry Potter regresa a los cines por su 25 aniversario con material inédito,"Hace 25 años, una carta, un andén muy particular y un castillo lleno de magia dieron inicio a una de las sagas cinematográficas más queridas de todos los tiempos. Ahora, Harry Potter vuelve a los cines para celebrar el 25 aniversario de su primera aventura en la pantalla grande .

Este 27 de agosto , Harry Potter y la piedra filosofal regresa a las salas de cine, invitando tanto a quienes crecieron junto a la saga como a las nuevas generaciones a descubrir —o revivir— el comienzo de la historia de “El Niño que Vivió” .

Una celebración con 15 minutos de material inédito

Este reestreno tendrá un atractivo especial para los fanáticos: la película llegará acompañada de 15 minutos de material inédito , convirtiendo la celebración en una experiencia diferente incluso para quienes han visto la cinta en numerosas ocasiones.

Además, el regreso a los cines permitirá disfrutar nuevamente del universo de Hogwarts en diversos formatos y con toda la experiencia que ofrece la pantalla grande.

El inicio de una historia que marcó a una generación

Estrenada originalmente en 2001, Harry Potter y la piedra filosofal presentó al público a Harry Potter, Ron Weasley y Hermione Granger, interpretados por Daniel Radcliffe, Rupert Grint y Emma Watson , respectivamente.

La película llevó por primera vez al cine el universo creado por J.K. Rowling y permitió conocer lugares que terminarían convirtiéndose en auténticos íconos de la cultura popular: el Andén 9¾, el Callejón Diagon, el Gran Comedor y, por supuesto, el Colegio Hogwarts de Magia y Hechicería .

La cinta dio inicio a una saga cinematográfica que acompañó al público durante una década y que, 25 años después de su primera entrega, continúa conquistando nuevos seguidores.

¿Listos para regresar a Hogwarts?

El reestreno representa una oportunidad para volver a experimentar en una sala de cine momentos inolvidables de la primera película: la llegada de las cartas de Hogwarts, el primer viaje en el Expreso de Hogwarts, la ceremonia del Sombrero Seleccionador y el descubrimiento de un mundo completamente nuevo para Harry.

Este 27 de agosto, la magia vuelve a los cines. Una celebración pensada para quienes estuvieron allí desde el comienzo y para quienes están listos para cruzar por primera vez las puertas de Hogwarts.

Después de 25 años, Hogwarts vuelve a llamar.",https://unitel.bo/noticias/branded-content/harry-potter-regresa-a-los-cines-por-su-25-aniversario-con-material-inedito-DG23078478
Unitel,2026-08-26,Sociedad,¡Atención! Anuncian el cierre temporal del paso vehicular en un viaducto de la avenida Cristo Redentor,"La Alcaldía de Santa Cruz de la Sierra informó que este miércoles realizará un cierre temporal del paso vehicular en un viaducto de la avenida Cristo Redentor por trabajos de reparación y mantenimiento de luminarias.

Este será el viaducto del quinto anillo y avenida Cristo Redentor, cortando la circulación en el tramo del quinto al sexto anillo . El corte se realizará desde las 21:00 horas de este miércoles y finalizará a las 05:00 del jueves.

MIRA AQUÍ: Demuelen al menos 50 viviendas que habían sido construidas ilegalmente en un área protegida de Sacaba

El motivo es porque la Unidad Operativa de Alumbrado Público realizará trabajos de reparación y mantenimiento de luminarias en esta zona.

“Se recomienda a los conductores tomar las previsiones correspondientes y utilizar vías alternas durante el horario de intervención”, indica el comunicado de la Alcaldía.

MIRA AQUÍ: Vivienda social: Estos son los distritos municipales en los que se puede presentar postulación",https://unitel.bo/noticias/sociedad/atencion-anuncian-el-cierre-temporal-del-paso-vehicular-en-un-viaducto-de-la-avenida-cristo-redentor-IG23078347
Unitel,2026-08-26,Seguridad,Caso Cerimedo: Suspenden la declaración de Beller “por motivos de fuerza mayor”,"La declaración informativa de Nadia Beller fue suspendida este miércoles después de que una comisión de fiscales llegó hasta su domicilio, en Santa Cruz, para recibir su testimonio, diligencia que había sido programada dentro del proceso por presunto enriquecimiento ilícito que se sigue contra Fernando Cerimedo en La Paz.

Pasadas las 16:00, personal de lucha contra la corrupción y el fiscal Néstor Torrez llegaron hasta el inmueble de Beller para realizar el acto procesal.

“Solo podemos decir que la declaración se ha suspendido por un motivo de fuerza mayor, y, en consecuencia, se va a reprogramar. Seguramente, el fiscal de La Paz va a mandar nueva citación y la vamos a tomar como corresponde”, sostuvo el fiscal Torrez.

MIRA AQUÍ: Nadia Beller declarará esta tarde en su domicilio; su abogado pide que considerarla ‘testigo protegida’

El traslado de los fiscales hasta el domicilio de Beller se había dispuesto debido a que, según explicó previamente su defensa, ella está impedida de acudir a otro lugar por su estado de salud.

La diligencia había generado expectativa porque Beller fue convocada en calidad de testigo dentro de la investigación contra quien fue su expareja.

Además, su defensa solicitó mediante un memorial que la abogada sea considerada testigo protegida, debido a la información que prevé aportar y al riesgo que puede enfrentar.

MIRA AQUÍ: Testigo vincula a Fernando Cerimedo con la compra de una quinta en $us 200.000",https://unitel.bo/noticias/seguridad/caso-cerimedo-suspenden-la-declaracion-de-beller-por-motivos-de-fuerza-mayor-AG23079119
Unitel,2026-08-26,Sociedad,¡No te lo pierdas! Revisa aquí cómo y cuándo ver el eclipse lunar en Bolivia,"Entre la noche del jueves y la madrugada del viernes, Bolivia tendrá la oportunidad de observar uno de los fenómeno astronómicos más llamativos, un eclipse parcial de luna que por sus características particulares se denomina Luna de Sangre.

Pavel Balderas, técnico del Observatorio Astronómico Nacional, explica que un eclipse se produce cuando la Tierra se interpone entre el Sol y la Luna, bloqueando la luz solar y proyectando su sombra sobre la superficie lunar.

El eclipse que de este jueves, no será total. La sombra de la Tierra se proyectará sobre el 96% de la superficie de la Luna, provocando que el satélite adquiera una tonalidad rojiza o cobriza, por eso el fenómeno de mañana se conoce como Luna de Sangre.

MIRA AQUÍ: ¡Atención! Anuncian el cierre temporal del paso vehicular en un viaducto de la avenida Cristo Redentor

Balderas explicó que durante el desarrollo del Eclipse, la Luna se irá oscureciendo de manera gradual desde el momento en que nuestro satélite ingrese en la sombra proyectada de la Tierra hasta alcanzar su punto máximo cuando aproximadamente el 96% de la Luna este cubierto por la sombra terrestre, que le dará una notable tonalidad rojiza o cobriza a la zona eclipsada a pesar de no ser un Eclipse Total de Luna.

El eclipse tendrá una duración de 5 horas y 38 minutos, i niciando a las 21:24, con el punto más alto a las 12:12, y finalizando a las 01:51 de la madrugada. Este será visible a simple vista en todo el territorio nacional si no hay condiciones climatológicas que eviten su visibilidad.

MIRA AQUÍ: Demuelen al menos 50 viviendas que habían sido construidas ilegalmente en un área protegida de Sacaba",https://unitel.bo/noticias/sociedad/no-te-lo-pierdas-revisa-aqui-como-y-cuando-ver-el-eclipse-lunar-en-bolivia-OG23079601
Unitel,2026-08-26,Mundo,Equipos de rescate se movilizan tras inundaciones entre Nepal y el Tíbet que dejan al menos 160 muertos,"Equipos de rescate se movilizaron el jueves para encontrar a cientos de desaparecidos en la frontera entre Nepal y Tíbet , tras las inundaciones repentinas y deslizamientos de tierra que han causado al menos 160 muertos.

Muchos de los desaparecidos son turistas extranjeros , señalaron las autoridades sobre el desastre que arrasó aldeas enteras. Se espera que la cifra de fallecidos aumente.

“Vi cómo las aguas se llevaban por delante ocho o nueve camiones, además de casas y personas”, contó Suman Chalise, un profesor de 34 años, en la localidad nepalí de Nuwakot.

“Fue absolutamente desgarrador (...) Fui testigo de una devastación de tal magnitud que nunca había visto nada igual”, añadió.

MIRA AQUÍ: Suben a casi 100 los muertos tras la riada en Nepal y más de 700 personas desaparecidas

Un video de vigilancia, grabado en el lado chino de la frontera, muestra una furiosa avalancha de lodo y escombros estrellándose contra un edificio de varios pisos el miércoles por la mañana. El deslave lo envuelve mientras decenas de personas corren por sus vidas abajo.

La crecida arrastra autobuses y coches como si fueran juguetes.

Medios estatales chinos informaron más temprano de “numerosas víctimas” tras la catástrofe y después dieron un balance preliminar de tres muertos y 265 desaparecidos.

La policía de Nepal informó que recuperó 157 cuerpos, mientras los rescatistas intentan encontrar sobrevivientes en una zona montañosa y de difícil acceso, en las estribaciones del Himalaya.

La cadena estatal china CCTV indicó que los datos de las víctimas aún están en proceso de verificación.

Las autoridades del gobierno del Tíbet movilizaron cerca de 800 trabajadores de emergencia y 150 vehículos , así como perros rastreadores y lanchas rápidas para apoyar las labores de rescate, según la agencia oficial de noticias Xinhua de China.

En la zona afectada por el desastre , los rescatistas avanzaban a través del barro y el lodo en busca de sobrevivientes después de que las aguas inundadas sepultaran los pisos inferiores de edificios de varias plantas.

Unos 403 turistas —341 de ellos extranjeros— aún no han sido localizados varias horas después de que se produjera el desastre, según el Ministerio de Turismo de Nepal.

Entre los extranjeros desaparecidos había 142 indios , además de personas de Australia, Reino Unido, Malasia, Países Bajos, Portugal, Sudáfrica, Corea del Sur, Ucrania y Estados Unidos, informó la Junta de Turismo.

David Fisher, director para Nepal de la Federación Internacional de Sociedades de la Cruz Roja y de la Media Luna Roja (FICR) afirmó que “pueblos enteros y zonas de mercados fueron arrasados”.

La organización está enviando suministros de emergencia, entre ellos mantas, botiquines de primeros auxilios, camillas y bolsas para cadáveres.",https://unitel.bo/noticias/mundo/equipos-de-rescate-se-movilizan-tras-inundaciones-entre-nepal-y-el-tibet-que-dejan-al-menos-160-muertos-DJ23080762
Unitel,2026-08-26,Política,Evo Morales aparece en concentración en Ivirgarzarma acompañado del gobernador Loza,"Pese a la orden de aprehensión vigente, Evo Morales participó este miércoles de la concentración que se desarrolla en la localidad de Ivirgarzama, en el trópico de Cochabamba, donde sus afines cuestionaron al Gobierno por la situación de los combustibles.

MIRA AQUÍ: Edmand Lara: “Sería un error gravísimo del presidente designar a Espinoza como interventor (de YPFB)”

Minutos previos al inicio de la concentración, se observó al líder de los cocaleros, saludando a la gente que llegó a la concentración, mientras detrás de él aparecía el gobernador Leonardo Loza.

“Estoy aquí para exigir que se abrogue el decreto 5676” , manifestó Loza, durante su discurso.

MIRA AQUÍ: El Legislativo rechaza modificar su agenda para tratar el plan del diputado Zegarra para solicitar una misión internacional por el caso Cerimedo

Según la autoridad departamental, en caso que no se anule el decreto que anula la subvención a grandes consumidores, el Gobierno departamental no podrá cumplir con el mantenimiento de caminos.",https://unitel.bo/noticias/politica/evo-morales-aparece-en-concentracion-en-ivirgarzarma-acompanado-del-gobernador-loza-KJ23080912
Unitel,2026-08-26,Sociedad,La historia detrás de los zapatos de Lara que llevan la inscripción ‘Vicepresidente’,"Los calzados que exhibió este miércoles el vicepresidente Edmand Lara se viralizaron en las redes sociales . Lo que pocos se preguntan es el origen, se trata de un obsequio que le entregó un atleta boliviano que realiza este tipo de trabajos no solo para ganarse la vida, sino también para costearse los viajes para representar a Bolivia en competiciones internacionales.

El obsequio que recibió Lara fue un par calzados de cuero en color negro, bordados en la parte frontal con el texto “vicepresidente”.

MIRA AQUÍ: ¡No te lo pierdas! Revisa aquí cómo y cuándo ver el eclipse lunar en Bolivia

El creador es Alfredo Condori de 26 años, un atleta cochabambino que representa a Bolivia en competencias internacionales de montañismo y resistencia. Para costear sus viajes a torneos nacionales e internacionales, el deportista vende zapatos de varón por su cuenta.

‎“Alfredo se rompe el lomo entrenando y compitiendo por Bolivia. Para poder viajar a sus torneos, él mismo vende zapatos. Con esfuerzo, con dignidad, sin pedir nada regalado”, destacó el vicepresidente.

Condori se encuentra en etapa de preparación para el Sudamericano de Skyrunning que se disputará en octubre. Su visita a la Vicepresidencia lo dejó con mucha expectativa y comprometió llevarle una medalla a Lara.

MIRA AQUÍ: ¡Atención! Anuncian el cierre temporal del paso vehicular en un viaducto de la avenida Cristo Redentor

Las personas que quieran colaborar con Condori, pueden comunicarse directamente con él llamando al 752-00050.",https://unitel.bo/noticias/sociedad/la-historia-detras-de-los-zapatos-de-lara-que-llevan-la-inscripcion-vicepresidente-BJ23080515
Unitel,2026-08-26,Seguridad,Diputada Claros presenta denuncia contra Beller y Cerimedo por calumnia por la presunta lista de ‘sobresueldos’,"La diputada de Alianza Libre, Lissa Claros, denunció penalmente ante el Ministerio Público a la abogada Nadia Beller y el asesor presidencial, Fernando Cerimedo, por el delito de calumnia por la presunta lista de ‘sobresueldos’ en la que figura su nombre.

“Respondemos con hechos, no palabras. Presenté una denuncia por calumnia contra Nadia Beller y Fernando Cerimedo por las acusaciones infundadas vertidas en mi contra. Mis principios y mi dignidad no se venden. ¡La verdad saldrá a la luz!”, compartió en redes sociales Claros junto con una fotografía de la denuncia.

En esta muestra a ambos imputados y que el tipo de proceso es por calumnia.

MIRA AQUÍ: Interpelación: Diputados y senadores votan si aprueban o rechazan el informe del ministro Oviedo

La asambleísta sostuvo, este martes en conferencia de prensa, que Cerimedo y Beller tendrán que declarar ante el Ministerio Público sobre quién elaboró la lista, a qué asambleístas pagaban, cuánto, y cómo se realizaban los pagos.

“La señora Nadia, si no tenía pruebas, si no tenía suficiente documentación, no podía haber lanzado, por lo menos, el nombre de Lissa Claros, porque siempre he sido yo la que ha denunciado irregularidades en la asamblea, y no voy a permitir que esta persona ni nadie manche mi honorabilidad y mi honra”, remarcó.

En días pasados se difundió una lista de diputados y senadores que presuntamente recibían ‘sobresueldos’ en una planilla paralela para apoyar normas a favor del Gobierno, entre ellos estaba el nombre de Claros.

MIRA AQUÍ: Caso maderas: Oviedo denuncia que Fiscalía de Chile se negó a entregar muestras de la madera incautada",https://unitel.bo/noticias/seguridad/diputada-claros-presenta-denuncia-contra-beller-y-cerimedo-por-calumnia-por-la-presunta-lista-de-sobresueldos-OJ23080619
Unitel,2026-08-26,Farándula,"Dos historias, muchas emociones: el teatro cruceño alista dos nuevos estrenos","Bajo la dirección general de Eloy Manrrique Robles, Zeus Producciones llevará a escena “La sonrisa detrás de la máscara” y “Código Invisible” , dos obras con historias y personajes diferentes, pero con un punto en común: utilizar el teatro para abordar situaciones que invitan a la reflexión.

“La sonrisa detrás de la máscara” se presentará el viernes 5 de septiembre y plantea una historia relacionada con la depresión, la familia, los valores, el amor y la búsqueda de un propósito de vida. La puesta en escena combina momentos dramáticos con situaciones de humor y gira en torno a una pregunta central: ¿para qué estamos vivos?

PUEDES LEER: El legendario teatro del Festival de Bayreuth cumple 150 años

La obra cuenta con siete actores que interpretan a 15 personajes y tendrá una función a las 19:30 en el Paraninfo Universitario “Humberto Parada Caro”.

La segunda propuesta es “Código Invisible” , una comedia dramática centrada en la amistad y aquellos códigos no escritos que marcan las relaciones entre amigos. La historia aborda, desde el humor, situaciones relacionadas con la lealtad, el perdón y la posibilidad de seguir adelante después de los conflictos.

Cinco actores interpretarán a ocho personajes en esta obra, cuyo estreno está previsto para el martes 8 de septiembre , con funciones también el miércoles 9 y jueves 10, a las 19:30, en la Casa Municipal de la Cultura “Raúl Otero Reiche”.

Ambas producciones están dirigidas al público en general y buscan mostrar, desde distintos ángulos, cómo el teatro puede abordar situaciones cercanas a la vida cotidiana sin dejar de lado el humor y el entretenimiento.

Información y reservas al 76024231.",https://unitel.bo/noticias/farandula/dos-historias-muchas-emociones-el-teatro-cruceno-alista-dos-nuevos-estrenos-HJ23080722
Unitel,2026-08-26,Seguridad,"Nadia Beller: “Una vez activados los protocolos para testigos protegidos, declararé voluntariamente”","Después de que la toma de declaración de Nadia Beller en un proceso que hay contra Fernando Cerimedo quedara en suspenso, la propia abogada señaló que declarará de manera voluntaria una vez que se activen los protocolos previstos para los testigos protegidos.

La abogada debía prestar su testimonio este miércoles dentro del proceso por presunto enriquecimiento ilícito contra Cerimedo, pero la diligencia fue suspendida luego de que se solicitara que sea incorporada bajo esa condición.

“Una vez activados los protocolos para testigos protegidos, declararé voluntariamente. Espero con ansias la reprogramación de mi audiencia con las garantías que por ley me deben de asistir. Se hará justicia”, expresó Beller a través de sus redes sociales.

MIRA AQUÍ: Caso Cerimedo: Suspenden la declaración de Beller “por motivos de fuerza mayor”

La declaración informativa estaba programada en Santa Cruz, hasta donde llegó una comisión de fiscales para recibir su testimonio. Pasadas las 16:00, personal de Lucha Contra la Corrupción y el fiscal Néstor Torrez se trasladaron hasta el domicilio de Beller para cumplir con el acto procesal dispuesto dentro de la investigación que se desarrolla en La Paz.

“Solo podemos decir que la declaración se ha suspendido por un motivo de fuerza mayor y, en consecuencia, se va a reprogramar. Seguramente, el fiscal de La Paz va a mandar nueva citación y la vamos a tomar como corresponde”, sostuvo el fiscal Torrez.

El traslado de los fiscales hasta el domicilio de Beller había sido dispuesto porque está impedida de acudir a otro lugar por su estado de salud, según explicó previamente su defensa, el abogado Jerjes Justiniano.

“Ella quiere declarar. Entonces, en función de esas pruebas y de lo que, de su propio testimonio, es que ella está solicitando tener la calidad de testigo protegida” , señaló Justiniano, agregando que Beller cuenta con información vinculada a la investigación y que su testimonio permitirá aportar elementos que deberán ser evaluados por el Ministerio Público.

MIRA AQUÍ: Testigo vincula a Fernando Cerimedo con la compra de una quinta en $us 200.000",https://unitel.bo/noticias/seguridad/nadia-beller-una-vez-activados-los-protocolos-para-testigos-protegidos-declarare-voluntariamente-IJ23081090
Unitel,2026-08-26,Política,"Paz rompe el silencio: “Cerimedo jamás tuvo autorización de representar a la Presidencia, al Gobierno o a mi familia”","El presidente Rodrigo Paz señaló que Fernando Cerimedo “jamás tuvo la autorización” para representar a la Presidencia , al Gobierno o a su familia, y negó que haya existido un contrato o una relación laboral directa con el estratega argentino, según reflejó en un video publicado la noche de este miércoles.

Paz se refirió a este tema en medio de la presión política que se instaló tras el ataque contra Nadia Beller el 17 de agosto y la posterior detención de Fernando Cerimedo, a quien se atribuyó una influencia al interior del Ejecutivo que llevó a distintos sectores a exigir explicaciones al jefe de Estado.

“El señor Cerimedo jamás tuvo la autorización de representar a este boliviano (en referencia a sí mismo), a la Presidencia, al gobierno o a mi familia. Las representaciones institucionales se hacen a través del mandato institucional, como puede ser un ministro, viceministro, como puede ser un delegado presidencial. No hay asesores principales”, expresó el presidente.

MIRA AQUÍ: Caso Cerimedo: La Fiscalía cita como testigo a la directora de Comunicación del Gobierno, Ximena Galarza

La controversia también creció por las versiones sobre el papel que Cerimedo cumplía alrededor del mandatario: mientras el Gobierno había reconocido que fue colaborador y asesor de Paz durante la campaña y los primeros meses de gestión, Beller sostuvo que tenía una oficina junto al despacho presidencial y que asistía a reuniones de gabinete.

En ese escenario, Paz salió a precisar que esa colaboración nunca implicó un contrato, una relación laboral directa ni autorización para representar institucionalmente al Estado.

“Siendo estratega de orden internacional, la constancia o presencia del señor Cerimedo en Bolivia no era la que necesitábamos para poder trabajar y tener sólido un formato de trabajo. Por eso, nunca hubo un contrato, por eso nunca hubo una relación de trabajo directa como la que se puede llevar adelante con ministros, viceministros, delegados presidenciales”, dijo el presidente.

MIRA AQUÍ: Nadia Beller: “Una vez activados los protocolos para testigos protegidos, declararé voluntariamente”

Asimismo, Paz explicó que Cerimedo llegó inicialmente para trabajar con otros candidatos presidenciales , pero que, tras la victoria de su candidatura en primera vuelta y el paso a la segunda, se estableció contacto con él para incorporarlo a la campaña.

Defiende a su familia

El jefe de Estado se refirió a este tema en medio de las denuncias de Nadia Beller, quien involucró a Paz y a sus familiares en supuestos negocios vinculados con combustibles, oro y seguros, además de atribuir a Fernando Cerimedo un papel de operador dentro de esas actividades.

“Quiero referirme a mi familia. Cada puesto que hemos logrado, en lo personal, ha sido por voluntad popular, por el voto. Llevo un recorrido de servicio público, con una esposa que ha sido intachable”, manifestó. “No puede ser que, generando escándalos, quieran dañar nuestra forma de convivencia y de comportamiento. Soy el primero en defender en nuestra democracia la transparencia de los procesos de investigación. No sobre escándalos, sino sobre pruebas”, agregó.

MIRA AQUÍ: Senador Roca dice que Cerimedo tenía una billetera digital con la que acopiaba criptomonedas y anuncia investigación",https://unitel.bo/noticias/politica/paz-rompe-el-silencio-cerimedo-jamas-tuvo-autorizacion-de-representar-a-la-presidencia-al-gobierno-o-a-mi-familia-EJ23081588
Unitel,2026-08-26,Política,¿Se ampliará el Estado de excepción? Esto dice el ministro de la Presidencia,"El ministro de la Presidencia, Fernando Aramayo, consideró este miércoles que si continúan los anuncios de protestas y amenazas de bloqueo, se debe ampliar el Estado de excepción.

“El Estado excepción tiene una vigencia plena en este momento, y si seguimos con estas amenazas, con estas acciones que van en contra la vigencia del Estado de derecho y el respeto a lo que es el Estado de excepción, claro que tiene que ampliarse”, manifestó Aramayo.

Señaló que hay grupos que continúan con la intención de desestabilizar la democracia. Sin embargo, remarcó que no se criminaliza la protesta, pero que se respetan los derechos humanos y por ello se lanzó un Estado de excepción.

MIRA AQUÍ: Ministro de la Presidencia descarta abrogar decreto del diésel y propone a sectores trabajar en la reglamentación

“Lo que ha hecho el Gobierno cuando ha sacado el Estado de excepción humanitario, para garantizar el abastecimiento de combustibles, de alimentos, y porque además ha quedado en evidencia que estamos en una situación de terrorismo político, de narcoterrorismo contra el Estado”, indicó la autoridad.

El Estado de excepción está vigente desde el 20 de junio y tiene validez por 90 días, es decir, hasta el 18 de septiembre.

Son varios sectores que han anunciado que se movilizarán en los próximos días o al finalizar el Estado de excepción, para protestar en rechazo al Decreto Supremo 5676, que elimina la subvención a grandes consumidores (Gracos), y por la falta de este combustible.

MIRA AQUÍ: “El primero en pronunciarse ha sido nuestro presidente”, dice Aramayo sobre el atentado contra Beller",https://unitel.bo/noticias/politica/se-ampliara-el-estado-de-excepcion-esto-dice-el-ministro-de-la-presidencia-HJ23080465
Unitel,2026-08-26,Política,"Interpelación: Con votos de Unidad, Libre y PDC, el ministro Oviedo se salva de la censura","Con los votos de Unidad, Libre y del Partido Demócrata Cristiano (PDC), el ministro de Gobierno, Marco Antonio Oviedo, evitó la censura del pleno de la Asamblea Legislativa Plurinacional (ALP), tras ser interpelado por las labores de su ministerio contra el narcotráfico en el país.

De los 153 legisladores presentes en la sesión, 82 votaron por la opción de “puro y simple”, 35 se abstuvieron y 36 votaron por la censura.

Durante la votación, v arios legisladores de Libre votaron por la censura a tiempo de cuestionaron la exposición de Oviedo sobre el trabajo que ejecuta su ministerio en la lucha contra el narcotráfico; sin embargo, el diputado de Libre, Néstor Rodríguez voto puro y simple al igual que otros legisladores.

MIRA AQUÍ: El ministro Oviedo se presenta en la Asamblea para su interpelación por la lucha contra el narcotráfico

“Este Gobierno continúa con la corrupción, este Gobierno no quiere hacer la reforma constitucional. Esta interpelación es un desastre. ¿Cómo pueden hacer una interpelación sin el informe de Chile? Estas interpelaciones tan mal hechas están deslegitimando a la Asamblea”, declaró en su intervención el diputado de Unidad, Carlos Alarcón.

En la votación, la senadora del Partido Demócrata Cristiano (PDC), Ana María Crispín, cuestionó el informe del ministro Oviedo y votó por la censura.

“Respecto a la información, realmente no coincide con las páginas en redes sociales ni con los pasos que ha dado. Ha mencionado secuestro de droga, avionetas. Nos mienten, nos quieren hacer ver ilusiones”, declaró en su intervención.

La exposición del ministro de Gobierno, Marco Antonio Oviedo, comenzó poco después de las 14:50 de este miércoles. Tras responder las preguntas formuladas por los legisladores presentes en la sesión, la autoridad del Ejecutivo se retiró del pleno.

MIRA AQUÍ: Oviedo ante la Asamblea sobre el caso maderas: “Aún no se ha demostrado la presencia de sustancias controladas”

Durante su intervención, Oviedo informó sobre la cantidad de operativos ejecutados por la Fuerza Especial de Lucha Contra el Narcotráfico (Felcn) en todo el territorio nacional. La autoridad mencionó que se ejecutaron 7.546 operaciones contra el narcotráfico.",https://unitel.bo/noticias/politica/interpelacion-con-votos-de-unidad-libre-y-pdc-el-ministro-oviedo-se-salva-de-la-censura-AG23079191
Unitel,2026-08-26,Mundo,EEUU pausa temporalmente citas para solicitar visado de inmigrante en todo el mundo,"Estados Unidos ha pausado temporalmente las citas para solicitar visados de inmigrante en todo el mundo, por la necesidad de entrenar a su personal consular sobre nuevos procedimientos, informó este miércoles un portavoz del Departamento de Estado.

“Mientras trabajamos en acomodar esta formación a fondo, l as citas de servicios de visado serán ajustadas”, indicó a la agencia EFE un portavoz del Departamento de Estado, que no aclaró cuándo se reanudarán esos servicios.

“Cuando hay cambios en las citas para entrevistas de visados, las embajadas y consulados comunican cualquier cambio directamente a los solicitantes”, indicó el portavoz, algo que coincide con los mensajes que han comenzado a recibir solicitantes de visado en todo el mundo con suspensiones de citas ya programadas.

MIRA AQUÍ: Equipos de rescate se movilizan tras inundaciones entre Nepal y el Tíbet que dejan al menos 160 muertos

El entrenamiento está relacionado con nuevos procedimientos para asegurarse que los receptores de esos visados no suponen un cargo a las arcas públicas y “no se convierten en dependientes de los beneficios públicos de Estados Unidos que necesitan los estadounidenses que califican para ello”.

Según el Departamento de Estado e sta nueva formación a funcionarios y empleados consulares comenzó a principios de agosto a nivel “mundial”, por lo que esas cancelaciones temporales se aplican por igual en toda la red de consulados de Estados Unidos.

Según otra fuente citada por el Washington Post, las citas para obtener visados de inmigrante han sido canceladas desde el lunes hasta el final de este mes de agosto.

MIRA AQUÍ: Un temblor de magnitud 5,1 sacude a Colombia dos semanas después del gran terremoto de 7,4

El material formativo fue puesto a disposición de los consulados después de que un juez federal declarara ilegal el veto a los visados a ciudadanos de 75 países, por el supuesto riesgo que ve la Administración del presidente Donald Trump en que personas de estas naciones sean admitidos dentro de Estados Unidos y recurran a subsidios públicos.

El Gobierno Trump anunció este martes que iba a revocar los visados B-1 y B-2 (de turismo y negocios) a miles de personas que recurrieron a ellos para posteriormente solicitar asilo en el país tras ingresar legalmente en el mismo.

Del mismo modo, en su cruzada contra la inmigración, la Casa Blanca quiere elevar los requisitos para obtener el visado de trabajo H-1B y demandar que los empleadores que lo usen para atraer trabajo cualificado paguen más de 100.000 dólares al año para su renovación.",https://unitel.bo/noticias/mundo/eeuu-pausa-temporalmente-citas-para-solicitar-visado-de-inmigrante-en-todo-el-mundo-EJ23081757
Unitel,2026-08-26,Política,"Evo lanza críticas a Paz, dice que hay corrupción en el Gobierno y que Cerimedo gobernaba","Durante su discurso en la concentración que se desarrolló en Ivirgarzama, el líder de los cocaleros, Evo Morales, lanzó críticas al presidente Rodrigo Paz, acusó a su gobierno de corrupción y dijo que el que gobernaba era Fernando Cerimedo. Cabe recordar que este mismo miércoles, el mandatario negó que el asesor político haya tenido alguna autorización para representar a la Presidencia, al Gobierno o a su familia.

MIRA AQUÍ: Paz rompe el silencio: “Cerimedo jamás tuvo autorización de representar a la Presidencia, al Gobierno o a mi familia”

Durante su discurso, Morales no perdió la oportunidad para hacer alusión al asesor político Fernando Cerimedo, ciudadano argentino, de quien dijo que sacó millones de dólares de Bolivia de manera irregular y que tenía poder en el Gobierno.

“En este momento, no gobierna Rodrigo Paz en su gabinete, gobernaba Fernando, el argentino”, señaló al referirse a Cerimedo.

Habló también de “la ventanilla única”, donde supuestamente el entorno más cercano del presidente se involucró en actos de corrupción.

MIRA AQUÍ: Ministro de la Presidencia descarta abrogar decreto del diésel y propone a sectores trabajar en la reglamentación

Agregó que debido a la corrupción, hay aliados de Paz que supuestamente lo están abandonando, y posteriormente hizo alusión al gabinete ministerial.

“Cada semana sus ministros renunciando. (Hay) pelea interna, el ministro de Gobierno con su comandante no se hablan, no se saludan, qué clase de presidente es que no pone orden”, señaló Morales.

PAZ SOBRE CERIMEDO

El presidente Rodrigo Paz difundió un mensaje en el que señaló que Fernando Cerimedo “jamás tuvo la autorización” para representar a la Presidencia , al Gobierno o a su familia, y negó que haya existido un contrato o una relación laboral directa con el estratega argentino, según reflejó en un video publicado la noche de este miércoles.

“El señor Cerimedo jamás tuvo la autorización de representar a este boliviano (en referencia a sí mismo), a la Presidencia, al gobierno o a mi familia. Las representaciones institucionales se hacen a través del mandato institucional, como puede ser un ministro, viceministro, como puede ser un delegado presidencial. No hay asesores principales”, expresó el presidente.",https://unitel.bo/noticias/politica/evo-lanza-criticas-a-paz-dice-que-hay-corrupcion-en-el-gobierno-y-que-cerimedo-gobernaba-HJ23081978
Unitel,2026-08-26,Salud,"Santa Cruz: Tras reunión con autoridades de la Gobernación, trabajadores de salud suspenden paro","Tras una reunión conciliatoria, autoridades departamentales y dirigentes del sector salud suscribieron un acta de entendimiento y acordaron retomar el diálogo el próximo viernes 4 de septiembre, con resultados y acciones concretas, suspendiendo así el paro que había sido convocado para este jueves.

Al respecto, la vicegobernadora Paola Aguirre resaltó que hubiera primado el diálogo y que ya no se dé la medida en demanda del pago del Bono de Vacunación.

“Durante el encuentro le informamos a los trabajadores sobre las gestiones que viene realizando la Gobernación ante el nivel central para resolver la situación de las competencias vinculadas al sector salud y avanzar en los mecanismos que permitan garantizar el pago del beneficio”, explicó.

MIRA AQUÍ: ¡Atención! Anuncian el cierre temporal del paso vehicular en un viaducto de la avenida Cristo Redentor

En ese marco, Aguirre señaló que la Gobernación respaldará las gestiones para la aprobación de la denominada ley corta que se encuentra en tratamiento en la Asamblea Legislativa Plurinacional, instrumento que, según explicó, permitirá viabilizar el ejercicio de las competencias que corresponden al Gobierno Departamental.

“No va a haber paro de salud, se va a pagar el Bono de Vacunación, lo va a pagar el centralismo y la Gobernación cruceña es garante de este pago”, apuntó Aguirre al término de la reunión, destacando la intermediación de la Dirección de Trabajo.

Como parte del acuerdo alcanzado, las partes suscribieron un acta con la Dirección Departamental de Trabajo y establecieron una nueva reunión para el viernes 4 de septiembre, a las 15:00, en la que se prevé evaluar los avances y presentar resultados y acciones concretas.

MIRA AQUÍ: Gobierno lanza 5.000 Becas Google para universitarios, docentes y estudiantes de institutos",https://unitel.bo/noticias/salud/santa-cruz-tras-reunion-con-autoridades-de-la-gobernacion-trabajadores-de-salud-suspenden-paro-CJ23082473
Unitel,2026-08-26,Economía,El dólar oficial sube: ¿Cuál será la cotización para este jueves 27 de agosto?,"El Banco Central de Bolivia (BCB) emitió la cotización oficial del dólar para este jueves 27 de agosto, que presenta un incremento por tercer día consecutivo.

Para este jueves, el dólar se cotiza en Bs 11,71 , que son catorce centavos más en comparación del miércoles, que se cotizó en Bs 11,57.

MIRA AQUÍ: Ministro Justiniano: “Tener un producto con dos precios crea mafias que terminan golpeando al que produce”

Este es el tercer ascenso consecutivo después de más de tres semanas con una tendencia a la baja desde que inició la implementación de la modalidad flexible.

El dólar oficial alcanzó los Bs 12,15 en su cotización el pasado 31 de julio, su valor más alto desde que inició la modalidad flexible. Mientras que su precio más bajo fue el 29 de junio, cuando comenzó a implementarse, con un valor de Bs 9,73.

A partir del 29 de junio, el BCB actualiza cada día hábil el precio del dólar, aplicando un método flexible en base al promedio ponderado de las operaciones cambiarlas de compra realizadas por los Bancos Múltiples, los Bancos PymE y el Banco Público con sus clientes.

MIRA AQUÍ: Presidente de Cainco advierte que dos precios para el diésel incentivan el mercado negro y la corrupción",https://unitel.bo/noticias/economia/el-dolar-oficial-sube-cual-sera-la-cotizacion-para-este-jueves-27-de-agosto-GJ23082730
Unitel,2026-08-26,Política,"A más de una semana del caso Cerimedo, Paz habla: Estas son sus 10 frases clave","El presidente Rodrigo Paz rompió el silencio sobre el asesor presidencial, Fernando Cerimedo, quien se encuentra con detención preventiva por tentativa de feminicidio contra su expareja Nadia Beller, que ocurrió el 17 de agosto. El mandatario compartió un video en redes sociales indicando que esta persona no tiene autorización para representar al Gobierno o su familia.

Además, Paz habló de su familia en medio de las denuncias contra su entorno más cercano por supuestos actos de corrupción.

La controversia también creció por las versiones sobre el papel que Cerimedo cumplía alrededor del mandatario .

MIRA AQUÍ: Paz rompe el silencio: “Cerimedo jamás tuvo autorización de representar a la Presidencia, al Gobierno o a mi familia”

FRASES CLAVE

1. “Como cabeza del Ejecutivo, dimos todas las garantías para que las investigaciones sean transparentes, sean pulcras y que sean en la búsqueda de la verdad para todos los bolivianos”.

2. “Tengo entendido que el señor Cerimedo llegó para trabajar con otros candidatos presidenciales, pero cuando llegamos a la segunda vuelta electoral en Bolivia, se generó un contacto con el señor, siendo un estratega de de reconocimiento mundial, para trabajar en nuestra campaña electoral” .

3. “Ganamos las elecciones y a partir de ello, no solo cooperó en esa elección, sino al inicio del Gobierno ”.

4. “Siendo estratega de orden internacional, la constancia o presencia del señor Cerimedo en Bolivia no era la que necesitábamos para poder trabajar y tener sólido un formato de trabajo”.

5. “Nunca hubo un contrato, por eso nunca hubo una relación de trabajo directa como la que se puede llevar adelante con ministros, viceministros, delegados presidenciales”.

MIRA AQUÍ: Interpelación: Con votos de Unidad, Libre y PDC, el ministro Oviedo se salva de la censura

6. “El señor Cerimedo jamás tuvo la autorización de representar a este boliviano, a la Presidencia, al Gobierno o a mi familia”.

7. “Las representaciones institucionales se hacen a través del mandato institucional, como puede ser un ministro, viceministro, como puede ser un delegado presidencial, no hay asesores principales”.

8. “Llevo un recorrido de servicio público, con una esposa que ha sido intachable como parte de una familia construida sobre la base de cuatro chicos, tres mujeres y un chango. Somos familia de valores cristianos”.

9. “ Soy el primero en defende r en nuestra democracia la transparencia de los procesos de investigación, no sobre escándalos, sino sobre pruebas. El escándalo no es una prueba. ”.

10. “Son momentos difíciles porque nos dejaron un país difícil de llevar adelante con una economía muy compleja, pero vamos a salir adelante”.

MIRA AQUÍ: ¿Se ampliará el Estado de excepción? Esto dice el ministro de la Presidencia",https://unitel.bo/noticias/politica/a-mas-de-una-semana-del-caso-cerimedo-paz-habla-estas-son-sus-10-frases-clave-MJ23081926
Unitel,2026-08-26,Sociedad,Múltiples focos de incendios forestales alertan a San José de Chiquitos,"Una serie de incendios forestales puso este miércoles en alerta a las autoridades del municipio cruceño de San José de Chiquitos, donde varios frentes avanzaron de manera simultánea sobre la carretera bioceánica, predios productivos y sectores próximos a la línea férrea, según el reporte de la municipalidad.

“Diversos frentes de fuego activos sobre la carretera bioceánica, predios productivos y áreas aledañas a la línea férrea obligaron al despliegue simultáneo de cuadrillas del Comité de Operaciones de Emergencia Municipal (COEM), bomberos y personal especializado para evitar mayores desastres ambientales y materiales”, reza el reporte institucional.

El reporte refleja que la emergencia se agudizó pasado el mediodía, cuando brigadistas reportaron que las llamas habían cruzado ambos lados de la carretera a la altura del kilómetro 12. El viento y las altas temperaturas avivaron el fuego y favorecieron su avance hacia propiedades privadas.

MIRA AQUÍ: Santa Cruz: Tras reunión con autoridades de la Gobernación, trabajadores de salud suspenden paro

La respuesta movilizó a cuadrillas del Comité de Operaciones de Emergencia Municipal (COEM), bomberos y personal especializado, de acuerdo con el informe.

Según el monitoreo del Sistema de Alerta Temprana de Incendios Forestales (Satif) de la Gobernación cruceña, se identificaron varios puntos críticos en el municipio: sobre la ruta de salida hacia la comunidad de Piococa; en inmediaciones de la comunidad de Taperas; y un tercer foco a unos 10 kilómetros sobre el trazado ferroviario en dirección a Ipias.

“Las autoridades y los equipos de primera respuesta mantienen el monitoreo en la zona y reiteran el pedido de extrema precaución a los conductores que transitan por la carretera debido a la densa humareda y a la cercanía de las llamas sobre las bermas y la vegetación colindante”, concluye el informe.

MIRA AQUÍ: Barrio Lindo se reactiva: Vendedores instalan puestos en el parqueo a tres semanas del incendio",https://unitel.bo/noticias/sociedad/multiples-focos-de-incendios-forestales-alertan-a-san-jose-de-chiquitos-CJ23083144
Unitel,2026-08-26,Política,Alarcón tras la interpelación de Oviedo: “Hay un pésimo manejo de las interpelaciones por el vicepresidente”,"Tras la interpelación al ministro de Gobierno, Marco Antonio Oviedo, por las labores contra el narcotráfico, el diputado de Unidad, Carlos Alarcón, denunció que hubo “manipulación” durante la sesión legislativa.

El legislador explicó que los interpelantes solicitaron la postergación del acto interpelativo debido a que aún esperaban un informe de Chile sobre el caso maderas ; sin embargo, según Alarcón, el pedido no fue tomado en cuenta.

MIRA AQUÍ: Interpelación: Con votos de Unidad, Libre y PDC, el ministro Oviedo se salva de la censura

“Las propias interpelantes pidieron que se postergue la interpelación porque estaban esperando de Chile la prueba oficial de un laboratorio de que esas maderas tenían o no droga”, dijo Alarcón tras la sesión.

El diputado cuestionó que no se haya esperado el informe de Chile, al considerar que este documento habría permitido contar con mayores datos durante la interpelación.

“El manipulador del vicepresidente (Edmand Lara), en lugar de someter a votación el pedido de las propias interpelantes para postergar, ha continuado como si no hubiera pasado nada. No tenía sentido hacer esto sobre el caso Maderas. No tenía ningún sentido antes del reporte de Chile”, afirmó.

Ante esta situación, Alarcón calificó de “pésimo” el manejo de las interpelaciones en la Asamblea Legislativa Plurinacional (ALP).

MIRA AQUÍ: El ministro Oviedo se presenta en la Asamblea para su interpelación por la lucha contra el narcotráfico

“Hay un pésimo manejo de las interpelaciones por el vicepresidente porque tiene criterios manipuladores y sesgados”, señaló.",https://unitel.bo/noticias/politica/alarcon-tras-la-interpelacion-de-oviedo-hay-un-pesimo-manejo-de-las-interpelaciones-por-el-vicepresidente-AJ23082673
Unitel,2026-08-26,Seguridad,"Beller cuestiona a Paz por su mensaje sobre Cerimedo y amenaza con difundir “chats, audios, fotos y ubicaciones”","Tras el mensaje del presidente Rodrigo Paz en el que negó que haya existido un contrato o relación laboral con Fernando Cerimedo al asumir el Gobierno, la abogada Nadia Beller respondió con un mensaje en las redes en el que cuestiona al mandatario. Dice que esa declaración lace hace creer que el asesor político todavía tiene poder en el Gobierno.

MIRA AQUÍ: Paz rompe el silencio: “Cerimedo jamás tuvo autorización de representar a la Presidencia, al Gobierno o a mi familia”

En la primera parte de su mensaje, Beller, expareja de Cerimedo, agradeció a Paz por la solidaridad que expresó en el mensaje; sin embargo, señaló que si bien el asesor político no tenía un contrato laboral, “no significa que su vínculo se haya limitado a los primeros meses de su gestión”.

“Sus declaraciones, lejos de darme tranquilidad, me generan una enorme inseguridad. Me hacen sospechar que Cerimedo sigue teniendo poder, que usted lo sigue protegiendo y que lo seguirán dejando hacer lo que sea. Incluso que continuará manejando a la Policía, como él mismo reconoce en su audiencia cautelar”, escribió Beller.

Beller agrega que los registros migratorios de Beller demuestran que pasaban más tiempo en Bolivia que en otros país y que muchas personas lo vieron ingresar y participar de actividades vinculadas al Gobierno durante meses.

“La excusa del asesor internacional que no tenía tiempo para estar aquí se cae por su propio peso”, escribió Beller.

MIRA AQUÍ: Nadia Beller declarará esta tarde en su domicilio; su abogado pide que considerarla ‘testigo protegida’

En otra parte de su mensaje, Beller señala que sus palabras sobre Cerimedo y el presidente fueron para proteger su vida y advierte con hacer públicos chats, audios, fotografías y ubicaciones que tiene.

“En ellos podrá verse y escucharse su presencia reiterada en espacios vinculados al Gobierno y a usted durante los últimos meses. Podrán comprobarse sus referencias a su presencia en el Comando, en su residencia y en la denominada “oficina” de la Casa Grande del Pueblo. No quiero tener que demostrar públicamente estas cosas. Pero si para protegerme debo hacerlo, lo voy a hacer”, dijo Beller.",https://unitel.bo/noticias/seguridad/beller-cuestiona-a-paz-por-su-mensaje-sobre-cerimedo-y-amenaza-con-difundir-chats-audios-fotos-y-ubicaciones-NJ23083394
Unitel,2026-08-26,Política,Ximena Galarza tras declarar en la Fiscalía: “No hay ningún tipo de relación con Cerimedo”,"Tras más de cuatro horas de declaración ante la Fiscalía, la directora general de Comunicación Estratégica del Estado, Ximena Galarza, manifestó que su despacho no tiene ningún tipo de relación con Fernando Cerimedo

La funcionaria acudió como testigo por la investigación abierta contra el asesor político por presunto enriquecimiento ilícito y remarcó que no forma parte del aparato estatal que encabeza el presidente Rodrigo Paz.

“He respondido como 380 preguntas aproximadamente. Yo soy directora de comunicación estratégica del Estado, soy directora ejecutiva de una entidad descentralizada con autonomía propia y que se administra y que trabaja con todo lo que es la comunicación del Estado. No hay ningún tipo de relación con el señor Cerimedo”, subrayó.

MIRA AQUÍ: Rodrigo Paz: “Cerimedo jamás tuvo autorización de representar a la Presidencia, al Gobierno o a mi familia”

Galarza apuntó que Cerimedo no figura como funcionario del Órgano Ejecutivo y que tampoco mantiene una relación con el Gobierno.

En esta línea, explicó que el vínculo que reconoció de Cerimedo fue circunstancial y anterior a su actual gestión, es decir, fue posesionada el 28 de noviembre de 2025 y, cuando llegó al cargo, Cerimedo ya se encontraba en Palacio, donde lo conoció por su labor como asesor de comunicación durante la campaña electoral.

“Hace tiempo que no lo veo . Él no tiene ninguna relación con el Gobierno, él no figura, él no es un funcionario del Estado, él no está dentro del Gobierno”, sostuvo Galarza.

El proceso contra Cerimedo por presunto enriquecimiento ilícito se activó a partir de denuncias de Nadia Beller, quien acusó al exasesor de Paz de articular una presunta red de corrupción que involucraría a personas del entorno presidencial.

Hasta el momento, según el contexto de la investigación, Beller no presentó pruebas sobre esas acusaciones, aunque anunció que las entregará en su declaración ante la Fiscalía.

MIRA AQUÍ: Nadia Beller: “Una vez activados los protocolos para testigos protegidos, declararé voluntariamente”",https://unitel.bo/noticias/politica/ximena-galarza-tras-declarar-en-la-fiscalia-no-hay-ningun-tipo-de-relacion-con-cerimedo-PJ23083590
Unitel,2026-08-26,Sociedad,Concejal de La Paz: “Los carros basureros están viejos y hasta hoy no vemos una planta de tratamiento de la basura”,"Tras la firma del acuerdo entre la Alcaldía de La Paz y los trabajadores de aseo para retomar el recojo de basura en la ciudad, el concejal de Innovación Humana, Juan Carlos Machicao, observó que l a empresa de aseo urbano La Paz Limpia aparentemente no estaría cumpliendo algunos puntos establecidos en el contrato suscrito con el municipio.

“Voy a seguir fiscalizando el contrato, cómo se ha firmado, a quiénes ha beneficiado y si se hicieron las inversiones que establecía. Hasta hoy no vemos una planta de tratamiento de la basura , no vemos una planta de aseo”, cuestionó Machicao.

MIRA AQUÍ: Alcaldía de La Paz y trabajadores de aseo urbano firman acuerdo para el recojo de basura

El concejal también señaló que identificó aparentes deficiencias en la maquinaria utilizada para realizar las tareas de limpieza y afirmó que esta no se encontraría en condiciones adecuadas para prestar el servicio.

“La maquinaria, los carros basureros y los depósitos de los mismos están en mal estado , viejos. Sobre el informe de ayer, yo he quedado muy disconforme”, afirmó.

Tras más de diez días de acumulación de basura en las calles , el alcalde de La Paz, César Dockweiler, anunció la noche de este martes que se alcanzó un acuerdo con la empresa de aseo urbano La Paz Limpia, lo que permitirá reanudar las labores de recojo de residuos.

El diálogo comenzó cerca de las 19:00, bajo la mediación del arzobispo de La Paz, monseñor Percy Galván, con el objetivo de alcanzar una solución al conflicto.

Durante el encuentro, representantes de la empresa, los trabajadores y el alcalde de La Paz expusieron sus posiciones.

MIRA AQUÍ: Basura en La Paz: Comerciantes y vecinos cubren contenedor y se organizan para retirar los residuos

La reunión se extendió hasta pasadas las 22:30, cuando se anunció el acuerdo para retomar el servicio de recojo de residuos.",https://unitel.bo/noticias/sociedad/concejal-de-la-paz-los-carros-basureros-estan-viejos-y-hasta-hoy-no-vemos-una-planta-de-tratamiento-de-la-basura-HJ23083307
Unitel,2026-08-26,Economía,IBCE: “La ausencia de toma de decisiones de políticas no está permitiendo que haya más inversión”,"El gerente del Instituto Boliviano de Comercio Exterior (IBCE), Gary Rodríguez, consideró que la ausencia de toma de decisiones políticas no permite que haya más inversión en el país.

“La política cuando es mal llevada crea incertidumbre , crea desconfianza y la desconfianza paraliza decisiones de inversión y sin inversión no hay producción”, señaló el gerente del lBCE.

Agregó que “La ausencia de toma de decisiones de políticas no está permitiendo que haya más inversión”

MIRA AQUÍ: Presidente de Cainco advierte que dos precios para el diésel incentivan el mercado negro y la corrupción

“ No hay una estabilidad política que nos lleve a una estabilidad social y económica”, manifestó y explicó que la consecuencia de una menor inversión es una menor producción, menor exportación e ingreso de dólares.

“El Banco Mundial o el Fondo Monetario Internacional, habían dicho meses atrás que la economía boliviana (el PIB), antes de los bloqueos, iba a caer por lo menos un 3%, porque esta ausencia de toma de decisiones, de políticas y señales contundentes hacia adelante, no están permitiendo que haya más inversión, y con ello generar más empleos”, señaló Rodríguez.

MIRA AQUÍ: Loza dice que enviará una propuesta al Gobierno para importar petróleo crudo y “disminuir” el costo del combustible",https://unitel.bo/noticias/economia/ibce-la-ausencia-de-toma-de-decisiones-de-politicas-no-esta-permitiendo-que-haya-mas-inversion-CG23076747
Unitel,2026-08-26,Política,Caso maletas: Diputados agendan para este jueves el tratamiento del informe final de la comisión especial,"La Cámara de Diputados tiene previsto instalar este jueves, a las 09:30, una sesión ordinaria en la que se abordará, como segundo punto del orden del día, el informe final de la comisión especial encargada de investigar el denominado caso maletas. El orden del día fue firmado por Roberto Castro, presidente de la Cámara Baja.

En marzo de este año y tras conocerse el caso, la Cámara de Diputados aprobó la conformación de una comisión especial para investigar las denuncias de irregularidades relacionadas con la llegada de las maletas.

MIRA AQUÍ: Caso maletas: Exdiputada Laura Rojas sale de la cárcel de Palmasola después de seis meses

El caso maletas surgió tras el ingreso irregular de 32 valijas procedentes de Estados Unidos, que llegaron el 29 de noviembre de 2025 al aeropuerto Viru Viru de la ciudad de Santa Cruz a bordo de un vuelo chárter.

Entre los investigados se encuentra la exdiputada Laura Rojas, acusada de ingresar el equipaje al país con un pasaporte diplomático caducado. También es investigado el juez Hebert Zeballos, señalado como presunto propietario del galpón al que fueron trasladadas las maletas.

En el marco de la investigación, Rojas salió de la cárcel de Palmasola el lunes, tras ser beneficiada con una orden de detención domiciliaria.

MIRA AQUÍ: Interpelación: Con votos de Unidad, Libre y PDC, el ministro Oviedo se salva de la censura

La exparlamentaria dejó el penal mientras continúa la investigación por el ingreso de maletas que evadieron el control de Aduana, un caso por el que permaneció cinco meses privada de libertad.

A inicios de agosto, Zeballos dejó la cárcel de Palmasola por orden de la Justicia.",https://unitel.bo/noticias/politica/caso-maletas-diputados-agendan-para-este-jueves-el-tratamiento-del-informe-final-de-la-comision-especial-OJ23083951
Unitel,2026-08-26,Economía,Bloqueo en Beni desafía el Estado de excepción: arroceros esperan una comisión del Gobierno para dialogar,"Desde la madrugada de este miércoles, el sector movilizado de los arroceros instaló un punto de bloqueo en el puente San Pablo, en la provincia Marbán, en el límite con Santa Cruz, en rechazo al Decreto Supremo 5676 del nuevo régimen del diésel. Una comisión del Gobierno se dirige al lugar para dialogar.

El bloqueo dio inicio en horas de la mañana, donde un grupo de manifestantes cerraron el paso hasta las 10:00, cuando establecieron un cuarto intermedio de media hora para dejar pasar motorizados por el punto bloqueo, luego de la firma de un acuerdo entre el comandante de la UTOP de Beni con los productores agrícolas.

Desde entonces, la medida de presión continúa y u n contingente de la UTOP mantiene el resguardo del lugar.

MIRA AQUÍ: Paz rompe el silencio: “Cerimedo jamás tuvo autorización de representar a la Presidencia, al Gobierno o a mi familia”

Por su parte, los productores agrícolas del puente San Pablo esperan que en el transcurso de esta noche pueda llegar una comisión por parte del Gobierno para atender sus demandas, y llegar a un acuerdo, puedan levantar esta medida de presión y así llegar a un acuerdo.

Efectivos de las Fuerzas Armadas también se hicieron presentes en el punto de bloqueo en horas de la tarde, e intentaron dialogar con los movilizados para que permitan el libre tránsito. Sin embargo, los bloqueadores indicaron que solo dejarán pasar vehículos oficiales, ambulancias, policías y otro tipo de vehículo.

Los movilizados piden que se elimine el DS 5676, el cual fija nuevos precios para el diésel para grandes consumidores (Graco). La norma se aprobó la anterior semana e inició con un precio referencial de Bs 18 el litro. No obstante, para la población en general se mantiene el precio actual de Bs 9,80.

MIRA AQUÍ: Beller cuestiona a Paz por su mensaje sobre Cerimedo y amenaza con difundir “chats, audios, fotos y ubicaciones”

El presidente de Arroceros de Marbán, Jonathan Zárate, indicó que deben acudir al mercado negro para comprar el litro de diésel a 18 bolivianos.

“Como sector productivo y productores, hoy tenemos que hacer fila entre uno a dos meses para poder adquirir 119 litros una vez al mes. Con eso no hacemos nada nosotros, no podemos producir. No podemos contribuir a la seguridad alimentaria del país”, manifestó.

Además, señaló que con el precio actual del diésel, elevan sus costos de producción, provocando que no sea sostenible ni rentable la producción.

Respuesta del Gobierno

En la misma jornada, el ministro de la Presidencia, Fernando Aramayo, descartó que se vaya a abrogar la norma y plantea a sectores trabajar en la reglamentación para aplicar cambios.

“No”, repitió de manera tajante en dos oportunidades el ministro Aramayo, cuando se le consultó si la norma iba a ser abrogada.

El ministro señaló que se han venido sosteniendo reuniones y diálogo con algunas organizaciones a quienes planteó trabajar en la reglamentación del decreto.

MIRA AQUÍ: Ximena Galarza tras declarar en la Fiscalía: “No hay ningún tipo de relación con Cerimedo”

“Hay que reglamentar el decreto y hay normas complementarias que también hay que modificar y trabajar”, manifestó Aramayo.

Sin embargo, la jornada anterior, el viceministro de Régimen Interior, Hernán Paredes, señaló que informará al Gobierno sobre la petición de los sectores movilizados en Yapacaní, observando que, “imagínese pagar Bs 9,80 y de pronto le suben a Bs 20, es una barbaridad”.

Por ello señaló que será el gabinete el que defina si se abroga o se modifica el decreto 5676.",https://unitel.bo/noticias/economia/bloqueo-en-beni-desafia-el-estado-de-excepcion-arroceros-esperan-una-comision-del-gobierno-para-dialogar-NJ23083934
Unitel,2026-08-26,Seguridad,Esto es lo que se sabe sobre la propiedad de $us 200.000 vinculada a Fernando Cerimedo,"Una propiedad ubicada en la comunidad Nueva Palestina , a unos 40 kilómetros del municipio cruceño Porongo, aparece en el cuaderno de investigaciones por una declaración que vincula al asesor político Fernando Cerimedo con la compra de ese inmueble por un valor de $us 200.000.

El testimonio corresponde a un exfuncionario de la Autoridad de Juegos (AJ), quien testificó haberle vendido la propiedad.

Según la declaración, conoció a Cerimedo a través de Nadia Beller, entre enero y marzo de 2026, cuando organizó un almuerzo en su casa. En esa oportunidad conversaron sobre una quinta que tenía intención de vender y que está ubicada en Nueva Palestina.

MIRA AQUÍ: Rodrigo Paz: “Cerimedo jamás tuvo autorización de representar a la Presidencia, al Gobierno o a mi familia”

El exfuncionario sostuvo que Cerimedo manifestó su decisión de comprarla y que días después recibió un adelanto de $us 30.000. A partir de ese momento, explicó, se avanzó con la documentación de la venta.

“Hicimos un contrato porque Fernando Cerimedo me dio un pasaporte de ciudadano argentino, no me acuerdo el nombre, pero debe estar en mi celular, se hizo un contrato y venta con representación sin mandato y el que firma era un abogado de nombre Juan Carlos Becerra”, declaró.

El precio acordado, según el testimonio, fue de $us 200.000; sin embargo, operación no había sido cancelada en su totalidad.

MIRA AQUÍ: Ximena Galarza tras declarar en la Fiscalía: “No hay ningún tipo de relación con Cerimedo”

“La compra total era de $us 200.0000 y él no me terminó de pagar me debe como 30.000o algo más y está en mi chat el detalle, me cada en cuotas y lo último que me dio fue Bs 100.0000” , señaló el exfuncionario y agregó que los pagos se realizaron en diferentes momentos.

El inmueble se encuentra en una zona alejada de Santa Cruz , ya que desde Porongo son aproximadamente 40 kilómetros hasta Nueva Palestina, un trayecto que, según se constató en el lugar, presenta dificultades de acceso.

La ubicación adquiere relevancia porque la Fiscalía que investiga delitos de corrupción tendría previsto trasladarse hasta la propiedad para realizar actuaciones dentro de la investigación por presunto enriquecimiento ilícito.

MIRA AQUÍ: Nadia Beller: “Una vez activados los protocolos para testigos protegidos, declararé voluntariamente”",https://unitel.bo/noticias/seguridad/esto-es-lo-que-se-sabe-sobre-la-propiedad-de-us-200000-vinculada-a-fernando-cerimedo-GJ23084121
Unitel,2026-08-26,Política,"“Señor Cerimedo”: Rodrigo Paz marca distancia de su asesor de campaña, que cumple detención preventiva","En medio de las declaraciones de la abogada Nadia Beller sobre los vínculos de su expareja con el Gobierno, este miércoles el presidente Rodrigo Paz difundió un sorpresivo mensaje en el que por primera vez se refirió a Fernando Cerimedo, su asesor de campaña en las elecciones presidenciales. En sus palabras, el mandatario marcó clara distancia del hombre que ahora cumple detención preventiva acusado de intento de feminicidio de su expareja.

El mensaje grabado del presidente Paz duró cerca de 4 minutos y medio, tiempo en el que mencionó en cinco oportunidades a su asesor de campaña proselitista, del que se refirió como “señor Cerimedo” en todo su discurso.

MIRA AQUÍ: Paz rompe el silencio: “Cerimedo jamás tuvo autorización de representar a la Presidencia, al Gobierno o a mi familia”

“Hay un señor, el señor Cerimedo, que fue parte de la campaña reciente que ganamos a nivel nacional”, señaló Paz, al referirse por primera vez a su asesor presidencial tras las acusaciones de Beller.

Inmediatamente después Paz dice que Cerimedo trabajó con otros candidatos presidenciales, aunque no especifica a quiénes se refiere.

“Tengo entendido que el señor Cerimedo llegó para trabajar con otros candidatos presidenciales, pero cuando ganamos en primera vuelta y llegamos a la segunda vuelta electoral en Bolivia, se generó un contacto con el señor Cerimedo para trabajar, siendo un estratega de reconocimiento mundial”, señaló.

Paz señala que, tras ganar las elecciones, el asesor también cooperó “al inicio del Gobierno”.

En la cuarta oportunidad en la que se refiere a su asesor como “señor Cerimedo” señala que nunca tuvo contrato.:

“La constancia o presencia del señor Cerimedo en Bolivia no era la que necesitábamos para poder trabajar y tener sólido un formato de trabajo. Por eso nunca hubo un contrato, por eso nunca hubo una relación de trabajo directa como la que se puede llevar adelante con ministros, viceministros, delegados presidenciales”.

MIRA AQUÍ: Beller cuestiona a Paz por su mensaje sobre Cerimedo y amenaza con difundir “chats, audios, fotos y ubicaciones”

Finalmente, Paz también marca distancia con su última alusión a su asesor de campaña :

“El señor Cerimedo jamás tuvo la autorización de representar a este boliviano, a la presidencia, al Gobierno o a mi familia. Las representaciones institucionales se hacen a través del mandato institucional, como puede ser un ministro, viceministro, como puede ser un delegado presidencial. No hay asesores principales”.",https://unitel.bo/noticias/politica/senor-cerimedo-rodrigo-paz-marca-distancia-de-su-asesor-de-campana-que-cumple-detencion-preventiva-HJ23084298
Noticias Violeta,2026-08-26,Local,CIPCA IMPULSA LA ARTICULACIÓN DE PRODUCTORES DEL CHACO CON EL SECTOR EMPRESARIAL DE CHUQUISACA PARA ABRIR NUEVOS MERCADOSDurante la reunión se analizaron diferentes alternativas para canalizar mercados y fortalecer las estrategias de venta,"Por: Edidh Villalba Sucre, 24 de agosto de 2026. Con el propósito de fortalecer la comercialización y generar nuevas oportunidades de mercado para productores y productoras del Chaco chuquisaqueño, el Centro de Investigación y Promoción del Campesinado (CIPCA) sostuvo una reunión de coordinación con la Federación de Empresarios Privados de Chuquisaca, orientada a promover alianzas estratégicas entre organizaciones productivas, instituciones públicas y el sector empresarial.

El encuentro contó con la participación del director de CIPCA Cordillera, Silbert Siles, el equipo técnico de la institución, productores vinculados a la producción de miel y derivados de la colmena, así como representantes de emprendimientos de artesanías del pueblo Guaraní. Asimismo, estuvo presente un representante del Gobierno Autónomo Departamental de Chuquisaca. La delegación fue recibida por la representante ejecutiva de la Federación de Empresarios Privados de Chuquisaca, Lic. Cinthia Castillo Salas, en oficinas de esta institución.

Durante la reunión se analizaron diferentes alternativas para canalizar mercados y fortalecer las estrategias de venta de los productos provenientes de las organizaciones productivas del Chaco. Entre las propuestas se destacó la posibilidad de establecer vínculos comerciales con el sector hotelero y otros actores empresariales, promoviendo la incorporación de productos como jaboncillos y champús elaborados a base de miel, aprovechando las características y el valor agregado de la producción local. También se abordaron oportunidades para la comercialización de artesanías elaboradas en arcilla y productos de bisutería en palma, desarrollados por artesanas y artesanos del pueblo guaraní, como una forma de promover la identidad cultural y productiva del territorio chaqueño.

Otro de los planteamientos fue explorar la posibilidad de habilitar un espacio de comercialización o tienda en ambientes de la Federación de Empresarios Privados de Chuquisaca, que permita visibilizar y promocionar productos del Chaco. Esta iniciativa podría complementarse con una campaña orientada a incentivar el consumo local y la valoración de productos elaborados por productores y emprendedores chuquisaqueños.

La reunión permitió identificar la importancia de unir esfuerzos entre el sector productivo, empresarial e institucional para superar las dificultades de acceso a mercados y avanzar hacia estrategias comerciales sostenibles. En este sentido, se planteó continuar con la coordinación interinstitucional para concretar acciones que permitan acercar la producción del Chaco a nuevos consumidores y compradores.

Desde CIPCA se destacó que la articulación con el sector empresarial constituye una oportunidad para fortalecer los procesos de transformación, promoción y comercialización, generando mejores condiciones para que las organizaciones productivas puedan posicionar sus productos en mercados locales y regionales. La iniciativa forma parte de los esfuerzos impulsados en el marco del trabajo de CIPCA para contribuir al fortalecimiento de las economías familiares y comunitarias, promoviendo especialmente la participación de mujeres y jóvenes y poniendo en valor la diversidad productiva y cultural del Chaco chuquisaqueño. “LA PRODUCCIÓN DEL CHACO TIENE CALIDAD, IDENTIDAD Y POTENCIAL DE MERCADO; EL DESAFÍO ES UNIR ESFUERZOS PARA QUE ESTOS PRODUCTOS LLEGUEN A MÁS CONSUMIDORES Y GENEREN MAYORES OPORTUNIDADES PARA LAS FAMILIAS PRODUCTORAS.”

Agencia de Noticias Violeta | Celular 72441200",https://noticiasvioleta.com/cipca-impulsa-la-articulacion-de-productores-del-chaco-con-el-sector-empresarial-de-chuquisaca-para-abrir-nuevos-mercados/
Noticias Violeta,2026-08-26,Local,«Diselazo» paraliza servicios públicos; transportistas revisarán tarifas y Chuquisaca lleva la queja a La Paz|| Sectores sociales y de transporte en Chuquisaca rechazan el incremento del diésel y advierten sobre la paralización de servicios públicos,"Sucre, 26 de agosto (ANV).- La subida del precio del diésel a 18 bolivianos y la escasez de dólares han generado un rechazo generalizado en el departamento de Chuquisaca, donde el dirigente del transporte Teodoro Copa, el representante de los trabajadores de caminos Edmundo Mallon, la asambleísta Edith Rodríguez, el concejal Carlos Mora y el experto en hidrocarburos Ponciano Solis advierten sobre un inminente incremento en el costo de vida, la paralización de obras viales por falta de combustible y la necesidad de realizar modificaciones presupuestarias en los municipios afectados.

Teodoro Copa, secretario ejecutivo de la Federación Departamental de Chóferes de Chuquisaca, manifestó el rechazo categórico de su sector al decreto que incrementa el costo del carburante, señalando que la medida provocará una mayor inflación y desabastecimiento.

Copa explicó que en las provincias el diésel ya se comercializa a precios elevados y que los transportistas se ven obligados a reducir sus viajes debido a las largas filas en los surtidores de otros departamentos.

Ante este escenario, el dirigente advirtió que se verán obligados a revisar sus costos de operación y tarifas, asegurando que «el que va a pagar de este decreto va a ser el consumidor final y el consumidor final somos nosotros».

Por su parte, Edmundo Mallon Jacome, secretario general del sindicato de trabajadores del Servicio Departamental de Caminos (SEDCAM), informó que el incremento del 83% en el costo del diésel imposibilita continuar con las tareas de mantenimiento de carreteras.

Debido a la falta de combustible, la gobernación instruyó el repliegue de la maquinaria y del personal, compuesto por cerca de 300 trabajadores, quienes deberán tomar vacaciones acumuladas.

Mallon indicó que el próximo miércoles 2 de septiembre se realizará una asamblea extraordinaria para definir las acciones a seguir, sin descartar medidas de presión como bloqueos si el gobierno no abroga la normativa.

Esta situación fue confirmada por la asambleísta departamental Edith Rodríguez, quien indicó que el gobernador de Chuquisaca viajó a La Paz para representar la preocupación de la región, ya que la falta de combustible y la situación económica están afectando gravemente a los municipios y a instituciones como el servicio de caminos.

Rodríguez respaldó el voto resolutivo emitido por las instituciones locales para exigir una solución al gobierno nacional. Asimismo, el concejal Carlos Mora señaló que las empresas municipales como EMAS y EMAV también sufrirán perjuicios por el nuevo costo del diésel, lo que obligará a realizar modificaciones presupuestarias en los municipios para poder seguir operando, dado que el precio anterior de 3.74 bolivianos por litro ha quedado desfasado.

Finalmente, el experto en hidrocarburos Ponciano Solis explicó que el problema de fondo es de carácter económico, debido a que el gobierno no cuenta con los dólares suficientes para cumplir con los pagos al exterior.

Según Solis, las autoridades han admitido una deuda que supera los 1.042 millones de dólares por concepto de importación de gasolina y diésel, lo que dificulta el despacho normal del producto.

El analista sostuvo que la solución estructural pasa por nivelar los precios al mercado internacional para frenar el contrabando, aunque criticó la gestión de Yacimientos Petrolíferos Fiscales Bolivianos (YPFB) y cuestionó la utilidad de la Agencia Nacional de Hidrocarburos (ANH), afirmando que «si esto se torna nuevamente a depender directamente de YPFB, obviamente que vamos a manejarnos mejor».

Agencia de Noticias Violeta | Celular 72441200",https://noticiasvioleta.com/diselazo-paraliza-servicios-publicos-transportistas-revisaran-tarifas-y-chuquisaca-lleva-la-queja-a-la-paz/
Noticias Violeta,2026-08-26,Local,Minería Ilegal del oro está «billeteando» al Ministro de Minería denuncian mineros y piden su cabeza|| Existe preocupación por el incremento de la minería ilegal y la crisis de reservas internacionales en el país,"La Paz, 26 de agosto (ANV).- El ejecutivo de la Federación Sindical de Trabajadores Mineros de Bolivia (FSTMB), Andres Paye, solicitó públicamente la destitución del ministro de Minería y Metalurgia, Marco Antonio de la Barca, tras acusarlo de obstaculizar los contratos de las empresas estatales y privadas, favorecer al sector cooperativo aurífero y mantener un silencio cómplice ante el contrabando de oro y el incremento de la minería ilegal en el país.

De acuerdo con el pronunciamiento de la organización sindical, la jefatura de gabinete del ministerio ha instruido a las áreas técnica, jurídica y financiera no atender de manera directa los trámites de formalización y actualización de la minería legal, derivando las respuestas únicamente mediante notas escritas.

Ante esta situación, Paye señaló que con dicha actitud se demuestra que en el país «hacer minería ilegal es realmente fácil y hacer minería legal es totalmente complicado».

La FSTMB también cuestionó la falta de acciones y declaraciones del Ministerio de Minería respecto a la incautación de 189.42 kilogramos de oro (distribuidos en 77 lingotes) en el aeropuerto de Viru Viru, en Santa Cruz, cuyo destino final era Dubái y que pretendía ser exportado con documentación falsificada proveniente de la minería ilegal. «No tiene la capacidad porque hay algún otro sector que le está billeteando. Así de claro», dijo el dirigente.

Según estimaciones de organizaciones estadísticas citadas por el dirigente, la minería ilegal ya representa cerca del 80% de la actividad en el sector, lo cual afecta la economía nacional en un contexto marcado por la falta de dólares y la reducción de las reservas internacionales.

Finalmente, el representante de los trabajadores mineros asalariados enfatizó la necesidad de contar con autoridades capaces de gestionar políticas mineras en beneficio del desarrollo nacional y que no generen divisiones entre los distintos sectores productivos. «Exigimos contundentemente el cambio de este ministro (de minería) incapaz», concluyó el dirigente en representación de la federación.

Agencia de Noticias Violeta | Celular 72441200",https://noticiasvioleta.com/mineria-ilegal-del-oro-esta-billeteando-al-ministro-de-mineria-denuncian-mineros-y-piden-su-cabeza/
Noticias Violeta,2026-08-26,Local,Sucre: Reportan brote de chikungunya en el Valle de Río Chico y exigen fumigación inmediata|| El representante vecinal manifestó su preocupación por la falta de medidas de prevención efectivas en la zona,"Sucre, 26 de agosto (ANV).- El exdirigente del Distrito 7, Juan Manuel Paco, alertó sobre la propagación de la chikungunya en aproximadamente ocho comunidades del Valle del Río Chico, pertenecientes al municipio de Sucre, y demandó a la Alcaldía y al Servicio Departamental de Salud (Sedes) Chuquisaca una intervención de emergencia para frenar el avance del mosquito transmisor.

Paco informó que se han identificado al menos 12 personas afectadas en sectores como las subcentralías de Surima y Motulo, y criticó que las autoridades de salud y municipales no actúen con la debida prontitud ante esta emergencia sanitaria.

El representante vecinal manifestó su preocupación por la falta de medidas de prevención efectivas en la zona, argumentando que la respuesta médica actual es insuficiente para contener el brote. Según Paco, a los pacientes únicamente «les dan paracetamol y con eso», sin que se ejecuten tareas de fumigación u otras actividades necesarias para evitar que el insecto se propague por el territorio.

En ese sentido, instó a las secretarías, direcciones y jefaturas del gobierno municipal a asumir sus funciones operativas en lugar de delegar la responsabilidad exclusivamente al subalcalde del distrito.

Finalmente, el exdirigente enfatizó la necesidad de que el gobierno municipal, Dimusa y Sedes Chuquisaca realicen un estudio conjunto en el área afectada. Paco recordó que la administración municipal y la gobernación comparten la misma línea política, señalando que bajo este escenario espera «ver frutos a proyectos y cosas nuevas para esta zona», la cual requiere atención inmediata para resguardar la salud de sus habitantes.

Agencia de Noticias Violeta | Celular 72441200",https://noticiasvioleta.com/sucre-reportan-brote-de-chikungunya-en-el-valle-de-rio-chico-y-exige-fumigacion-inmediata/
Radio Panamericana,2026-08-26,nacional,"Transparencia destapa red operativa de corrupción entre funcionarios de YPFB, ANH y ""cisterneros""","La Paz (Panamericana).– Las investigaciones sobre el millonario daño económico en el sector de hidrocarburos continúan desvelando la complejidad de las redes de corrupción. Luego de que el Ministerio de Hidrocarburos denunciara públicamente la existencia de ""mafias"" enquistadas en las instituciones estatales, el Viceministerio de Transparencia Institucional y Lucha Contra la Corrupción brindó detalles sobre cómo operan estas estructuras en el trabajo de campo diario.

Durante una conferencia de prensa, la autoridad aclaró que, en términos legales, estas agrupaciones son tipificadas como ""asociaciones delictuosas"", cuyo propósito central es defraudar al Estado de manera coordinada.

Si bien el caso de la Planta de Biodiésel N° 1 evidenció la participación de altos directivos para modificar reglamentos y entregar 871 millones de bolivianos en anticipos sin garantías, el Viceministerio enfatizó que la estructura delictiva permea todos los niveles institucionales.

""Este tipo de asociaciones han existido tanto a nivel corporativo como a nivel operativo"", explicó la autoridad de Transparencia. En ese sentido, reveló que las investigaciones apuntan a los eslabones logísticos de la cadena de suministro de combustibles.

Se han identificado y denunciado a funcionarios públicos que mantienen o han mantenido ""contactos directos con proveedores, con cisterneros, con operadores"" .

Estas conexiones irregulares facilitarían los delitos de contrabando, desvío de combustibles y favorecimiento a empresas privadas en los procesos de contratación e importación.

La ofensiva gubernamental para desbaratar estas asociaciones delictuosas operativas se sustenta en el abrumador volumen de quejas ciudadanas e institucionales. En tan solo 20 días, el Gobierno acumuló 60 denuncias formales (a un ritmo de una cada ocho horas).

La autoridad confirmó que estas acusaciones, que cuentan con ""nombres y apellidos"", van dirigidas específicamente contra funcionarios y exfuncionarios de Yacimientos Petrolíferos Fiscales Bolivianos (YPFB) y de la Agencia Nacional de Hidrocarburos (ANH) . Actualmente, las indagaciones sobre estas redes operativas y logísticas se concentran en dependencias de los departamentos de Santa Cruz, La Paz, Chuquisaca y Beni.",https://www.panamericana.bo/articulo/nacional/investigaciones-corrupcion-hidrocarburos-apuntan-nexos-ilicitos-operativos-cisterneros-proveedores/20260826150824016744.html
Radio Panamericana,2026-08-26,nacional,"Denuncian a 14 ejecutivos y particulares por ""asociación delictuosa"" en YPFB y destapan irregularidades en Botrading","La Paz, 26 de agosto de 2026 (Panamericana).– Las investigaciones sobre el daño económico de 871 millones de bolivianos al interior de YPFB Refinación han revelado la existencia de una estructura criminal organizada. En conferencia de prensa, el Viceministerio de Transparencia Institucional y Lucha Contra la Corrupción confirmó que la ""mafia"" denunciada recientemente por el Ministerio de Hidrocarburos ha sido tipificada jurídicamente como una ""asociación delictuosa"".

La autoridad explicó que esta red tenía como único propósito cometer delitos y defraudar al Estado, operando de manera coordinada tanto a nivel corporativo como operativo, involucrando a funcionarios con contactos directos con proveedores y operadores de cisternas.

Por el fraude en la adjudicación de contratos sin garantías para la Planta de Biodiésel N° 1, el Gobierno ha oficializado denuncias penales ante el Ministerio Público contra 14 personas. Entre los principales sindicados se encuentran:

Henry Nelson Baños Parrilla , representante legal de la empresa contratista Indueste SRL, junto a sus socios comerciales.

Altos exejecutivos de YPFB Refinación, incluyendo al gerente general, el gerente comercial y el gerente jurídico .

El personal de la unidad solicitante que viabilizó el proceso.

El Viceministerio advirtió que la lista de investigados podría ampliarse próximamente. ""Quienes recomendaron que se efectúen contrataciones sin garantías también tienen que comparecer; quienes hicieron los informes legales, los informes técnicos, y quienes les ordenaron a los técnicos que efectúen esos informes"", sentenció la autoridad.

La conferencia también arrojó luz sobre un segundo gran esquema de corrupción investigado por la Procuraduría General del Estado (PGE), el cual involucra a la firma Botrading .

Según el reporte oficial, esta compañía fue concebida como una ""empresa pantalla"" destinada exclusivamente a generar intermediación en la importación de combustibles. Las acciones jurídicas en curso apuntan a dos hechos concretos:

Favorecimiento ilícito: Irregularidades en los procesos de contratación para otorgarle a Botrading el control de las importaciones.

Desvío de capitales: La asignación directa de recursos económicos de YPFB para comprar acciones dentro de la misma empresa Botrading.

La situación se agrava al revelarse que el modus operandi corporativo se extendió a otras compañías. El Viceministerio detectó operaciones en las que YPFB Refinación destinaba recursos públicos para comprar acciones de empresas privadas que ""ni siquiera habían sido endosadas, ni siquiera habían sido transferidas a YPFB"". La cartera de Estado anunció que los detalles de estas nuevas transferencias irregulares se harán públicos en los próximos días, conforme avance la investigación financiera y patrimonial de los involucrados.",https://www.panamericana.bo/articulo/nacional/viceministerio-transparencia-recibe-denuncia-corrupcion-cada-ocho-horas-sector-hidrocarburos/20260826145902016742.html
Radio Panamericana,2026-08-26,economia,Transparencia revela daño económico de Bs 870 millones en YPFB Refinación por contratos sin garantías con la empresa Indueste,"La Paz, 26 de agosto de 2026 (Panamericana).– El Viceministerio de Transparencia Institucional y Lucha Contra la Corrupción informó en conferencia de prensa sobre un daño económico al Estado cuantificado en más de 870 millones de bolivianos al interior de YPFB Refinación.

El caso gira en torno a la provisión de insumos para la Planta de Biodiésel N° 1. De acuerdo con la autoridad, se adjudicaron dos contratos por un valor total de 1.057 millones de bolivianos a un solo proveedor: la empresa Indueste SRL. El objetivo de las contrataciones era la compra de aceite crudo de soya, pero el contratista incumplió sus obligaciones, dejando a la estatal sin el producto y sin el dinero.

Según la exposición del Viceministerio, la pérdida millonaria no fue accidental, sino el resultado de hechos ""sistemáticamente realizados para beneficiar a una empresa"".

El esquema de defraudación se ejecutó alterando los procedimientos de contratación para no exigir a la empresa la ""Garantía de cumplimiento de contrato"" (penalización del 7%) ni la ""Garantía de correcta inversión de anticipo"". La línea de tiempo oficial revela un accionar inusualmente veloz:

2 de abril de 2024: El directorio de YPFB Refinación se reúne y resuelve modificar el reglamento de garantías, añadiendo una excepción expresa para los proveedores de aceite crudo, de modo que ya no presenten pólizas, sino que se les aplique una simple ""retención"". En esa misma sesión, se aprueba mayor presupuesto y se autoriza iniciar la contratación.

5 de abril de 2024: Solo tres días después de la modificación, se comunica la adjudicación oficial a la empresa Indueste SRL.

8 de abril de 2024: Se suscribe formalmente el contrato.

9 de abril de 2024: Comienzan los desembolsos de los anticipos. En los formularios de pago se justifica la falta de pólizas con un ""informe de excepción de garantías"".

""En menos de una semana, YPFB configura este esquema de tal manera que pueda entregar estos más de 870 millones de bolivianos sin tener una sola garantía de que se pueda recuperar un centavo"", aseveró la autoridad.

Una vez que la empresa Indueste SRL incumplió con el suministro y la estatal petrolera constató que no tenía cómo cobrarse el anticipo, ambas partes acordaron una terminación de contrato.

En este proceso, la empresa reconoció la deuda y YPFB aceptó como garantía de devolución dos propiedades rurales. Sin embargo, cuando la estatal intentó ejecutar el embargo, descubrió que, bajo la normativa agraria y por mandato constitucional, se trataban de ""pequeñas propiedades"", las cuales son jurídicamente inembargables e inejecutables.

Ante la consumación de este daño de 871 millones de bolivianos que nunca retornaron al patrimonio público, el Gobierno presentó dos denuncias penales ante el Ministerio Público (en La Paz y Santa Cruz). El proceso involucra inicialmente a 14 personas por delitos de corrupción y asociación delictuosa, entre los que figuran el representante legal de Indueste, Henry Nelson Baños Parrilla, los socios de la empresa, y los exgerentes general, comercial y jurídico de YPFB Refinación. El Viceministerio no descarta ampliar la denuncia a los técnicos y asesores legales que elaboraron los informes de excepción.",https://www.panamericana.bo/articulo/economia/transparencia-revela-dano-economico-bs-870-millones-ypfb-refinacion-contratos-garantias-empresa-indueste/20260826144835016741.html
Radio Panamericana,2026-08-26,nacional,Ministro de la Presidencia posesiona y ratifica a cinco viceministros bajo el Decreto Supremo 5675,"La Paz, 26 de agosto de 2026 (Panamericana).– En el marco de la reestructuración del Órgano Ejecutivo, el ministro de la Presidencia, Fernando Aramayo Carrasco, posesionó y ratificó este miércoles a cinco viceministros que asumirán carteras estratégicas de la gestión gubernamental.

De acuerdo con los comunicados oficiales, el objetivo de esta reorganización institucional —establecida mediante el Decreto Supremo 5675— es dinamizar la planificación, mejorar la atención de las demandas sociales y consolidar la modernización del aparato estatal.

El equipo del Ministerio de la Presidencia queda conformado por perfiles con amplia experiencia en la gestión pública, la abogacía y la defensa de los derechos humanos:

Wilson Santamaría Choque (Viceministro de Gestión Legislativa y Coordinación con Organizaciones Sociales): Abogado con estudios en Harvard y España. Fue diputado uninominal y anteriormente se desempeñó como Viceministro de Seguridad Ciudadana.

Jessica Echeverría (Viceministra de Igualdad de Oportunidades - Ratificada): Fundadora de la Red Ciudadana contra el Infanticidio y el Abuso Sexual Infantil. Ejerció como jefa de Género en la Alcaldía de Santa Cruz y como Fiscal de Delitos en Razón de Género en 2025.

Adrián Oliva Alcázar (Viceministro de Autonomías y Tierras): Abogado especialista en Derecho Constitucional. Destaca su trayectoria como gobernador de Tarija (2015-2021), diputado plurinominal y exviceministro de Régimen Interior.

René Rivera Méndez (Viceministro de Coordinación, Planificación Estratégica y Modernización del Estado): Administrador de empresas y magíster en Políticas Públicas. Cuenta con experiencia en organismos internacionales (como GIZ, PNUD, UNICEF y OIT) y trayectoria como docente universitario de posgrado.

Yamil García Delfín (Viceministro de Transparencia, Seguridad Jurídica e Integridad Pública - Ratificado): Abogado con 19 años de experiencia en las áreas administrativa y penal. Ocupó altos cargos jurídicos en la Gobernación de Tarija y en el Órgano Judicial.

El Decreto Supremo 5675 también detalla la nueva conformación interna de esta cartera de Estado, la cual operará a través de cinco viceministerios y sus respectivas direcciones generales:

Viceministerio de Gestión Legislativa y Coordinación con Organizaciones Sociales: Supervisará las direcciones de Gestión y Seguimiento Legislativo; Coordinación con Organizaciones Sociales; Justicia Indígena Originario Campesina; y Protección a Naciones y Pueblos Indígenas.

Viceministerio de Igualdad de Oportunidades: Tendrá a su cargo las direcciones de Igualdad de Oportunidades; Lucha contra el Racismo; y la Dirección Plurinacional de la Juventud.

Viceministerio de Autonomías y Tierras: Administrará las direcciones de Autonomías; Organización Territorial; y Tierras y Proceso Agrario.

Viceministerio de Coordinación, Planificación Estratégica y Modernización del Estado: Gestionará las direcciones de Desarrollo de Políticas Públicas; Seguimiento de la Gestión Pública; Modernización del Estado; y Planificación Estratégica.

Viceministerio de Transparencia, Seguridad Jurídica e Integridad Pública: Conducirá las direcciones de Transparencia Institucional y Lucha contra la Corrupción; Prevención y Seguridad Jurídica; y Derechos Humanos.",https://www.panamericana.bo/articulo/nacional/ministro-presidencia-posesiona-ratifica-cinco-viceministros-decreto-supremo-5675/20260826141923016738.html
Radio Panamericana,2026-08-26,nacional,Advierten que la pasividad del Ejecutivo y la brecha social pueden detonar una crisis en octubre,"En entrevista con Radio Panamericana, sostuvo que el estilo pasivo del presidente Rodrigo Paz frente a los conflictos y casos de coyuntura, sumado al resentimiento por promesas incumplidas y la falta de representación indígena en el gabinete, tensiona la gobernabilidad del país.

Portugal señaló que la historia política boliviana muestra la tendencia de las bases populares a movilizarse en las calles cuando perciben que el rumbo del país no atiende sus expectativas. Explicó que esta dinámica responde a que los partidos instrumentalizan a las organizaciones sociales en lugar de representarlas, generando una brecha entre las demandas de la mayoría y las decisiones de los grupos de poder.

El analista afirmó que ""parece ser que el estilo del presidente es de esperar"". Manifestó que esa actitud respondió a ""simplemente un rasgo de la personalidad del presidente"", advirtiendo que ""si evidentemente es una muestra de un estilo de conducta y de un carácter en realidad puede ser totalmente desastroso porque no va de acuerdo a lo que es realmente las responsabilidades de gobierno"".

Además, afirmó que esta inmovilidad se repite ante casos como el de Fernando Cerimedo, donde la falta de postura clara o denuncias por parte de la Presidencia puede actuar como un elemento detonador de mayor inestabilidad.

Asimismo, refirió que el distanciamiento entre el presidente y el vicepresidente afectó las expectativas de los sectores populares. Recordó que el segundo mandatario actuó como garante ante las bases prometiendo beneficios sociales que no fueron desmentidos en su momento por la fórmula ejecutiva, lo que generó un profundo malestar en la población al sentirse utilizada electoralmente.

Por otro lado, el historiador cuestionó la falta de inclusión de representantes indígenas y populares en el Órgano Ejecutivo, remarcando que la destitución del exministro de Trabajo tras los conflictos sociales fue interpretada por las bases como un castigo hacia su sector.

Portugal aseveró que el Gobierno todavía dispone de margen para revertir la conflictividad proyectada para octubre. ""El gobierno está arrogándose un atributo de ser demasiado pasivo, contemplativo (...). Las cosas, los fuegos no se apagan de por sí. Cuando los fuegos se apagan de por sí es porque realmente han consumido todo y es lo que tenemos que evitar"", concluyó.",https://www.panamericana.bo/articulo/nacional/opinan-que-pasividad-ejecutivo-brecha-social-pueden-detonar-crisis-octubre/20260826140437016736.html
Radio Panamericana,2026-08-26,nacional,El viceministro Hernán Paredes enviará un informe al gabinete para evaluar la modificación o abrogación del decreto del diésel,"La medida es resultado de los compromisos alcanzados en Yapacaní tras siete horas de diálogo con productores y sectores sociales movilizados contra la regulación del precio y el desabastecimiento de diésel.

Paredes explicó que la normativa buscaba garantizar carburante subvencionado para pequeños productores y transporte público, obligando a las grandes empresas agroindustriales y mineras a comprar o importar su propio suministro. Sin embargo, la autoridad reconoció fallas operativas en su aplicación, como la restricción de venta en turriles, una disposición que perjudicó de manera directa a los agricultores que operan a decenas de kilómetros de las estaciones de servicio.

Durante las mesas de negociación, el viceministro indicó que se identificaron cuatro vías principales de fuga del combustible estatal: el narcotráfico, la minería ilegal, el contrabando y la especulación minorista.

Ante este diagnóstico, el Gobierno y los sectores sociales acordaron coordinar mecanismos de fiscalización con la participación de la Policía Boliviana, las Fuerzas Armadas y el control social para frenar los desvíos ilícitos que agravan la escasez.

Asimismo, Paredes destacó como un punto central del acuerdo el proyecto presentado por la Alcaldía de Yapacaní e inversionistas locales para construir una refinería con capacidad de procesamiento de 10.000 barriles diarios, equivalente al 30% del consumo nacional. A ello se suma el compromiso de destrabar trámites pendientes ante la Agencia Nacional de Hidrocarburos (ANH) para la puesta en marcha de dos estaciones de servicio en zonas de alta producción agrícola.

Asimismo, la autoridad señaló que la solución estructural a la escasez requiere una reforma profunda en YPFB y la priorización en la importación de petróleo liviano para optimizar la capacidad instalada de las refinerías nacionales. Paredes enfatizó que el informe a presentarse servirá para que el gabinete ejecutivo adopte una decisión definitiva sobre la norma en los próximos días.",https://www.panamericana.bo/articulo/nacional/viceministro-hernan-paredes-enviara-informe-gabinete-evaluar-modificacion-abrogacion-decreto-diesel/20260826140157016735.html
Radio Panamericana,2026-08-26,nacional,Productores de la provincia Marbán bloquean la vía Trinidad-Santa Cruz en el puente San Pablo y exigen diálogo con el Gobierno,"La medida busca la abrogación del Decreto Supremo 5676, que regula el precio del diésel, y exige una solución al desabastecimiento de carburantes que afecta el inicio del calendario agrícola en el departamento del Beni.

El presidente de la federación productiva, Jonathan Zárate Ortiz, en comunicación con Radio Panamericana, informó que el sector enfrenta restricciones severas en el suministro, señalando que los volúmenes asignados de 119 litros mensuales por productor resultan insuficientes para las labores de siembra y cosecha.

""Nosotros trabajamos con la tierra, preparamos, sembramos, fumigamos, cosechamos, transportamos (...), con 119 no podemos hacer nada"", afirmó el dirigente, advirtiendo que la falta de carburante pone en riesgo la cosecha de soya e interrumpe la preparación de suelos para la siembra de arroz y maíz.

Durante la jornada de protesta, contingentes de la Policía Boliviana se personaron en el punto de bloqueo. Tras un diálogo entre los manifestantes y los efectivos policiales, se acordó dar un paso humanitario temporal para el tránsito de vehículos varados antes de restablecer la interrupción de la vía.

“Sobre el estado de sitio, el hambre y el pueblo ya no pueden esperar más, ya no da (...), no nos queda otra que asumir esta medida de presión"", manifestó el representante. Asimismo, ratificó que las bases mantendrán la protesta hasta la llegada de autoridades nacionales: ""Exigimos que la comisión que venga con poder de decisión. No queremos que vengan a charlar con nosotros, queremos que vengan con poder de decisión"".

Respecto a la demanda regional de carburantes, la dirigencia solicitó la asignación de 105.000 litros semanales de diésel para la estación de servicio local, asegurando que el insumo está destinado de manera íntegra a la actividad agraria de la provincia.",https://www.panamericana.bo/articulo/nacional/productores-provincia-marban-bloquean-via-trinidad-santa-cruz-puente-san-pablo-exigen-dialogo-gobierno/20260826135945016734.html
Radio Panamericana,2026-08-26,nacional,La Iglesia media en la solución del conflicto de la basura en La Paz y plantea un plan para el relleno sanitario,"Galván informó que la intervención de la Iglesia católica tuvo como objetivo acercar a las partes en conflicto desde una postura objetiva, con el fin de resguardar la salud de la población paceña frente a la contaminación acumulada por más de 14 días.

""Nuestra presencia ha sido para facilitar el diálogo y el encuentro (...) objetivamente viendo el bien común de los hermanos paceños"", declaró y, además, remarcó el impacto directo del paro en niños y jóvenes durante la época de lluvias.

Asimismo, la autoridad eclesiástica advirtió que el municipio dispone de un plazo aproximado de dos meses para resolver la situación operacional del relleno sanitario. En ese sentido, planteó coordinar políticas de educación ambiental entre la Alcaldía, la Gobernación y la sociedad civil para reducir los niveles de generación de desechos.",https://www.panamericana.bo/articulo/nacional/iglesia-media-solucion-conflicto-basura-paz-plantea-plan-relleno-sanitario/20260826135557016733.html
Radio Panamericana,2026-08-26,nacional,El Asilo San Ramón reduce su atención por crisis económica y la Iglesia inicia colecta para recaudar fondos,"Ante esta situación, en una entrevista con Radio Panamericana, el arzobispado paceño, Percy Galván, inició una campaña de solidaridad nacional que se extenderá del 26 de agosto al 13 de septiembre para financiar alimentación, salud y servicios básicos del geriátrico.

El monseñor explicó que el centro opera actualmente con un aporte estatal asignado por la Gobernación equivalente a seis bolivianos diarios por anciano, monto destinado a cubrir las cuatro comidas diarias y la atención médica. La insuficiencia de estos fondos derivó en la reducción de trabajadores y en la clausura provisional de espacios de albergue.

""Se ha tenido que reducir el personal considerablemente y esto ha tenido que llevar a la decisión triste de parte de las hermanas de cerrar dos pabellones, haciendo una atención no solo que ha disminuido en la calidad, sino también en la cantidad"", afirmó Galván.

La campaña de recaudación se desarrollará en las parroquias y mediante aportes económicos en cuentas bancarias para la compra de alimentos de alto valor nutricional, medicamentos, insumos de aseo y la contratación de personal especializado. El arzobispo instó a la población y a benefactores a colaborar en la sostenibilidad del geriátrico paceño.",https://www.panamericana.bo/articulo/nacional/asilo-san-ramon-reduce-atencion-crisis-economica-iglesia-inicia-colecta-recaudar-fondos/20260826135413016732.html
Radio Panamericana,2026-08-26,nacional,"La Paz Limpia reanuda operaciones, proyecta limpiar la ciudad hasta el sábado y su equipo legal evalúa las multas de la Alcaldía","La Paz (Panamericana).– Tras 15 días de crisis sanitaria y ambiental por la suspensión del recojo de basura, la empresa concesionaria La Paz Limpia (junto a Trébol) reanudó sus operaciones desde las cero horas de este miércoles.

En entrevista con Panamericana, la representante de la empresa, Romery Gardea Sabal, informó que el servicio se restableció tras el acuerdo firmado con el Gobierno Municipal de La Paz y otros actores institucionales. La vocera reportó que, en las primeras siete horas de trabajo continuo, se logró recoger más de 400 toneladas de residuos sólidos acumulados en las calles.

""Vamos a trabajar 24/7 para dejar la ciudad limpia. [...] Pedimos a la población y también al Gobierno Municipal que nos tenga paciencia; la gente nos va a ver trabajando en toda el área concesionada para dejar la ciudad limpia máximo hasta el día sábado"", proyectó Gardea, destacando el despliegue de toda su capacidad instalada, que incluye 101 vehículos y 800 trabajadores capacitados. Además, habilitaron la línea gratuita 810 20 44 para que los ciudadanos reporten puntos de acopio.

Consultada sobre el anuncio del alcalde César Dockweiler de aplicar penalidades y multas por los días no trabajados, Gardea indicó que esta situación ya está siendo analizada por el equipo jurídico de la empresa.

La representante argumentó que la paralización no fue una decisión arbitraria, sino la consecuencia de la inestabilidad laboral generada por ocho meses de trámites recurrentes sin respuesta por parte de la municipalidad.

Explicó que la empresa absorbió durante meses el incremento salarial dictado por decreto y, fundamentalmente, la elevación del costo del diésel, que subió de 3,72 a 9,80 bolivianos.

Detalló que La Paz Limpia requiere 4.000 litros diarios de diésel para operar, por lo que la suma de estos incrementos operativos generó una afectación financiera aproximada de 20 millones de bolivianos anuales.

Sobre las multas, Gardea advirtió que el contrato contempla procedimientos técnico-administrativos para recurrir y objetar estas sanciones, recordando que en el pasado el Sistema de Regulación Municipal (SIREMU) ya les rechazó justificativos de ""caso fortuito"" durante 53 días de bloqueos.

Uno de los puntos clave del acuerdo para reducir costos fue la implementación de un plan de optimización del servicio. Gardea explicó que la empresa ha recopilado datos de desempeño durante 10 años, lo que les permite identificar áreas donde se gastan recursos innecesariamente.

El Documento Base de Contratación (DBC) exige actualmente una frecuencia de recolección diaria (365 días al año) en todas las rutas.

Sin embargo, detectaron que existen zonas de baja generación de residuos donde los camiones de carga lateral levantan contenedores (de 3,2 metros cúbicos) que apenas están a un tercio de su capacidad.

El plan piloto modificará y reducirá las frecuencias de recojo y barrido exclusivamente en estas zonas residenciales para ahorrar combustible, disminuir el desgaste de la maquinaria y reducir las emisiones de gases tóxicos al medio ambiente.

Se garantizó que en áreas altamente comerciales y de mercados, como El Tejar o Tumusla, las frecuencias no sufrirán alteraciones debido a la alta generación diaria de basura.

""Es un plan bien versátil y dinámico. Si hay algo que no está funcionando de forma inmediata, se cambia, para que no se vea una ciudad deteriorada ni se afecte la imagen y limpieza"", concluyó la representante.",https://www.panamericana.bo/articulo/nacional/paz-limpia-reanuda-operaciones-proyecta-limpiar-ciudad-sabado-equipo-legal-evalua-multas-alcaldia/20260826134753016730.html
Radio Panamericana,2026-08-26,nacional,Alcaldía y La Paz Limpia firman acuerdo que pone fin a 15 días de crisis por la basura,"La Paz (Panamericana) .– La noche de este martes, autoridades del Gobierno Municipal y representantes de la empresa concesionaria de aseo urbano (La Paz Limpia), junto a los trabajadores, suscribieron un acuerdo que garantiza el restablecimiento del servicio desde las primeras horas del miércoles.

El consenso se alcanzó tras una extensa reunión de aproximadamente cinco horas (instalada a las 18:00) en los ambientes del Seminario San Jerónimo, ubicado en la avenida Armentia. El encuentro contó con la facilitación de la Iglesia Católica, representada por monseñor Percy Galván, y la presencia de actores clave como el gobernador del departamento, la Defensoría del Pueblo, asambleístas, concejales y la representante de la Asamblea Permanente de Derechos Humanos, Amparo Carvajal.

Los pilares del acuerdo

Durante la firma del documento, el alcalde César Dockweiler detalló que, de las demandas planteadas por los trabajadores y la empresa, dos fueron descartadas por impedimentos normativos, mientras que se logró avanzar en dos puntos fundamentales para destrabar el conflicto:

Ajuste tarifario por el diésel: En el marco del Decreto Supremo 5660, que permite el reajuste de tarifas exclusivamente por el incremento en el costo del diésel, las partes acordaron afinar los detalles para firmar un documento definitivo el próximo 28 del mes en curso.

Proyecto de optimización: Se aceptó la propuesta de los trabajadores para reducir sus costos operativos mediante la optimización del servicio. Este plan se implementará inicialmente como un proyecto piloto, bajo la condición estricta de no castigar ni reducir la calidad del servicio brindado a la ciudadanía.

El burgomaestre garantizó que, con los operativos de limpieza ya desplegados a las calles de manera inmediata, se cumplirá el compromiso con la ciudadanía: ""La Paz va a estar limpia el jueves"".

Sanciones y medidas legales en curso

Pese a la resolución del conflicto, Dockweiler fue enfático al señalar que el cese de actividades constituye un daño a la salud pública y al medio ambiente, por lo que la municipalidad no pasará por alto las penalidades establecidas contractualmente. ""Nosotros no podemos ir para atrás mirando sobre una situación que ya se ha dado; vamos notificando punto por punto los días en los que no se ha recogido (la basura) y eso es lo que tenemos que dar de continuidad"", advirtió.

En el ámbito judicial, la autoridad confirmó su asistencia a una audiencia programada para este miércoles ante el Tribunal Constitucional, derivada de una Acción Popular interpuesta por la Defensoría del Pueblo.

En dicha instancia, el alcalde adelantó que solicitará un fallo que siente un precedente legal a nivel nacional. ""Voy a solicitar al Tribunal Constitucional que en su sentencia quede bien claro que no se puede asumir acciones a título de una protesta que estén afectando otros derechos; jamás se debe utilizar el no recojo de la basura como medida de presión"", concluyó la autoridad.",https://www.panamericana.bo/articulo/nacional/alcaldia-paz-limpia-firman-acuerdo-que-pone-fin-15-dias-crisis-basura/20260826093518016728.html
Visión 360,2026-08-26,•La Paz,Revilla posesiona a subgobernadores provinciales en la sede y con presencia de ejecutivos de la Federación Túpac Katari,"El gobernador de La Paz, Luis Revilla, posesionó este miércoles a los subgobernadores provinciales, en un acto realizado en la sede de la Federación Túpac Katari, con la presencia de los ejecutivos de esa organización campesina.

La designación de las nuevas autoridades se realizó en consenso con los ejecutivos provinciales y el Comité Ejecutivo de la Federación de Campesinos Túpac Katari. La primera autoridad del departamento exigió a los subgobernadores un trabajo transparente, coordinado y de permanente cercanía con las comunidades rurales de la región.

El ejecutivo de la Túpac Katari, Rolando Choque, aseguró que los subgobernadores fueron elegidos de manera orgánica, de acuerdo con los procedimientos establecidos en cada provincia y bajo los principios de muyu (rotación) y democracia comunitaria.

“Gracias por respetar las costumbres de cada provincia, hermano gobernador”, manifestó Choque.

El dirigente calificó de histórico que la posesión se realizara en la sede de la federación y expresó su orgullo por el acto, según Erbol.

Esta designación conjunta responde a un acuerdo estratégico para impulsar el desarrollo económico regional y acabar con el abandono de funciones de gestiones pasadas. En ese marco, las organizaciones sociales asumirán un rol activo en la fiscalización de las nuevas autoridades.

Lee también: Revilla eleva su perfil: realizó viajes a provincias, sostuvo reuniones con representantes de organismos y presidió reunión con gobernadores

La Federación Túpac Katari fue una de las protagonistas de los bloqueos registrados en mayo y junio, por lo cual su ejecutivo titular, Vicente Salazar, fue enviado a la cárcel. Luego de este episodio, Choque asumió el mando de la organización y mantuvo acercamientos con la Gobernación en diferentes actos.

A su turno, el gobernador Revilla ponderó como “gloriosa” a la federación de campesinos y manifestó que es un honor estar en su sede.

“Tres cosas no pueden hacer nuestros subgobernadores: no pueden mentir, no pueden ser flojos en el trabajo y no pueden robar a nuestros hermanos”, manifestó el gobernador de La Paz durante su discurso oficial.

La máxima autoridad departamental recordó que el desempeño de los nuevos funcionarios públicos debe regirse bajo los principios éticos y ancestrales heredados de las culturas originarias. En ese sentido, encargó a los nuevos subgobernadores trabajar bajo los principios del ama sua, ama llulla y ama quella, es decir, que no sean flojos, que no roben ni mientan.

Asimismo, exhortó a los ejecutivos provinciales y a la población civil a convertirse en celosos vigilantes para fiscalizar el cumplimiento de sus labores.

“Van a iniciar sus funciones en un par de días, cuando se cumplan algunos pequeños trámites administrativos que se tienen que realizar, que trabajen con convicción, con amor por nuestras provincias”, afirmó la primera autoridad del departamento al cierre del acto de juramentación.

El mandatario regional convocó a un próximo encuentro multisectorial con universidades, empresarios, mineros y gremios en la sede de la Federación Túpac Katari. El objetivo de esta reunión será consolidar y detallar la estrategia conjunta que reactive la economía del departamento de La Paz.",https://www.vision360.bo/noticias/2026/08/26/64634-revilla-posesiona-a-subgobernadores-provinciales-en-la-sede-y-con-presencia-de-ejecutivos-de-la-federacion-tupac-katari
Visión 360,2026-08-26,•La Paz,La Paz Limpia: se ejecuta un plan de contingencia de cuatro días para normalizar la recolección de basura,"La empresa La Paz Limpia informó que el servicio de recolección de residuos en la ciudad de La Paz entra en una fase de normalización, tras la firma de un acuerdo con el Gobierno Autónomo Municipal de La Paz (GAMLP). La institución señaló que las tareas priorizarán las zonas más críticas y que el plan de contingencia se aplicará durante los próximos cuatro días.

De acuerdo con el comunicado difundido por la empresa, durante este periodo se trabajará de manera intensiva para atender la acumulación de residuos generada en los últimos 15 días.

La Paz Limpia señaló que las tareas priorizarán las zonas más críticas, con el objetivo de avanzar progresivamente hasta restablecer la cobertura total del servicio de recolección.

A través de un comunicado de prensa, la empresa agradeció la paciencia de la ciudadanía mientras se desarrollan estas labores y aseguró que se redoblarán los esfuerzos para contribuir a mantener limpia la ciudad.

El martes, después de 15 días de interrupciones y dificultades en el servicio de recojo de residuos sólidos, la Alcaldía de La Paz, las empresas La Paz Limpia y Trébol y los trabajadores del sector alcanzaron un acuerdo que permitirá restablecer el servicio desde las cero horas de este miércoles.

Lee también: Tras 15 días de crisis, acuerdo con empresas de aseo permite reanudar desde este miércoles el recojo de basura en La Paz

El entendimiento fue alcanzado después de aproximadamente cuatro horas de diálogo, con la mediación del arzobispo de La Paz, monseñor Percy Galván. En la reunión también participaron autoridades departamentales y nacionales, representantes de Derechos Humanos, concejales, dirigentes y vecinos, quienes intervinieron en la búsqueda de una salida al conflicto.

El alcalde César Dockweiler destacó la participación de la Iglesia Católica y afirmó que el acuerdo permitirá superar una crisis que afectó durante más de dos semanas la limpieza urbana, además de generar preocupación por sus efectos en la salud pública y el medioambiente.

“Este acuerdo demuestra que el diálogo es la mejor vía para superar las controversias y encontrar soluciones que beneficien a toda la población”, sostuvo la autoridad edil.

Pese a la firma del acuerdo, hasta después del mediodía, en zonas como Miraflores y Sopocachi se observaron puntos de acumulación de basura que aún no fueron recogidos por el personal de La Paz Limpia.",https://www.vision360.bo/noticias/2026/08/26/64595-la-paz-limpia-se-ejecuta-un-plan-de-contingencia-de-cuatro-dias-para-normalizar-la-recoleccion-de-basura
Visión 360,2026-08-26,•La Paz,Dockweiler anuncia que presentará ante la ALP un proyecto de ley para estipular que “nadie puede impedir el recojo de la basura”,"Tras la crisis en el recojo de la basura, el alcalde César Dockweiler anunció que presentará ante la Asamblea Legislativa Plurinacional (ALP) un proyecto de ley para estipular que nadie puede impedir el recojo de los residuos. La autoridad pidió a la ciudadanía que lo respalde en la iniciativa que emprenderá.

El burgomaestre realizó este miércoles un balance del recojo de los residuos, tras el acuerdo que se suscribió la noche del martes con la empresa encargada de esa labor. Lamentó que no se haya cumplido lo acordado, de que se limpien las calles en su plenitud desde las 00:00 de esta jornada. Comentó que el conflicto deja lecciones y anunció la iniciativa legislativa para que no vuelva a ocurrir.

Lee también: Tras 15 días de crisis, acuerdo con empresas de aseo permite reanudar desde este miércoles el recojo de basura en La Paz

“El no recoger la basura no es medida de presión, es daño a la salud pública, eso lo tenemos que entender todos los paceños y ayúdenme en este anteproyecto de ley que voy a presentar ante la Asamblea Legislativa, donde señala con claridad que nadie puede impedir el recojo de la basura, nadie”, aseguró Dockweiler, en entrevista con Visión 360 .

Durante 15 días se suspendió el servicio de recojo de la basura en La Paz, lo que provocó que los desechos se acumulen en los contenedores. Los expertos advirtieron de riesgos para la salud derivados de esa situación. Anoche, tras una mesa de diálogo facilitada por la Iglesia y otros sectores, la Alcaldía arribó a un acuerdo con la firma que realiza esa labor.

Dockweiler, este miércoles, aseguró que su administración siempre estuvo abierta al diálogo y sostuvo que en el acuerdo que suscribieron en la víspera están los planteamientos que presentó el municipio hace meses. “Si hubiéramos resuelto hace tres meses atrás, basura no habría, pero miren ahí está la situación”, aseguró.

Lee también: Basura acumulada en La Paz: Salud recomienda 8 medidas para prevenir la proliferación de bacterias y vectores

El alcalde de La Paz sostuvo que el problema de la basura dejó al menos dos lecciones aprendidas. La primera es que el diálogo no debe cerrarse y reiteró que el municipio siempre estuvo abierto en el conflicto.

La segunda lección —mencionó el burgomaestre— es que la Constitución Política del Estado dispone que todo ciudadano tiene derecho a la protesta, pero remarcó que no recoger la basura “no es medida de protesta”.",https://www.vision360.bo/noticias/2026/08/26/64538-dockweiler-anuncia-que-presentara-ante-la-alp-un-proyecto-de-ley-para-estipular-que-nadie-puede-impedir-el-recojo-de-la-basura
Visión 360,2026-08-26,•La Paz,“Los 216 restos han sido olvidados”: director del Cementerio recomienda a las familias acudir al recinto para retirarlos,"El fin de semana, la Entidad Descentralizada Municipal de Cementerios de La Paz publicó una lista con 216 restos. El director de la institución, Leónidas Poma, informó que estos 216 cuerpos fueron “olvidados” por sus familiares; por ello, serán trasladados a una fosa de aproximadamente cuatro metros de profundidad. En entrevista con Visión 360 , recomendó a las familias acudir al recinto para proceder con el retiro.

De acuerdo con el comunicado, las familias tienen hasta este jueves, 27 de agosto, para consultar la situación de los restos y verificar, si corresponde, la regularización o gestionar la recuperación de los restos; caso contrario, el viernes se aplicará lo establecido por la Resolución Administrativa 039/2026: enviarlos a una fosa común.

¿Cuál es la situación de estos más de 200 cuerpos?

Hemos publicado la lista de 216 restos considerados lamentablemente a la fecha olvidados. Un cuerpo llega a ser olvidado porque, primero, los restos tienen una estadía de cinco años, según el reglamento. Tienen cinco años para estar ocupando un nicho de cuerpo mayor y las familias tienen la opción, posterior a este plazo, de ampliar por tres años más en un espacio para cuerpo menor. Posterior a ello pueden pasar el traslado a otro cementerio o, a través de la cremación, ocupar un espacio destinado a urnas.

Las personas que no han realizado durante todo este tiempo este tipo de trámites, a pesar de que ya se les han notificado en los nichos y se han dejado las publicaciones correspondientes, no se han apersonado al cementerio y, pues, estos restos han sido exhumados, han sido desenterrados de los nichos y llevados a nuestros depósitos. Al llegar ahí, se los considera olvidados.

Por eso les decimos a las familias, acérquense a la entidad para hacer el trámite y recuperar los restos de sus seres queridos.

¿Luego de esto, las familias qué opciones tienen?

La opción es que ellos se acerquen, regularicen, gestionen la recuperación de los restos, porque estos ya han cumplido el plazo dentro de la entidad. Ha pasado este plazo que es de cinco meses y lastimosamente todavía no han sido reclamados, recuperados por sus familiares. El día lunes hemos recibido la visita ya de cinco familiares; hasta el martes hemos recibido los reportes de otros tres de interés de los dolientes. Sin embargo, tenemos la esperanza de que este número suba y así reclamen los restos de sus seres queridos.

Las familias que acudan al Cementerio, ¿cómo harán el reconocimiento de estos cuerpos que están dentro del depósito de la entidad?

Dentro de nuestros depósitos nosotros tenemos los restos debidamente identificados y codificados. Tenemos, si mal no recuerdo, uno o dos restos que están en la calidad de NN (sin nombre). Sin embargo, tenemos el nombre de la persona que ha realizado el trámite de inhumación y estamos contactándonos.

Pero el resto de cuerpos está debidamente codificado e identificado. Hay restos de fallecidos en 2011 y están ya en un estado de total descomposición, incluso ya secos en algunos casos. Pero, como le digo, están debidamente individualizados e identificados y así se podrá identificar y ayudar a los familiares.

En el depósito del Cementerio, ¿cuántos cuerpos o restos hay?

En su mayoría son estos que han sido exhumados de la anterior gestión. Para ser mucho más precisos, son exhumaciones; en esta nómina están exhumaciones que se han realizado hasta febrero de 2026. Exactamente nosotros hemos identificado, bueno, para ser precisos y sinceros, el depósito que tenemos dentro del Cementerio General está repleto. Entonces, tenemos que garantizar la operativa funcional del cementerio y garantizar las inhumaciones según la necesidad que requiere la población.

Existe un número mayor de restos en el depósito y efectivamente tenemos que hacer una evaluación técnica respecto a los espacios que tenemos en el cementerio en general o, en su defecto, hablando ya a futuro, obviamente, previa evaluación, realizar cremaciones. Ese número supera los 400, más de 400 restos dentro del depósito.

Respecto a la fosa en la que se prevé enterrar los más de 200 restos, ¿cuántos metros tendrá?

Ese tema técnico, que ya involucra el tema del espacio, los metros cuadrados que vamos a destinar para esta fosa común, no quiero incurrir en un error, todavía no lo recuerdo bien con precisión, pero está aproximadamente superior a unos 4 metros. Ahora, he escuchado que dijeron que no hay espacio y demás. Eso es mentira. Antes de tomar la decisión hemos hecho la evaluación técnica y, efectivamente, es de conocimiento que el cementerio está ya copado con ese tema de fosas comunes, nichos, cuarteles y mausoleos, pero efectivamente hemos identificado un sector en el que sí es posible habilitar este tema de esta disposición final de restos.

Además de esta fosa que se quiere habilitar, ¿lograron cuantificar cuántas hay?

Nuestro cementerio, el 2031, va a cumplir ya cerca de 200 años. Realmente es un patrimonio histórico que tenemos en la ciudad de La Paz y cuantificar, a pesar de que estoy revisando aún los datos, los datos técnicos y antecedentes que nos ha dejado la anterior gestión y otras gestiones, todavía no es posible identificar la cantidad de fosas comunes que se hubiesen habilitado en el cementerio.",https://www.vision360.bo/noticias/2026/08/26/64529-los-216-restos-han-sido-olvidados-director-del-cementerio-recomienda-a-las-familias-acudir-al-recinto-para-retirarlos
Visión 360,2026-08-26,•La Paz,Lancheros de Tiquina en La Paz reclaman por gasolina y advierten con paralizar sus operaciones,"El sector de los lancheros del estrecho de Tiquina reclama la dotación de gasolina y advierte con paralizar sus operaciones si Yacimientos Petrolíferos Fiscales Bolivianos (YPFB) no garantiza el suministro del producto hasta este miércoles. Además, señalaron que en una situación similar están los trabajadores del río Bermejo y del río Mamoré.

“Nosotros, los compañeros transportistas lacustres estamos viajando, si vale el término, al surtidor más próximo que es a 40 kilómetros de la localidad de Santiago de Tiquina. Están yendo a pernoctar. YPFB tiene conocimiento, pero no le interesa. Por eso nosotros estamos comunicando que si entre hoy (martes) y mañana (miércoles) no nos provisionan, no llega la cisterna al estrecho de Tiquina, lamentablemente vamos a tener que paralizar el estrecho de Tiquina. El jueves paralizamos”, indicó el representante de los lancheros, Carlos Yapuchura.

De acuerdo con el dirigente, el sector consume principalmente gasolina, combustible que no les llega desde hace dos semanas. “Hace más de 15 días, YPFB ya no nos aprovisiona de gasolina. No conocemos porqué, sabemos que en toda Bolivia está en dificultades en la provisión de gasolina. El estrecho de Tiquina funciona con combustible”, indicó.

Señaló que su sector no es el único afectado, sino que los transportistas lacustres del río Bermejo y del río Mamoré también están sufriendo el mismo problema. “Ellos tienen similares problemas que nosotros o quizá más, por eso de manera conjunta, a nivel nacional”, indicó. Agregó que este miércoles presentarán una carta de solicitud de audiencia con el ministro de Hidrocarburos, Marcelo Blanco, y con el ministro de Defensa, Ernesto Justiniano, en busca de soluciones.

Lee también: Interpelación al ministro Blanco: no se sabrá qué proveedor trajo la “gasolina basura”; YPFB solo detectó casos aislados

“Estamos solicitando las audiencias a ambas autoridades para que nos tomen en cuenta a los del sector acuático y queremos ser parte, si aún no se ha elaborado, de la reglamentación de la nueva ley de Hidrocarburos”, dijo.

En caso de que las autoridades mencionadas y YPFB no los atiendan, los lancheros amenazan con paralizar su trabajo en el estrecho de Tiquina. “Si el ministro de Hidrocarburos no nos va a recibir esta semana, prácticamente la próxima semana, si es posible, los compañeros de Guayaramerín, Bermejo, están dispuestos a paralizar los diferentes ríos, principalmente el Lago Titicaca”, señaló.",https://www.vision360.bo/noticias/2026/08/26/64502-lancheros-de-tiquina-en-la-paz-reclaman-por-gasolina-y-advierten-con-paralizar-sus-operaciones
Visión 360,2026-08-26,•Fútbol Boliviano,Antonio Carlos Zago: “Una pena que no hemos podido inscribir a otro jugador”,"Sports 360 / La Paz

The Strongest no pudo habilitar al brasileño Wictor Gabriel Silveiro, informó el director técnico del primer plantel, Antonio Carlos Zago, en la conferencia de prensa que ofreció este miércoles en Cochabamba a la conclusión del partido frente a San Antonio.

“Una pena que no hemos podido inscribir a otro jugador”, dijo el DT y aseguró que es “imposible inscribir a Wictor”, a pesar de que en estos momentos no tiene club.

El zaguero central se entrena desde la semana pasada con el primer plantel y, hasta antes del cierre del periodo excepcional, que de acuerdo al Reglamento de Campeonato 2026 finalizó a las 23.59 del martes, el club no pudo registrarlo.

“Está entrenando bien con nosotros, pero vamos a ver ahora lo que pasa, qué vamos a hacer con él si se queda acá entrenando o si se vuelve a Brasil. Tenemos que ver qué es lo que quiere hacer él, porque está sin club ahora”, explicó el DT.

Añadió que se trata de un jugador de muy buenas condiciones, joven (20 años), “que llegó aquí, se adaptó rápido y está entrenado bien, pero hay que ver lo que vamos a hacer”.

Daniel Vaca, presidente del Comité de Fútbol, dejó abierta la posibilidad de inscribir al central el martes por la tarde, antes de que la delegación atigrada viaje a Cochabamba.

“Vamos por ese lado (inscribirlo) esperando alguna documentación para ver si lo podemos habilitar a Wictor; estamos a la espera de esos documentos, ojalá se pueda y estaremos cerrando el tema de contrataciones”, declaró Vaca en el aeropuerto de El Alto.

También mencionó que se estaba contra el tiempo para ver otras opciones; además, apuntó que “no podemos pecar de irresponsables con el tema económico, que la verdad se nos ha cargado bastante, y no queremos seguir cometiendo errores de irresponsabilidad de contratar jugadores caros”.

The Strongest solo pudo inscribir dentro del periodo excepcional que establece FIFA al también brasileño Luiz Henrique Pachu.

En anteriores ediciones, Sports 360 publicó que: De acuerdo al artículo 6 del Reglamento sobre el Estatuto y la transferencia de jugadores de la FIFA (REJT), los clubes tienen la posibilidad de inscribir nuevos jugadores fuera del periodo de pases.

El apartado b del mencionado artículo señala que “un jugador profesional cuyo contrato haya expirado de forma natural o se haya rescindido por mutuo acuerdo antes de que finalizara el plazo de inscripción del club interesado, puede ser registrado por dicho club incluso después del cierre de la ventana”.

El artículo 45 del Reglamento de la División Profesional 2026, en concordancia con lo que establece FIFA, señala: “En cumplimiento de lo estipulado en el Art. 6 del Reglamento sobre el Estatuto y la Transferencia de Jugadores FIFA, siempre y cuando se autorice por FIFA, se permitirá la inscripción de un jugador fuera del periodo estipulado para ello, a modo de precautelar la integridad de la competición, esta deberá realizarse hasta dentro de quince días hábiles (Lunes a Viernes) posteriores al vencimiento del periodo de inscripción”.

El libro de pases en el fútbol boliviano finalizó el viernes 31 de julio. Como en el país el jueves 6 y el viernes 7 de agosto fueron feriados por las fiestas patrias, el periodo para inscribir a nuevos jugadores se prolongó hasta el martes 25.",https://www.vision360.bo/noticias/2026/08/26/64631-antonio-carlos-zago-una-pena-que-no-hemos-podido-inscribir-a-otro-jugador
Visión 360,2026-08-26,•Fútbol Boliviano,The Strongest golea a San Antonio Bulo Bulo y sigue de cerca a los de arriba,"Sports 360 / La Paz

The Strongest no pierde pisada a los líderes; goleó en su visita a San Antonio Bulo Bulo (0-3), cotejo de la decimoséptima fecha, y sigue metido en la lucha por el título de la Liga de la División Profesional 2026.

Después de tres partidos complicados, dos derrotas (Independiente y Guabirá) y una sufrida victoria ante FC Universitario, el Tigre mostró una cara diferente en el valle, jugó un buen partido, tuvo peso ofensivo, se paró bien en su sector defensivo y después de seis partidos mantuvo su arco en cero.

Con su victoria, el Tigre sumó 33 unidades y quedó a dos del líder Always Ready (35) e igualó a Bolívar, que lo supera en la cantidad de victorias y también en la diferencia de goles. Los dos de arriba, sin embargo, jugarán este jueves sus partidos de la fecha 17.

San Antonio, por su parte, no hace pie; acumuló su tercera derrota consecutiva. Con 17 unidades se encuentra en la parte baja de la tabla.

Por la cantidad de espectadores, hubo pocos en el sector de preferencia del Félix Capriles, pero la mayoría eran atigrados, y por el juego que desarrolló a lo largo del cotejo, el Tigre parecía el local.

El equipo volvió a jugar con una línea de tres en el fondo y dos laterales que se fueron permanentemente al atacante: Dilan Saavedra, por derecha; y Fabricio Quaglio, por izquierda.

Con esa fórmula, generó sus primeras aproximaciones. Las llegadas por las dos bandas se hicieron frecuentes y en las dos primeras —4 y 8 minutos— Darwin Lom estuvo cerca de marcar.

Las jugadas de riesgo del Tigre se hacían frecuentes y empezó a crecer la figura del golero de San Antonio, Luca Giossa, quien evitó en varias oportunidades la caída de su arco.

El local intentaba, pero lo hacía sin contundencia. En la primera parte apenas tuvo un remate de Adalid Terrazas (21 minutos), que Rodrigo Banegas tapó sin dificultad.

Después de una buena jugada colectiva, que terminó con una asistencia de Adrián Estacio a Jaime Arrascaita, el Tigre rompió el cero. El mediocampista remató bajo, desde fuera del área, y marcó el primero.

A los 44 minutos, San Antonio se quedó con 10 hombres por una fuerte entrada de Líder Yanarico, que terminó siendo expulsado a instancia del VAR.

Unos minutos después, a los 50’, la visita aumentó su ventaja con un gol de penal de Darwin Lom. En la jugada previa hubo una clara falta de Wagner Lima sobre Estacio.

En el segundo tiempo fue un poco más de lo mismo de lo ocurrido en la primera parte, con el Tigre atacando permanentemente y el local aguantando e intentando hacer daño de contragolpe.

A The Strongest le anularon un gol a los 77; Lom fue el autor del tanto, pero no subió al marcador, porque los atigrados se apresuraron a reanudar el juego tras una falta cuando los de San Antonio esperaban que se realizara una modificación.

No sacó el pie del acelerador la visita, siguió yendo al frente y anotó el tercero a los 98 minutos (90+8), a través de Gabriel Sotomayor.",https://www.vision360.bo/noticias/2026/08/26/64604-the-strongest-golea-a-san-antonio-bulo-bulo-y-sigue-de-cerca-a-los-de-arriba
Visión 360,2026-08-26,•Fútbol Boliviano,"Liberaron los audios del VAR: hubo penal, pero Enoumba fue mal expulsado","El VAR del partido entre Guabirá y Blooming se equivocó al sugerir la expulsión del jugador Marc Enoumba en el partido que ambos elencos empataron a un gol por lado, el domingo en la localidad de Montero.

La Comisión de Árbitros liberó en las últimas horas las jugadas trascendentales de la fecha 16 y la más controvertida se produjo en el segundo tiempo, cuando el juez Jordy Alemán cobró la pena máxima, pero además expulsó a Enoumba por considerar que el defensor evitaba una situación manifiesta de gol, “decisión equivocada”, según el análisis realizado.

En el audio se escucha a Carlos García, responsable del VAR, lo siguiente: “Potencial mano de Enoumba, Jordy (Alemán), te recomendamos revisión. El brazo está de manera antinatural, no justificable para la acción. Si el jugador no mete la mano, el atacante tiene amplia posibilidad de convertir por estar en una posición manifiesta de gol. Tiro penal y tarjeta roja”, recomiendan.

El juez alemán cambió su decisión inicial y mostró la tarjeta roja a Enoumba, dejando a Blooming en inferioridad numérica para la parte final del compromiso.

En el análisis que realizó la comisión se sacó la siguiente conclusión: “La decisión de cobrar penal es correcta; sin embargo, la sanción disciplinaria de mostrar tarjeta roja es equivocada”, subrayan.

“La mano bloquea el curso de un balón aéreo, pero no evita una situación manifiesta de gol, ya que el balón llega posteriormente al atacante y no se reúnen los elementos necesarios para expulsar al jugador por impedir una oportunidad manifiesta de gol”, explican.

El juez Alemán, junto a Carlos García (VAR) y Carlos Tapia (AVAR), corre riesgo de ser suspendido por un tiempo indefinido por la equivocación en la jugada. La sanción será conocida en el curso de los siguientes días.",https://www.vision360.bo/noticias/2026/08/26/64553-liberaron-los-audios-del-var-hubo-penal-pero-enoumba-fue-mal-expulsado
Visión 360,2026-08-26,•Fútbol Boliviano,"Wálter Flores vs. “su” Bolívar por tercera ocasión, ¿quién ganará?","Sports 360 / La Paz

El partido que protagonizarán este jueves (20.30) Bolívar y ABB en el estadio Hernando Siles tendrá un condimento especial, pues Wálter Flores enfrentará por tercera vez al club de sus amores como entrenador de la Academia del Balompié Boliviano.

El club que representa a El Alto contrató en las últimas horas a Flores para que dirija al primer plantel en lugar de Sebastián Núñez con el objetivo de mejorar en la tabla de posiciones del Torneo Liga de la División Profesional.

Y su debut será nada más y nada menos que con la Academia, club en el que jugó por muchos años como futbolista e incluso llegó a ser capitán.

Tras retirarse del fútbol profesional trabajó en la Pre Profesional de Bolívar por muchos años y también fue asistente técnico del español Beñat San José.

Por todo ello le tiene mucho cariño al club celeste, al que enfrentará por tercera vez como DT de otro equipo.

La primera se produjo el 28 de septiembre de 2025, cuando estuvo al mando del Gualberto Villarroel San José.

Jugaron en el estadio Jesús Bermúdez de Oruro y Bolívar se impuso por 0-2 con goles de Damián Batallini (29’) y Carlos Melgar (84’).

Este año, ya como entrenador de FC Universitario, rivalizó con la Academia el 16 de mayo en el estadio Félix Capriles de Cochabamba, donde su equipo se impuso por 3-2.

Hernán Rodríguez (22’), Guilder Cuéllar (44’) y Hugo Dorrego (87’) hicieron los goles del plantel de Vinto. Por Bolívar anotaron Escleizon Freita (18’) y Robson Matheus (77’).

El historial muestra un triunfo y una derrota, por lo que este jueves se romperá la paridad, a menos que el compromiso, válido por la decimoséptima fecha, termine empatado.",https://www.vision360.bo/noticias/2026/08/26/64523-walter-flores-vs-su-bolivar-por-tercera-ocasion-quien-ganara
Visión 360,2026-08-26,•Fútbol Boliviano,"Ojo Santa Cruz, la final de la Copa Sudamericana 2027 será el 20 de noviembre","El estadio Tahuichi Aguilera de Santa Cruz tiene 15 meses por delante para ponerse a punto para recibir la final de la Copa Sudamericana 2027. La Dirección de Competiciones de la Conmebol confirmó que el partido decisivo de esa competición se encuentra programado para el sábado 20 de noviembre.

Santa Cruz debía ser sede de la final de la Copa Sudamericana 2025, pero el retraso en las refacciones que se realizaron en el estadio Tahuichi derivó en que la Conmebol le quite la sede y le brinde una nueva oportunidad para la próxima gestión.

Por ello, hace un par de semanas la Gobernación de Santa Cruz se comprometió una vez más ante la Conmebol para que ese escenario sea sede de la final de la Copa Sudamericana 2027.

Durante el encuentro, el gobernador de la capital oriental, Juan Pablo Velasco, presentó la hoja de ruta diseñada para avanzar en las condiciones necesarias para que el escenario cruceño pueda ser considerado como escenario de la final de la Conmebol Sudamericana 2027.

Conmebol exigirá que las tareas se cumplan antes de marzo del próximo año, cuando se realice una inspección a ese escenario.

Nery Pumpido, director de Desarrollo de la Conmebol, destacó los avances en el Tahuichi y valoró el trabajo que se viene realizando en conjunto entre todas las autoridades de Santa Cruz.

“Entre todos tienen que hacer fuerza para ayudar a que se terminen las obras. En marzo del próximo año ingresaremos en el periodo de evaluación final”, reiteró Pumpido.

Conmebol aclara en el calendario de sus competiciones de 2027 que las fechas de las finales de la Copa Libertadores y la Sudamericana “están sujetas a cambio”, pero serían a lo sumo de una semana.",https://www.vision360.bo/noticias/2026/08/26/64517-ojo-santa-cruz-la-final-de-la-copa-sudamericana-2027-sera-el-20-de-noviembre
Visión 360,2026-08-26,•Fútbol Boliviano,Los partidos de la fase preliminar de la Sudamericana volverán a ser de ida y vuelta,"Los partidos de la fase preliminar de la Copa Sudamericana, duelos entre equipos de un mismo país, serán otra vez de ida y vuelta. Esa es la principal modificación que introdujo la Dirección de Competiciones de la Conmebol en el calendario completo de la temporada 2027 que divulgó en las últimas horas.

Por cuatro años consecutivos, se dispuso que la fase clasificatoria de la Sudamericana se realice en un solo compromiso; este año, por ejemplo, Independiente derrotó a Guabirá y Blooming hizo lo propio con San Antonio.

El equipo que le tocaba ser local tenía la ventaja de definir la serie en casa y se quedaba con la bolsa de la recaudación, además de 225.000 dólares. El visitante recibía 25.000 más, pero corría con la desventaja de tener que pelear su ingreso a la fase de grupos fuera de su reducto.

De acuerdo con el documento que publicó la Conmebol, a partir de 2027 volverán los duelos de ida y vuelta que se realizarán la semana del 3 y el 10 de marzo.

El primer equipo boliviano en ingresar en competencia internacional en 2027 será Bolivia 4 en Libertadores y lo hará en la semana del 3 de febrero. La revancha de su compromiso está marcada para una semana después.

Bolivia 3 en la Libertadores debutará en la semana del 17 de febrero. El equipo que acceda a la Fase 2 será el que consiga el título del campeonato seriado que lleva su primera fecha de disputa.

Una vez que se decidan los clasificados de la ronda inicial, se procederá al sorteo de la fase de grupos de ambas competiciones y la competencia iniciará el 5 de abril.",https://www.vision360.bo/noticias/2026/08/26/64505-los-partidos-de-la-fase-preliminar-de-la-sudamericana-volveran-a-ser-de-ida-y-vuelta
Visión 360,2026-08-26,•Fútbol Boliviano,Real Potosí recibe a Tomayapo y Blooming enfrenta a Real Oruro por la decimoséptima fecha,"Sports 360 / La Paz

La jornada de miércoles de la fecha 17 del torneo todos contra todos se pondrá en marcha en Cochabamba con el choque entre San Antonio Bulo Bulo y The Strongest (15.00) y se completará con los cotejos Real Potosí vs. Real Tomayapo (18.30) y Blooming vs. Totora Real Oruro (20.30).

En la Villa Imperial, el Lila, uno de los equipos sensación de la temporada, volverá a presentarse ante su público después de dos salidas consecutivas, en las que obtuvo dos buenos resultados.

No ganó ninguno, pero tampoco retornó a la Villa Imperial con las manos vacías. Empató con el líder Always Ready en El Alto (16 de agosto) y en su visita a Aurora (22 de agosto) volvió a rescatar una unidad.

El club potosino, además, no ha perdido en sus últimos cinco encuentros (dos victorias y tres empates), que le permiten situarse en zona de clasificación a copas. Es sexto con 25 unidades.

Tendrá enfrente al tarijeño Tomayapo, un equipo que de a poco recupera terreno, pero a pesar de haber sumado en sus dos últimos compromisos, es el último de la tabla con 13 puntos.

El orureño Javier Revollo ha sido nominado para dirigir el encuentro; mientras que Carlos García estará encargado del VAR.

El último partido de este miércoles se jugará en el estadio Tahuichi Aguilera de Santa Cruz. Blooming recibirá a Real Oruro.

El club cruceño está ubicado en la mitad de la tabla, es noveno con 22 unidades y pelea por meterse a zona de clasificación a torneos internacionales.

En su último partido, el domingo frente a Guabirá en Montero, igualó a un gol, aunque el empate del local llegó después de un penal dudoso, que derivó en una discutida expulsión de Marc Enoumba.

La intención es reencontrarse con la victoria y escalar en la tabla, aunque afrontará el partido con siete bajas entre lesiones y suspensiones.

El rival orureño no la pasa bien en el campeonato, ocupa el puesto 12 con 17 unidades y llega al choque en el Tahuichi tras dos derrotas en condición de local, frente a Oriente y Bolívar.

La intención es sumar de a tres y, si no es posible ganar, por lo menos se pretende rescatar una unidad.

La terna arbitral designada para dirigir el encuentro la integran: Ronald Mamani (árbitro), Álvaro Copa y Juan Condori (asistentes). Gustavo Vera será el encargado del VAR.",https://www.vision360.bo/noticias/2026/08/26/64465-real-potosi-recibe-a-tomayapo-y-blooming-enfrenta-a-real-oruro-por-la-decimoseptima-fecha
Visión 360,2026-08-26,•Fútbol Boliviano,The Strongest visita a San Antonio con la intención de acercarse a los líderes,"Sports 360 / La Paz

The Strongest buscará acortar distancia con los líderes del todos contra todos cuando este miércoles visite a San Antonio Bulo Bulo, cotejo de la fecha 17, que se jugará desde las 15.00 en el estadio Félix Capriles de Cochabamba.

El Tigre es tercero en las posiciones con 30 puntos, cinco menos que el Always Ready, el primero con 35, y tres menos que Bolívar, segundo con 33.

El local se encuentra en la parte baja de la tabla, ocupa el decimotercer lugar con 17 unidades y también afrontará el partido con la intención de ganar, después de dos derrotas consecutivas en sus dos últimos partidos.

La comitiva atigrada se encuentra desde el martes por la noche en la sede del partido y, antes de viajar, los futbolistas expresaron los objetivos que se han trazado para encarar ese encuentro.

“Tenemos que ganar, no tenemos margen de error”, aseguró el golero Rodrigo Banegas. Dijo que no se toma el desafío como una presión, sino como algo positivo, por eso “vamos con esa idea de que tenemos que ganar sí o sí para mantenernos en la pelea”.

El técnico Antonio Carlos Zago no podrá contar con Kevin Salvatierra, el héroe atigrado en la sufrida victoria por 4 a 3 del pasado viernes ante FC Universitario, quien está afectado “por una contusión traumática, en la cara interna del pie izquierdo”.

En contrapartida, está habilitado para jugar el goleador Darwin Lom, quien cumplió un partido de suspensión por acumulación de cinco tarjetas amarillas.

No ha sido tomado en cuenta por el cuerpo técnico el refuerzo brasileño Luiz Henrique Pachu, quien se incorporó a los entrenamientos del plantel hace 10 días, pero continúa con su trabajo de adaptación a la altura.

San Antonio volverá a jugar de local después de dos salidas consecutivas, en las que perdió con Bolívar y Oriente Petrolero, ambas por goleada.

“Sabemos de la necesidad que tenemos de sumar puntos; tuvimos varios partidos fuera de nuestra casa. Ahora aquí en Cochabamba, vamos a encarar el partido con la intención de sumar las tres unidades que van a ser importantes para nosotros”, declaró el técnico Edivaldo Rojas.

Miguel Vargas dirigirá el encuentro. Lo asistirán desde las líneas José Antelo y Jorge Fernández; mientras que Rafael Subirana estará a cargo del VAR.",https://www.vision360.bo/noticias/2026/08/26/64462-the-strongest-visita-a-san-antonio-con-la-intencion-de-acercarse-a-los-lideres
Visión 360,2026-08-26,•Polideportivo,Santa Cruz recibirá en septiembre la Liga Evolución de Fútbol Playa Zona Sur,"Sports 360 / La Paz

Santa Cruz albergará del 9 al 13 de septiembre la Liga Evolución de Fútbol Playa Zona Sur con la participación de las selecciones absoluta y Sub-20 masculinas de Uruguay, Paraguay, Argentina, Chile y Bolivia.

Este tipo de torneos es organizado por la Conmebol y tiene el objetivo de fomentar y hacer crecer la disciplina en los diferentes países de Sudamérica.

Ahora le tocó a Bolivia ser sede de este importante evento que se disputará en el Complejo de la Villa Deportiva Abraham Telchi.

“Es importante destacar que la Conmebol ha ido entregando ciertos torneos a Bolivia, nos hemos presentado para ser sede, hemos sido sede del Sudamericano Sub-15, dos veces fuimos sede de la Copa Libertadores de Futsal Femenina y ahora vamos a formar parte de este circuito de fútbol playa”, dijo José Claure, director de Marketing y Comercial de la Federación Boliviana de Fútbol, en la conferencia de prensa que hubo en esta jornada en La Paz.

“Nos interesa mucho el desarrollo de esta disciplina y vamos a trabajar porque no solo genera la competencia sino hace que los predios de Santa Cruz mejoren, es una disciplina que poco a poco crea mayor cantidad de jugadores. Esta Liga Evolución nos ayuda no solo a fomentar la competencia de nuestros equipos, sino a dejar infraestructura para futuras competencias. Estamos contentos con lo que estamos logrando y esperamos que el fútbol playa crezca en todos los departamentos y empecemos a tener mayores representantes”, agregó.

Cada una de las cinco selecciones se presentará con sus equipos absoluto y Sub-20 para jugar en dos torneos en paralelo.

La modalidad de competencia será de todos contra todos y al final se contabilizarán los puntos de ambos torneos y el que consiga más unidades se consagrará campeón y disputará la gran final con el vencedor de la Zona Norte, en la que se encuentran las otras cinco selecciones de la Conmebol.

El certamen ya tiene el rol de partidos definido y Bolivia debutará el miércoles 9 ante Argentina. La Sub-20 jugará a las 19.00 y la absoluta a las 21.00.

El jueves 10 rivalizará con Uruguay (19.00 y 21.00), el viernes 11 será jornada de descanso para la Verde, el sábado 12 volverá a la acción para enfrentar a Chile (19.00 y 21.00) y el domingo 13 cerrará su participación con Paraguay (19.00 y 21.00).

Luego de la jornada de descanso que tuvo el martes, la selección nacional que participa en el Campeonato Sudamericano Sub-20 de Fútbol Playa que se desarrolla en Perú perdió este miércoles con Brasil por 6-0.

La Verde, que el lunes había sumado su segundo triunfo en el certamen internacional, no pudo hacerle frente a la Canarinha, que se vio muy superior a lo largo de todo el encuentro.

Ahora está a la espera de saber su puesto final en el Grupo B para conocer a su siguiente contrincante.",https://www.vision360.bo/noticias/2026/08/26/64613-santa-cruz-recibira-en-septiembre-la-liga-evolucion-de-futbol-playa-zona-sur
Visión 360,2026-08-26,•Polideportivo,"Bolivianos Bulacia, Bruun, Lagrava y Vásquez correrán en el Rally de Paraguay","Sports 360 / La Paz

El Rally de Paraguay, undécima fecha del Campeonato Mundial de Rally que se correrá desde este jueves hasta el domingo, tendrá la presencia de cuatro pilotos bolivianos: Marco Bulacia Wilkinson, Nataniel Bruun, Pedro Lagrava y Kevin Vásquez.

Los cuatro pilotos confirmaron su presencia hace tiempo y serán parte de una de las pruebas más duras de la temporada luego del gran éxito que tuvo el año pasado.

Bulacia, quien tendrá como navegante al español José Murado, es el más experimentado de los cuatro al haber participado en varias ediciones del Mundial de Rally.

Bruun, que estará acompañado por el argentino Mario Del Riego, también tiene experiencia en la cita mundialista.

Los más nuevos son Lagrava, que tendrá como copiloto al boliviano Gustavo Rojas, y Vásquez, que tendrá a lado al también boliviano Antonio Uria.

Todos ellos forman parte de los 60 binomios que serán parte de la carrera y que contará con la presencia de los mejores pilotos del planeta.

Bulacia correrá en el grupo RC2 —el segundo más veloz— sobre un Skoda Fabia RS; Bruun competirá en la RC3 y conducirá un Ford Fiesta Rally3, mientras que Lagrava y Vásquez se inscribieron en la RC4 y manejarán un Peugeot 208 Rally4.

La prueba tendrá una distancia total de 937,76 kilómetros, de los cuales 358,88 serán cronometrados y 578,88 de enlace.

Serán tres etapas las que correrán los pilotos y que deberán pasar por 22 pruebas especiales.

Si bien la carrera arrancará el viernes con la primera etapa, el jueves se llevará adelante el Shakedown (tramo de reconocimiento), que tendrá una distancia de 5,6 kilómetros.

“El evento promete una combinación de tramos lisos de tierra roja y secciones técnicas más complicadas a través de vegetación densa. Si bien la superficie es mayormente blanda y rápida, se esperan surcos profundos y cambios repentinos en el terreno que mantendrán a los pilotos en vilo durante todo el fin de semana”, detalla sobre la carrera la web oficial del Campeonato Mundial de Rally.",https://www.vision360.bo/noticias/2026/08/26/64547-bolivianos-bulacia-bruun-lagrava-y-vasquez-correran-en-el-rally-de-paraguay
Visión 360,2026-08-26,•Polideportivo,El squash boliviano tendrá seis representantes en los Juegos Suramericanos,"Sports 360 / La Paz

Bolivia dirá presente en el squash de los XIII Juegos Suramericanos de Santa Fe (del 12 al 26 de septiembre) con seis deportistas, anunció la federación nacional.

“Nos enorgullece presentar a la Selección Boliviana de Squash que nos representará en los XIII Juegos Suramericanos Santa Fe 2026”, comunicó la Federación Boliviana de Squash en sus redes sociales.

Los seis deportistas son: Andrea Fuertes, Rebecca Valverde, Michelle Arnez, Cristhiam Roldán, Gabriel Torrez y Alvin Ríos.

“¡Con toda la fuerza y la garra para dejar en alto el nombre de Bolivia!”, agregó la entidad deportiva.

La competencia del squash se disputará en la segunda semana del evento multideportivo. Será del 21 al 26 de septiembre.

Se llevará adelante en el Rural Nave C del Predio Ferial, que albergará las competencias de individual, dobles, equipos y equipos mixtos.

Eso quiere decir que se entregarán siete medallas de oro, siete de plata y 14 de bronce, pues en este deporte se premian dos terceros puestos, según indica el Manual Técnico de la disciplina en los Juegos.

Un aspecto importante es que los medallistas de oro de singles se clasificarán a los Juegos Panamericanos de Lima 2027.

“Los medallistas de oro en las pruebas individuales masculina y femenina de los Juegos Sudamericanos Santa Fe- Rosario 2026 serán elegibles para participar en los Juegos Panamericanos Lima 2027. Estas plazas de clasificación están reservadas exclusivamente para atletas que representen a países que no hayan clasificado a los Juegos a través de la competencia por equipos en el Campeonato Panamericano 2026 en Asunción, Paraguay (15–22 de agosto de 2026). Los atletas que clasifiquen por este proceso podrán competir únicamente en los cuadros individuales de Lima 2027”, detalla el Manual Técnico.",https://www.vision360.bo/noticias/2026/08/26/64532-el-squash-boliviano-tendra-seis-representantes-en-los-juegos-suramericanos
Visión 360,2026-08-26,•Patrocinadas,Radio Éxito presenta “Éxito Streaming” y abre una nueva etapa en la comunicación digital,"Radio Éxito da un nuevo paso en su proceso de crecimiento y transformación con el lanzamiento de Éxito Streaming, una propuesta audiovisual que combina la experiencia de la radio con las nuevas plataformas digitales para ofrecer información, análisis, deporte y entretenimiento a una audiencia cada vez más conectada.

La nueva señal nace con el propósito de ampliar la presencia de la marca y generar contenidos de calidad, dinámicos y cercanos, adaptados a las nuevas formas de comunicación y consumo audiovisual.

Diferentes espacios que forman parte de la programación, “5 Voces”, un programa de actualidad y opinión que reune distintas miradas para analizar los temas que marcan la agenda nacional. Política, sociedad, deportes, espectáculos y tendencias serán parte de una mesa de conversación que buscará informar, generar debate y promover la participación de la audiencia.

El programa está integrado por Karen Canales, Alejandra Claros, Benjamín Cornejo, Neils Quinteros y Jasmani Villegas, un equipo que aportará diferentes perspectivas y estilos a la conversación diaria sobre los temas que interesan a Bolivia.

El deporte tendrá también un espacio destacado con Éxito Sports Streaming, que ofrece información, análisis, entrevistas y seguimiento de los principales acontecimientos del fútbol boliviano. El equipo está conformado por Asbel Valenzuela, Jasmani Villegas y Luis Moreno.

La programación de Éxito Streaming también apuesta por el entretenimiento, el espectáculo, farándula nacional y la conversación con espacios como “Bla Bla Bla”, conducido por Zoraya Díaz y Gloria Díaz.

A esta propuesta se suma “Pura Boca”, un espacio sin filtro para entretener, que reunirá a José Luis Salazar “Neneco”, Yoselin Peralta, Mahady Zadda, Rous Párraga y Martín Alcázar “Tinchex”, con una propuesta dinámica y entretenida.

Y fin de semana llega  “Ahora nos toca”, con Nayra Miranda y Antonio Durán, un programa de opinión y análisis del top 3 de las noticias más destacadas del país, que forman parte de Éxito Streaming.

Nuestra misión es informar, entretener y acompañar a la audiencia, ofreciendo contenidos responsables, oportunos y de calidad, utilizando las herramientas digitales para generar una comunicación cercana, participativa y comprometida con nuestra sociedad.

Nuestra visión es convertir a Éxito Streaming en una plataforma audiovisual referente en Bolivia, reconocida por la calidad de sus contenidos, la pluralidad de sus voces, su innovación y su capacidad para conectar con nuevas generaciones.

El principal objetivo es consolidar una comunidad digital activa, llevando la experiencia y credibilidad de Radio Éxito hacia nuevos públicos, fortaleciendo su presencia en las plataformas digitales y desarrollando una programación que informe, genere opinión y entretenga.

Éxito Streaming representa el inicio de una nueva etapa. Con nuevos programas, invitados, transmisiones especiales y contenidos exclusivos, la propuesta continuará creciendo.

Radio Éxito evoluciona, pero mantiene su esencia: estar junto a su audiencia. Ahora, también en el mundo digital.",https://www.vision360.bo/noticias/2026/08/26/64520-radio-xito-presenta-xito-streaming-y-abre-una-nueva-etapa-en-la-comunicacion-digital
Visión 360,2026-08-26,•Seguridad,"Aduana reporta un aumento del 21,8% en la recaudación por importaciones respecto a 2025","La recaudación en efectivo por importaciones registró un incremento del 21,8% hasta el 24 de agosto de 2026, en comparación con el mismo periodo de 2025, informó la Aduana Nacional.

De acuerdo con la entidad, este resultado se enmarca en la política de facilitación de las importaciones y exportaciones, así como en la atención a los operadores de comercio exterior.

La Aduana Nacional señaló que el comportamiento positivo se registró en casi todos los meses de 2026, con excepción de mayo, cuando los bloqueos de carreteras afectaron el ingreso de mercancías, principalmente de ultramar.

La recaudación acumulada representa Bs 1.519 millones adicionales respecto a la gestión pasada, recursos que fortalecen al Tesoro General del Estado y contribuyen al sostenimiento de los gastos públicos.

Lee también: Aduana decomisa siete toneladas de prendería usada de contrabando en Oruro

Las mayores recaudaciones se evidenciaron en las principales administraciones aduaneras: Interior Cochabamba, con Bs 681 millones; Frontera Tambo Quemado, con Bs 641 millones; Aeropuerto Viru Viru, con Bs 499 millones; Frontera Pisiga, con Bs 420 millones; Interior Tarija, con Bs 96 millones; Frontera Villazón, con Bs 83 millones; Frontera Avaroa, con Bs 79 millones; Fluvial Puerto Jennefer, con Bs 31 millones; e Interior Sucre, con Bs 12 millones.

De estas nueve administraciones, cinco corresponden a aduanas de frontera, tres son interiores y una es de aeropuerto, consolidando un trabajo integral en todo el país.

La Aduana Nacional afirmó que los resultados corroboran el esfuerzo operativo institucional y el aumento de las importaciones. Asimismo, proyectó que al cierre de agosto el porcentaje de cumplimiento superará el 100% a nivel general.",https://www.vision360.bo/noticias/2026/08/26/64622-aduana-reporta-un-aumento-del-21_8por_ciento-en-la-recaudacion-por-importaciones-respecto-a-2025
Visión 360,2026-08-26,•Seguridad,Fiscalía suspende declaración de Nadia Beller tras solicitud de ser testigo protegido,"La Fiscalía suspendió la declaración informativa de Nadia Beller, quien debía comparecer este miércoles en calidad de testigo dentro de la investigación por presunto enriquecimiento ilícito con afectación al Estado que involucra al argentino Fernando Cerimedo.

Según el acta de comparecencia, personal de la Fuerza Especial de Lucha Contra el Crimen (FELCC) se presentó a las 16:30 en el domicilio de Beller, en Santa Cruz, para recibir su declaración. Sin embargo, el fiscal de materia Néstor Torres Tapia determinó suspender el acto después de que la testigo presentó un “memorial de previo y especial pronunciamiento”, de acuerdo con un reporte de DTV.

Horas antes, a través de un memorial, Beller solicitó ser declarada como testigo protegida. Jerjes Justiniano, su abogado, confirmó que presentó un memorial ante la Fiscalía.

""Estamos solicitando que ella tenga la calidad de testigo protegida"", declaró Justiniano, según el diario El Deber. Aseguró que Beller quiere declarar, pero, en función de las pruebas que tiene y del testimonio que brindará, ha realizado esa solicitud.

Beller había confirmado previamente que asistiría a declarar ante la Fiscalía y que entregaría las pruebas y elementos que estuvieran a su alcance para contribuir con la investigación.

Lee también: Fiscalía cita a Nadia Beller a declarar como testigo en investigación por enriquecimiento ilícito contra Cerimedo

El proceso contra Cerimedo fue abierto en La Paz por presunto enriquecimiento ilícito con afectación al Estado, a raíz de denuncias realizadas por su expareja.

Hace unos días, la Fiscalía de La Paz citó a Beller para que declare en calidad de testigo dentro de la investigación iniciada contra el consultor político argentino Fernando Cerimedo y otras personas por el presunto delito de enriquecimiento ilícito de particulares con afectación al Estado.

De acuerdo con la citación fiscal, emitida el 19 de agosto por la Fiscalía Especializada Anticorrupción y de Legitimación de Ganancias Ilícitas, Beller debía presentarse este miércoles 26 de agosto, a las 16:30, para prestar su declaración.

El documento identifica el proceso como “denunciado Fernando Gabriel Cerimedo y otros” y señala entre los hechos investigados el “enriquecimiento ilícito de particulares con afectación al Estado”, según informó Red Uno.

La convocatoria se produjo después de las denuncias públicas realizadas por Beller sobre presuntos hechos de corrupción en los que estaría involucrado Cerimedo. Sus declaraciones fueron tomadas en cuenta dentro de las pesquisas que lleva adelante el Ministerio Público. La abogada también denunció a su expareja por un presunto atentado en su contra, tras sobrevivir a un ataque a balazos.

Cerimedo, considerado un estratega comunicacional y operador político de la nueva derecha latinoamericana, asesoraba al presidente de Bolivia, Rodrigo Paz, y en 2023 estuvo detrás de posicionar la figura del presidente argentino Javier Milei. Desde el 18 de agosto, el ciudadano argentino cumple una detención preventiva por 180 días en el penal de Palmasola, en Santa Cruz.",https://www.vision360.bo/noticias/2026/08/26/64607-fiscalia-suspende-declaracion-de-nadia-beller-tras-solicitud-de-ser-testigo-protegido
Visión 360,2026-08-26,•Seguridad,Envían comisión negociadora y contingente militar-policial para levantar el bloqueo en la vía Santa Cruz-Beni,"Ante el bloqueo de caminos que interrumpe la conexión terrestre entre Santa Cruz y Beni, el ministro de Defensa, Ernesto Justiniano, aseguró que, si bien una comisión viajó al lugar para instalar el diálogo, también fue enviado un contingente de las Fuerzas Armadas y de la Policía Boliviana para contrarrestar la medida extrema de presión.

“Tengo la información también de que están dejando pasar algunos vehículos, y el tema del bloqueo lo vamos a contrarrestar con una delegación de las Fuerzas Armadas, un despliegue de las Fuerzas Armadas y de la Policía también, que está tomando acciones en ese sentido”, aseguró sobre el bloqueo instalado la madrugada de este miércoles en la provincia Marbán.

Se trata de productores agropecuarios que rechazan el Decreto 5676, que libera el subsidio del diésel para los grandes consumidores de combustible, entre ellos los sectores productivos. Un día antes, el Gobierno logró la suspensión de una medida similar en Yapacaní, con el compromiso de que en 48 horas dará una respuesta ante el cuestionado decreto, que sube el precio del diésel a Bs 18 el litro.

El viceministro de Régimen Interior, Hernán Paredes, negoció con los productores en Yapacaní, donde también fue desplazado un importante contingente policial y militar. A Marbán fue enviada una comisión de Yacimientos Petrolíferos Fiscales Bolivianos (YPFB) y de la Agencia Nacional de Hidrocarburos (ANH).

“No vamos a permitir los bloqueos en ninguna parte del país”, advirtió Justiniano, e informó que se está identificando a quienes están detrás de estas protestas en medio de un estado de excepción: “Estamos identificando a quiénes son las personas que están llamando a este tipo de situaciones que están prohibidas en el país para que, con el debido proceso, la justicia tome acciones”.

Lee también: Productores activan bloqueo en Beni y el Gobierno plantea ajustes al decreto del diésel de Bs 18, no anularlo

En Bolivia rige un estado de excepción que terminó por conjurar en junio el bloqueo de 53 días, alentado por campesinos, la dirigencia de la Central Obrera Boliviana (COB) y personas relacionadas con el expresidente Evo Morales. Esa medida de presión exigía la dimisión del presidente Rodrigo Paz.

Justiniano reiteró que el diálogo constituye una vía para atender las demandas, pero no implica renunciar al cumplimiento de la normativa ni a la obligación del Estado de garantizar la circulación por las rutas nacionales.

“Siempre es mejor tratar estos temas como protestas pacíficas y buscar un entendimiento”, afirmó.",https://www.vision360.bo/noticias/2026/08/26/64550-envian-comision-negociadora-y-contingente-militar-policial-para-levantar-el-bloqueo-en-la-via-santa-cruz-beni
Visión 360,2026-08-26,•Seguridad,En YPFB Refinación se descubre un esquema de corrupción que aprobó un contrato express de más de Bs 870 millones,"En Yacimientos Petrolíferos Fiscales Bolivianos (YPFB) Refinación se descubrió todo un esquema de corrupción que allanó el camino para que una empresa incumpliera el contrato de entrega de aceite crudo de soya a la Planta de Biodiésel. El documento fue firmado en cuestión de días y el pago de más de Bs 870 millones fue ágil, sin reparar en el incumplimiento del compromiso de provisión.

El viceministro de Transparencia, Yamil García, desveló el entramado de corrupción que se armó en torno a la provisión de aceite crudo de soya para la producción de biodiésel, que incluyó ajustes o modificaciones de las reglas habituales para este tipo de contratos estatales, una aprobación express y un intento de arreglo contractual engañoso.

Lee también: Interpelación al ministro Blanco: no se sabrá qué proveedor trajo la “gasolina basura”; YPFB solo detectó casos aislados

De acuerdo con la norma, las empresas que firman contratos con el Estado deben dar una garantía de cumplimiento del 7 % del valor de la obra y otra garantía de anticipo equivalente al monto contratado; sin embargo, con la empresa Agroindustrial del Este – Indueste S.R.L. se hicieron excepciones y se modificaron las reglas en el Directorio de YPFB Refinación.

“Resulta que el Directorio de YPFB Refinación convoca una sesión de Directorio en donde resuelven modificar el reglamento de garantías. Y en esta sesión de Directorio, los funcionarios públicos que ahora son co-responsables, coautores de esta investigación, definen añadir una excepción (y liberan a la empresa de garantías)”, explicó en conferencia de prensa.

Tras las excepciones aprobadas, el contrato fue firmado en seis días, el 8 de abril de 2024, y los desembolsos fueron ejecutados al día siguiente. Es decir, el Gobierno no contaba con ninguna garantía de cumplimiento del contrato y la empresa lo sabía.

“YPFB identifica que había cometido errores garrafales con consecuencias lesivas para el Estado. Una vez que la empresa incumple y YPFB no tenía cómo cobrarse ese incumplimiento, resulta que ambas partes se reúnen y definen una terminación de contrato. En esta terminación de contrato, la empresa reconoce que ha incumplido y que tiene que devolver recursos millonarios”, explicó.

Lee también: Jubileo propone una reforma institucional urgente de YPFB ante la ineficiencia, el excesivo gasto y la desinstitucionalización

Al final de la cita, la empresa dejó como garantía dos propiedades agrícolas. Ante el incumplimiento de devolución del dinero entregado, la empresa estatal inició el proceso de embargo y, cuando quiso ejecutarlo, se enteró de que se trataba de una pequeña propiedad, es decir, de acuerdo con la normativa vigente, inembargable.

“En este caso podemos ver que de principio a fin han concurrido una serie de hechos sistemáticamente realizados para beneficiar a una empresa con más de 870 millones de bolivianos que no han retornado nunca al patrimonio”, cuestionó, y anunció el inicio de procesos penales en contra de los responsables.

Según la denuncia, un total de 14 personas están denunciadas, entre ellas Henry Nelson Ibáñez Padilla, representante legal de la empresa, sus socios, los miembros del Directorio y los gerentes general, comercial y jurídico, además de los miembros de la unidad solicitante de YPFB Refinación.",https://www.vision360.bo/noticias/2026/08/26/64535-en-ypfb-refinacion-se-descubre-un-esquema-de-corrupcion-que-aprobo-un-contrato-express-de-mas-de-bs-870-millones
Visión 360,2026-08-26,•Seguridad,"Descubren un código encriptado y trazan movimiento de más de $us 200 millones en una ""billetera"" vinculada a Cerimedo","Para cualquiera pudo haber pasado desapercibido un registro de letras y números encontrado en la agenda del teléfono del consultor argentino y asesor presidencial Fernando Cerimedo, pero no para quien sabe de criptominería. Se trata de un código de “billetera fría” o wallet atribuido a Cerimedo, a través del cual recibió y envió más de $us 200 millones.

Fue el senador Leonardo Roca quien reparó en este detalle que aparece en la agenda del teléfono secuestrado al acusado de intento de feminicidio de Nadia Beller, junto con una anotación comprometedora: “No digas a nadie. Pero nos vendió la amiga de Enrique, ¿te acordás? La Nadia. ¿O la eliminamos ya o estamos jodidos? ¿Conocés a alguien que pueda hacer el trabajo?” (sic).

Hizo un seguimiento informático al código encriptado y descubrió datos por demás llamativos. La cuenta o “billetera fría” ahora tiene menos de $us 9, pero el rastreo realizado comprobó que movió más de $us 200 millones como una especie de puente entre quienes le depositaban y sus destinatarios, que registran millonarios movimientos.

Lee también: Fernando Cerimedo, de asesor político influyente a uno más de los reclusos en la cárcel de Palmasola

Cerimedo sostiene que es asesor personal del presidente Rodrigo Paz, lo cual fue admitido por la actual administración, aunque lo calificaron de una asesoría “marginal”. Beller, quien lo acusa de haber estado tras el ataque armado en su contra, lo describe como una persona con mucho poder e influencia en el gobierno del presidente Rodrigo Paz.

De acuerdo con un mapa interactivo armado sobre el flujo de transferencias, la cuenta de Cerimedo direccionaba los fondos que recibía a otras 10 cuentas. Solo una de esas cuentas tuvo movimientos de entre más de $us 500.000 y más de $us 1 millón en un período corto de seis meses, mientras que en otras superan los $us 24 millones y los $us 8 millones.

“Lo encontramos en la wallet de Cerimedo y vimos lo que movió en meses, vaciada justo cuando ya estaba detenido. No es dinero cualquiera, es rastro de criptominería con transferencias a otras 10 cuentas, de billetera fría a billetera caliente para sacar efectivo. Este hecho deja huella, y vamos a seguir el rastro del dinero hasta que sea devuelto a las arcas del Estado”, afirmó.

Lee también: El presidente Milei marca distancia de su exasesor Fernando Cerimedo: “Nos dejamos de vincular en 2023”

El dinero que se maneja en una “billetera fría” puede volverse efectivo mediante lo que se llama una “billetera caliente” en cualquier parte del mundo. Es decir, este mecanismo se utiliza para el movimiento y traslado de grandes cantidades de dinero en el entorno virtual sin que sea detectado en el mundo real.

A partir de lo encontrado, el senador Roca detecta una relación con la empresa de transferencia de dinero vinculada a Cerimedo. Esta empresa, ubicada en la exclusiva zona sur de La Paz, registraba fuertes movimientos de efectivo, y un hecho revelador es que su representante legal —un militar ahora en la cárcel— huyó con $us 700.000 que luego dijo, cuando fue capturado, que los perdió.

“Una casa de cambio, ¿qué es lo que hace? Usted lleva el dinero físico, lo entrega y le entregan criptoactivos”, aseguró el senador, y denunció que en ese momento se genera el delito de lavado de dinero: “¿Cómo lo hace para que no salten los sistemas? A través de estas pequeñitas transacciones que no dejan huellas ni de registro”.

Lee también: Fiscalía cita a Nadia Beller a declarar como testigo en investigación por enriquecimiento ilícito contra Cerimedo

Hay mucho más por descubrir. El senador Roca informó que ya en Argentina están ayudando a rastrear los movimientos financieros de la cuenta relacionada con Cerimedo y anunció que pedirá al Senado formar una comisión especial para profundizar en el esquema de negocios del consultor argentino vinculado al Gobierno de Paz.

Cerimedo no solo estuvo vinculado al poder en Bolivia, sino también en Argentina y Honduras por sus asesorías en campañas electorales digitales. Actualmente cumple una detención preventiva por 180 días en Santa Cruz, tras su detención ocurrida el 18 de agosto en el aeropuerto de Viru Viru, mientras que en La Paz se lo investiga por enriquecimiento ilícito y, en Beni, por denuncias de narcotráfico.",https://www.vision360.bo/noticias/2026/08/26/64526-descubren-un-codigo-encriptado-y-trazan-movimiento-de-mas-de-us-200-millones-en-una-billetera-vinculada-a-cerimedo
Visión 360,2026-08-26,•Internacional,Real Madrid gana con un triplete de Mbappé en el regreso de Mourinho al Bernabéu,"Madrid / EFE

En un día marcado por la vuelta de José Mourinho al Santiago Bernabéu, fue Kylian Mbappé quien le dio tranquilidad en su regreso. Triplete del francés ante la Real Sociedad (4-1) en un partido con dudas en la primera parte y con exhibición de pegada en la segunda para dar aire al inicio del segundo proyecto de ‘Mou’.

Seis caras nuevas y nuevo entrenador, pero el Real Madrid volvió a mostrar en los primeros 45 minutos la imagen de las dos últimas temporadas en su estreno en el Santiago Bernabéu. Esa que le lleva a que en diciembre se cumplan dos años sin sumar un título a sus vitrinas. Esa que hizo que volviera al banquillo Mourinho como una vuelta de tuerca más en busca de la reacción.

El portugués volvió a pisar el césped del Bernabéu 13 años después de su tumultuoso adiós, marcado por la división de opiniones sobre su figura en la afición y por la tensión de sus tres temporadas también fuera del césped. Y su regreso, como él mismo esperó al catalogarse de “no importante” en la víspera, no fue protagonista.

Aplausos, tímidos, cuando su nombre fue anunciado por megafonía y la grada de animación del club coreó su nombre y apellido en el minuto dos de partido, sin gran acogida por el resto de la afición que se dio cita en el Bernabéu.

Con la ilusión de un proyecto nuevo los aficionados se encontraron al mismo Mbappé, fiel a su cita con el gol. Se le escapó contra el Espanyol y se lamentó en exceso de sus ocasiones falladas al inicio ante la Real Sociedad, pero, aun así, sumó sus tres primeros goles de la temporada. El primero, en el minuto 40.

En un gol que dice más del asistente, Fede Valverde, que del propio Mbappé. El uruguayo, cuyo final de temporada pasada estuvo marcado por su incidente con Aurelien Tchouaméni y su figura en entredicho por sus desavenencias iniciales con Xabi Alonso, estrenó brazalete como primer capitán y se llevó el cariño de sus compañeros tras el gol.

Todos fueron a abrazar a Fede. Más que una asistencia para el uruguayo.

Eso sí, la felicidad duró poco en el Real Madrid. Cuatro minutos. Lo que tardó la Real Sociedad en aprovechar las lagunas defensivas de su rival. Balón al espacio para Job Ochieng, que desarboló a Ibrahima Konaté, aunque el peligro llegó por el otro costado.

Álvaro Carreras cerró en exceso, midió mal y llegó tarde a tapar su zona, dejando solo a Luka Sucic para el empate. El error no pasó desapercibido para Mourinho. Apuntado en su habitual libreta y reacción inmediata. Marc Cucurella, homenajeado tras ganar el Mundial con España, al campo tras el descanso.

Coincidió su entrada con una mayor incidencia en ataque del Real Madrid en banda izquierda, a la vez que Vinícius cobró protagonismo… y volvió a escuchar pitos tras errores en el control e intentos de regate que quedaron en nada. Los cambiaría por cánticos a su favor minutos más tarde. Antes, los solventó Mbappé.

El francés, tras una pared con Bellingham, quien se erigió en protagonista en la segunda parte, en la frontal del área culminó la jugada con un remate potente al fondo de la portería de Alex Remiro. Doblete del galo para calmar las aguas y poner de cara a un encuentro que acabó saliéndole redondo a Mourinho.

El portugués pidió apoyo de su afición a sus jugadores, olvidando lo ocurrido la pasada temporada, y ‘Vini’ lo consiguió… con un gol cuyo mérito fue de un Bellingham que demostró calidad y lucha para alargar una jugada dentro del área y servirle el balón a puerta vacía al brasileño.

Renovado hasta 2032 hace unas semanas, Vinícius celebró besándose el escudo del Real Madrid y, sobre todo, se ganó el favor de los suyos.

No tanto como Mbappé, también criticado al final de la pasada temporada, y quien firmó un triplete este miércoles. El último, en el minuto 80, a pase de Vinícius, picando el balón ante la salida de Remiro. De la desesperación inicial a la confianza para gustarse en la definición.

Triplete de Mbappé, gol y asistencia de Vinícius y dos asistencias de Bellingham. El tridente del que Ancelotti, Xabi Alonso y Arbeloa no pudieron sacar todo su jugo y que ahora intenta exprimir Mourinho tuvo una efectiva puesta de largo en el Bernabéu.

Tres puntos para el Real Madrid y ninguno para una Real Sociedad que en la segunda parte no inquietó a Courtois.",https://www.vision360.bo/noticias/2026/08/26/64601-real-madrid-gana-con-un-triplete-de-mbappe-en-el-regreso-de-mourinho-al-bernabeu
Visión 360,2026-08-26,•Internacional,La Federación italiana retira su apoyo a Infantino para renovar su mandato en la FIFA,"Roma / EFE

La Federación Italiana de Fútbol (FIGC) anunció este miércoles que retira su apoyo a la candidatura de Gianni Infantino para su reelección como presidente de la FIFA en las elecciones de 2027.

La decisión de la entidad traslada una posición ""clara y transparente"" que busca alinearse con la UEFA y con su presidente, Aleksander Ceferin, frente ""a las recientes iniciativas del mandatario de la FIFA en materia de gobernanza y del desarrollo del calendario y competiciones internacionales"", se lee en una nota oficial de la FIGC.

""Continuaremos trabajando junto a la UEFA y las demás federaciones europeas para promover una idea de fútbol basada en el mérito, la solidaridad, la sostenibilidad y la centralidad de los aficionados"", declaró el presidente de la FIGC, Giovanni Malagó.

Malagó, elegido presidente de la FIGC el pasado 22 de junio, remarcó su respaldo a un ""modelo de diálogo, escucha y corresponsabilidad que hasta ahora ha permitido al fútbol crecer, innovar y, al mismo tiempo, defender sus principios fundamentales"".

La decisión llega tras la polémica sobre la figura de Gianni Infantino por su plan de vender a inversores privados una participación de los derechos del Mundial, que finalmente se vio obligado a retirar.

Italia se suma de este modo a otras federaciones como las de Inglaterra, Escocia, Dinamarca y Nueva Zelanda, entre otras, que ya han retirado su respaldo al dirigente suizo.

En paralelo, también la UEFA, la AFC y la Concacaf han pedido la dimisión del presidente por el frustrado intento de incorporar inversión privada a las competiciones de la FIFA, entre ellas la Copa del Mundo.

Por su parte, la Conmebol y la CAF —Confederación Africana— anunciaron días atrás su respaldo a Infantino, al igual que un grupo de leyendas jugadores como Cafú, Roberto Carlos, Zanetti, Pepe o Felipe Melo, quienes apoyaron este miércoles al actual presidente de FIFA.",https://www.vision360.bo/noticias/2026/08/26/64571-la-federacion-italiana-retira-su-apoyo-a-infantino-para-renovar-su-mandato-en-la-fifa
Visión 360,2026-08-26,•Internacional,La UEFA terminó con el boicot que tenía en contra de la FIFA,"La UEFA terminó con el boicot a las competiciones de la FIFA después de haber recibido garantías suficientes respecto al intento fallido de vender participaciones privadas que orquestó Gianni Infantino.

Según el diario británico The Times, la UEFA ha recibido garantías de que este plan para ""desfigurar el deporte nunca va a ser llevado a cabo"". Los máximos dirigentes de la UEFA se reunirán este jueves en Mónaco, donde comunicarán esta decisión a las 55 federaciones que forman el organismo.

Más allá de eso, la UEFA demandaba dos condiciones para acabar con el boicot; la primera es que se retirara la iniciativa para privatizar la Copa del Mundo, como ya hizo la FIFA a finales de julio, visto el rechazo general que recibió la propuesta, y la segunda que dicho organismo les asegurara que no se iba a repetir una situación similar.

Pese a esto, se espera que la UEFA mantenga su oposición a Infantino, especialmente después de que esta semana su presidente, Aleksander Ceferin, insistiera en que el titular de la FIFA debería renunciar.

Ceferin confía, en primer lugar, en que Infantino comprenda que no cuenta con el respaldo suficiente. No se refiere únicamente al apoyo político de quienes tienen derecho a voto, sino también al de la comunidad futbolística en general, incluidos aficionados, jugadores, exjugadores y entrenadores.

La otra posibilidad, según Ceferin, es que Infantino decida presentarse a las elecciones de marzo. En ese caso, el presidente de la UEFA considera que tendrá un candidato en su contra, aunque todavía desconoce quién podría ser.

Por otra parte, Ceferin rechazó la idea, aparentemente instalada en Infantino y en la FIFA, de que la UEFA actúa en beneficio de algunas de las federaciones y clubes más poderosos del mundo.",https://www.vision360.bo/noticias/2026/08/26/64544-la-uefa-termino-con-el-boicot-que-tenia-en-contra-de-la-fifa
Visión 360,2026-08-26,•Internacional,"El ganador de la Liga de Campeones se embolsará solo por vencer la final 6,5 millones de euros","Madrid / EFE

El campeón de la Liga de Campeones 2026-2027 recibirá 6,5 millones de euros por ganar la final del 5 de junio en el estadio Metropolitano de Madrid, cifra a la que sumará las cantidades acumuladas de la fase liga, en la que obtendrá 2,1 millones por victoria, y las de las eliminatorias posteriores.

La UEFA estima distribuir un total de 3.317 millones de euros entre los clubes participantes en sus competiciones. De estos, 2.467 millones (74,38 %) se repartirán entre los de la Liga de Campeones y la Supercopa; 565 millones (17,02 %) entre los de la Liga Europa y 285 millones (8,60 %) entre los de la Liga Conferencia.

Según los datos comunicados a las federaciones por la UEFA, el dinero se dividirá en tres partidas: una cantidad igual por entrar en la fase liga de cada competición, otra por rendimiento y otra denominada 'vallue pillar', variable que combina el mercado audiovisual de cada país con los coeficientes europeos de los clubes, por lo que cada participante recibe una cantidad diferente.

En la 'Champions' cada uno de los 36 clubes de la fase de liga tendrá una asignación de 18,62 millones, divididos en un primer pago de 17,87 millones y un saldo final de 750.000.

Por rendimiento recibirán 2,1 millones por victoria y 700.000 por empate.

La clasificación para los octavos de final supondrá 11 millones; para cuartos 12,5 millones; para semifinales 15 millones y por alcanzar la final 18,5 millones.

El campeón que levante el título recibirá 6,5 millones adicionales.

La UEFA prevé además una prima por clasificación en la fase liga, tras la que cada equipo recibirá un importe según su posición final. El fondo total disponible se divide en 666 partes iguales y el valor inicial de cada parte será de 275.000.

El último clasificado recibirá una parte (275.000) y se añadirá una parte por cada puesto, por lo que el primer clasificado recibirá 36 partes.

También habrá un bonus adicional por posición, de forma que los clubes clasificados del primero al octavo puesto recibirán dos millones y los situados del noveno al decimosexto un millón.

Par el denominado 'value pillar' la UEFA estima 853 millones.

Las cifras previstas por la UEFA para los clubes de la Liga Europa establecen 4,31 millones para cada uno de los 36 participantes en la fase liga.

Por rendimiento en esta, cada victoria supondrá 450.000 y cada empate 150.000.

Los clubes que acaben clasificados del primer al octavo puesto recibirán una cantidad adicional de 600.000 y los ubicados del nueve al 16 300.000.

La clasificación para los play-off supondrá 300.000; para octavos 1,75 millones; para cuartos 2,5 millones, para semifinales 4,2 millones y para la final 7 millones para cada equipo. El equipo que alce el título el 26 de mayo en Fáncfort (Alemania) obtendrá además 6 millones.

En la Liga Conferencia cada uno de los 36 clasificados para la fase liga partirán con 3,17 millones y en esta recibirán 400.000 por victoria y 133.000 por empate.

Los que acaben del puesto uno al ocho añadirán 400.000 y del 9 al 16 200.000.

La clasificación para los play-offs supondrá a cada club 200.000 más; para octavos 800.000; para cuartos de final 1,3 millones, para semifinales 2,5 millones y para la final cuatro millones. Ganar el título en Estambul el 2 de junio añadirá al campeón tres millones.

Para el ""vallue pillar"" de la Liga Europa la UEFA reserva 198 millones y para el de la Liga Conferencia 57 millones.",https://www.vision360.bo/noticias/2026/08/26/64514-el-ganador-de-la-liga-de-campeones-se-embolsara-solo-por-vencer-la-final-6_5-millones-de-euros
Visión 360,2026-08-26,•Internacional,La Liga de Campeones arranca hacia la final del 5 de junio en el estadio Metropolitano,"Madrid / EFE

La Liga de Campeones 2026-2027 tomará forma este jueves, con 36 clubes en el sorteo de la fase liga en Mónaco (12.00 HB) rumbo a la final del 5 de junio en el Metropolitano de Madrid y el PSG en busca de su tercer título consecutivo.

El Foro Grimaldi de Mónaco será de nuevo el escenario de la gala de apertura de la temporada de la UEFA, con la 'Champions' en el centro y los sorteos el viernes de la Liga Europa y la Liga Conferencia. La primera coronará a su campeón el 26 de mayo en Fráncfort (Alemania) y la segunda el 2 de junio en Estambul.

A la espera de la confirmación de los cabezas de serie por parte de la UEFA, la Liga española y la Premier inglesa repiten con la mayor representación, cinco clubes cada una, en la tercera campaña de la Liga de Campeones con formato ampliado.

Barcelona, Real Madrid, Atlético de Madrid -semifinalista en la última-, Villarreal, Betis, Arsenal -subcampeón-, Aston Villa, Liverpool, Manchester City y Manchester United dan brillo al cartel de la 72.ª edición.

Alemania volverá a tener cuatro equipos, Dortmund, Bayern Múnich, Leipzig y Stuttgart, igual que Italia, con el Inter, el Como de Cesc Fábregas que se estrena en Europa tras un año deslumbrante, el Nápoles y el Roma, que vuelve después de siete años.

Con tres clubes estará Francia, liderada por el PSG de Luis Enrique Martínez, que hace dos semanas ganó la Supercopa europea ante el Aston Villa, junto a Lens y Lille, y con dos Portugal y Países Bajos - Oporto, Sporting, Feyenoord y PSV-.

Brujas (BEL), Galatasaray (TUR), Shaktar Donetsk (UKR) y Slavia Praga (CZE) completan la alineación de un sorteo, mezcla manual e informático, pendiente de los play-offs: Sabah (AZE)- Happoel Beer-Sheva (ISR), Bodo Glimt (NOR)-NEC (NED), LASK (AUT)-Celtic (ESC), Lyon (FRA)-Fenerbahce (TUR), Celje (SLO)-Slovan Bratislava (SVK), AEK (GRE)-Levski Sofía (BUL) y Viking (NOR)-Dinamo (CRO).

El Bodo Glimt debutó la última campaña y llegó hasta octavos de final y el Viking sólo ha estado una vez en Europa, en la Copa de la UEFA 2005-2006.

El sorteo evitará duelos entre clubes de la misma nacionalidad y que un equipo tenga más de dos rivales de otro país.

Los ocho primeros de la clasificación pasarán a octavos y del nueve al veinticuatro jugarán una eliminatoria en febrero. Los eliminados pasarán a Liga Europa y los que caigan en el play-off de esta a la Liga Conferencia.

La final se jugará por séptima vez en Madrid y el Metropolitano será la sede por segunda vez, después de albergar la de 2019, en la que el Liverpool derrotó al Tottenham (2-0).

El viernes se sortearán la Liga Europa y la Liga Conferencia, ambas también con 36 clubes, para relevar en el palmarés al Aston Villa de Unai Emery en la primera y al Crystal Palace en la segunda.

Ganador del último título frente al Rayo Vallecano, el Crystal Palace jugará la Liga Europa junto a los españoles Celta de Vigo, que repite tras llegar hasta cuartos y perder con el Friburgo alemán, luego subcampeón, y la Real Sociedad, que vuelve a Europa como campeón de Copa después de un año fuera.

A ellos se unirán, entre otros, los italianos Juventus y Milan, fuera de la Liga de Campeones por primera vez desde 1991, y también el Olympiacos griego o el Leverkusen alemán.

En la Liga Conferencia el Getafe opta a entrar si gana al Partizan serbio en el play-off y el Inter Escaldes aspira a ser el primer club andorrano en una competición europea y convertir a su federación en la número 53 con presencia en competiciones de UEFA.

La Liga Europa arrancará el 16/17 de septiembre y jugará su última jornada (8.ª) el 28 de enero. La Liga Conferencia, tendrá seis jornadas, que empezarán el 15 de octubre y acabarán el 17 de diciembre.",https://www.vision360.bo/noticias/2026/08/26/64511-la-liga-de-campeones-arranca-hacia-la-final-del-5-de-junio-en-el-estadio-metropolitano
Visión 360,2026-08-26,•Internacional,"Leyendas del fúbol como Cafú, Zanetti y Roberto Carlos muestran su apoyo a Infantino","Madrid / EFE

Leyendas del fútbol como los brasileños Cafú y Roberto Carlos, además del argentino Javier Zanetti han mostrado su apoyo al presidente de la FIFA, Gianni Infantino, en el centro de la polémica por su plan de vender a inversores privados una participación de los derechos del Mundial, que finalmente se vio obligado a retirar. ""En los últimos 10 años hemos sido testigos de la labor realizada por la FIFA y el presidente Infantino para lograr una representación de los futbolistas en el mundo del futbol, algo que antes no existía"", escribieron en las últimas horas en redes sociales exjugadores como Cafú, campeón del mundo en 1994 y 2002, o el exinternacional argentino Zanetti, actual vicepresidente del Inter de Milán, entre otros. El escrito, que apoya también Roberto Carlos, compañero de Cafú en la selección brasileña, lo han publicado asimismo otros exjugadores, como los argentinos Esteban Cambiasso y Javier Pastore, el brasileño Pepe, el colombiano Iván Córdoba y el mexicano Jared Borgetti. En esta ocasión, Cafú y Zanetti aseguran: ""Se ha dado voz y un lugar en nuestro deporte a jugadores a través de participación en comités, proyectos y grupos de trabajo. Nuestras opiniones son escuchadas y muchas iniciativas en beneficio del fútbol se moldean gracias a nuestras reflexiones, ideas, planes y participación"". Las leyendas sudamericanas se muestran ""comprometidas a seguir llevando la esperanza"" que ofrece el mundo para ""transformar vidas, mejorar sociedades y ampliar las oportunidades para todos en el mundo"". ""Seguiremos dispuestos a apoyar la gran evolución que ha experimentado nuestro deporte en la última década para que continúe llegando y beneficiando a personas de todos los países donde se juega al fútbol"", concluyen, con un apoyo rotundo a la labor del máximo mandatario de la FIFA. Por su parte, el exjugador brasileño Felipe Melo también mostró su apoyo a Infantino, al afirmar que ""los jugadores y exjugadores tienen ahora voz"" y un espacio para participar en las decisiones del fútbol gracias a él. ""He estado ahí. He hablado. He dado mi opinión. He estado en desacuerdo. Y se me ha escuchado"", señaló en un mensaje publicado en su cuenta de Instagram. Además, Melo defendió que el fútbol es ""más global que nunca"" y aseguró haber visto ""cambios reales"" en los últimos años. ""Presidente Infantino, tiene mi respeto, mi confianza y todo mi apoyo. Estoy con usted. Estoy con la FIFA y con todos aquellos que realmente quieren seguir haciendo avanzar el fútbol. Puede contar conmigo, presidente. Siempre"", concluyó. Infantino, que aspira a continuar al frente de la FIFA en el Congreso previsto para marzo de 2027, está siendo muy cuestionado en las últimas semanas, sobre todo por la UEFA, la Confederación Asiática de Fútbol (AFC) y la de Norte, Centroamérica y el Caribe (Concacaf), por el proyecto para vender a inversores privados una participación del 20 % de los derechos comerciales del Mundial.",https://www.vision360.bo/noticias/2026/08/26/64508-leyendas-del-fubol-como-cafu-zanetti-y-roberto-carlos-muestran-su-apoyo-a-infantino
Visión 360,2026-08-26,•Opinión,Durmiendo con el enemigo,"Cuentan las crónicas del 5 de mayo de 1935 que, agentes del servicio secreto norteamericano capturaron a Víctor Lustig, el estafador austrohúngaro que diez años antes había realizado la venta de la Torre Eiffel de Paris. Lo llamativo de este caso, fue que Lustig no cayó porque la policía diera con él producto de una investigación, su aprehensión se produjo debido a que su amante lo denunció ante las autoridades al enterarse que le había sido infiel con una mujer más joven.

Lustig, quien muy joven había mostrado interés por las lenguas extranjeras, había labrado su técnica de estafa mediante los juegos de azar, actividad con la que le resultaba más sencillo apropiarse del dinero de sus ocasionales víctimas. Lucía una sonrisa afable, vestía de forma elegante y tenía una capacidad extraordinaria para leer a sus interlocutores. Políglota de modales refinados, se movía en las embarcaciones que surcaban el Atlántico entre Europa y Nueva York, haciéndose pasar por productor de Broadway, noble, diplomático, empresario internacional en busca de inversionistas, personificación que constituía parte de su estrategia de estafa.

Durante la primavera parisina del año 1925, Lustig, anoticiado de la controversia generada por los costos de mantenimiento que generaba la Torre Eiffel y ante el surgimiento de la propuesta para desmontarla o sustituirla, vio la ocasión perfecta de aparecer en acción. Haciéndose pasar por funcionario de gobierno “encargado de gestionar el desmontaje de la torre y la venta de sus estructuras metálicas”, convocó a los chatarreros de la ciudad a los que comunicó de manera muy “confidencial” que el gobierno había decidido desguazar y vender las 7000 toneladas de hierro.

Entre los interesados se encontraba André Poisson, un empresario local dedicado a la comercialización de metal que se mostraba inseguro de su posición frente al resto de interesados en el negocio propuesto. Gracias a ello, el impostor se encargó de hacerle conocer que la adjudicación dependería de la capacidad de los participantes para facilitar la decisión, cobrándole una fuerte suma de dinero por concepto de soborno y adjudicación. Paradójicamente Poisson, por vergüenza y ante el temor de dañar su reputación, prefirió no denunciar el hecho, permitiéndole a Víctor Lustig repetir la operación meses más tarde y vender la torre por segunda vez.

Luego de perpetrar el golpe por el que la historia lo recordaría, Lustig decidió regresar a Estados Unidos donde comenzó con la falsificación de moneda a gran escala. Se conoció con William Watts, experto en fabricar planchas de impresión que sería su socio. Cuando la policía capturo a Lustig, encontraron billetes falsos por un valor de 2.340.000 $us., incautando alrededor de cincuenta planchas de impresión y otros materiales que las autoridades relacionaron con la cantidad de billetes falsos que circulaban para aquel entonces.

Sin embargo, su captura no fue el resultado de una investigación por la estafa de la Torre Eiffel, se debió a la denuncia realizada por Billie Mae Scheible, amante y compañera sentimental de Lustig, quien descubrió que éste mantenía relaciones con otra mujer y decidió facilitar toda la información a la policía. Fue juzgado y condenado a purgar 20 años de prisión en la conocida cárcel de Alcatraz, donde terminaría sus días.

La impostura del estafador forma parte de la condición humana desde sus orígenes, sin que la responsabilidad recaiga de manera exclusiva sobre el farsante o estafador, responsabilidad que debe ser compartida con quiénes buscan deseosos la posibilidad de admirar a un héroe, un ser superdotado, seres brillantes, salvadores o mesías que se presentan ante todos como figuras ejemplares con historias de vida fascinantes, sin ser más que simples impostores y farsantes.

La interpelación social en Bolivia ha fijado la lupa sobre el consultor político y desarrollador digital argentino, Fernando Cerimedo, quién según la información pública existente fue becado en Harvard, entrenado militarmente con los Navy SEAL (marina norteamericana), trabajado la campaña de Barack Obama, Jair Bolsonaro, Javier Milei, entre otros líderes regionales. En contrapartida a la información que desvirtúa su trayectoria luego de verse involucrado en el asesinato en grado de tentativa de la abogada cruceña Nadia Beller.

Investigaciones periodísticas dieron como resultado que en Harvard no se encontrar registros de Cerimedo como estudiante. Tampoco encontraron fuentes vinculadas a la campaña de Obama, señalando desde la Casa Blanca que no cuentan con una oficina de “International Affairs” (Asuntos Internacionales) en las que el consultor político aseguró haber desempeñado tareas. Lo que sí pudo corroborarse es que en Argentina trabajó en una empresa de taxis, compañía de seguros, una fábrica de plásticos, agencia de publicidad y fue profesor de secundaria, lo que pone en duda el relato espectacular que se encargaron de difundir.

Lo que se conoce sobre sus propios logros no ha podido ser verificado, aunque pudo recogerse por información que se hizo pública, es que el “consultor político”, administra o ha administrado numerosas cuentas artificiales, boots, en granjas digitales que hubieran sido empleados para mejorar el posicionamiento del algoritmo para sus clientes. Una investigación realizada por el portal digital argentino Chequeado, que se ocupa de la verificación sobre aspectos políticos, concluyó que las plataformas ligadas a Fernando Cerimedo, emplearon bulos e información distorsionada en varias de sus actividades.

De Honduras dijo que asesoró el candidato conservador Nasry Asfura y que activó sus contactos personales para contribuir en el respaldo público del presidente norteamericano Donald Trump, así como en Bolivia se atribuyó el cargo de “asesor principal”, afirmaciones que se desprenden de sus propios testimonios o fuentes periodísticas, que no han podido ser corroboradas o rechazadas mediante canales oficiales.

Finalmente, vale la pena recordar que el año 1985 –a diferencia de lo que ocurre en la actualidad– durante la peor crisis económica, social y política por la que atravesó Bolivia durante el siglo XX, el entonces presidente Víctor Paz Estenssoro reunió a un equipo multidisciplinar  de profesionales (nacionales y extranjeros) de alto nivel para llevar adelante la política de reajuste estructural económico, aspecto esencial para reconducir los destinos del país, implementando medidas de corte liberal que fueron perfeccionadas en los años venideros y gracias a las cuales pudo superarse la crisis y garantizar los recursos económicos que fueron dilapidados en las últimas dos décadas.

Recientemente (en los últimos días), en medio de denuncias de concesiones de poder y corrupción, tras el bullado caso que involucra a Fernando Cerimedo, el pueblo boliviano espera conocer, ¿cómo? un personaje de catadura moral tan cuestionable, logró encaramarse en los principales círculos de poder del Estado boliviano, mientras el país navega a la deriva sin encontrar soluciones a la profunda crisis multidimensional por la que atraviesa ¿Cuál es la capacidad del Sr. Cerimedo para plantear soluciones que resuelvan los problemas derivados de la peor crisis que azota a Bolivia?

Bolivia al igual que otras sociedades hispanoamericanas prefieren vivir de ilusiones y promesas antes de admitir su ingenuidad, haciendo más evidente la necesidad que tiene la gente de creer en los engaños. Sociedades como ésta son las favoritas para los impostores y estafadores que no personifican sus deseos personales, por el contrario, se limitan a detectar el deseo de sus víctimas para poder convertirse en espejos que los refleje, dejando de esta manera las puertas abiertas para dócilmente ser embaucados por embusteros profesionales.

“Estamos acostumbrados a ver al poderoso como si se tratara de un gigante, sólo, porque nos empeñamos en mirarlo de rodillas y ya va siendo hora, de ponerse de pie”.",https://www.vision360.bo/noticias/2026/08/26/64459-durmiendo-con-el-enemigo
Visión 360,2026-08-26,•Opinión,De las rejas a la corona: una reflexión de cómo construimos la reputación,"Hay algo particularmente curioso en la velocidad con la que una sociedad puede cambiar la manera en que mira a una persona.

Hace unos días, Tatiana Marset, quien ha estado en el centro de una noticia judicial, brindaba una conferencia de prensa a su salida de Palmasola para cumplir detención domiciliaria. Fue entonces que periodistas entusiasmados se fotografiaron con ella. Poco después apareció como imagen publicitaria de una peluquería, y, finalmente supimos que fue elegida reina de una comparsa en Santa Cruz para el Carnaval 2027.

El interés de este escrito no es juzgarla ni condenarla por su parentesco. La responsabilidad penal es individual y corresponde a la justicia determinar lo que dependa del ámbito legal.  En lo que quiero indagar es en lo siguiente: ¿cómo una persona que acaba de atravesar una situación judicial de enorme exposición pública puede pasar, en cuestión de días, del estigma al reconocimiento? O dicho con mayor precisión: ¿cómo pasó Tatiana de ser vinculada al narcotráfico y la sospecha, a ocupar espacios de representación social sin que necesariamente haya dejado de ser investigada?

No se trata tanto de Marset, se trata de nosotros. Porque una sociedad dice mucho de sí misma no solo cuando castiga, sino también cuando reconoce y celebra. Y quizás esta historia tenga mucho que ver con la forma en que construimos socialmente la reputación.

Nadie construye una reputación en soledad

La reputación parece, a primera vista, una característica individual: alguien es respetado o despreciado, y en ese sentido uno de los errores más comunes cuando hablamos de reputación es pensar que esta pertenece exclusivamente a la persona.

Lo cierto es que categorías como el respeto, la admiración o el rechazo se producen colectivamente y necesitan de quienes miran y aplauden. La reputación también se modela por lo que los demás expresan y modifican mediante acciones compartidas.

Por eso lo que está ocurriendo alrededor de Marset resulta revelador, porque estamos viendo cómo distintas instituciones y grupos sociales empiezan a relacionarse con ella desde lugares diferentes. Ese desplazamiento es el que me interesa indagar.

Erving Goffman explicaba que el estigma no es una cualidad intrínseca o negativa de un individuo, sino una relación social: una marca que adquiere significado a través de la interpretación colectiva.

En el caso de Tatiana hay, inevitablemente, un apellido: Marset. Esa marca no llega vacía al espacio público boliviano; está cargada de asociaciones vinculadas a uno de los casos de narcotráfico más notorios de los últimos años. Cabe preguntarse entonces: ¿puede una persona seguir bajo investigación judicial y, al mismo tiempo, ser investida socialmente como figura pública, celebridad o reina de carnaval?

La mujer investigada comienza a aparecer en fotografías mediáticas, ingresa en determinados circuitos sociales y es elegida reina sin que nadie medie una  absolución legal. La justicia investiga, mientras, en paralelo, los medios amplifican su imagen y determinados sectores la incorporan a sus rituales de reconocimiento. ¿Hasta qué punto ambos sistemas puede coexistir al mismo tiempo?

Tras la conferencia de prensa a su salida de Palmasola, varios periodistas se acercaron voluntariamente y con evidente entusiasmo a pedirle fotografías. Al respecto, la periodista Helga Velasco cuestionó esa actitud, advirtiendo sobre la constante confusión entre aquello que genera viralidad y aquello que constituye ejercicio periodístico.

Frente a una persona investigada el periodista ocupa, en principio, la posición de un observador. La ‘selfie’ altera esa relación: la fotografía deja de documentar el acontecimiento para convertirse en el acontecimiento mismo. Lo que podría parecer un gesto simpático, revela cómo la fascinación por un personaje puede desbordar la distancia profesional, transformando al informador en parte de la audiencia.

En ese desplazamiento se observa cómo la lógica del espectáculo empieza a contaminar espacios que, en teoría, deberían preservar la neutralidad. Por eso la crítica de Helga Velasco resulta sociológicamente relevante.

Y aquí mi pregunta es: ¿una fotografía con una fuente convierte automáticamente a un periodista en mal periodista? Quizá el problema no sea la imagen en sí, sino la relación social que produce. Los medios no solo cuentan sucesos; los encuadran, los jerarquizan y contribuyen a legitimarlos en la realidad social.

Vivimos en un entonrno donde ser conocido suele ser más valorado que ser virtuoso y la notoriedad se ha convertido en una forma de poder. Antes se requería cierta relevancia para alcanzar la fama; hoy, muchas veces basta la fama para volverse importante. Ese es, quizá uno de los rasgos más agudos de la cultura contemporánea: la capacidad de convertir la atención en capital social.

En este escenario opera la sociedad del espectáculo, caracterizada por reciclar la controversia en entretenimiento y transitar del rechazo a la fascinación casi sin mediación racional. Como analizaba Guy Debord, se trata de un modelo donde las relaciones humanas están mediadas por imágenes.

En este caso, la cadena es clara: un acto cotidiano es capturado por el periodista, el medio la publica, la interacción se multiplica a través de las redes sociales  y de pronto tenemos un fenómeno colectivo que nadie necesariamente planeó. No es solo una foto, es una sucesión de interacciones que resignifica símbolos y abre puertas que antes permanecían cerradas.

Bastaron pocas horas tras su salida del penal para que una comparsa la nombre reina y representante del carnaval. Una cosa es la reincersión o normalización y otra la consagración pública.

Las ceremonias de reconocimiento son mecanismos mediante los cuales un grupo define su identidad, y en este punto la reina de una comparsa no es solamente una participante del festejo, es una figura de representación cuya corona actúa como  un símbolo que condensa significados colectivos.

Emile Durkheim concebía los rituales como momentos en los que una sociedad se reúne para representarse a sí misma. Una celebración no solo entretiene: también reafirma la pertenencia. Por eso la pregunta interesante no es si ella merece o no llevar la corona, ese planteamiento pertenece a la esfera individual. La interrrogante sociológica es otra: ¿qué expresa esta comunidad sobre sí misma al elegirla como su representante? Una corona introduce una nueva jerarquía y desata una disputa sobre el lugar de esa persona en el espacio público.

Convivimos con un sistema de premios y castigos que no figura en ningún código legal. Mientras el sistema judicial investiga, el colectivo consagra. Mi inquietud final  provoca ser autocríticos para aprender a distinguir entre integrar socialmente a una persona y convertirla en un símbolo de celebración. La corona puede estar sobre la cabeza de Tatiana, pero el peso simbólico de esa corona no lo sostiene ella sola; lo construimos y lo respaldamos nosotros.",https://www.vision360.bo/noticias/2026/08/26/64453-de-las-rejas-a-la-corona-una-reflexion-de-como-construimos-la-reputacion
Visión 360,2026-08-26,•Opinión,Es tiempo de gobernar,"El gobierno de Rodrigo Paz es producto de una decisión popular sólida, clara e incuestionable. No fue producto de la casualidad. Fue el dictamen de un país que determinó dejar atrás un modelo de Estado cimentado en la mentira, la ineficiencia y la falta de ética en la función pública, que había distorsionado los principios más elementales de la institucionalidad democrática.

El resultado electoral le otorgó al Presidente un mandato excepcional y, al mismo tiempo, una responsabilidad histórica. Los bolivianos no votaron solamente por un cambio de gobierno. Votaron por una nueva forma de ejercer el poder, por la reconstrucción del pacto social, por la recuperación de la institucionalidad y, fundamentalmente, por una conducción capaz de revertir una crisis económica sin precedentes.

El nuevo gobierno comenzó en condiciones excepcionalmente favorables. Contaba con el respaldo ciudadano y de amplios sectores sociales, cívicos, gremiales y empresariales, además del apoyo internacional. Inició su gestión prácticamente sin oposición. Incluso los partidos derrotados mostraban disposición a acompañar el nuevo ciclo, y las estructuras políticas y sindicales vinculadas al masismo se habían desbandado.

Pero ese contexto no podía ser permanente. Era previsible que los intereses desplazados del poder reaccionaran. Y lo hicieron desde el primer día. Bloqueos, protestas, campañas de desprestigio y acciones destinadas a desgastar al gobierno comenzaron a formar parte del escenario político. Paralelamente, el país descubrió la verdadera magnitud de los problemas que se ocultaron por años: la delincuencia, el narcotráfico, el contrabando y la penetración del delito en las instituciones.

Sin embargo, a nueve meses de gestión, sería un error atribuir las dificultades exclusivamente a la herencia recibida o a la acción de los adversarios. El principal problema está comenzando a ser interno.

El gobierno no ha conseguido conformar un equipo sólido y estable. Diez cambios de ministros en nueve meses es una señal inequívoca de inestabilidad y de dificultades para consolidar una dirección política y administrativa coherente. El aislamiento del Ejecutivo es cada vez más evidente y no se percibe una voluntad suficientemente clara para construir un acuerdo nacional inclusivo y consistente.

Más preocupante todavía es que la administración pública continúa funcionando con los vicios heredados. La burocracia, la ineficiencia y la corrupción no desaparecieron: se adecuaron, en parte por la permanencia de funcionarios e incluso grupos que responden al modelo anterior. Y mientras la gestión continúa entrampada, la comunicación gubernamental es un fracaso y las iniciativas políticas se desperdician por la incoherencia y los escándalos.

La permanencia de problemas estructurales, los cambios de discurso, la persistencia de una lógica electoral, los escándalos asociados con la corrupción, la sobreexposición presidencial, la improvisación y la escasa disposición a escuchar voces distintas están deteriorando algo mucho más difícil de recuperar: la credibilidad.

Un gobierno puede equivocarse y rectificar. Puede enfrentar dificultades y pedir sacrificios. Lo que no puede hacer indefinidamente es transmitir incertidumbre sobre su rumbo. Activismo no es gestión. Anunciar no es ejecutar. Prometer no es transformar. Y gobernar no consiste en administrar las urgencias, sino en tomar decisiones, establecer prioridades y conducir al país hacia un objetivo reconocible.

Existe, además, un riesgo mayor que la propia ingobernabilidad. Las fuerzas radicales de izquierda están comenzando a rearticularse. Operadores silenciosos, dirigentes que recuperan protagonismo, mensajeros que reaparecen y miles de replicadores en redes sociales configuran progresivamente un aparato de desgaste que busca destruir no solo lo avanzado sino la esperanza de un cambio real.

En ese escenario, el presidente Paz debe asumir plenamente la dimensión de la responsabilidad que recibió. El gobierno debe despojarse de visiones parciales y construir un acuerdo político y económico nacional para convertir el diálogo en decisiones concretas. Es urgente resolver el problema de los combustibles, aunque ello implique asumir costos políticos; restablecer la autoridad del Estado; acelerar la aprobación de las leyes sustantivas y estratégicas y; desmontar las trabas que mantienen paralizada la administración pública.

Los ciudadanos pueden aceptar sacrificios cuando entienden para qué sirven y cuando perciben que existe un rumbo. Lo que genera frustración no es solamente la persistencia de la crisis, sino la sensación de que nadie conduce. La sociedad espera resultados y, sobre todo, que el gobierno sepa responder a su mandato.

Ya no es momento de las cosas pequeñas. Está en juego mucho más que la estabilidad de una administración. Está en juego el futuro. La oportunidad existe. Lo que falta es actuar con la celeridad, coherencia, autoridad y transparencia que la gravedad del momento exige.",https://www.vision360.bo/noticias/2026/08/26/64450-es-tiempo-de-gobernar
Visión 360,2026-08-26,•Opinión,"Bolivia, Bolivia, Bolivia … cuesta arriba","Un sismo político de alta intensidad recorre las estructuras cupulares de gobierno. Las replicas tienden a seguir socavando su minúscula credibilidad. En menos de diez meses, Bolivia se encuentra al mando de un gobierno envejecido, pálido de ideas y raquítico en cuanto confianza ciudadana.

Siendo Rodrigo Paz un “presidente accidental” como lo califica un reporte del Centro de Estudios Estratégicos e Internacionales con sede en Washington, tuvo en sus manos la oportunidad de constituir un gobierno amplio y de concertación, superar la polarización y aliviar las grietas que acompañan nuestra historia.

Estuvo en manos del otrora nuevo presidente que cortejaba a las comunidades marginadas o se reunía con las cúpulas tanto mineras como agroindustriales con mucha delicadeza, la posibilidad de promover acuerdos estratégicos con actores y sectores políticos contra puestos, garantizar gobernabilidad y concientizar que la realidad ameritaba tiempo y sacrificios. La población le dio muestras de entereza, cuando se levantó el subsidio a los carburantes y nadie dijo ni piu.

Habrá que saber si el nuevo gobernante, disfrazó sus debilidades, no entendió su desafió histórico o se dejó arrastrar por los bajos instintos del poder y los apegados al poder. Algo sucedió, pero optó por colocarse la capa de caudillo, con los colores diseñados por su asesor de almohada, y decorada por sus allegados para actuar como el que de todo puede, pero nada hace, ni cambia.

El gobierno y el presidente se conformaron durante estos meses en hacer el papel de animadores de verbenas, mientras los problemas del país se agravaban. Las emotivas imágenes en vivo de cisternas ingresando cargados de combustible, los bailecitos en fiestas populares, los slogans políticos recargados, el patrioterismo redundante, o los anuncios y re anuncios, no alcanzan en agosto ni para el mocochinchi.

No vencieron ni al folder amarillo. Al contrario, la multi crisis política, institucional, económica y moral se incrementó. Teniendo el agua en la nariz, el presidente decide sacar al ministro de mayor solvencia técnica, y uno de los pocos que le reclamo por el poder ilimitado otorgado al forastero y sus granjas de bots, convertidos en primer ministro.

Muy ingenuos, el pasado 6 de agosto desde Sucre, esperábamos una reconducción, la convocatoria a un gran acuerdo por Bolivia, o algún anuncio de impacto en el ánimo de la población.  Pero el presidente, poesías de por medio al recontra lejano tricentenario, confesó el “delito político” de que gobernará con acuerdos directos con personas representantes de órganos. Es decir, la docena de famosas y esperadas leyes estructurales, las reforma a la CPE, a la Policía, a la Justicia, y muchos otros cambios, antes que discusión y acuerdos políticos, precisaran lubricantes.

Muchas de las cosas turbias que se han sucedido, o las decisiones erráticas que el gobierno ha tomado, giran alrededor de un mercenario de campañas sucias que muy hecho el despistado, llego a Bolivia en la campaña electoral. Lo inexplicable es que, de la noche a la mañana, este forajido se convirtió en una especie de monje negro del poder.  Entonces, el presidente debe responder, que funciones cumplía, cuanto le pagaba a este personaje que se jactaba de tener “tarifas altas”; y de cómo acumulo el poder y fortuna que se evidenciaron luego de ordenar la eliminación de quien, siendo su pareja, ya le incomodaba.

Estamos en días en los que la población se pregunta cuál será el desenlace. ¿Tendrá la capacidad el presidente y el gobierno de redireccionar su desempeño? ¿Es posible se active la sucesión o un adelanto de elecciones? O dejamos todo al juego mortal de la ruleta rusa.

Son estas circunstancias, las que nos permiten entender las causas por las que países vecinos tienen en sus mecanismos constitucionales, herramientas de control político como la “muerte cruzada” o la declaratoria de ""vacancia por incapacidad moral"". Buen punto de debate para la próxima reforma constitucional.",https://www.vision360.bo/noticias/2026/08/26/64405-bolivia-bolivia-bolivia--cuesta-arriba
Visión 360,2026-08-26,•Opinión,Belleza con propósito,"Hay momentos en los que un país necesita mirarse en el espejo y descubrir que todavía existen razones para sentirse orgulloso. No hablo solamente de los grandes acontecimientos de nuestra historia, ni de las hazañas deportivas, artísticas o científicas que de tanto en tanto nos recuerdan que Bolivia es mucho más que sus problemas. Hablo también de esas personas que, sin ocupar cargos públicos ni disponer de grandes estructuras de poder, consiguen proyectar hacia afuera una imagen distinta de lo que somos. Vanessa Kraljevic Borda es, en estos días, una de ellas.

A sus 23 años, Vanessa no llegó al Miss Mundo 2026 solamente como una mujer extraordinariamente bella. Llegó con una historia, una formación y, sobre todo, con una causa. Nacida en Santa Cruz de la Sierra y criada en Cochabamba, estudió Religión, Política y Sociedad en King’s College London y posteriormente se graduó en Derecho en el Reino Unido. Habla español, inglés e italiano, es escritora, cantante, pianista, deportista y modelo, y ha tenido experiencias internacionales que incluyen incluso una participación en New York Fashion Week. Pero acaso lo más importante de su hoja de vida no figure en ninguna pasarela: comenzó su trabajo social cuando tenía apenas 13 años.

Su proyecto se llama The right to real education, el derecho a una educación real, y nació de una convicción sencilla pero profundamente poderosa: la educación puede cambiar el destino de una persona. Vanessa ha contado que perdió a su padre cuando era bebé y que pudo observar cómo la educación permitió a su madre construir una vida digna y darle un futuro. A partir de esa experiencia comprendió que aquello que había sido una oportunidad para ella podía convertirse también en una oportunidad para otros niños y jóvenes que nacen en condiciones de vulnerabilidad. Su proyecto comenzó con pequeñas acciones comunitarias y fue creciendo hasta convertirse en una iniciativa con dimensión internacional.

Y aquí aparece una diferencia sustancial entre una reina de belleza convencional y una verdadera representante de la filosofía del Miss Mundo. La organización creó hace décadas el concepto Beauty with a purpose, Belleza con propósito, precisamente para que la belleza deje de ser un fin en sí mismo y se convierta en una plataforma para producir algún tipo de transformación social. Vanessa parece haber entendido perfectamente esa lógica. No se trata de utilizar una corona para exhibirse, sino de utilizarla para amplificar una causa.

Los resultados comienzan a ser concretos. A través de The right to real education, en alianza con Wonderly y Aldeas Infantiles SOS Bolivia, se consiguieron 20.000 becas de formación tecnológica para niños y adolescentes, mientras que 400 menores comenzaron a acceder a contenidos relacionados con programación, inteligencia artificial, diseño web y otras herramientas digitales. En el reciente desafío Head to Head del Miss Mundo, la propia organización destacó que el proyecto ya había ayudado a más de 1.250 personas.

No es un proyecto que se haya inventado para participar en un concurso. Esa es, probablemente, una de sus mayores fortalezas. Vanessa empezó a trabajar por la educación mucho antes de imaginarse como Miss Bolivia Mundo. A los 15 años organizó durante dos años un modelo de Naciones Unidas que reunió a más de 200 estudiantes; a los 16 lideró una campaña de reforestación en Tiquipaya en la que participaron más de 50 jóvenes y se plantaron más de un centenar de especies amenazadas. Y a los 22 años llevó su propuesta educativa al parlamento británico, donde fue seleccionada para representar a América Latina y consiguió llamar la atención de parlamentarios británicos.

La historia continuó durante su preparación para Miss Mundo. En Filipinas, por ejemplo, visitó una escuela, entregó materiales educativos a 106 estudiantes y desarrolló un taller sobre autoestima y confianza. Y hace pocas semanas publicó Tupak Inti y la Isla del Sol, un libro infantil inspirado en Bolivia que será incorporado como material educativo para los beneficiarios de sus programas de becas, combinando educación, identidad cultural, lectura y conciencia ambiental.

Pero hay algo más que merece ser destacado. Vanessa está compitiendo muy bien. El Miss Mundo 2026, que celebra su 75.º aniversario y se desarrolla en Vietnam, reúne a más de un centenar de representantes y cuenta con diferentes pruebas que permiten acumular méritos para la gran final. La boliviana ya consiguió una actuación especialmente destacada en el Head to Head Challenge, donde su historia personal y su defensa de la educación fueron recibidas favorablemente. Seguimientos especializados y medios vinculados al certamen la ubicaron entre las cinco mejores de la región de América y el Caribe, un resultado que constituye un avance histórico para Bolivia en esta competencia.

No sería prudente afirmar que Vanessa será Miss Mundo. Los concursos internacionales tienen componentes subjetivos, estratégicos y competitivos que hacen imposible anticipar un resultado. Pero tampoco sería sensato mirar su candidatura como una más. Su preparación académica, dominio de idiomas, capacidad de comunicación, experiencia internacional, proyecto social y desempeño en las primeras pruebas configuran un perfil competitivo. De hecho, algunos medios especializados ya la han colocado entre las candidatas fuertes de esta edición.

Por eso, pensar en Vanessa dentro del podio no es una fantasía patriótica ni una exageración de fanáticos de los concursos de belleza. Es una posibilidad perfectamente razonable. Y acaso lo más importante sea que, independientemente de si termina primera, segunda, tercera o en cualquier otra posición, ya consiguió algo que no aparece en ninguna tabla de resultados. Consiguió que Bolivia sea vista por razones distintas a las habituales. Porque mientras nosotros asistimos, casi impotentes, a la construcción cotidiana de una imagen internacional asociada a la crisis económica, la inestabilidad política, los bloqueos, la corrupción, el narcotráfico, el contrabando y la inseguridad, una joven boliviana está hablando ante el mundo de educación, esfuerzo, resiliencia, cultura, derechos, infancia y esperanza. No es una contraparte menor.

En los últimos meses, las noticias internacionales sobre Bolivia han estado dominadas por conflictos políticos, protestas, bloqueos y una creciente preocupación por la expansión del crimen organizado y las redes vinculadas al narcotráfico en algunas zonas fronterizas. Incluso recientemente se han registrado episodios de violencia relacionados con organizaciones criminales brasileñas en territorio boliviano. Es verdad que esa realidad existe y sería irresponsable ocultarla. Bolivia tiene enormes problemas que deben ser enfrentados con instituciones sólidas, políticas públicas eficaces y mucha voluntad política. Pero un país no es solamente sus malas noticias. Una nación también es aquello que sus ciudadanos son capaces de hacer cuando nadie los obliga a hacerlo.

Y allí aparece Vanessa. En un momento en que Bolivia necesita desesperadamente recuperar autoestima, ella nos recuerda que también podemos ser reconocidos por nuestra capacidad, nuestra inteligencia, nuestra solidaridad y nuestra voluntad de construir. Mientras otros proyectan hacia afuera la imagen de un país atrapado en sus conflictos, ella proyecta la de una Bolivia joven, preparada, cosmopolita, solidaria y orgullosa de sus raíces.

Quizás por eso el verdadero significado de esta participación no esté en una corona azul, por importante que pueda ser. Está en el mensaje. En demostrar que la belleza puede tener contenido, que la juventud puede tener propósito y que representar a Bolivia puede significar mucho más que desfilar con una banda cruzada sobre el pecho. Vanessa Kraljevic Borda no necesita ganar el Miss Mundo para darnos una buena noticia. Pero si logra subir al podio, como hoy parece perfectamente posible, no será solamente Vanessa quien suba esos tres escalones. Subirá con ella una Bolivia distinta, la Bolivia que estudia, que trabaja, que crea, que ayuda, que sueña y que todavía tiene algo que decirle al mundo. Y en estos tiempos, créanme, eso es una forma sublime de belleza.",https://www.vision360.bo/noticias/2026/08/26/64390-belleza-con-proposito
Visión 360,2026-08-26,•Opinión,Breve análisis del informe de Fitch Ratings sobre Bolivia,"1. Resumen ejecutivo del informe de Fitch Ratings

El informe de Fitch Ratings del 24 de agosto de 2026 considera positiva la transición de Bolivia hacia un régimen cambiario más flexible y la unificación de los mercados de divisas, porque constituye un paso importante para corregir distorsiones cambiarias y facilitar el acuerdo con el FMI.

Sin embargo, Fitch advierte que la unificación cambiaria no resuelve por sí misma el problema estructural de escasez de divisas ni garantiza la reconstrucción de las reservas internacionales.

El principal desafío consiste en demostrar que el nuevo régimen puede generar una trayectoria sostenible de acumulación de reservas y no solamente reducir temporalmente las presiones sobre el mercado cambiario.

La agencia considera que la credibilidad de la política económica dependerá de la capacidad del Gobierno para implementar medidas fiscales, monetarias y cambiarias coherentes.

En particular, la consolidación fiscal adquiere importancia porque los elevados déficits han contribuido a las necesidades de financiamiento y a las presiones externas.

Fitch también identifica riesgos relacionados con la implementación de las reformas, la capacidad institucional y la gobernabilidad.

Por tanto, el informe no interpreta la unificación cambiaria como el final de la crisis, sino como el comienzo de un proceso de estabilización cuyo resultado todavía es incierto.

En términos de riesgo soberano, la evaluación de Fitch puede resumirse como: mejora en el marco de política económica, pero todavía sin evidencia suficiente de una recuperación sostenible de reservas y de las cuentas fiscales.

La importancia del informe aumenta porque Fitch mantiene a Bolivia dentro de una categoría de riesgo crediticio extremadamente elevada: en enero de 2026 había elevado la calificación soberana a CCC, pero desde una posición todavía caracterizada por vulnerabilidades financieras significativas.

El nuevo régimen cambiario puede contribuir a reducir las distorsiones, pero para Fitch la cuestión determinante será si logra restablecer la confianza y aumentar de manera sostenida la disponibilidad de divisas.

Esto requiere que el ajuste cambiario esté acompañado por una corrección fiscal suficientemente profunda.

Una reducción del déficit que resulte demasiado lenta podría mantener elevadas las necesidades de financiamiento y continuar presionando sobre las reservas.

Asimismo, la disponibilidad de financiamiento externo será importante para proporcionar liquidez durante la transición, pero no puede sustituir indefinidamente la generación interna de dólares.

El riesgo consiste en utilizar nuevos recursos externos únicamente para cubrir déficits corrientes sin modificar las causas estructurales del desequilibrio. Desde una perspectiva de mercado, Fitch está señalando esencialmente que Bolivia necesita pasar de una estabilización financiada externamente a una estabilización respaldada por fundamentos internos.

Por ello, la reconstrucción de reservas, la reducción fiscal y la implementación efectiva de reformas serán determinantes para mejorar posteriormente el perfil crediticio soberano.

2. ¿Qué es lo más preocupante del informe?

Lo más preocupante, desde mi perspectiva como analista económico, es que la unificación del mercado cambiario puede generar una mejora inicial sin que todavía exista certeza sobre la capacidad de Bolivia para acumular reservas de manera sostenible.

En otras palabras, se ha corregido parcialmente el mecanismo de formación del precio del dólar, pero todavía no se ha solucionado el problema fundamental: la insuficiente generación neta de divisas.

Si la oferta de dólares continúa siendo inferior a la demanda estructural, la presión cambiaria puede reaparecer aun bajo un mercado formalmente unificado. El segundo gran riesgo es fiscal: mientras el déficit permanezca en niveles muy elevados, el Estado continuará necesitando grandes cantidades de financiamiento.

Esto puede generar una competencia por divisas, aumentar la deuda y dificultar la reconstrucción de las RIN.

El tercer elemento es institucional: las reformas económicas necesitan respaldo político y capacidad de ejecución, precisamente en un contexto de problemas de gobernabilidad y gobernanza.

Por ello, el verdadero riesgo no es que la unificación cambiaria fracase inmediatamente, sino que sea insuficiente para producir un cambio estructural y que Bolivia pierda nuevamente el tiempo ganado mediante financiamiento externo.

Desde la perspectiva de Fitch, este es precisamente el punto que justifica la cautela respecto de la trayectoria futura de las reservas.

3. Aspectos positivos y negativos

Aspecto positivo 1: Unificación y mayor flexibilidad cambiaria

El principal aspecto positivo es que Bolivia ha avanzado hacia un mercado cambiario más flexible y unificado, reduciendo una distorsión que durante años dificultó la correcta formación del precio de la divisa.

Esta modificación puede disminuir los incentivos al arbitraje entre mercados y mejorar la transparencia de las operaciones cambiarias.

También permite que el tipo de cambio funcione progresivamente como mecanismo de ajuste frente a la escasez de dólares.

Desde la perspectiva de riesgo crediticio, es preferible un régimen que reconozca las condiciones reales de oferta y demanda antes que uno que mantenga artificialmente un precio incompatible con las reservas disponibles.

Fitch reconoce este cambio como un avance importante y lo relaciona con el acuerdo alcanzado con el FMI.

El desafío ahora consiste en convertir esta reforma cambiaria en una política integral capaz de generar estabilidad y acumulación efectiva de reservas.

Aspecto positivo 2: Acceso a financiamiento multilateral y mayor credibilidad externa

El segundo aspecto positivo es la posibilidad de que el acuerdo con el FMI y otros organismos multilaterales proporcione un puente financiero para reducir las restricciones externas.

La relación con el FMI puede mejorar la confianza de otros acreedores, organismos internacionales e inversionistas respecto de la capacidad de Bolivia para implementar un programa de estabilización.

Además, el respaldo multilateral puede contribuir a reducir el riesgo de una crisis inmediata de liquidez externa.

Desde una perspectiva de calificación, el efecto catalizador puede ser incluso más importante que el monto inicial de los recursos.

Sin embargo, estos recursos solamente tendrán un efecto positivo permanente si permiten reconstruir reservas y financiar la transición hacia un equilibrio externo sostenible.

Por ello, Fitch considera favorable el cambio de régimen, pero mantiene dudas sobre la trayectoria futura de acumulación de reservas.

Aspecto negativo 1: Persistencia del riesgo de reservas

El primer aspecto negativo es que la trayectoria de acumulación de reservas continúa siendo incierta, que constituye precisamente el núcleo del título y del análisis de Fitch.

Bolivia puede recibir financiamiento externo y mejorar temporalmente su posición de liquidez, pero eso no significa necesariamente que las reservas aumenten estructuralmente.

Si los recursos externos se utilizan para cubrir déficit fiscal, importaciones, combustibles y otras obligaciones, el efecto sobre las RIN puede ser solamente transitorio.

La situación es especialmente delicada considerando que las reservas líquidas disponibles son considerablemente menores que las RIN brutas.

Por tanto, la verdadera prueba será observar varios meses consecutivos de acumulación neta de reservas, no simplemente un incremento derivado de nuevos desembolsos.

Mientras esa evidencia no exista, el riesgo cambiario continuará siendo elevado.

Aspecto negativo 2: Consolidación fiscal todavía insuficiente

El segundo problema es el tamaño del desequilibrio fiscal y la necesidad de una consolidación mucho más profunda.

Una reducción marginal del déficit no cambia suficientemente la dinámica de deuda, financiamiento y presión sobre las reservas.

Mientras el Estado mantenga necesidades de financiamiento muy elevadas, aumentará la dependencia de recursos externos y del mercado financiero interno. Esto puede desplazar recursos del sector privado, incrementar el costo del financiamiento y generar nuevas presiones monetarias y cambiarias.

Desde la óptica de Fitch, el ajuste fiscal es fundamental para que la reforma cambiaria sea creíble y sostenible.

En consecuencia, Bolivia necesita una senda fiscal plurianual, verificable y políticamente respaldada, no solamente metas anuales de reducción del déficit.

Aspecto negativo 3: Riesgo de implementación y gobernabilidad

El tercer aspecto negativo es la brecha potencial entre las reformas anunciadas y su efectiva implementación, particularmente relevante considerando las restricciones de gobernabilidad existentes.

Una política económica puede estar técnicamente bien diseñada y fracasar si no cuenta con respaldo legislativo, coordinación institucional y capacidad administrativa.

Esto es especialmente importante para reformas sensibles como combustibles, gasto público, empresas estatales, impuestos y régimen cambiario.

La incertidumbre política puede retrasar decisiones y aumentar las expectativas de depreciación, haciendo que hogares y empresas demanden más dólares como mecanismo de protección.

Desde el punto de vista de un inversionista internacional, la previsibilidad institucional es prácticamente tan importante como las cifras fiscales.

Por ello, el riesgo que observo no es solamente económico: es la posibilidad de que la fragmentación institucional impida ejecutar el programa antes de que se agote el margen financiero disponible.

4. Recomendaciones de política económica para el gobierno

Recomendación 1: Programa de consolidación fiscal plurianual con protección social

Bolivia debería implementar inmediatamente un programa fiscal plurianual 2026-2029, con metas trimestrales de déficit, deuda, financiamiento interno y gasto corriente.

El objetivo no debería ser realizar un ajuste fiscal indiscriminado, sino reducir progresivamente el déficit estructural protegiendo la inversión pública productiva y el gasto social prioritario.

La primera medida debería ser una reducción gradual y focalizada de los subsidios generalizados, sustituyéndolos por mecanismos dirigidos a los hogares vulnerables. También debe realizarse una reestructuración de empresas públicas deficitarias y una revisión estricta de gasto corriente, contrataciones y transferencias.

Por el lado de ingresos, es necesario ampliar la base tributaria, reducir evasión y mejorar la administración fiscal antes que elevar indiscriminadamente las tasas.

El programa debe tener respaldo legislativo y mecanismos de transparencia para evitar que la polarización política bloquee las medidas.

Una senda fiscal creíble reduciría las necesidades de financiamiento, disminuiría la presión sobre el BCB y contribuiría indirectamente a estabilizar el mercado cambiario.

En términos de riesgo soberano, la consolidación fiscal es la condición más importante para transformar la actual estabilización cambiaria en una estabilización macroeconómica sostenible.

Recomendación 2: Estrategia integral de acumulación y defensa de las reservas

El Gobierno y el BCB deberían establecer una estrategia explícita de reconstrucción de reservas internacionales, con objetivos mensuales y trimestrales de acumulación neta de divisas.

No basta con aumentar las RIN mediante desembolsos externos: debe medirse cuánto de esos recursos permanece efectivamente disponible después de atender las obligaciones externas.

La prioridad debe ser generar una posición de divisas capaz de cubrir importaciones esenciales, servicio de deuda y eventuales shocks externos sin recurrir continuamente a nuevo endeudamiento.

Para ello deben incentivarse las exportaciones, inversión extranjera directa, minería formal, agroindustria, hidrocarburos y servicios exportables.

También es necesario reducir gradualmente la demanda estructural de dólares asociada a combustibles importados mediante mayor producción nacional y eficiencia energética.

El BCB debería comunicar periódicamente indicadores de reservas líquidas, composición de activos, flujos de divisas y cobertura externa para fortalecer la credibilidad.

Esto permitiría que hogares, empresas e inversionistas reduzcan la expectativa de una nueva depreciación abrupta.

La meta no debe ser defender artificialmente un tipo de cambio determinado, sino construir suficientes reservas para que el mercado cambiario pueda funcionar sin episodios recurrentes de iliquidez.

Recomendación 3: Acuerdo nacional de gobernabilidad económica para blindar las reformas

La tercera recomendación, y posiblemente la más difícil, es establecer un acuerdo nacional de gobernabilidad económica entre Ejecutivo, ALP, BCB, gobiernos subnacionales, sector privado y organizaciones sociales para garantizar continuidad mínima de las medidas de estabilización.

El problema de Bolivia actualmente no es solamente técnico: una reforma fiscal o cambiaria puede fracasar si carece de legitimidad política y capacidad de ejecución.

Por ello, las principales metas deberían convertirse en compromisos públicos: déficit fiscal, inflación, reservas líquidas, deuda, financiamiento monetario y empleo.

La ALP debe contar con información fiscal y financiera completa para aprobar oportunamente los instrumentos necesarios, mientras el BCB debe preservar su capacidad técnica y operativa.

El Gobierno, por su parte, debe comunicar con transparencia los costos y beneficios de las medidas, especialmente respecto de combustibles, impuestos y tipo de cambio.

Un mecanismo de seguimiento trimestral, con participación técnica independiente, permitiría detectar desviaciones antes de que se conviertan en una crisis.

Esto también enviaría una señal positiva a Fitch, Moody's, S&P, FMI y potenciales inversionistas: Bolivia no solamente anuncia reformas, sino que posee instituciones capaces de ejecutarlas y sostenerlas.

En definitiva, recuperar la confianza requiere simultáneamente disciplina económica, coordinación institucional y previsibilidad política; sin estos tres elementos, incluso un programa financiero importante corre el riesgo de convertirse solamente en un mecanismo para postergar el problema.

Conclusión final

En conclusión, el informe de Fitch Ratings confirma que la unificación del mercado cambiario constituye un avance importante, pero no significa que Bolivia haya superado su crisis externa y fiscal. La principal vulnerabilidad continúa siendo la capacidad de reconstruir reservas y generar divisas de manera sostenible, especialmente considerando que, al 14 de agosto, las RIN alcanzaban aproximadamente US$4.255 millones, pero las divisas líquidas apenas US$800 millones. La reducción de la brecha cambiaria es positiva, pero será sostenible únicamente si aumenta la oferta efectiva de dólares. El financiamiento del FMI puede proporcionar un importante puente de liquidez, pero no sustituye la generación permanente de divisas. Al mismo tiempo, un déficit fiscal todavía cercano al 9% del PIB resulta demasiado elevado para estabilizar rápidamente la deuda y reducir las necesidades de financiamiento. Por ello, el ajuste fiscal debe ser más profundo, gradual y creíble, evitando que el BCB vuelva a soportar estructuralmente las necesidades del Tesoro. El riesgo más importante es que Bolivia utilice el financiamiento externo para ganar tiempo sin corregir los desequilibrios que originaron la escasez de dólares. En consecuencia, 2026 representa una ventana crítica de oportunidad para recuperar credibilidad antes de que las reservas vuelvan a deteriorarse. Desde una perspectiva de riesgo soberano, la prioridad debe ser transformar la estabilización cambiaria inicial en acumulación efectiva de reservas, consolidación fiscal y recuperación productiva. Si estas tres condiciones no se cumplen simultáneamente, la reducción actual de las tensiones cambiarias podría ser solamente temporal",https://www.vision360.bo/noticias/2026/08/26/64363-breve-analisis-del-informe-de-fitch-ratings-sobre-bolivia
Visión 360,2026-08-26,•Matices,"AWS Community Day, el evento tecnológico con el sello de Amazon llega a Santa Cruz","El AWS Community Day Bolivia es el evento de tecnología cloud más importante de Bolivia, y está avalado por Amazon Web Services. Este 2026 regresa con una tercera edición más grande, más técnica y en una nueva ciudad: Santa Cruz de la Sierra. El evento se desarrollará en dos días, el viernes 28 de agosto tendrá lugar por la noche el TechMixer, un espacio exclusivo diseñado para sponsors, CEOs, CTOs, líderes técnicos e invitados especiales tanto nacionales como internacionales.

El sábado 29 de agosto llega el evento principal: más de 700 profesionales de tecnología reunidos en un solo lugar con un mismo propósito: aprender, conectar y crecer en el ecosistema AWS. Cualquier empresa tiene la oportunidad de estar frente a todos.

¿Por qué este evento importa? Bolivia está en un punto de inflexión tecnológico. Las empresas están migrando a la nube, los equipos de ingeniería crecen, y la demanda de talento especializado en AWS no para. El AWS Community Day Bolivia es el punto de encuentro de toda esa comunidad. Este no es solo un evento corporativo más. Es un espacio totalmente gratuito para los asistentes, organizado por la comunidad, para la comunidad, lo que garantiza una audiencia genuinamente comprometida con la tecnología. Cuando tu marca aparece aquí, no interrumpe: suma valor.

Ya se han realizado dos versiones: en el 2025 en Cochabamba, con mas 1.100,  31 speakers, 3 salas de aprendizaje, 27 charlas técnicas 8 horas de duración, 4 talleres con demos de AWS sala de exposiciones, 4 sesiones virtuales previas stands de sponsors, comunidades aliadas y startups road to community Day

El AWS Community Day Bolivia 2026 espera más de 800 asistentes con perfiles altamente especializados: DevOps y SRE engineers especialistas en Cloud, IA y Machine Learning ingenieros y arquitectos de software profesionales de ciberseguridad CTOs, tech leads y tomadores de decisiones tecnológicas estudiantes y jóvenes talentos en formación.

Durante todo el día 29 se realizarán encuentros, conferencias magistrales, laboratorios, reuniones de alto nivel e intenciones de acuerdos entre los expertos y los asistentes

José Jesús Cabrera, ingeniero en mecatrónica y robótica, uno de los organizadores, indicó que “El ecosistema tech boliviano está creciendo. Las empresas que quieran reclutar, posicionarse y conectar con ese ecosistema tienen una ventana única: estar presentes cuando la comunidad se reúne. El AWS Community Day Bolivia 2026 será el 29 de agosto, en Santa Cruz de la Sierra. Tu marca puede ser parte de esa historia”.

Las empresas e instituciones que apoyan el evento son: Amazon, Digital Harbor, Fundación Viva, Universidad Católica Boliviana, Encora, Soboce, Assuresoft, CodeRoad, Cloudreams , Centro de de Innovación y Emprendimientos PLUS, Favorcito, DigitalNAO, Tecnimelineo, Escala24x7, Walbit, Solydes Aceleradora.",https://www.vision360.bo/noticias/2026/08/26/64562-aws-community-day-el-evento-tecnologico-con-el-sello-de-amazon-llega-a-santa-cruz
Visión 360,2026-08-26,•Matices,Arqueólogos chinos y peruanos unirán esfuerzos para estudiar la civilización de Caral,"EFE / Pekín

China y Perú ampliarán su cooperación cultural con un proyecto conjunto de investigación arqueológica sobre la civilización de Caral, después de que el Instituto de Arqueología de la Academia China de Ciencias Sociales firmara un acuerdo con instituciones peruanas.

La cuenta oficial de la Red de Arqueología de China en la red social Weibo informó este martes de que la institución china suscribió el acuerdo con la zona arqueológica de Caral, dependiente del Ministerio de Cultura peruano, y con la Facultad de Arqueología de la Universidad Nacional Mayor de San Marcos.

Lee también: China prepara una reforma vial con reglas específicas para los vehículos autónomos

Según la información difundida, el convenio contempla trabajos de campo, investigaciones de arqueología científica, conservación del patrimonio cultural y formación conjunta de especialistas.

El acuerdo supone la primera participación formal de una institución arqueológica china en trabajos conjuntos de campo en Suramérica, destacó la prensa local.

El proyecto se centrará inicialmente en los restos de la civilización de Caral, considerada una de las más antiguas de América, y posteriormente podría extenderse al estudio de vestigios de la civilización inca.

Lee también: China avisa de que su cooperación con Irán ""no debe ser socavada"" por EEUU

La publicación señala que el equipo conjunto iniciará trabajos de prospección en zonas como las cuencas de los ríos Chancay y Supe, donde se encuentran algunos de los principales yacimientos asociados a dicha cultura, entre ellos la Ciudad Sagrada de Caral y Áspero.

La cooperación cultural se suma a los vínculos económicos y diplomáticos entre ambos países, que mantienen una asociación estratégica integral desde 2013. Durante la visita del presidente chino, Xi Jinping, a Perú en noviembre de 2024, ambos países reforzaron sus acuerdos de cooperación.

Ese viaje coincidió con la cumbre de líderes del Foro de Cooperación Económica Asia-Pacífico (APEC) celebrada en Lima y con la inauguración virtual del megapuerto de Chancay, una infraestructura construida con participación de capital chino que Pekín presenta como un nuevo punto de conexión entre Asia y América Latina.",https://www.vision360.bo/noticias/2026/08/26/64478-arqueologos-chinos-y-peruanos-uniran-esfuerzos-para-estudiar-la-civilizacion-de-caral
Visión 360,2026-08-26,•Mundo,Meta pagará 16.680 millones de dólares para zanjar las demandas por adicción a sus redes,"EFE / Nueva York

Meta, la empresa matriz de Facebook e Instagram, acordó pagar un máximo de 16.680 millones de dólares como parte de un acuerdo para resolver las demandas presentadas por varios estados de Estados Unidos que denunciaron la adicción de menores de edad a sus redes sociales, según un documento judicial publicado este miércoles. Las autoridades acusaban a la compañía tecnológica de diseñar sus redes sociales para generar adicción entre los menores y de engañar al público sobre los peligros de sus plataformas, ignorar los daños causados a la salud mental y física de los jóvenes, y violar la Ley de Protección de la Privacidad Infantil en Internet (COPPA) al recopilar datos de menores. Este acuerdo evita la celebración de un juicio federal en California, el cual agrupaba los reclamos de 29 estados. Meta ha aceptado el acuerdo para evitar prolongar los litigios, pero niega estas acusaciones y cualquier responsabilidad. El gigante de las redes sociales liderado por Mark Zuckerberg, además, se ha comprometido a implementar una serie de protecciones para los usuarios adolescentes (de entre trece y diecisiete años) y menores de trece años. Entre estas medidas está: la verificación de edad y eliminar cuentas de menores de trece años; el bloqueo por defecto de las notificaciones y el acceso general a la aplicación (excepto los mensajes directos) durante la noche; un límite de uso diario por defecto de dos horas; y un modo escolar en el que se silenciarán las notificaciones durante el horario lectivo. Por último, los adolescentes recibirán notificaciones obligatorias tras quince, sesenta y noventa minutos de uso continuo para incentivar que dejen de usar la aplicación. El anuncio del acuerdo se produjo tan solo un día después de que el director de Instagram, Adam Mosseri, testificara en el juicio en California. Se esperaba que el director ejecutivo de la empresa, Mark Zuckerberg, también prestara declaración en este proceso judicial. Tras el anuncio del acuerdo, que aún requiere la aprobación de un juez, las acciones de Meta subían más de un 3 % en Wall Street.",https://www.vision360.bo/noticias/2026/08/26/64625-meta-pagara-16680-millones-de-dolares-para-zanjar-las-demandas-por-adiccion-a-sus-redes
Visión 360,2026-08-26,•Mundo,"La OMS anuncia el fin del ébola en Uganda, mientras la RD Congo supera las 2.700 muertes","EFE / Nairobi

La Organización Mundial de la Salud (OMS) anunció este miércoles el “fin del brote” de ébola por la cepa Bundibugyo en Uganda, al tiempo que advirtió de que la enfermedad continúa fuera de control en la vecina República Democrática del Congo (RDC), donde ya se registran 2.715 muertos.

“Hoy, 26 de agosto, se cumple el 42.º día desde que el último caso confirmado fue dado de alta del centro de tratamiento en Uganda. Eso significa dos ciclos completos de incubación”, afirmó la directora de preparación y respuesta ante emergencias de la OMS, la doctora Marie Belizaire.

Durante su intervención en una rueda de prensa especial en la 76.ª sesión del Comité Regional de la organización para África, que se celebra hasta el viernes próximo en Adís Abeba, la funcionaria añadió que esto “garantiza que no queda riesgo residual de ébola en el país y marca el fin del brote”.

La declaración de que Uganda está libre de la enfermedad se produce después de que el Gobierno ugandés anunciara el 28 de julio pasado que el país había quedado “libre de ébola”, tras registrarse 20 contagios confirmados, incluidos 15 casos y dos muertes considerados importados desde la RDC.

Según el último informe del Ministerio de Salud congoleño, con datos recopilados hasta el pasado lunes, se contabilizan 5.665 casos confirmados —entre ellos 2.715 fallecidos—, con un total de 1.245 personas recuperadas y 792 pacientes hospitalizados o en aislamiento, bajo una tasa de letalidad que escala al 48 %.

En este sentido, Belizaire advirtió de que la República Centroafricana (RCA) es el “país de mayor riesgo”, seguido muy de cerca por Sudán del Sur, “ya que la epidemia ha alcanzado sus fronteras colindantes”.

“Actúen en función del nivel de riesgo, no del recuento de casos. La capacidad de vigilancia de Sudán del Sur lo sitúa en riesgo inmediato antes de que el número de casos llegue a desencadenar una respuesta”, pidió.

La funcionaria de la OMS también remarcó que el brote no puede tratarse como un “evento meramente nacional” debido a los corredores de movilidad de las rutas mineras, las vías comerciales y los movimientos transfronterizos hacia los países vecinos.

“La gente se desplaza y el virus se desplaza con ellos (...) Por tanto, gestionar los movimientos, realizar controles en los puntos de entrada y coordinarse a través de las fronteras es esencial”, subrayó.

Una de las dificultades que presenta el combate contra este brote es el incremento de las muertes fuera de los Centros de Tratamiento de Ébola (CTE), que en la semana 34 (del 17 al 22 de agosto) acapararon el 58,7 %.

“Una alta proporción de los fallecimientos ocurre en la comunidad y no en nuestros centros de tratamiento. Cuando la gente muere en sus hogares no estaba aislada, sus contactos no fueron rastreados y los entierros no seguros pueden generar nuevas cadenas de transmisión”, explicó Belizaire.

En lo que se refiere a tratamientos médicos, la funcionaria informó de que “no hay protección cruzada confirmada entre la vacuna existente para el ébola Zaire y la cepa de Bundibugyo”, pero aclaró que comenzarán un ensayo clínico en fase 3 para evaluar si esa protección es posible.

Hasta ahora no hay una vacuna específica para este brote y los ensayos clínicos se encuentran en fase 1 en humanos.

Por último, la situación financiera continúa siendo un desafío. De los 518 millones de dólares necesarios para combatir la enfermedad, solo se han desembolsado 333,2 millones, mientras que los compromisos ya formalizados llegan a 156,5 millones, muy lejos de los 1.300 millones de dólares prometidos inicialmente por la comunidad internacional.

“De cara al futuro, nuestro objetivo debe ser acelerar los compromisos y desembolsos y garantizar que la financiación disponible esté alineada estratégicamente”, cerró la directora de preparación y respuesta ante emergencias de la OMS.",https://www.vision360.bo/noticias/2026/08/26/64598-la-oms-anuncia-el-fin-del-ebola-en-uganda-mientras-la-rd-congo-supera-las-2700-muertes
Visión 360,2026-08-26,•Mundo,Suben a 160 los muertos tras la riada en Nepal que deja más de 700 personas desaparecidas,"EFE / Katmandú/Pekín

Al menos 160 personas murieron (157 en Nepal y 3 en China) y cientos permanecían desaparecidas o sin contacto este miércoles después de que violentas inundaciones repentinas golpearan ambos lados de la frontera entre Nepal y el Tíbet (China), arrastrando puentes, cortando carreteras y dañando infraestructuras hidroeléctricas. La mayor parte de las víctimas confirmadas hasta ahora se concentra en Nepal, donde el último reporte de la Policía, dado a las 23:05 local (17:20 GMT), informó de la recuperación de 157 cadáveres en las zonas afectadas por la riada del río Bhote Koshi, aunque su identificación todavía no había concluido, según el reporte de medios nepalís. El tercer balance de la Autoridad Nacional para la Reducción y Gestión del Riesgo de Desastres (NDRRMA), dado a las 22:00 (16:15 GMT) indicó que permanecían sin contacto 384 turistas, 291 extranjeros y 93 nepalíes, además de 44 miembros del Ejército, 28 policías, 13 efectivos de la Fuerza Armada de Policía y 60 trabajadores de distintos proyectos hidroeléctricos. Al otro lado de la frontera, las autoridades chinas informaron de al menos tres muertos y 265 desaparecidos en el condado tibetano de Gyirong, según un primer balance difundido por el medio estatal CCTV. El recuento, actualizado hasta las 20:00 hora local (12:00 GMT), precisó que el número concreto de fallecidos y heridos seguía bajo verificación mientras continuaban las operaciones de búsqueda y rescate.

La riada golpeó con especial fuerza el distrito de Rasuwa, en el norte de Nepal, donde la masa de agua alcanzó a primera hora del miércoles las localidades de Timure, Rasuwagadhi y Syabrubesi, junto a uno de los principales pasos terrestres hacia el Tíbet. El desastre dañó al menos 80 puentes transitables (35 para paso vehicular y 45 colgantes) y unos 40 kilómetros de carreteras, además de proyectos hidroeléctricos y otras infraestructuras, lo que dificultó el acceso de los equipos de rescate a algunas de las zonas afectadas. El ministro de Asuntos Exteriores de Nepal, Shishir Khanal, señaló que los primeros indicios apuntan a que un terremoto registrado por la mañana habría provocado un gran deslizamiento de tierra que bloqueó temporalmente el cauce del río en territorio tibetano, antes de que la acumulación de agua desencadenara la crecida.

El Servicio Geológico de Estados Unidos (USGS) registró a las 02:52 GMT un sismo de magnitud 4,4, pero luego cambió el evento a un deslizamiento de magnitud 5,2, y situó su origen a unos 55 kilómetros al noroeste de Kodari, en Nepal. El Gobierno nepalí declaró durante tres meses zona de desastre las áreas afectadas y ordenó movilizar helicópteros militares y privados para las operaciones de búsqueda y rescate, además de proporcionar atención médica gratuita a los heridos y acelerar la restauración de carreteras, electricidad y telecomunicaciones.",https://www.vision360.bo/noticias/2026/08/26/64583-suben-a-160-los-muertos-tras-la-riada-en-nepal-que-deja-mas-de-700-personas-desaparecidas
Visión 360,2026-08-26,•Mundo,"Sinaloa, dolor de cabeza y moneda de cambio de Sheinbaum frente a las presiones de EE.UU.","EFE / Ciudad de México

El estado mexicano de Sinaloa tiene desde este semana nueva gobernadora, Graciela Domínguez, en una prolongada crisis política desatada por la segunda renuncia de Rubén Rocha Moya, acusado de nexos con el crimen organizado, y la sospecha de que la presidenta, Claudia Sheinbaum, negociaría su extradición a Estados Unidos. Sheinbaum pidió este lunes que el reemplazo de Rubén Rocha Moya, de su mismo partido, al frente del Gobierno de Sinaloa tenga “capacidad, honestidad, profesionalismo y entrega al pueblo”, al subrayar que ""ningún interés personal puede estar jamás por encima de los intereses del pueblo y de la nación"". “Yo me enteré por la publicación del propio gobernador. No tuve ningún conocimiento previo de que él quisiera regresar a ejercer sus funciones en el estado de Sinaloa. La verdad no me parecía pertinente, por decirlo menos”, señaló la mandataria. El gobernador, separado de su cargo por las acusaciones de EE.UU. sobre sus presuntos nexos con el Cartel de Sinaloa, regresó el pasado 21 de agosto por ""miedo"" a que la mandataria mexicana utilizara su posible extradición como moneda de cambio y finalmente lo pusiera a disposición de las autoridades estadounidenses. ""Rocha Moya calculó que una medida de compensación habría sido su cabeza"", asegura a EFE David Saucedo, experto en seguridad. Ante tal panorama, Rocha Moya, allegado a López Obrador, decidió retomar de manera ""unilateral"" el cargo para obtener fuero, una protección legal que impide que los gobernadores ""sean investigados, detenidos o llamados a comparecer"", recordó. Al tomar esta decisión, el afiliado al partido oficialista recibió, además de un aislamiento político por parte de Morena y la presidenta, a emisarios que, según Saucedo, le comunicaron que ""si no presentaba su dimisión a la gobernatura, lanzarían un juicio de desafuero en su contra desde el Congreso federal, así como una investigación penal y su posible extradición"". ""Rocha Moya acepta su segunda salida de la gobernatura a cambio de no ser extraditado, lo que no se negoció fue la sucesión"", afirma el especialista. Sin embargo, sostiene que el Gobierno federal busca con Graciela Dominguez un nuevo perfil para la gubernatura interina, a diferencia de lo ocurrido con la gestión de Yeraldine Bonilla Valverde, quien fungió como mano derecha de Rocha Moya al asumir el cargo a inicios de mayo, cuando el gobernador pidió licencia por primera vez. ""Lo que busca el Gobierno es desmantelar todo el dominio político, empresarial y caciquil de Rocha Moya en Sinaloa"", apuntó Saucedo sobre el político, quien, desde el presunto secuestro y detención del narcotraficante Ismael ‘El Mayo’ Zambada en 2024, está en la mira de las autoridades estadounidenses por su supuesta colaboración con el Cartel de Sinaloa. Sinaloa, en el noroeste de México, registra una persistente crisis de violencia impulsada por la pugna interna entre facciones de este grupo del crimen organizado, con miles de homicidios y desapariciones acumulados desde que inició el conflicto a finales de 2024.",https://www.vision360.bo/noticias/2026/08/26/64574-sinaloa-dolor-de-cabeza-y-moneda-de-cambio-de-sheinbaum-frente-a-las-presiones-de-eeuu
Visión 360,2026-08-26,•Mundo,Rusia considera positiva la primera visita de un director de la CIA en toda la guerra,"EFE / Moscú

El Kremlin valoró hoy positivamente la visita el martes a Rusia del director de la CIA, John Ratcliffe, la primera desde el comienzo de la guerra en Ucrania.

""Los propios contactos entre los servicios secretos son algo positivo, un proceso positivo"", dijo Dmitri Peskov, portavoz presidencial, en su rueda de prensa telefónica diaria.

Más aún, añadió, cuando ""esos contactos continúan, a menudo, incluso en los momentos más complicados de nuestras relaciones, sobre lo que, por cierto, habló también nuestro presidente"".

En cuanto a la posibilidad de que la visita del jefe de la CIA contribuya a mejorar las relaciones con Washington, señaló que es ""prematuro"" hacer cualquier valoración al respecto.

A su vez, insistió en que Vladímir Putin no llegó a recibir a Ratcliffe, aunque sí fue informado ""inmediatamente"" sobre los resultados de las consultas.

Se trata de la primera visita a este país de un director de la Agencia Central de Inteligencia desde noviembre de 2021, cuando William Burns viajó a Moscú para intentar convencer a Putin de que renunciara a sus planes de invadir Ucrania.

La prensa estadounidense especula con que Ratcliffe pudo viajar a la capital rusa para hablar de Ucrania, las tensiones con la OTAN, Irán o las negociaciones para liberar a un preso estadounidense.

La Casa Blanca está preocupada por el reciente vuelo de varios drones contra territorio de países miembros de la OTAN, como Alemania, Polonia, Rumanía y los Bálticos, a lo que se suman los supuestos planes de movilización de Rusia, que son negados por el Kremlin.

Putin, que acusa a los países europeos de estar implicados directamente en la guerra en Ucrania, rechazó las propuestas de alto el fuego y tregua aérea y marítima de Kiev, a la que acusó de abrir ""la caja de pandora"" con sus ataques masivos contra la retaguardia rusa.

Lee también: Ucrania se plantea reducir el rango de edad de movilización pese a su déficit de personal

El Congreso estadounidense podría aprobar próximamente el primer gran paquete de sanciones contra Rusia desde que el presidente, Donald Trump, llegara al poder hace 18 meses, algo que ya hizo el Senado hace más de dos semanas.

La CNN, por su parte, destacó que la visita tuvo lugar justo después de que Washington anunciara el inicio de una operación para cortar ""todas las operaciones económicas"" de Irán, uno de cuyos principales aliados es Rusia.

Según canales de Telegram rusos, en realidad, el jefe de la CIA viajó a Moscú para negociar la liberación del estadounidense Charles Zimmerman, un veterano de la Marina estadounidense, de 58 años, condenado en enero pasado a cinco años de cárcel por tenencia y tráfico ilegal de armas.

Los medios rusos señalan que Putin ha firmado estos días dos decretos secretos, uno de los cuales podría estar relacionado con el indulto de Zimmerman.",https://www.vision360.bo/noticias/2026/08/26/64499-rusia-considera-positiva-la-primera-visita-de-un-director-de-la-cia-en-toda-la-guerra
Visión 360,2026-08-26,•Mundo,Al menos 16 muertos y 400 sin contacto en Nepal tras una riada en la frontera con China,"EFE / Katmandú

Al menos 16 personas murieron y casi 400 peregrinos permanecían este miércoles sin contacto en Nepal después de que una riada repentina alcanzase a varias localidades y dañara carreteras y otras infraestructuras cerca de la frontera con el Tíbet (China).

El portavoz de la Policía de Nepal en la provincia de Bagmati, Rajendra Prasad Dhamala, confirmó a EFE que hasta el momento se han contabilizado 16 fallecidos, aunque las autoridades temen que la cifra aumente.

El director general de la compañía Touch Kailash Travels, Bashu Kumar Adhikari, dijo que se ha perdido el contacto con 390 peregrinos que se encontraban en Nepal camino de cruzar hacia el Tíbet para participar en el Kailash Mansarovar Yatra.

Lee también: Netanyahu sobre Irán: ""Con esos salvajes es imposible llegar a un acuerdo""

“La mayoría son indios. Sus identidades aún no han sido verificadas”, afirmó.

El portavoz del Ejército de Nepal, Rajaram Basnet, declaró a EFE que al menos 29 personas habían sido rescatadas tras el desbordamiento del río Bhote Koshi.

Basnet señaló que seis helicópteros del Ejército y otros ocho operados por empresas privadas fueron desplegados para las labores de búsqueda y rescate.

“Es difícil evaluar los daños en este momento, pero es posible que tanto los daños como el número de víctimas sean considerables”, afirmó.

La riada golpeó a primera hora del miércoles el distrito de Rasuwa, donde afectó pueblos, mercados, carreteras y obras hidroeléctricas e interrumpió el tránsito por una de las principales rutas terrestres entre Nepal y el Tíbet.

Lee también: Principal aeropuerto venezolano retomará operaciones en septiembre en terminal temporal

La masa de agua llegó hacia las 9:15 hora local (3:30 GMT) al río Bhote Koshi desde la zona tibetana y golpeó con especial fuerza Timure, Rasuwagadhi y Syabrubesi, según fuentes oficiales.

Las autoridades movilizaron a los cuerpos de seguridad y equipos de emergencia mientras trataban de determinar el alcance de los daños y localizar a las personas que permanecían sin contacto.

Cada año, miles de personas viajan al monte Kailash y al lago Mansarovar, en el Tíbet, durante una peregrinación considerada sagrada por hindúes, budistas y jainistas.",https://www.vision360.bo/noticias/2026/08/26/64496-al-menos-16-muertos-y-400-sin-contacto-en-nepal-tras-una-riada-en-la-frontera-con-china
Visión 360,2026-08-26,•Mundo,Ucrania se plantea reducir el rango de edad de movilización pese a su déficit de personal,"EFE / Kiev

Las declaraciones de un diputado ucraniano y del antiguo enlace con Kiev de la Casa Blanca, Keith Kellog, sobre posibles cambios en los criterios de selección para el reclutamiento forzoso han puesto en el centro de la actualidad en Ucrania la espinosa cuestión de quién debe estar sujeto a la movilización militar obligatoria de la que depende el país para poder seguir conteniendo a un enemigo muy superior numéricamente como lo es Rusia.

Este debate recurrente -que se desarrolla mientras continúan los episodios de violencia y tensión entre reclutadores y civiles que rechazan la movilización forzosa- ganó protagonismo después de que el secretario del Comité de Defensa del Parlamento, el diputado Román Kostenko, anunciara medidas ""radicales"" en el reclutamiento que incluyen cambios en las edades límite de la población movilizable.

Sus palabras hicieron pensar a muchos que el Ejército y la administración del presidente Volodímir Zelenski se disponían a rebajar la edad mínima a partir de la que los varones ucranianos pueden ser enviados al Ejército contra su voluntad, que actualmente está en 25 años.

El propio Kostenko salió poco después a aclarar que los cambios no incluirían una medida por su impopularidad entre la opinión pública y las consecuencias demográficas que tendría para un país que pierde población activa a un ritmo dramático debido a la guerra.

Según dijo el lunes el diputado, el Estado Mayor ucraniano estudia cambiar los límites de edad para la movilización, pero no por abajo, sino por arriba, con una reducción de la edad máxima, que está ahora en 60 años, y bajarla a 50 o a 55 años.

A diferencia de lo que ocurrió con el rumor de que se iba a llamar a filas a al menos una parte de los ucranianos adultos de menos de 25 años, la información de los planes para eximir del reclutamiento obligatorio a los adultos de más edad dentro de la franja de movilizables ha sido recibida positivamente en Ucrania.

""Si se trata de bajar la edad de movilización de 25 a, por ejemplo 21 o a cualquier otra edad, estoy totalmente en contra. Si hablamos de bajar la edad máxima, totalmente a favor, porque 60 años es demasiado para participar activamente en una guerra"", dijo a EFE el diputado opositor del partido de centro-derecha Solidaridad Europea Oleksí Goncharenko, que tiene registrado en el Parlamento un proyecto de ley en este sentido.

En el debate ha entrado también, aunque desde una perspectiva distinta, el general en la reserva estadounidense Keith Kellogg, que fue durante el primer año del segundo mandato de Donald Trump su emisario para Ucrania y la voz más decididamente pro Kiev de la administración republicana.

""¿Que si creo que las mujeres deben ser movilizadas para el ejército? Mi respuesta es que sí, porque pueden combatir igual que los hombres"", dijo en una entrevista el lunes Kellogg, que se encontraba en Ucrania y se había reunido con Zelenski.

La sugerencia de Kellogg ha sido rechazada de plano por numerosas voces con autoridad en Ucrania.

""La movilización de las mujeres en Ucrania no se está llevando a cabo y tampoco se prepara ni se considera"", se lee en un nota publicada por la dirección del Parlamento ucraniano en la que se condena de forma implícita la ""especulación pública"" de Kellogg.

Danilo Getmantsev, del partido de Zelenski, ha calificado de ""absurdo y cínico"" cualquier plan de reclutar forzosamente a mujeres.

""Suena dos veces cínico viniendo de alguien que no va a ir nunca a la guerra (en Ucrania)"", ha declarado el diputado, que se ha referido a Kellogg como ""uno de los partidarios de (continuar) la guerra"".

""Es un tema muy peligroso, porque la simple mención de esa opción puede empujar a más gente a marcharse del país, y ya estamos en una situación demográfica totalmente catastrófica"", declaró a EFE Goncharenko, el diputado opositor.

Goncharenko y dos expertos militares ucranianos contactados por EFE consideran que Ucrania no puede centrarse en aumentar el número de movilizados a la fuerza, sino ofrecer, pese a las graves dificultades económicas, más incentivos a posibles nuevos reclutas y seguir apostando por drones y otros mecanismos no tripulados para no perder más población en la guerra.

""Ucrania no puede luchar contra Rusia en cantidad. Perderemos, si vamos por ahí. Nuestra ventaja está en el uso de soluciones tecnológicas y de ingeniería"", dice Oleksandr Kovalenko, un analista militar de Odesa.

""Estoy al corriente del nuevo concepto de movilización y la edad no es el principal elemento"", afirma por su parte Mijailo Samus, uno de los comentaristas de asuntos de defensa mejor conectados del país.",https://www.vision360.bo/noticias/2026/08/26/64493-ucrania-se-plantea-reducir-el-rango-de-edad-de-movilizacion-pese-a-su-deficit-de-personal
Visión 360,2026-08-26,•Mundo,"Netanyahu sobre Irán: ""Con esos salvajes es imposible llegar a un acuerdo""","EFE / Jerusalén

El primer ministro israelí, Benjamín Netanyahu, descartó la posibilidad de llegar a un acuerdo con los líderes iraníes, a los que calificó de ""salvajes"", y reiteró que si Irán ataca Israel, responderá con más contundencia que nunca.

""No permitiremos que Irán nos ataque, y si, Dios no lo quiera, nos atacan, recibirán un golpe con el que ni siquiera han soñado, mucho más fuerte del que han recibido hasta ahora"", dijo en un acto celebrado este martes noche en un asentamiento israelí en el territorio palestino ocupado de Cisjordania, cuyo discurso distribuyó este miércoles su oficina.

Netanyahu habló de su última reunión en Washington hace casi un mes con el presidente estadounidense, Donald Trump, donde le trasladó que, si bien no tenía ""ninguna objeción"" a llegar a un acuerdo con Irán, dudaba de que se pudiera ""con esos salvajes"".

""Es imposible llegar a un acuerdo"", añadió Netanyahu sobre esa opción, que fue una de las tres que, según su versión, discutieron Trump y él.

Lee también: Irán desmiente a Trump y dice que Ormuz no ha sido desminado

Otra de las opciones fue la de una acción militar. ""Le dije: 'Estamos ahí, nos defenderemos, no permitiremos que Irán nos ataque'"", le trasladó a Trump.

Netanyahu también planteó al presidente estadounidense una tercera opción, la de reforzar el bloqueo contra Irán. ""Ayer (Trump) confirmó esta decisión de una manera muy, muy, muy contundente"", añadió Netanyahu sobre sus nuevas sanciones a más de sesenta entidades, individuos y buques que trabajan con el régimen iraní.",https://www.vision360.bo/noticias/2026/08/26/64487-netanyahu-sobre-iran-con-esos-salvajes-es-imposible-llegar-a-un-acuerdo
Visión 360,2026-08-26,•Mundo,"El Kremlin confirma la visita del director de la CIA a Rusia, pero niega reunión con Putin","EFE / Moscú

El Kremlin confirmó este miércoles la visita sorpresa a Moscú del director de la CIA, John Ratcliffe, pero afirmó que el funcionario estadounidense no fue recibido por el mandatario ruso, Vladímir Putin, mientras circulan rumores sobre un posible intercambio de prisioneros.

""No hubo una reunión con el presidente"", declaró escuetamente el portavoz de la Presidencia rusa, Dmitri Peskov, al canal ruso RTVI.

Anteriormente, el representante del Kremlin comentó a The Washington Post que esta visita estaba vinculada a ""contactos entre los servicios de inteligencia"", sin dar más detalles.

La víspera, Peskov aseveró a la prensa no tener información sobre la llegada del avión militar de Estados Unidos a Rusia.

Según canales de Telegram rusos, el director de la CIA, quien estuvo implicado en el pasado en intercambios de prisioneros entre ambos países, llegó a Moscú para otra misión similar, que estaría relacionada con la liberación del estadounidense Charles Zimmerman.

El veterano de la Marina estadounidense, de 58 años, fue condenado en enero pasado a cinco años de cárcel en Rusia por tenencia y tráfico ilegal de armas.

De acuerdo con la prensa, el estadounidense viajó a Rusia para conocer en persona a una chica con la que había hablado por internet, y fue detenido cuando su yate atracó en el puerto de Sochi con un rifle a bordo.

Los medios rusos señalan que Putin habría firmado estos días dos decretos secretos, uno de los cuales podría estar relacionado con el indulto de Zimmerman.

Lee también: Astronautas concluyen paseo espacial de seis horas y media para instalar una antena en EEI

La visita a Moscú de Ratcliffe, que fue director de Inteligencia Nacional durante el primer mandato del presidente, Donald Trump, fue confirmada a CBS News y Axios por fuentes anónimas y se produjo en un momento en que permanecen estancadas las negociaciones de paz entre Rusia y Ucrania impulsadas por EE.UU.

Algunos medios occidentales relacionaron la visita con supuestos planes de Moscú de anunciar una nueva movilización de hombres para apoyar la ofensiva en Ucrania, algo que ha sido negado por las autoridades rusas, o para advertir al Kremlin de que no ataque ninguno de los objetivos británicos que suministran armamento a Ucrania.

Se trata de la primera visita de un director de la CIA a Rusia en casi un lustro. Su antecesor, William Burns, viajó a Moscú en noviembre de 2021, apenas unos meses antes de la intervención militar rusa en Ucrania.",https://www.vision360.bo/noticias/2026/08/26/64484-el-kremlin-confirma-la-visita-del-director-de-la-cia-a-rusia-pero-niega-reunion-con-putin
Visión 360,2026-08-26,•Mundo,Irán desmiente a Trump y dice que Ormuz no ha sido desminado,"EFE / Teherán

Irán desmintió que el estrecho de Ormuz haya sido desminado tal y como aseguró el presidente de Estados Unidos, Donald Trump, e insistió en que solo reabrirá la estatégica vía si Washington cumple con sus condiciones.

“Si Estados Unidos ha desminado realmente ¿por qué siguen sin pasar buques por el estrecho de Ormuz?”, se preguntó el viceministro de Exteriores iraní, Kazem Garibabadi, en la televisión estatal a última hora de anoche.

“La afirmación de Estados Unidos sobre el desminado del estrecho de Ormuz es una estrategia propagandística”, aseguró.

El diplomático afirmó que si entraran buques desminadores estadounidenses en el estrecho estos serían “objetivos muy fáciles” para Irán.

Garibabadi insistió en que la reapertura de la estratégica vía marítima solo se producirá a cambio del fin de la guerra en todos los frentes y el levantamiento del bloqueo a los puertos y buques iraníes.

Trump aseguró ayer que las fuerzas militares de su país han desminado el estrecho de Ormuz y advirtió a Irán sobre cualquier intento de colocar nuevos explosivos en la estratégica vía de crudo.

Lee también: Principal aeropuerto venezolano retomará operaciones en septiembre en terminal temporal

“Acabo de ser informado por la Armada de EE. UU. de que todas las minas han sido retiradas y/o detonadas en las aguas internacionales del estrecho de Ormuz. Se ha notificado a Irán que cualquier barco o embarcación que coloque nuevas minas será destruido de inmediato y de manera sistemática”, escribió en su red Truth Social.

Irán cerró el paso por Ormuz a mediados de julio, tras nuevos bombardeos estadounidenses contra el sur del territorio iraní, a los que Estados Unidos respondió reimponiendo un cerco sobre buques y puertos iraníes.

La República Islámica además insiste en cobrar tasas por servicios de navegación, seguridad y medio ambiente por transitar por el estrecho por el que circulaba el 20 % del crudo antes de la guerra, algo a lo que Estados Unidos se opone.

Irán y Omán anunciaron ayer que están cerca de cerrar un acuerdo para el establecimiento de un corredor conjunto para el tránsito de buques en el estrecho de Ormuz y su desminado.

El estrecho de Ormuz, entre Irán y Omán, es una de las principales rutas mundiales para el transporte de petróleo y gas y se ha convertido en uno de los principales puntos de tensión del conflicto entre Estados Unidos e Irán.",https://www.vision360.bo/noticias/2026/08/26/64481-iran-desmiente-a-trump-y-dice-que-ormuz-no-ha-sido-desminado
Visión 360,2026-08-26,•Mundo,Principal aeropuerto venezolano retomará operaciones en septiembre en terminal temporal,"EFE / Caracas

El Aeropuerto Internacional de Maiquetía, el principal de Venezuela, que sirve a Caracas y fue afectado por los sismos del pasado 24 de junio, anunció el martes que retomará operaciones de vuelos comerciales el próximo 1 de septiembre en terminales temporales.

En un comunicado, el Instituto Aeropuerto Internacional de Maiquetía (IAIM) pidió a los pasajeros comunicarse directamente con sus respectivas aerolíneas para verificar la reprogramación de sus vuelos hacia los espacios habilitados temporalmente mientras termina la recuperación del edificio.

Aseguró que la reanudación de operaciones es posible gracias a un proceso desarrollado bajo ""altos estándares de calidad y últimas tecnologías"".

""Más que una infraestructura, este espacio representa una profunda reconexión con el mundo y con lo nuestro: el reencuentro con nuestras raíces, la unión de las familias y la certeza de que la puerta de Venezuela sigue abierta al porvenir"", agregó el instituto.

El IAIM indicó recientemente que habrá dos terminales de salidas y dos de llegadas, que funcionarán para vuelos nacionales e internacionales y que contarán con climatización, wifi, zonas de espera, máquinas expendedoras, baños, servicio médico, estaciones de carga y rampas para pasajeros con movilidad reducida.

El terminal internacional de salida será de 4.300 metros cuadrados y tendrá cuatro puertas y una capacidad de 780 personas en sus salas de espera.

Los terminales son ""estructuras modulares metálicas"", según el instituto, que señala también que el traslado entre estos espacios y la rampa de operaciones se hará en buses.

Además, habrá estacionamiento de corta y larga permanencia.

Lee también: Venezuela alcanza mayor producción petrolera desde febrero de 2019, según Delcy Rodríguez

El mismo día de los terremotos, la presidenta encargada, Delcy Rodríguez, anunció el cierre del aeropuerto y luego varias aerolíneas movieron sus operaciones a la ciudad de Valencia, capital del estado Carabobo (norte), a 172 kilómetros de distancia de Caracas en vehículo.

Otras trasladaron las operaciones a Barcelona, capital del estado Anzoátegui (este), a 313 kilómetros de distancia de Caracas por carretera.

La mandataria encargada había anunciado una alianza internacional para la recuperación de la terminal de Maiquetía, pese a no detallar qué actores están involucrados.

Este aeropuerto, ubicado en la devastada región de La Guaira, la más afectada por los terremotos, retomó el 5 de agosto sus operaciones de aviación de carga como un primer paso hacia una reapertura paulatina tras el cierre por los sismos, que dejaron al menos 6.509 muertos.",https://www.vision360.bo/noticias/2026/08/26/64475-principal-aeropuerto-venezolano-retomara-operaciones-en-septiembre-en-terminal-temporal
Visión 360,2026-08-26,•Mundo,Astronautas concluyen paseo espacial de seis horas y media para instalar una antena en EEI,"EFE / Miami

La astronauta francesa Sophie Adenot, y el estadounidense Anil Menon concluyeron este martes una caminata de seis horas y media fuera de la Estación Espacial Internacional (EEI) durante la que instalaron una antena de comunicaciones de alta velocidad.

En la caminata espacial, que concluyó a las 14:57 horas del este de EE.UU. (18:57 GMT), los astronautas ""instalaron y conectaron con éxito"" la antena 'Space-to-Ground' (espacio-tierra), una liga para conectar el laboratorio orbital con la Centro de Control de Misión de la NASA en Houston, informó dicha agencia espacial.

""Las verificaciones iniciales de la antena recién instalada mostraron una buena transmisión de energía y datos. Los controladores de vuelo en tierra continuarán probando la antena durante la noche para garantizar su total funcionalidad"", detalló la NASA en su sitio web.

Esta fue la caminata espacial número 98 en la que participa algún astronauta de EE.UU., la tercera de Menon y la segunda de Adenot, quien pertenece a la Agencia Espacial Europea (ESA, en inglés), según expuso la NASA.

También representó la caminata espacial número 283 en apoyo al ensamblaje, mantenimiento y actualización de la estación espacial.

La antena que instalaron es un enlace crítico para la transmisión de datos, pues permite las comunicaciones de alta velocidad.

De nuevo, Menon trabajó subido al brazo robótico Canadarm2, mientras que la astronauta francesa estuvo sujeta al exterior del laboratorio orbital.

Desde el interior, los supervisaron la comandante de la estación, Jessica Meir, y el ingeniero de vuelo Jack Hathaway, quienes operarán el brazo durante la caminata.

Lee también: Médicos paraguayos vuelven a manifestarse en las calles para exigir ajustes salariales

Es la tercera y última caminata espacial del mes en la Estación Espacial Internacional, que vio a Menon y a Meir abandonar la seguridad de su interior el pasado 6 de agosto para preparar la instalación de unos paneles solares.

Este tipo de salidas de mantenimiento son habituales en el laboratorio orbital, que será desmantelada en 2030 con la ayuda de SpaceX.

La EEI, operativa desde 1998, ha sido un símbolo de colaboración internacional en la investigación espacial, aunque los elevados costos de mantenimiento y la obsolescencia tecnológica han llevado a planificar su retiro.

La sustituirán estaciones en órbita de empresas privadas, lo que permitirá a la NASA centrar sus recursos en la exploración espacial.",https://www.vision360.bo/noticias/2026/08/26/64472-astronautas-concluyen-paseo-espacial-de-seis-horas-y-media-para-instalar-una-antena-en-eei
Visión 360,2026-08-26,•Mundo,Médicos paraguayos vuelven a manifestarse en las calles para exigir ajustes salariales,"EFE / Asunción

Cientos de médicos del sector público de Paraguay volvieron a manifestarse este martes en Asunción, en reclamo de ajustes salariales y la dotación de los hospitales, y a solo días de que el Congreso, que controla el oficialismo, inicie la discusión del presupuesto de la nación para 2027.

En el segundo día de una huelga convocada inicialmente hasta el viernes, los manifestantes se concentraron frente al Panteón Nacional de los Héroes, donde reposan los restos de los próceres de Paraguay, lanzaron encendidas proclamas de reivindicación y amenazaron con extender su protesta de forma ""indefinida"" si no son atendidas sus demandas.

""Cuando nadie roba, la plata alcanza"" o ""ningún paraguayo debe morir por ser pobre"" eran algunas de las consignas que corearon los asistentes.

Tras dejar una corona de flores ante los próceres, los manifestantes intentaron marchar hasta el Congreso, pero la Policía cortó las calles aledañas al recinto legislativo.

Pese a todo, los líderes de la protesta lograron trasladarse hasta el Congreso, donde fueron recibidos por el presidente de la Cámara Baja, el diputado Raúl Latorre, quien les ofreció ser un interlocutor de sus demandas ante los parlamentarios.

""Mañana vamos a realizar una reunión con los líderes de las diferentes bancadas de la Cámara de Diputados y los representantes de los gremios médicos"", dijo Latorre -en su cuenta de la red social X-.

Los médicos están en huelga tras no llegar a un acuerdo con el Gobierno luego de cuatro reuniones de negociación.

Además de mayores ingresos y dotación de fármacos e insumos en los hospitales, los facultativos exigen los nombramientos oficiales de los profesionales que tienen contratos temporales y la mejora de sus condiciones laborales.

La huelga afecta a los principales hospitales públicos, donde se suspendieron las consultas y cirugías programadas, pero no así a los pertenecientes al Instituto de Previsión Social (IPS), la entidad gubernamental que administra los fondos de pensiones y el sistema de salud de la gran mayoría de los trabajadores del país.

""Nosotros entendemos la necesidad de los pacientes de consulta, pero estamos totalmente sobrepasados"", dijo a EFE Cynthia Vega, médica del Hospital General Pediátrico Niños de Acosta Ñu de la ciudad de San Lorenzo, cercana a Asunción.

Así mismo, Vega calificó la falta de insumos en los hospitales como ""tremenda"" y negó que el salario de los médicos sea ""suficiente"" como, aseguró, han dicho algunos miembros del Gobierno.

El viernes pasado, el Ministerio de Salud Pública y Bienestar Social oficializó los nombramientos de unos 11.000 trabajadores del sector, entre médicos, enfermeros y funcionarios administrativos.

No obstante, Vega, quien integra la mesa negociadora de los médicos, dijo que la cifra no se acerca al número real de oficializados, que calculó en menos de quinientos.

Esta mañana, los manifestantes trataron de ""hacerse ver"" por el presidente Santiago Peña, quien sostuvo un encuentro con empresarios en el Centro de Convenciones de la Conmebol en la ciudad de Luque, vecina de Asunción.

""No tuvimos ningún éxito, el presidente se dio la vuelta solamente para evitarnos"", dijo a periodistas la líder de los galenos en huelga y secretaria general del Sindicato Nacional de Médicos (Sinamed), Rossana González.

Esta martes, el ministro de Economía y Finanzas, Óscar Lovera, aseguró que al Gobierno le resulta ""imposible"" financiar el ajuste salarial que exigen los médicos.

Sin embargo, el diputado opositor Rubén Rubín dijo esta mañana a los líderes de la huelga que ""plata hay"".

""Docentes, personal de blanco y fuerzas públicas son los cimientos de la democracia. Si no hay plata para ustedes, no tiene sentido conformar Gobierno (...), gastamos fortunas en bonificaciones para cargos públicos, entonces, plata hay"", apuntó Rubín.

De igual manera, el parlamentario prometió transformase en la voz de los médicos cuando el Congreso inicie la discusión del presupuesto para 2027, que debe ocurrir a más tardar el próximo martes 1 de septiembre, y consideró como un momento propicio para garantizar los recursos de los posibles aumentos.

Los médicos aseguran que el último reajuste salarial que recibieron fue aprobado en 2012.

Un galeno devenga como mínimo entre cinco millones (832 dólares) y 5,4 millones de guaraníes (900 dólares) de acuerdo con su tipo de contrato, según datos oficiales.",https://www.vision360.bo/noticias/2026/08/26/64469-medicos-paraguayos-vuelven-a-manifestarse-en-las-calles-para-exigir-ajustes-salariales
Visión 360,2026-08-26,•Política,"Oviedo evita la censura en la Asamblea con votos de Unidad, Libre y PDC","Con los votos de Unidad, Libre y del Partido Demócrata Cristiano (PDC), el ministro de Gobierno, Marco Antonio Oviedo, evitó la censura del pleno de la Asamblea Legislativa Plurinacional (ALP), tras ser interpelado por las labores de su ministerio contra el narcotráfico en el país.

De los 153 legisladores presentes en la sesión, 82 votaron por la opción de “puro y simple”, 35 se abstuvieron y 36 votaron por la censura.

Durante la votación, varios legisladores de Libre votaron por la censura y cuestionaron la exposición de Oviedo sobre el trabajo que ejecuta su ministerio en la lucha contra el narcotráfico. Sin embargo, el diputado de Libre Néstor Rodríguez votó por “puro y simple”, al igual que otros legisladores.

“Este Gobierno continúa con la corrupción, este Gobierno no quiere hacer la reforma constitucional. Esta interpelación es un desastre. ¿Cómo pueden hacer una interpelación sin el informe de Chile? Estas interpelaciones tan mal hechas están deslegitimando a la Asamblea”, declaró en su intervención el diputado de Unidad, Carlos Alarcón, según informó Unitel.

Lee también: “Caso maderas”: Oviedo sostiene ante la ALP que todavía no se demostró presencia de sustancias controladas en carga retenida en Chile

En la votación, la senadora del Partido Demócrata Cristiano (PDC), Ana María Crispín, cuestionó el informe del ministro Oviedo y votó por la censura.

“Respecto a la información, realmente no coincide con las páginas en redes sociales ni con los pasos que ha dado. Ha mencionado secuestro de droga, avionetas. Nos mienten, nos quieren hacer ver ilusiones”, declaró en su intervención.",https://www.vision360.bo/noticias/2026/08/26/64637-oviedo-evita-la-censura-en-la-asamblea-con-votos-de-unidad-libre-y-pdc
Visión 360,2026-08-26,•Política,“Caso maderas”: Oviedo sostiene ante la ALP que todavía no se demostró presencia de sustancias controladas en carga retenida en Chile,"El ministro de Gobierno, Marco Antonio Oviedo, sostuvo este miércoles ante el Legislativo que aún no se demostró, mediante pericias especializadas, la presencia de sustancias controladas en la carga que fue retenida en Chile en marzo pasado. La autoridad manifestó que realizaron sin éxito gestiones para que se hagan los exámenes periciales necesarios.

Oviedo fue interpelado esta jornada en la Asamblea Legislativa Plurinacional (ALP) por el denominado “caso maderas”, la incautación de más de 60 toneladas de droga supuestamente impregnadas en una carga de madera procedente de Bolivia. El ministro de Gobierno subrayó que la causa aún está en fase de pesquisas.

Lee también: Legislativo interpela al ministro Marco Antonio Oviedo sobre el “caso maderas”

“La carga retenida en los puertos chilenos, y supuestamente impregnada por sustancias controladas, aún se encuentra en etapa de investigación y todavía no se ha demostrado, mediante pericias laboratoriales especializadas en Chile, la presencia de sustancias controladas”, afirmó el ministro de Gobierno ante los legisladores.

Oviedo sostuvo que, mientras el Ministerio Público del país vecino no pruebe con evidencia científica la presencia de droga impregnada en la madera procedente de Bolivia, no se puede presumir su existencia.

“Mientras la Fiscalía de la República de Chile no demuestre con pruebas de laboratorio científicas la existencia de droga impregnada en cargas de madera provenientes de Bolivia no se puede presumir la existencia de sustancias controladas”, aseguró.

Lee también: Unidad Nacional exige una investigación total del caso Cerimedo-Beller: “Caiga quien caiga”

La autoridad indicó que la carga “se encuentra retenida” por autoridades chilenas desde el 24 de marzo, lo que significa que está en esa situación desde hace cinco meses y un día. Oviedo, en ese marco, comentó que realizaron sin éxito gestiones para que se hagan las pericias necesarias.

""Hemos hecho múltiples gestiones, tanto de parte del Gobierno boliviano, de mi ministerio, de la Cancillería, de organizaciones internacionales para hacer que los laboratorios chilenos y las autoridades que están con competencia en este caso, puedan hacer los exámenes periciales en los laboratorios correspondientes y den algún resultado. Las gestiones, fueron hasta el momento, absolutamente negadas por las autoridades del gobierno de chile”, aseguró.",https://www.vision360.bo/noticias/2026/08/26/64580-caso-maderas-oviedo-sostiene-ante-la-alp-que-todavia-no-se-demostro-presencia-de-sustancias-controladas-en-carga-retenida-en-chile
Visión 360,2026-08-26,•Política,"En medio de presiones, Gobierno descarta abrogar el decreto del diésel y plantea ampliar el estado de excepción","A pesar de la resistencia y de un bloqueo de caminos contra el decreto que sube a Bs 18 el litro de diésel, el Gobierno del presidente Rodrigo Paz descartó este miércoles su abrogación o anulación y planteó, por el contrario, la necesidad de ampliar el estado de excepción en caso de continuar la intención de desestabilizar la democracia.

El ministro de la Presidencia, Fernando Aramayo, fijó la posición del Gobierno en un día en que comenzó un bloqueo de caminos que interrumpe el tráfico entre los departamentos de Santa Cruz y Beni, en rechazo al Decreto 5676, que eleva el precio del diésel para los grandes consumidores de combustible, entre ellos los sectores productivos.

“El que se haya tomado esta decisión (de quitar la subvención sectorial al diésel) es duro; es complejo, pero es esto o continuamos financiando a estas mafias que estaban lucrando con el contrabando. El otro elemento que es importante resaltar es que hay todavía, en algunos ámbitos, una fase reglamentaria del decreto”, afirmó.

No solo los medianos y pequeños productores agropecuarios exigen la anulación del decreto —al que consideran discriminatorio—, sino también los grandes agroindustriales, quienes se reunirán por convocatoria de la privada Cámara Agropecuaria del Oriente (CAO) para definir acciones de protesta.

Lee también: Envían comisión negociadora y contingente militar-policial para levantar el bloqueo en la vía Santa Cruz-Beni

Una comisión negociadora del Gobierno y un contingente militar y policial fueron enviados hasta el punto de bloqueo en la vía Santa Cruz-Beni, instalado la madrugada de este miércoles en medio del estado de excepción. El Gobierno logró suspender una medida similar que debía comenzar el martes en Yapacaní, con el compromiso de responder en 48 horas al pedido de anulación del decreto.

En medio de este escenario de conflictividad, el ministro Aramayo consideró que el estado de excepción debiera ampliarse.

“El estado de excepción tiene una vigencia plena en este momento, y si seguimos con estas amenazas, con estas acciones que van en contra de la vigencia del Estado de derecho y del respeto a lo que es el estado de excepción, claro que tiene que ampliarse, porque quiere decir que hay grupos que continúan en la intención de desestabilizar la democracia”, afirmó.

El 20 de junio fue aprobado el Decreto 5636, que dispuso el estado de excepción y terminó por sofocar el duro bloqueo de 53 días que exigía la dimisión del presidente Paz. La medida tiene una vigencia de 90 días, que fenece en los primeros días de la segunda quincena de septiembre, a no ser que sea extendida por decisión del Legislativo.

El parágrafo II del artículo 10 de la Ley de Regulación de Estados de Excepción establece que, “de forma excepcional, se podrá ampliar dicho plazo previa autorización de la Asamblea Legislativa Plurinacional, por votación de la mayoría absoluta de sus miembros presentes”.

“El estado de excepción ha sido humanitario para garantizar el abastecimiento de combustibles y de alimentos, y porque además ha quedado en evidencia que estamos en una situación de terrorismo político, de narcoterrorismo contra el Estado. Y naturalmente, si esta amenaza continúa, tiene que ampliarse el estado de excepción. No podemos permitir que se interrumpan las garantías democráticas”, insistió Aramayo.",https://www.vision360.bo/noticias/2026/08/26/64577-en-medio-de-presiones-gobierno-descarta-abrogar-el-decreto-del-diesel-y-plantea-ampliar-el-estado-de-excepcion
Visión 360,2026-08-26,•Política,Legislativo interpela al ministro Marco Antonio Oviedo sobre el “caso maderas”,"Después de lograr el cuórum necesario y resolver una moción previa, el pleno de la Asamblea Legislativa Plurinacional (ALP) comenzó la interpelación al ministro de Gobierno, Marco Antonio Oviedo, sobre el denominado “caso maderas”. La autoridad es la segunda del gabinete que asiste al hemiciclo esta semana para ser fiscalizada.

Después de las 13:00, el vicepresidente Edmand Lara, presidente nato de la ALP, invitó a Oviedo a sentarse en la testera. La sesión se instaló en la mañana, pero el pedido de incluir en la agenda la solicitud de una investigación internacional sobre el caso Cerimedo retrasó el inicio del acto interpelatorio.

La convocatoria señala que el acto de fiscalización es por la lucha contra el narcotráfico y, según el pliego interpelatorio, se centra en el denominado “caso maderas”. El acto de interpelación está promovido por la diputada Claudia Herbas y los diputados Rolando Pacheco, Edwin Huiza y Juan Carlos Poma, de la bancada de Alianza Popular.

La semana pasada, el Legislativo fiscalizó a los ministros de Economía, Gabriel Espinoza, y de Obras Públicas, Mauricio Zamora. El primero, Espinoza, fue censurado y posteriormente destituido por el presidente Rodrigo Paz. El martes, el ministro de Hidrocarburos, Marcelo Blanco, también fue interpelado, pero no fue censurado.",https://www.vision360.bo/noticias/2026/08/26/64559-legislativo-interpela-al-ministro-marco-antonio-oviedo-sobre-el-caso-maderas
Visión 360,2026-08-26,•Economía,Modificar el DS 5676 o mantenerlo como fue aprobado genera un debate interno en el Gobierno,"Autoridades del Gobierno nacional emitieron criterios diferentes respecto a la posibilidad de abrogar, derogar o mantener el Decreto Supremo 5676, que fijó el precio del litro de diésel en Bs 18 para los grandes consumidores y mantiene el precio de Bs 9,86 para los compradores particulares y transportistas.

El decreto fue aprobado el pasado 17 de agosto y, según los argumentos del ministro de Hidrocarburos, Marcelo Blanco, la medida estaba destinada a regularizar la provisión del combustible, eliminar las filas en las estaciones de servicio y evitar el contrabando o la reventa.

Las reacciones, en principio, fueron de apoyo y otras de rechazo. Varios analistas manifestaron que la medida era positiva, debido a que para Yacimientos Petrolíferos Fiscales Bolivianos (YPFB) era insostenible mantener la subvención y también tenía un efecto negativo para las finanzas públicas.

Sin embargo, el conjunto de los sectores empresariales, productivos, sindicales y otros rechazaron la medida, al considerarla discriminatoria contra los sectores agropecuarios, agroindustriales, mineros, entre otros.

Mientras que desde los sectores sociales se advirtió de un alza de precios de los productos de primera necesidad y advirtieron con iniciar medidas de presión, en algunos casos, una vez que se cumplan los 90 días del estado de excepción, mientras que otros salieron a las calles a expresar su rechazo.

El viceministro de Régimen Interior, Hernán Paredes, después de una reunión con los productores de Yapacaní, en el departamento de Santa Cruz, reconoció ayer que hay que ajustar el DS 5676, a tiempo de reconocer que había molestia entre los productores.

En la reunión con las organizaciones sociales de ese municipio, la autoridad sostuvo que el DS 5676 no cumplió con los objetivos, porque “el objetivo era que los grandes importadores traigan su propio diésel y que los pequeños productores, el transporte público en las ciudades se beneficien del diésel y la gasolina subvencionada”.

Manifestó que el objetivo se distorsionó totalmente, de tal manera que los pequeños productores no están pudiendo acceder en las gasolineras; hay colas de colas, porque mucha gente lleva el diésel a otro destino.

“En mi criterio, sí ese decreto supremo debe ser derogado, lo que yo voy a hacer estimado compañero Juan Cáceres, es pasar toda la documentación y el informe”, afirmó.

El ministro de Economía y Finanzas Públicas, Christian Morales, por su parte, reconoció que “se tienen que realizar ajustes para minimizar los riesgos”, en entrevista con Unitel.

“Es importante que hagamos los ajustes que deban realizarse, pero en el marco de un diálogo totalmente respetuoso entre las partes con el único fin de que ambos podamos sacar adelante la economía”, afirmó.

Lee también: Decreto 5676: suman las protestas que piden su abrogación porque provoca el alza de precios y costos operativos para productores

Dijo que, si bien hay que hacer ajustes al decreto, los vamos a realizar, pero es importante que el tema de corregir las distorsiones que hemos heredado son totalmente vitales, precisó.

El ministro de la Presidencia, Fernando Aramayo, descartó la abrogación o derogación del decreto 5676, en declaraciones a Cadena A.

“Se abroga, se deroga, entonces ¿qué propones? ¿Qué salida le damos? ¿Qué preferimos? ¿Qué no haya abastecimiento?, y que las colas estén frente a surtidores que no van a vender el diésel”. La situación es clara, lo dijo el presidente, Rodrigo Paz, también de manera reiterada en múltiples ocasiones, manifestó.

Dijo que la norma no será abrogada y aclaró que el precio fijado es referencial, y que habrá una variabilidad y el decreto lo plantea; este no es un precio que se ha definido de manera caprichosa y que lo que se está planteando no es irracional.

El gobernador de La Paz, Luis Revilla, sostuvo que entendía que el Gobierno nacional anunció que se iban a realizar modificaciones al DS 5676, y que se espera que las mismas, que además esperan algunos sectores sociales que están en aprestos de movilizaciones, puedan solucionar estas preocupaciones y no se registren bloqueos o movilizaciones que perjudican al país.

Revilla, quien es socio del Gobierno, manifestó que hay razones por las cuales hay reclamos contra el decreto y se espera que en las próximas horas se hagan estas modificaciones, se atiendan estas demandas y se evite una situación de preocupación mayor.

“Si ya se ha planteado hacer una modificación a los decretos, será porque están recibiendo los criterios, las propuestas de las distintas organizaciones e instituciones para hacer justamente las modificaciones al decreto”.",https://www.vision360.bo/noticias/2026/08/26/64610-modificar-el-ds-5676-o-mantenerlo-como-fue-aprobado-genera-un-debate-interno-en-el-gobierno
Visión 360,2026-08-26,•Economía,"FSTMB acusa al ministro Calderón de obstaculizar trámites de empresas legales, parcializarse con auríferas y apoyar a comercializadoras clandestinas","La Federación Sindical de Trabajadores Mineros de Bolivia (FSTMB) denunció hoy al ministro del área, Marco Antonio Calderón, por obstaculizar los trámites de los contratos mineros de las empresas estatales y privadas legales, parcializarse con las cooperativas mineras auríferas ilegales y apoyar las actividades de las comercializadoras clandestinas, y exigió que se retire del cargo. Hasta el momento, la autoridad aludida no respondió a las acusaciones.

En una conferencia de prensa convocada con carácter de emergencia, la cúpula sindical hizo la denuncia contra la autoridad, que no aporta al sector minero ni al desarrollo del sector, por las trabas que impuso a los trámites, con instrucciones emitidas a través de su jefe de Gabinete.

Afirmó que la actitud asumida por Calderón se debe a las observaciones que presentaron a la organización de la Cumbre Nacional Minera, realizada en julio, en la que se sostuvieron reuniones sectoriales con los tres actores mineros reconocidos legalmente.

El secretario ejecutivo de la FSTMB, Andrés Paye, al respecto, afirmó que no se trata de asuntos personales y que Calderón debía responder como autoridad, porque los dirigentes responden a sus bases, y le calificó como “un niño malcriado”, mientras que ellos representan a hombres que quieren trabajar.

El pronunciamiento de la FSTMB denunció el accionar del Ministro de Minería y Metalurgia de “obstaculizar los contratos mineros, tanto a nuestras empresas estatales y privadas” y al jefe de Gabinete, a quien no identificaron, de no atender los requerimientos de los trabajadores mineros asalariados, demostrando “el no importismo a los problemas de la minería nacional”.

Sin embargo, “vemos la parcialización del Gobierno y de esta cartera de Estado con el otro sector minero cooperativo aurífero, liberando áreas mineras y favoreciéndoles en todo sentido”, sostiene el documento que fue leído en la conferencia de prensa.

La organización sindical recordó que las autoridades deben ejercer sus funciones de acuerdo con las tareas y responsabilidades que les fueron asignadas, a favor de los bolivianos y el desarrollo del país en su conjunto.

La FSTMB, que aglomera a los mineros asalariados del país, expresó su extrañeza por el silencio del ministro Calderón, al que calificó de “cómplice”, al no haberse pronunciado sobre el cargamento de los 189,42 kilos de oro incautado en el aeropuerto de Viru Viru, de Santa Cruz, el pasado 22 de julio, “utilizando documentación falsificada, que es producto de la minería ilegal, fomentando a las comercializadoras clandestinas”.

Lee también: La FSTMB afirma que la Cumbre Nacional Minera 2026, convocada por el Gobierno, fracasó porque no hubo resultados

Este ministerio debería ser el más interesado en esclarecer este asalto, que es un desfalco a la economía nacional, tomando en cuenta que los recursos naturales son de los bolivianos, según la Constitución Política del Estado, aseguró.

“Por lo expuesto, la FSTMB, por las “graves falencias de este personaje”, que no está comprometido con el desarrollo del país, la FSTMB exigimos contundentemente el cambio de este ministro incapaz”.

Posteriormente, hizo uso de la palabra Paye, recordó que la Constitución Política del Estado manifiesta e indica que los recursos naturales son de propiedad única de los bolivianos y aclaró que el Estado es “simple y llanamente un administrador”.

Dijo que les llama la atención que el ministro Calderón esté, pues, a favor de los destructores, de los depredadores: “Qué ha pasado en La Asunta, qué ha pasado también con el tema de los lingotes, qué pasa con la minería ilegal, al contrario, se calla en un silencio cómplice, divide incluso al sector minero, como es el sector cooperativo también y, quiere dividir también al sector asalariado”, denunció.

Advirtió que, “no lo vamos a permitir, (…) si el Gobierno le debe favores a un sector minero, que no utilice los recursos naturales y los recursos tanto de aportes a la Caja de los trabajadores”.

El dirigente minero expresó la indignación de su sector, debido a que Calderón, a través de su jefe de Gabinete, “ha instruido en todas las áreas: Jurídica, Financiera y Técnica que los trámites que se vienen realizando en formalizar, actualizar y sobre todo legalizar lo que es la minería legal, que no se atienda, que cualquier cosa se haga mediante nota y mediante nota van a responder”.

Afirmó que, con esa actitud, la autoridad está demostrando que: “hacer minería ilegal es realmente fácil y hacer minería legal es totalmente complicado; y muchos actores mineros lo saben, incluso nuestros compañeros, nuestros hermanos cooperativistas, también lo han denunciado en algún momento”.

Ante esas actitudes, Paye afirmó que el sector minero asalariado dice “basta, y (si) el señor ministro de Minería no se siente capaz de un paso al costado, no perjudique de esa forma, porque nosotros queremos hacer más producción, más economía al pueblo boliviano”.

Lee también: La AJAM plantea que la minería ilegal requiere una respuesta interinstitucional de todo el Estado boliviano

Sostuvo que los mineros asalariados quieren que todos los contratos sean legales, pero “es el primero que pone la tranca y; le digo al señor Presidente, usted habla de tranca, ahí está su tranca, ahí está su tranca, él es el que instruye, él es el que no permite que los técnicos nos reciban, a simples observaciones que nosotros tenemos que justificar”.

Demandó que el Gobierno defina lo que quiere hacer con la minería, porque “apoyan tanto a la minería ilegal a las comercializadoras ilegales, porque no permiten que los actores mineros realmente sigamos en el tema legal”.

Esa realidad se manifiesta en el tráfico de oro, por qué no se manifiesta sobre las actividades ilegales de las cooperativas auríferas, que le están haciendo gran daño al pueblo boliviano y que no aportan casi nada, exigió.

Paye manifestó que la minería asalariada está firme acá, porque quiere aportar y “ni usted, ni nadie nos va a frenar, porque somos el pueblo, son nuestros recursos”, advirtió que, si se quiere ampliar el estado de excepción, pero “no nos vas a callar”.

“No es un tema personal, no me interesa tu vida, nosotros somos dirigentes y si no estás pensando que es tu cargo, (…) eres Ministro de Minería y, nosotros somos dirigentes, respondemos a las bases, respondemos a nuestras familias y queremos que nuestro pueblo tenga mejores días”, advirtió.

Paye también se refirió a la Cumbre Nacional Minera realizada entre el 22 y 24 de julio, dijo que Calderón “con esa su maldita cumbre que solamente, lo ha hecho sectorial, les ha hecho pelear a los compañeros cooperativistas, también nos quería engatusar a nosotros”.

Informó que presentaron sus propuestas, como mineros asalariados, que no fueron bien recibidas por la autoridad, “de lo que le hemos observado, de eso se agarra, (…) pareces un niño, un niño malcriado, nosotros representamos a hombres, hombres que quieren trabajar, no caprichosos”.

Hemos indicado con claridad que se retire, porque esa clase de autoridades no nos sirven, no aporta nada o que nos diga en qué está aportando, el simple hecho que dice voy a traer inversión, pero cuándo, dónde, ni siquiera tiene la capacidad para realizar una cumbre minera, sostuvo.",https://www.vision360.bo/noticias/2026/08/26/64592-fstmb-acusa-al-ministro-calderon-de-obstaculizar-tramites-de-empresas-legales-parcializarse-con-auriferas-y-apoyar-a-comercializadoras-clandestinas
Visión 360,2026-08-26,•Economía,Van dos días de alza: ¿cuáles son los factores que inciden en la subida del dólar?,"En los dos últimos días, la cotización del dólar reportó un alza. El lunes, bajó hasta Bs 11,50 y el martes comenzó a subir hasta Bs 11,54. Para este miércoles, el precio se mantuvo en Bs 11,57. Analistas económicos indicaron que el alza se debe a la falta de divisas, a la compra de dólares que hace Yacimientos Petrolíferos Fiscales Bolivianos (YPFB) a entidades bancarias para importar combustible y a la inestabilidad política y social.

El economista Antonio Saravia indicó que uno de los elementos que generó la subida del dólar en estos dos días son las acciones que realiza YPFB en cuanto a la compra de divisas de entidades bancarias para poder adquirir carburantes.

“Yo creo que tiene que ver con los combustibles. Lo que pasa es que YPFB necesita dólares para importar combustibles. El Banco Central no tiene dólares, no le va a dar dólares porque ya no tienen sus reservas internacionales. Entonces lo que hace YPFB es comprar dólares con bolivianos en el mercado. Va a los bancos y compra dólares. Cuando YPFB le urge comprar combustibles porque hay muchas colas, porque la presión social es muy alta, entonces va y compra un montón de dólares y eso hace subir el precio o que fluctúe el precio”, manifestó Saravia en contacto con Visión 360 .

Lee también: Dólar sube a Bs 11,54 este martes y frena tendencia a la baja

Explicó que cuando la empresa estatal de hidrocarburos compra las divisas a los bancos provoca un “vaivén del precio del dólar”. “YPFB tiene que comprar dólares porque no los va a obtener del Banco Central, entonces es un demandante más en el mercado, pero es un demandante fuerte porque compra muchos dólares, entonces cuando YPFB compra dólares para comprar combustibles, eso hace subir el precio de la moneda”, dijo.

Por su lado, Fernando Romero, presidente del Colegio de Economistas de Tarija, consideró que el problema mayor es que el país enfrenta una falta de divisas y que, por ello, subió el precio del dólar en estos últimos días.

“Creo que el principal problema es la escasez de divisas. Tenemos una estructura económica que capta y recibe pocos dólares por exportaciones, por inversiones extranjeras y también por créditos externos. Hay pocos dólares para sostener el precio de la divisa”, sostuvo Romero a este medio.

Lee también: Analistas económicos señalan que el descenso del dólar se debe a acciones del BCB y al anuncio del acuerdo con el FMI

Además de esos factores, el experto atribuyó la escalada a otros problemas: los escándalos políticos y los anuncios de movilizaciones. “Estamos pasando por un sinfín de problemas económicos, políticos y sociales, entre ellos lo que ha pasado con el caso de Nadia Beller, ha desestabilizado un poco al gobierno. El tema evidentemente de la falta de carburantes y posibles presiones y movilizaciones a nivel nacional. Está también la interpelación renuncia de un ministro clave para el país. Además, hay serios indicios de problemas de gobernabilidad y gobernanza, lo cual, si esto se suma a la falta de liquidez y la llegada muy limitada de divisas a la economía boliviana y una demanda especulativa, pues causa que suba nuevamente el dólar”, afirmó el economista.

Los economistas señalaron que el país está a la espera de la llegada de los $us 1.900 millones acordados con el Fondo Monetario Internacional para respaldar el programa integral de reformas económicas del Gobierno. Esos recursos —indicaron— podrían aliviar “por un cierto tiempo la subida del dólar en el país”.",https://www.vision360.bo/noticias/2026/08/26/64586-van-dos-dias-de-alza-cuales-son-los-factores-que-inciden-en-la-subida-del-dolar
Visión 360,2026-08-26,•Economía,Remesas recibidas por Bolivia caen en $us 89 millones en el primer semestre de 2026,"Las remesas familiares recibidas por Bolivia registraron una nueva disminución durante el primer semestre de 2026. Según datos difundidos este miércoles por el Banco Central de Bolivia (BCB), entre enero y junio ingresaron al país $us 541 millones, monto que representa una caída de $us 89 millones (14,1%) respecto al mismo periodo de 2025, cuando se recibieron $us 630 millones.

La reducción es mayor si se compara con el primer semestre de 2024. En ese periodo las remesas llegaron a $us 643 millones, por lo que el flujo de 2026 es inferior en $us 102 millones, equivalente a una disminución de alrededor del 15,9%.

El comportamiento confirma una tendencia descendente en los envíos de dinero de los bolivianos residentes en el exterior. En el primer semestre de 2025, el propio BCB había reportado $us 630 millones en remesas recibidas y había atribuido su disminución a la incertidumbre global y al desempeño de las economías desde donde provienen estos recursos.

Las remesas tienen relevancia para la economía boliviana porque constituyen una fuente de ingreso de divisas para los hogares y forman parte de los flujos registrados en la balanza de pagos. En 2024, por ejemplo, el BCB señaló que las remesas familiares explicaron el 95% del saldo positivo del ingreso secundario durante el primer semestre, con un flujo neto de $us 517 millones.

Por departamento de destino, Santa Cruz mantiene el liderazgo. Durante los primeros seis meses de 2026 recibió $us 321 millones, equivalentes al 59,3% del total nacional.

Le siguieron Cochabamba, con $us 131 millones y una participación del 24,2%, y La Paz, con $us 44 millones, que representa el 8,1% del total. En conjunto, estos tres departamentos concentraron más del 90% de las remesas recibidas por el país en el periodo analizado.

La caída de las remesas se produce además en un contexto económico en el que el ingreso de divisas adquiere especial importancia para el país. El comportamiento de estos recursos es seguido por el BCB dentro de las estadísticas del sector externo y la balanza de pagos, debido a su incidencia en el flujo de recursos provenientes del exterior.

Con el resultado del primer semestre, las remesas recibidas en 2026 se encuentran $us 102 millones por debajo del nivel alcanzado en 2024 y $us 89 millones por debajo de 2025, evidenciando una reducción consecutiva del flujo de recursos enviados por los trabajadores bolivianos desde el exterior.

El dato adquiere relevancia para los hogares que dependen de estos ingresos y para la economía nacional, debido a que las remesas representan una fuente de recursos externos que contribuye al movimiento de divisas y al ingreso secundario de la balanza de pagos.",https://www.vision360.bo/noticias/2026/08/26/64568-remesas-recibidas-por-bolivia-caen-en-us-89-millones-en-el-primer-semestre-de-2026
Visión 360,2026-08-26,•Economía,"Productores activan bloqueo en Beni y el Gobierno plantea ajustes al decreto del diésel de Bs 18, no anularlo","En medio del estado de excepción, comenzó un bloqueo de caminos en Beni para exigir la anulación del Decreto 5676, que libera el precio del diésel y lo fija inicialmente en Bs 18 para los denominados grandes consumidores. El nuevo ministro de Economía, Christian Morales, anunció que el Gobierno está dispuesto a ajustar el decreto en aspectos relacionados con los cálculos y el precio final.

Productores de la provincia Marbán instalaron en la madrugada de este miércoles un bloqueo que interrumpe el tránsito entre Santa Cruz y Beni, en rechazo al decreto que eleva a Bs 18 el precio del diésel para los denominados grandes consumidores, entre ellos los productores que usan el combustible para el movimiento de maquinaria agrícola.

Lee también: Daroca: subvención del diésel en Bs 9,80 para particulares y transportistas representa un sacrificio alto para la empresa

Esta es la primera medida de presión de los productores después de que el Gobierno lograra el martes evitar un bloqueo en Yapacaní mediante el envío de un contingente policial y militar a la zona. Además, el viceministro de Régimen Interior, Hernán Paredes, estuvo en el lugar y logró firmar un acuerdo que compromete una respuesta en 48 horas, bajo la amenaza de retomar el bloqueo.

Si bien el recientemente posesionado ministro Morales no es partidario de la anulación del decreto cuestionado —porque considera que deben “sincerarse” los precios de los combustibles—, abrió la posibilidad de una revisión y de ajustes en aspectos como los “cálculos y el precio final”, sin dar mayores detalles.

Se debe “generar las condiciones que puedan dar la certidumbre y la seguridad a los diferentes productores, que permitan salir adelante y encontrar algunos puntos de equilibrio, tanto para las finanzas públicas como también para los diversos sectores que están en contra de la medida o que tienen alguna preocupación sobre eso”, explicó en Unitel.

El 17 de agosto, el Gobierno de Rodrigo Paz puso en vigencia el Decreto 5676, que elevaba a Bs 18 el litro de diésel, precio que subirá en función del mercado internacional. La medida solo afecta a los grandes consumidores del combustible, entre ellos los productores agropecuarios y la minería cooperativizada.

Lee también: Gobierno mantiene expedita la ruta en Yapacaní y logra acuerdo de 48 horas con campesinos por el diésel

La decisión no afecta a sectores como el transporte; sin embargo, la medida no fue bien recibida no solo por medianos y pequeños productores, sino tampoco por la agroindustria cruceña en general. La privada Cámara Agropecuaria del Oriente (CAO) convocó a un ampliado de todo el sector para asumir una posición y presionar por la anulación de la norma.

Morales, quien reemplaza en el cargo a José Gabriel Espinoza, aboga por el diálogo y afirmó que es necesario empezar a sincerar los precios de los carburantes.

Actualmente, se reactivó la subvención a la gasolina y el diésel, después de que en enero se retirara, ya que los precios —excepto para los grandes consumidores— fueron congelados hasta diciembre. A este factor se atribuyen el contrabando de diésel y la escasez del combustible, que provoca interminables filas de camiones en los surtidores.

“Tal vez pueda haber algunos cambios respecto a los cálculos, respecto del precio final que se pueda llegar a cobrar a los diferentes actores. Esto conlleva que podamos efectivizarlo, tal vez a través de cálculos diferenciados”, insistió el ministro.",https://www.vision360.bo/noticias/2026/08/26/64490-productores-activan-bloqueo-en-beni-y-el-gobierno-plantea-ajustes-al-decreto-del-diesel-de-bs-18-no-anularlo
Visión 360,2026-08-26,•Sociedad,706 casos de vulneración de derechos de adultos mayores registra la Defensoría en 2026,"Yenny Escalante / Sumando Voces

La Defensoría del Pueblo reportó 706 casos de vulneración de derechos humanos de personas adultas mayores durante la gestión 2026. La información se dio a conocer este 26 de agosto, Día de la Dignidad de las Personas Adultas Mayores.

Las principales vulneraciones registradas corresponden al derecho a una vejez digna y al trato preferente, con 256 casos; el derecho a participar en la formación, ejercicio y control del poder político, con 186 casos; y las garantías del debido proceso y acceso a la justicia, con 168 casos. Asimismo, se registraron 96 casos relacionados con el derecho a la salud, lo que evidencia la necesidad de fortalecer las acciones para garantizar el ejercicio efectivo de los derechos de esta población.

En el ámbito de la promoción de derechos, la Defensoría del Pueblo capacitó a 869 personas adultas mayores como promotoras y promotores de derechos humanos hasta la gestión 2025. Durante 2026, mediante el Programa de Formación de Promotoras y Promotores de Derechos Humanos, se sumaron 500 personas más, alcanzando un total de 1.369 adultos mayores formados, quienes contribuyen a la promoción y defensa de los derechos de sus pares.

La institución desarrolla acciones orientadas a garantizar los derechos de esta población, entre ellas el seguimiento al acceso a la Renta Dignidad de personas adultas mayores privadas de libertad y la promoción de normativa y políticas públicas destinadas a este sector. De igual manera, lleva adelante una Investigación Defensorial sobre la situación de las personas adultas mayores con Alzheimer y otras demencias, orientada a identificar las barreras que afectan el ejercicio de sus derechos y contribuir al fortalecimiento de las políticas públicas y los servicios de atención integral.

La Defensoría del Pueblo exhorta a las entidades del Estado, en sus diferentes niveles de gobierno, a fortalecer las políticas públicas, programas y servicios destinados a garantizar una vejez digna, con especial atención a la salud, seguridad económica, alimentación, acceso a la justicia, participación y trato preferente, así como a prevenir toda forma de violencia y discriminación.",https://www.vision360.bo/noticias/2026/08/26/64616-706-casos-de-vulneracion-de-derechos-de-adultos-mayores-registra-la-defensoria-en-2026
Visión 360,2026-08-26,•Sociedad,De minicines a bares clandestinos: Alcaldía interviene dos locales y arresta a más de 80 jóvenes en El Alto,"Dos locales que funcionaban bajo la fachada de minicines fueron intervenidos por la Alcaldía de El Alto en inmediaciones de la Universidad Pública de El Alto (UPEA). Durante el operativo, se evidenció el consumo y expendio irregular de bebidas alcohólicas y más de 80 jóvenes fueron arrestados. Ambos establecimientos fueron clausurados.

El operativo se realizó a las 17:00 del martes en la zona Los Andes, Distrito 6 de El Alto, y permitió evidenciar que ambos establecimientos, aparentemente destinados a la proyección de películas, eran utilizados para el consumo y la venta irregular de bebidas alcohólicas, según informó la Secretaría Municipal de Seguridad Ciudadana.

Durante la intervención, más de 80 jóvenes, entre varones y mujeres, fueron arrestados y trasladados a dependencias de Conciliación Ciudadana, donde deberán cumplir las sanciones correspondientes.

Además, el personal de Seguridad Ciudadana decomisó mobiliario y otros bienes encontrados en los establecimientos y procedió con la clausura de ambos locales por incumplir la normativa municipal vigente.

Lee también: Cuando el diálogo llega tarde: El Alto, capital de los gremiales, aún paga la factura de los bloqueos

La intervención tuvo como objetivo garantizar la seguridad y el orden en zonas cercanas a centros educativos y evitar el funcionamiento de actividades que puedan representar un riesgo para los jóvenes y la población.

La Secretaría Municipal de Seguridad Ciudadana anunció que los controles continuarán de manera permanente en inmediaciones de la UPEA y otros centros educativos de El Alto, con el propósito de identificar y sancionar a locales que operen de forma irregular o encubran actividades no autorizadas.",https://www.vision360.bo/noticias/2026/08/26/64589-de-minicines-a-bares-clandestinos-alcaldia-interviene-dos-locales-y-arresta-a-mas-de-80-jovenes-en-el-alto
Visión 360,2026-08-26,•Sociedad,Investigador advierte fuerte impacto ambiental en La Asunta si se multiplican las autorizaciones mineras,"El investigador y activista Pablo Solón advirtió este miércoles que habrá fuertes impactos ambientales en el municipio de La Asunta (La Paz) si se concretan las autorizaciones mineras. Además, alertó sobre la posibilidad de impactos en el agua y la producción agrícola.

“Un cuarto (del territorio) del municipio de la Asunta podría estar bajo la explotación minera. El impacto sobre las fuentes de agua, sobre la producción agrícola, además de la contaminación por mercurio y la deforestación de áreas, sería, pues, muy grande. Entonces, esto es algo que se tiene que frenar”, indicó Solón en contacto con Visión 360 .

Lee también: Campesinos de La Asunta se quedan con la maquinaria retenida tras toma de una minera ilegal

La Asunta tiene una superficie de 281.076 hectáreas y, según Solón, si se llegan a aprobar los más de 120 permisos que estaban pendientes desde 2024, las mineras ocuparían aproximadamente 68.000 hectáreas, un cuarto del territorio de ese municipio. Esa región se caracteriza por ser el mayor productor de hoja de coca de Sud Yungas, además de producir café, plátanos y cítricos, según datos del Instituto Nacional de Estadística.

El tema de la minería y La Asunta cobró actualidad después de que, el fin de semana, pobladores de ese municipio tomaran una minera ilegal que operaba en el río Boopi e incendiaran su maquinaria, debido a que sostuvieron que era una operadora irregular que había desviado el curso del caudal.

Solón sostuvo que en el municipio, según los datos que obtuvo hasta 2024, hay más de 120 solicitudes mineras que esperan ser autorizadas por la Autoridad Jurisdiccional Administrativa Minera (AJAM) para proceder con la explotación en la zona.

“Hay alrededor de 12 mineras con cierto derecho legal trabajando en La Asunta, que podría ser incluso menos, y ya han generado semejante problema, ahora ¿qué va a ocurrir si estas más de 120 solicitudes obtienen autorización legal para operar? La cifra que yo doy es de 2024 y el director de la AJAM habla de 170 derechos mineros”, señaló.

Aseveró que la situación podría ser peor, ya que, en las últimas declaraciones que hizo el director ejecutivo de la AJAM, Jaime José Sanabria, se dio cuenta de que en el río Boopi, que tiene su cauce por La Asunta, hay más de 100 solicitudes de empresas mineras que buscan explotar dentro del sector.

Lee también: Alcalde de La Asunta llega a La Paz para buscar una solución al problema entre pobladores y cooperativa ilegal

La autoridad estatal aclaró que, al ser solo solicitudes, estas más de 150 firmas mineras no pueden explotar porque las eventuales autorizaciones deben pasar por filtros de la AJAM, la consulta previa e ir a la Asamblea Legislativa para ser aprobadas y, con ello, si es que les “dan luz verde”, tramitar su licencia ambiental.

“El director de la AJAM, habla del Río Boopi, claro que él está utilizando una categoría diferente, porque una cosa es el municipio de la Asunta y otra cosa es el Río Boopi, aunque el Río Boopi pasa por el municipio. Él habla de más de 170 solicitudes. Un tema que destaca de la conferencia de prensa del director de la AJAM es que él utiliza el término ‘derechos mineros’, lo para mí ese es un error, porque no son derechos mineros. Que yo solicite un derecho minero no quiere decir que tengo un derecho minero. Yo solamente tengo una solicitud. Por eso el director aclara y dice que iniciar el trámite no da derecho minero. Admite que hay esos derechos mineros, lo que es aún peor”, dijo Solón.

Para Solón, la AJAM, como entidad que controla y fiscaliza el ámbito, debería informar a cabalidad sobre la situación de las mineras que existen en el municipio y debería poner en conocimiento de la población “cuántas y en qué estado están las solicitudes que existen de verdad dentro del municipio”.

Solón sostuvo que la AJAM debe suspender todos los trámites o solicitudes nuevas para operar en el municipio. “Una cosa es lidiar con los que ya tienen realmente algún tipo de derecho. Y otra cosa es lidiar con los que son sólo trámites. Dada la conflictividad que existe en la zona, la AJAM debería suspender todos los trámites o solicitudes nuevas”, dijo.",https://www.vision360.bo/noticias/2026/08/26/64565-investigador-advierte-fuerte-impacto-ambiental-en-la-asunta-si-se-multiplican-las-autorizaciones-mineras
Visión 360,2026-08-26,•Sociedad,En Bolivia lanzan 5.000 becas Google para la capacitación tecnológica de jóvenes y la mejora de su inserción en el mercado laboral,"En Bolivia fue lanzado el programa Google Career Launchpad con 5.000 becas para que jóvenes, estudiantes universitarios, estudiantes de institutos y emprendedores puedan adquirir habilidades en inteligencia artificial generativa, ciberseguridad, analítica de datos y otras especialidades, lo que les permitirá mejorar sus ingresos hasta en un 25 %.

En un acto en el antiguo Palacio Quemado, el presidente Rodrigo Paz puso en marcha el programa de acceso gratuito a cursos de seis meses de duración en áreas de alta demanda en el mercado laboral, debido a su vinculación con el desarrollo de la inteligencia artificial y la seguridad cibernética, en un momento de alta vulnerabilidad.

“Se calcula que los chicos que participen en estas becas tendrán la opción de que a futuro su salario tenga un incremento de entre el 15 y el 25 por ciento. O sea, formarse en inteligencia artificial, utilizar los instrumentos, genera una media de superación en tu ámbito salarial del 15 al 25 %. Mínimo 15, una media entre 15 y 25 %. Y eso creo que es algo extraordinario”, destacó.

Los cursos están relacionados con inteligencia artificial generativa, computación en la nube, ciberseguridad, analítica de datos e ingeniería en la nube.

El programa Google Career Launchpad ofrece capacitación sin costo, enfocada en IA generativa, para los roles más solicitados en la actualidad. Los estudiantes también pueden prepararse para un mundo impulsado por la IA mediante el desarrollo de habilidades en análisis de datos, ciberseguridad e ingeniería de la nube.

Lee también: Investigadores advierten sobre los peligros de los nuevos agentes autónomos de IA

Durante el acto, el ministro de Educación, Erick Sanjinés, informó que los beneficiarios de estos cursos también tendrán un 50 % de descuento para acceder a los exámenes que acrediten internacionalmente sus habilidades tecnológicas.

Paralelamente, 100 docentes serán becados para que luego actúen como tutores de los jóvenes que accedan a las 5.000 becas. Del acto también participó el ministro de la Presidencia, Fernando Aramayo, quien aseguró que estas son herramientas que permitirán a los jóvenes trazar su futuro.

El Gobierno, a través del Ministerio de Educación, lanzará las convocatorias.",https://www.vision360.bo/noticias/2026/08/26/64556-en-bolivia-lanzan-5000-becas-google-para-la-capacitacion-tecnologica-de-jovenes-y-la-mejora-de-su-insercion-en-el-mercado-laboral
