sitio_noticias,fecha,seccion,titular,cuerpo,url
La Razón,2026-08-10,Columnistas,El centralismo también firmó el acuerdo,"Bolivia, Bolivia, Bolivia, Bolivia… Etc. En Bolivia hasta las revoluciones se hacen con permiso del sistema que pretenden cambiar. Ya que hay escenas políticas que merecen un aplauso y otras que merecen un buen sentido del humor.

La fotografía de los nueve gobernadores junto al presidente Rodrigo Paz firmando el tan esperado camino hacia el famoso 50/50 pertenece exactamente a esa categoría donde uno no sabe si emocionarse… o preguntar quién pagará el café de la próxima mesa técnica.

No me malinterpreten. La imagen es buena. Después de tantos años viendo gobernadores peregrinar a La Paz como si fueran sobrinos pidiendo permiso al tío rico para arreglar un puente, cualquier fotografía donde aparezcan hablando de autonomía merece al menos una cuota de esperanza. Porque la esperanza nunca estorba. Lo que estorba es la memoria. Y la memoria nos recuerda que Bolivia posee una industria extraordinariamente eficiente. No produce automóviles: No fabrica microchips; No exporta tecnología. Produce convenios.

Somos probablemente el único país del mundo donde un problema nacional se resuelve creando una comisión, ya que de lo que se trata, es mantener  la atención y las críticas para generar una corriente de opinión.

Si el problema continúa… Se crea otra comisión para supervisar a la primera. Si tampoco funciona… Entonces nace una mesa técnica. Y cuando la mesa técnica tampoco alcanza… Aparece un gran acuerdo nacional, acompañado de un hermoso logotipo, una fotografía histórica y un discurso donde todos prometen que ahora sí comienza una nueva Bolivia.

Llevamos dos siglos inaugurando nuevas Bolivias.. Mientras la antigua jamás se muda. Esta vez el protagonista se llama Plan 50/50. Suena maravilloso.

Tan maravilloso que uno quisiera creer que mañana mismo las gobernaciones podrán decidir libremente sobre los recursos que generan sus ciudadanos. Pero entonces aparece esa palabra que en Bolivia suele funcionar como anestesia política: Gradualidad… Qué palabra tan elegante.

Lea más: Pacto fiscal y el hijo que pide soberanía

Gradualmente se descentralizarán los recursos; gradualmente llegarán las competencias;  aparecerá la autonomía tributaria; cambiará el modelo. Traducido al idioma del ciudadano común significa: «Espere sentado.» Y aquí aparece el verdadero artista de esta historia. No Rodrigo Paz. No los gobernadores. El auténtico protagonista sigue siendo el viejo centralismo boliviano. Ese personaje inmortal que sobrevivió a dictaduras, democracias, revoluciones, nacionalizaciones, privatizaciones, autonomías, constituyentes, federalistas, unitarios y hasta al Bicentenario. Tiene una capacidad admirable.

Cuando todos creen que está muriendo… Se convierte en presidente de la comisión encargada de organizar su propio funeral. Porque el detalle más simpático del acuerdo quizá sea éste: El centralismo será quien administre el proceso para dejar de ser centralista.

Una verdadera obra maestra. Es como pedirle al zorro que diseñe el nuevo reglamento del gallinero. O nombrar al pirómano jefe del cuerpo de bomberos. Eso sí… Con absoluta buena voluntad.

No tengo dudas de que Rodrigo Paz entiende que Bolivia necesita fortalecer a las regiones. Lo ha dicho varias veces. Y probablemente sea uno de los pocos presidentes que al menos colocó el tema sobre la mesa. Pero ahora viene la parte difícil.

La fotografía ya está tomada. Los aplausos ya fueron dados. Las declaraciones ya llenaron los titulares. Ahora comienza la única etapa que realmente interesa a los bolivianos. La de cumplir… Porque el país ya no necesita otro documento histórico, necesita una ley. No necesita otra mesa técnica, necesita recursos administrados por quienes los generan. No necesita otra promesa, necesita que la autonomía deje de ser un discurso de campaña para convertirse en una costumbre de gobierno. Y ahí está la prueba.

Porque si dentro de algunos años seguimos reuniéndonos para hablar del mismo 50/50… Será la confirmación de que el centralismo volvió a ganar.

No porque fuera más inteligente. Sino porque, como siempre, logró convencernos de que la mejor manera de repartir el poder… es seguir administrándolo desde el mismo lugar.

Al fin y al cabo, en Bolivia hasta el centralismo aprendió a hablar de descentralización. Y hay que reconocerlo… Lo hace con una convicción realmente admirable.

*Es escritor y analista político",https://larazon.bo/opinion/columnistas/2026/08/10/el-centralismo-tambien-firmo-el-acuerdo/
La Razón,2026-08-10,Voces,La mal llamada industrialización,"Durante 20 años nos vendieron un sueño. Nos dijeron que Bolivia dejaría de ser un país primario exportador para convertirse en una potencia industrial. Nos prometieron soberanía económica, sustitución de importaciones y desarrollo con rostro humano.

Hoy los números cuentan otra historia. Y son nuestros números — los de la OFEP.

De las 67 empresas estatales existentes — 42 estatales y 25 mixtas — solo tres son rentables: YPFB, ENDE y Comibol. Las tres existían antes de que el MAS llegara al poder.

Los datos oficiales de la OFEP al 2025 son devastadores:

Todo eso invertido. Y las empresas siguen perdiendo.

Los casos más graves hablan por sí solos:

Cuando uno revisa estos números con detenimiento, no puede evitar una mezcla de tristeza e indignación.

Bs 26.382,5 millones entre créditos, aportes de capital y donaciones. Mientras Bolivia prometía industrializarse, ese dinero se evaporaba en empresas sin mercado, sin gestión técnica y sin futuro.

¿Cuántas escuelas con tecnología de última generación pudimos haber construido? ¿Cuántos hospitales equipados en el área rural? ¿Cuántos kilómetros de carreteras que conecten a los productores con los mercados? ¿Cuántos sistemas de saneamiento básico para comunidades que hoy todavía no tienen agua potable?

Las plantas de urea y amoniaco, el litio industrializado, el acero del Mutún, el azúcar de San Buenaventura — fueron un discurso. Solo un discurso. Ciencia ficción vendida como política de Estado. Hoy están en quiebra, abandonadas o operando a una fracción mínima de su capacidad.

La industrialización que nos prometieron nunca llegó. Y con ella se fue también el tiempo, el dinero y la oportunidad de haber construido un país diferente. Hoy Bolivia está volviendo a empezar. Prácticamente de cero.

Estas empresas no nacieron de estudios de prefactibilidad ni de análisis de mercado. Nacieron de discursos. Se contrataron gerentes por militancia política, no por capacidad técnica. Se fijaron precios por decreto, no por competitividad. Se abrieron mercados imaginarios que nunca existieron.

El analista Roberto Laserna lo resume con precisión: «La industrialización fue una estrategia de desarrollo planteada hace 70 años que sirvió de poco. Nadie sabe cuál es el mejor camino. Solo lo encontraremos trabajando.»

No era un camino. Era un dogma. Y los dogmas no generan riqueza — generan deudas y frustración.

La industrialización no es mala en sí misma. Lo malo fue convertirla en un dogma ideológico en lugar de una política técnica.

Bolivia tiene recursos extraordinarios — litio, gas, minerales, biodiversidad, agroindustria. Pero para aprovecharlos necesita un Estado facilitador, no un Estado empresario. Necesita seguridad jurídica, no decretos arbitrarios. Necesita inversión privada, no empresas públicas ineficientes.

El Gobierno del Presidente Rodrigo Paz va en esa dirección: Ley de Inversiones, Ley de Hidrocarburos, Ley de Minería. Diagnóstico técnico honesto sobre las empresas públicas — sin ideología, sin dogmas.

Y necesita recuperar el sello que durante años llevamos desde la CNI a cada rincón del país: Hecho en Bolivia. Porque el desarrollo real no viene de empresas creadas por decreto — viene de bolivianos que producen, innovan y compiten.

El engaño terminó. La reconstrucción empieza hoy.

*Es economista, ex Presidente de la Cámara Nacional de Industrias y actual Director Ejecutivo de la Oficina Técnica para el Fortalecimiento de la Empresa Pública (OFEP).",https://larazon.bo/voces/2026/08/10/la-mal-llamada-industrializacion/
La Razón,2026-08-10,Voces,La cultura no se cura extirpando órganos,"Carta abierta al presidente Rodrigo Paz

Señor presidente: imagine a un paciente que acude al SUS con hambre crónica. En vez de nutrirlo, el médico decide extirparle el estómago: «así ya no necesitará tanta comida». El paciente no se cura, se muere, pero el balance del hospital luce más ordenado. Eso es, en términos exactos, lo que su Gobierno acaba de hacerle a la cultura, el turismo, el folklore y la gastronomía de Bolivia.

Seamos honestos: el Ministerio que usted eliminó no cumplía bien su mandato. Con rango ministerial y viceministerios propios, ya llegaba tarde a la protección del patrimonio, a la profesionalización de los artistas, a defender nuestras expresiones culturales frente a terceros países. El Registro Plurinacional de Artistas apenas cubre a 23.000 personas, cuando el sector estima que somos más de 300.000 hacedores de cultura. Ya éramos, con ministerio completo, un paciente desnutrido.

Por eso la pregunta nunca fue si esa institución funcionaba bien. No funcionaba. La pregunta es qué se hace con un paciente desnutrido. Y la respuesta ha sido quitarle el estómago: una Agencia Nacional del Turismo, del Folclore y la Gastronomía —en cuyo nombre ya no figura «Culturas»— cuya dependencia, presupuesto y facultades ni siquiera han sido explicadas al país, deberá cumplir la misma tarea con una fracción de la jerarquía y el presupuesto que antes ya eran insuficientes. No es reforma. Es amputación con anestesia retórica.

Descentralizar no es debilitar. Es transferir competencias y recursos a los territorios, no borrar la instancia central. Ningún boliviano tiene hoy más poder de decisión sobre su patrimonio que hace una semana: el Estado simplemente se retiró. Y si la causa real es la austeridad exigida por el acuerdo con el FMI —1.900 millones de dólares, meta de reducir el déficit del 9% al 3% del PIB—, alguien debe explicar por qué, entre tantas estructuras posibles, se eligió desmantelar la que atiende a casi un millón de bolivianos si sumamos turismo, gastronomía y hotelería.

La cultura es, hace más de una década, el cuarto pilar del desarrollo sostenible junto a lo económico, lo social y lo ambiental. En América Latina, las industrias culturales generan casi dos millones de empleos y 124.000 millones de dólares anuales, según el BID. Solo el Carnaval boliviano movilizó este año más de 500 millones de dólares; Oruro, Patrimonio de la Humanidad UNESCO, concentró 131 millones. En el municipio de Cochabamba, 2.260 unidades de economía naranja sostienen 94.200 empleos: cuatro de cada diez puestos de trabajo. Esto no es folklore menor: es economía real, con familias detrás. Un país que entiende esto fortalece esas instituciones; usted acaba de debilitar la única capaz de sostenerlas.

Lea más: El cierre del Ministerio de Turismo y la miopía de un Estado que prefiere destruir a hospedar

Mientras debatimos ministerios, nuestro patrimonio sigue expuesto a disputas de apropiación con países vecinos —tensión real y recurrente en foros internacionales sobre danzas, festividades y saberes que Bolivia reivindica como propios—. Defenderlo exige institucionalidad fuerte, no una agencia subalterna.

Gestionar la cultura sin institucionalidad es cruel, porque condena a cientos de miles de familias a la incertidumbre sin consultarles. Y es irreflexivo, porque la cultura no es un lujo que se recorta cuando falta dinero: es la apuesta que los países hacen para reinventar su economía más allá de las materias primas. Renunciar a ella no es prudencia fiscal, es cortoplacismo con consecuencias generacionales.

No le pedimos reponer el ministerio anterior: ya dijimos que era insuficiente. Le exigimos que la respuesta a una institucionalidad débil sea mejor, no menor, construida con los sectores culturales como interlocutores directos, en cumplimiento de los artículos 98 y 99 de la Constitución.

Un país no se vuelve eficiente extirpando el órgano que necesita para alimentarse. Se vuelve eficiente nutriéndolo bien.

*Es músico y vicepresidente del Consejo Departamental de Culturas de Cochabamba",https://larazon.bo/voces/2026/08/10/la-cultura-no-se-cura-extirpando-organos/
La Razón,2026-08-10,Sociedad,Bolivia consolida una de las tasas más bajas de desocupación de la región,"Bolivia mantiene la tasa de desocupación urbana más baja de la región al registrar un 3,4% en el segundo trimestre de 2026. Así se posiciona favorablemente frente a vecinos como Chile (9,4%), Colombia (8,9%) y Brasil (5,6%).

Sin embargo, un informe refleja que esa cifra es relativamente superior a la registrada en similar periodo de 2025, cuando alcanzó el 3,1%.

Los datos corresponden a la Encuesta Continua de Empleo (ECE) del Instituto Nacional de Estadísticas (INE) que presentó la información trimestral sobre las principales estadísticas e indicadores del mercado laboral del área urbana de Bolivia.

Respecto de la Población Económicamente Activa (PEA) alcanzó un total de 4.723.000 personas en el segundo trimestre de 2026. Esto representa una disminución de 1,0% respecto a similar período de 2025.

Otro de los principales indicadores es la Tasa Global de Participación (TGP), que alcanzó 74,0% en el área urbana de Bolivia durante el segundo trimestre de 2026. Indica la disponibilidad de mano de obra para la producción de bienes y servicios.

Dentro de este indicador, la participación masculina alcanzó 79,1%, evidenciando una mayor presencia en la fuerza laboral respecto a las mujeres, cuya participación alcanzó 69,3%.

Por otro lado, la tasa de ocupación (TO), que representa el porcentaje de personas ocupadas respecto a la población en edad de trabajar, llegó a 71,5% en el segundo trimestre de 2026 en el área urbana del país. En los hombres, la TO llegó a 76,7%, registrando una diferencia de 10,0 puntos porcentuales respecto a la TO de las mujeres, que se situó en 66,7%.

Respecto de la población ocupada, según la actividad económica, el segundo trimestre de 2026, en el área urbana se alcanzó la cifra de 4.564.000 personas. De este total, aproximadamente, el 58,6% se concentró en cuatro principales actividades económicas del país.

La actividad de comercio registró la mayor participación con el 23,7%, del total de la población ocupada, equivalente a alrededor de 1.083.000 personas. Le siguió la industria manufacturera, con una participación del 15,0% (683.000 personas).

En tercer lugar, se ubicaron las actividades de alojamiento y comidas, con una participación de 10,6% (aproximadamente 482.000 personas). Mientras que transporte y almacenamiento ocupa el cuarto lugar con un 9,4% (alrededor de 427.000 personas).

Asimismo, la actividad de construcción representó el 7,7% (alrededor de 353.000 personas) seguida por servicios de educación con 5,4% y administración pública, defensa y otros servicios con 2,5%. Las demás ramas de actividad concentraron porcentajes menores de participación.

En el segundo trimestre de 2026, según grupos de edad, existe mayor presencia de hombres en la fuerza laboral en relación con las mujeres. La única excepción corresponde al grupo de 45 a 59 años, en el que la presencia de mujeres en la fuerza laboral fue superior a la de los hombres.

Por su parte, la población joven, en el que se encuentran las personas de 16 y 28 años de edad, representó el 26,5% del total de la población ocupada. Este grupo estuvo compuesto por 643.000 hombres y 566.000 mujeres.

Los datos del ECE también muestran la subocupación por insuficiencia de tiempo de trabajo que se mide a través de la tasa de subocupación. Este indicador representa la proporción de personas ocupadas que, pese a contar con un empleo, trabajan menos de la jornada laboral considerada como completa (40 horas semanales). Sin embargo, desean trabajar más horas y se encuentran disponibles para hacerlo.

“Este indicador permite cuantificar la población ocupada que enfrenta una situación de empleo insuficiente, evidenciando una forma de subutilización de la fuerza laboral dentro del mercado de trabajo”, señala el informe del INE.

Así, la población subocupada, para el segundo trimestre de 2026 llega a 7,9%, menor a lo registrado en el mismo período de la gestión 2025 (9,5%). De la misma forma, la tasa de subocupación disminuyó en los principales grupos de análisis.

En las mujeres, se redujo de 12,4% en el segundo trimestre de 2025 a 9,8% en igual período de 2026. En los hombres pasó de 6,8% a 6,1%, mientras que en la población joven descendió de 10,6% a 9,1%.

Durante el segundo trimestre de 2026, la tasa de ocupación informal alcanzó el 82,3%, similar al registrado en el mismo período de la gestión 2025 (82,3%).

Asimismo, la ocupación informal continuó siendo más elevada entre las mujeres y la población joven que entre los hombres. En el segundo trimestre de 2026, la tasa fue de 84,4% en las mujeres y de 92,0% en la población joven, mientras que en los hombres registró un nivel inferior.

En comparación con el mismo período de 2025, la tasa disminuyó ligeramente en las mujeres, de 85,0% a 84,4%, y aumentó marginalmente en la población joven, de 91,6% a 92,0%.

De acuerdo con los datos del Instituto Nacional de Estadística (INE), La Paz es el departamento con mayor tasa de desocupación. Así al segundo trimestre de 2026, muestra un aumento de 2,3% a 4,1%.

En contraste, Santa Cruz y Cochabamba registraron disminuciones. Santa Cruz, el indicador se redujo de 3,0% a 1,9%, mientras que en Cochabamba descendió de 4,6% a 4,3%.

En el resto de los departamentos, la tasa de desocupación subió de 3,0% a 4,0% entre el segundo trimestre de 2025 y el mismo período de 2026.

En el dinámico mercado laboral del área urbana de Bolivia se observan cambios en la condición de actividad de la población. De un total de 374.000 personas inactivas durante el primer trimestre de 2026, 103.000 se incorporaron a actividades de comercio. Esto representa el 27,6% del total.

Asimismo, 76.000 personas ingresaron a otras ramas de actividad y 66.000 se ubicaron en la industria manufacturera. Del mismo modo el 13,7% ingresó al rubro de alojamiento y comidas, 5,7% a la construcción, 8,7% a la agricultura y el 1,4% a los servicios de educación.

Lea también: Sedes Potosí plantea al Ministerio de Salud redistribuir sus ítems

De las 84.000 desocupadas registradas en el primer trimestre de este año 26.000 se ocuparon en otras ramas. Un 19,8% se incorporó al comercio, el 12,3% a la industria manufacturera. El 9,8% a las actividades de alojamiento y servicios de comidas y otros 9,8% a la construcción.",https://larazon.bo/sociedad/2026/08/10/bolivia-consolida-una-de-las-tasas-mas-bajas-de-desocupacion-de-la-region/
La Razón,2026-08-10,"Internacional, Marcas",De confederaciones a Infantino: el fútbol ‘no pertenece a individuos’,"«Cuando la confianza se rompe a través del engaño, cuando un individuo se sitúa por encima del colectivo que le confió la autoridad, ese deber ha sido abandonado», añadieron las confederaciones europea (UEFA), de Norteamérica, Centroamérica y Caribe (Concacaf), y asiática (CAF) en una «carta abierta a la familia del fútbol».

No firmaron la misiva los dos grandes apoyos que mantiene Infantino, la CAF (África), que cuenta con 54 federaciones nacionales, la influyente Conmebol, con diez federaciones pero entre ellas Brasil y Argentina, ni la modesta OFC de Oceanía, con 13 países adscritos.

Por ahora único candidato declarado, Infantino debe obtener la mayoría de los 211 votos de los miembros de la institución para ser reelegido en marzo por cuatro años en un cargo que ocupa desde 2016.

De hecho, la FIFA subrayó el apoyo de la CAF y de la Conmebol en el arranque de su último comunicado, publicado el sábado, cuando salió en defensa de su presidente.

En el texto, enviado casi a la medianoche europea (18.00 HB), denunció «un esfuerzo concertado y continuo por parte de algunos para socavarla a ella y a su presidente».

Un día antes el diario británico Telegraph publicó que Infantino, secretario general de la UEFA de 2009 a 2016, habría utilizado su poder para garantizar el ascenso de una empleada de la institución con la que mantenía una relación íntima.

El diario, que no cita sus fuentes, relata que esta empleada, después de ser promovida durante un tiempo en la UEFA, recibió una «indemnización de seis cifras» en el momento de su salida —en un año no precisado—, además del pago de gastos de escolaridad en una escuela de negocios por un importe de unos 50.000 euros (57.800 dólares).

Contactada por la AFP, la confederación europea admitió «que se efectuó un pago» en ese momento, «acompañado de la liquidación de los gastos de un programa de MBA en una escuela de negocios local».

La tormenta en el planeta fútbol había comenzado con la revelación a finales de julio del controvertido proyecto de Infantino, finalmente abandonado, de abrir la FIFA a inversores privados.

El miércoles el italo-suizo organizó una reunión de crisis en Marruecos que concluyó con «pleno apoyo» de la dirección a su presidente y «disculpas por los errores» relacionados con la toma de decisiones en el proyecto de privatización.

«No fue nuestra intención que el Consejo ni las asociaciones miembro se sintieran excluidos del proceso, que debería haberse gestionado de otra manera», afirmó la institución en un comunicado publicado al término del encuentro.

Un día después la UEFA, cabeza de lanza en la crítica a Infantino, mantuvo su amenaza de boicotear las Copas del Mundo, considerando insuficiente la mera retirada del controvertido proyecto y las «disculpas» ofrecidas.

La carta enviada por el organismo mundial a sus 211 federaciones miembros «presenta esto como un fallo de comunicación, cuando lo que el fútbol ha presenciado es un fallo de juicio», una «ruptura fundamental de la confianza hacia las instituciones a las que la FIFA está llamada a servir», esgrimieron UEFA, Concacaf y CAF este lunes.

«Hay silencio donde debería haber responsabilidades, distancia donde debería haber transparencia. No son las cualidades que el fútbol merece encontrar en su liderazgo», denunciaron este lunes los presidentes y secretarios generales de las tres confederaciones.

(10/08/2026)",https://larazon.bo/marcas/2026/08/10/de-uefa-concacaf-y-caf-a-infantino-el-futbol-no-es-de-individuos/
La Razón,2026-08-10,"Internacional, Marcas",La Libertadores reabre batallas con unos octavos de ‘infarto’,"Flamengo no solo defiende la corona conquistada el pasado año: llega a los octavos con el cartel de favorito.

El club brasileño fue el mejor de la fase de grupos, terminó invicto con cinco victorias y un empate, y ahora abrirá su camino ante el Cruzeiro, segundo de una zona donde la Universidad Católica de Chile lideró y Boca Juniors fue eliminado.

El equipo de Leonardo Jardim goza de un alto poder de fuego, con varias alternativas para marcar diferencias en el ataque, como Bruno Henrique, Pedro, Samuel Lino y el ecuatoriano Gonzalo Plata.

De cara al desafío ante el Flamengo, el miércoles en Belo Horizonte, Cruzeiro se aferra al mensaje que Artur Jorge dejó tras la fase de grupos.

«No somos ni más ni menos que los demás equipos que participan en la competencia, pero sí somos un equipo con ambición», sostuvo el entrenador portugués.

Palmeiras llega a los octavos con la corona de gigante continental bien puesta.

El equipo paulista, que conquistó dos de sus tres Libertadores en las últimas temporadas, volverá a verse las caras con Cerro Porteño, un viejo conocido de la Copa: será el decimonoveno enfrentamiento entre ambos en la historia del torneo.

El antecedente más reciente ya dejó dos capítulos en esta edición durante la fase de grupos: empataron 1-1 en Asunción y el elenco paraguayo dio el golpe con un triunfo 1-0 en Sao Paulo.

Aquellos resultados dejaron su marca en la clasificación: el Ciclón guaraní se adueñó del primer lugar del grupo y el Verdão terminó como escolta.

«Tenemos que cerrar bien las líneas y tratar de aprovechar las oportunidades que tengamos», dijo el volante paraguayo de Cerro, Jorge Morel, sobre el duelo del miércoles en Sao Paulo.

Rosario Central llega a los octavos con una ilusión renovada y una figura que eleva la expectativa: Ángel Di María.

El Canalla terminó como líder de su grupo y ahora se medirá con Corinthians, que avanzó como segundo de su zona, en una serie con aroma histórico.

Será el tercer partido entre ambos en la historia de la Libertadores.

En los octavos de final del 2000 protagonizaron una llave de alto voltaje: Central ganó 3-2 en Rosario, Corinthians repitió el resultado en Brasil y el Timão terminó avanzando por penales.

Veintiséis años después, vuelven a encontrarse.

Los octavos de final arrancarán el martes en Rio de Janeiro con un reencuentro cargado de memoria reciente: Independiente Rivadavia y Fluminense volverán a enfrentarse tras compartir el Grupo C.

La Lepra mendocina ya sabe lo que es golpear al campeón de la Libertadores 2023: lo venció 2-1 en el Maracaná.

Fluminense, dirigido por el argentino Luis Zubeldía, también le puso freno en Mendoza. Cuando Independiente Rivadavia parecía quedarse con la victoria, John Kennedy apareció en el descuento para sellar el 1-1 en la cuarta fecha.

Estudiantes, cuatro veces campeón de la Libertadores, recibirá el martes a Universidad Católica en La Plata, en otro duelo con peso continental.

El Pincha encara la serie con la mira puesta en fortalecerse para el torneo local y avanzar en la Copa: «Seguimos en la búsqueda de mejorar el plantel en calidad y cantidad», dijo su DT, el uruguayo Alexander Medina.

El colombiano Deportes Tolima recibirá el martes en Ibagué a Independiente del Valle, en una serie entre dos equipos que ya saben lo que es competir de igual a igual en el continente. El elenco ecuatoriano llega con el prestigio de haber conquistado la Sudamericana en 2022 y de ser un rival incómodo.

El miércoles será turno de Platense y Coquimbo Unido, que abrirán su serie en Buenos Aires.

El Calamar afronta una instancia inédita en su historia internacional y tendrá enfrente a un conjunto chileno que también busca seguir haciendo camino en su primera experiencia en los octavos.

El jueves, Liga de Quito pondrá en juego su historia copera ante Mirassol en Brasil. El conjunto ecuatoriano, campeón de la Libertadores en 2008, buscará imponer su experiencia ante una de las sorpresas la fase de grupos.

(10/08/2026)",https://larazon.bo/marcas/2026/08/10/la-libertadores-reabre-batallas-con-unos-octavos-de-infarto/
La Razón,2026-08-10,"Bolivar, Marcas",Sudamericana: Bolívar y el reto de repetir actuación ante Sao Paulo,"Algunos de ellos, como River, los afronta cargando con la peor racha de resultados de su historia, con seis derrotas consecutivas.

«Hay que cortar esto ya», afirmó su entrenador, Eduardo Coudet, cuya estadía en el Millonario puede terminar abruptamente si no consigue avanzar en la Sudamericana.

Pero el elenco de la banda roja tiene una llave complicada.

Visita el miércoles en Bogotá a un Independiente Santa Fe que lo espera en El Campín para darle el tiro de gracia.

Ante el Cardenal, River «tiene que revertir esta racha, obviamente», afirmó Coudet, que conoce las «consecuencias de una racha como ésta».

Y es que el Millonario viene de derrota en derrota.

El sábado sufrió su sexta al hilo, frente a Tigre por la liga argentina, y desde mayo no logra siquiera una empate, perdiendo los seis partidos que disputó.

«Sé en el lugar en el que estoy. Es una situación muy compleja perder tantos partidos seguidos» se sinceró el Chacho.

Precisamente su verdugo el sábado, Tigre, que dejó afuera en los playoffs para octavos al uruguayo Nacional, recibirá el miércoles al único elenco charrúa con vida en los torneos Conmebol, el Montevideo City Torque.

Boca Juniors, el archirrival de River, viene en alza en su juego y si bien avanzó con drama a octavos de la Sudamericana, en el torneo argentino apenas pudo empatar el sábado con Vélez Sarsfield.

Para llegar a los cuartos, el Xeneize deberá eliminar a un rival que se le presenta ideal, el debutante Deportivo Recoleta paraguayo, al que recibirá el martes en Buenos Aires.

No obstante, los dirigidos por Rodolfo Arruabarrena no pueden vender la piel del oso antes de cazarlo.

Boca, dos veces campeón de la Sudamericana (2004 y 2005), sufrió en mayo una humillante eliminación en la fase de grupos de la Libertadores a manos de la Universidad Católica de Chile.

Además, a duras penas pudo vencer en penales a otro equipo de ese país, el O’Higgins, en los playoffs para octavos de la Sudamericana en julio.

El Deportivo Recoleta fue la sensación de la fase de grupos de la Sudamericana, donde dejó por el camino a equipos de gran renombre como el Santos de Neymar y San Lorenzo de Almagro, al que derrotó en Buenos Aires en la última fecha para avanzar a octavos omo primero de la llave.

Entre los 16 equipos en carrera en el torneo regional, seis de ellos son brasileños: Sao Paulo, Santos, Atlético Mineiro, Red Bull Bragantino, Botafogo y Vasco da Gama.

De ellos, el que aparenta tener el cruce más complicado es el Sao Paulo, que deberá subir a La Paz el martes para visitar al Bolívar.

El tricolor paulista, campeón del torneo en 2012, enfrentará a un Celeste paceño que no solo se hacer fuerte en el estadio Hernando Siles, sino que también es peligroso de visita, como lo demostró en los playoffs a octavos cuando eliminó al Gremio en Porto Alegre.

El Santos de Neymar, por su parte, en los papeles tiene el cruce más accesible, contra el Macará ecuatoriano, al que recibirá el jueves en el Vila Belmiro y visitará una semana después en Ambato.

Pero el equipo de Ney no puede dedicarse de lleno a la Sudamericana, porque en la liga brasileña cayó el domingo a zona de descenso al perder con el marcha en zona de descenso al perder con el Athletico Paranaense de local.

En la misma situación está el Vasco da Gama, antepenúltimo en el Brasileirão, que además tiene un rival de peso, el Olimpia, tres veces campeón de la Libertadores (1979, 1990 y 2002) que busca reverdecer viejos laureles.

El Botafogo tampoco la tiene sencilla.

Deberá visitar el jueves al Cienciano en los 3.400 metros de altitud de Cusco.

El equipo peruano se hace fuerte en la capital del imperio inca, donde en los playoffs goleó al último campeón de la Sudamericana, el Lanús, y alimenta su sueño de ganar nuevamente el certamen tras más de veinte años (2003).

Red Bull Bragantino y Atlético Mineiro le asegurarán a Brasil un representante en cuartos de final, ya que se enfrentarán entre sí con el primer partido el miércoles en Bragança Paulista y la revancha siete días más tarde en Belo Horizonte.

(10/08/2026)",https://larazon.bo/marcas/2026/08/10/sudamericana-bolivar-pretende-repetir-su-actuacion-ante-sao-paulo/
La Razón,2026-08-10,"Internacional, Marcas",Mbappé se incorpora al Madrid tras tres semanas de vacaciones,"Los tres jugadores pasaron el reconocimiento médico antes de tomar parte en su primera sesión de entrenamiento a las órdenes de su nuevo entrenador, José Mourinho, de regreso al club blanco trece años después de su primer paso por el banquillo.

Mbappé, máximo goleador del Mundial 2026 con diez tantos, que terminó en la cuarta posición con la selección francesa, dispuso de tres semanas de vacaciones y una parte las pasó en Ibiza, en las Islas Baleares, acompañado de su amigo y excompañero del PSG Achraf Hakimi.

El delantero francés también estuvo acompañado por el preparador físico del club español Sébastien Devillaz y publicó en Instagram varios videos ejercitándose.

Los únicos jugadores del Real Madrid que participaron en la Copa del Mundo y que no se han incorporado, Aurélien Tchouaméni y Jude Bellingham, llegarán al centro de entrenamiento de Valdebebas a lo largo del día.

El gigante español debe disputar tres partidos de preparación en los próximos días, entre ellos el Trofeo Teresa Herrera contra el Deportivo de La Coruña, el miércoles, y luego un amistoso frente al club alemán Schalke 04, el sábado.

El Real Madrid debutará en la Liga el 22 de agosto en el estadio del Espanyol.

(10/08/2026)",https://larazon.bo/marcas/2026/08/10/mbappe-se-incorpora-al-madrid-tras-tres-semanas-de-vacaciones/
La Razón,2026-08-10,Nacional,Oviedo admite que el crimen transnacional se instaló en Bolivia,"El ministro de Gobierno , Marco Antonio Oviedo, reconoció este lunes que el crimen transnacional se instaló en Bolivia y atribuyó el problema a años de omisión de parte de otros gobiernos.

“Imposible tapar el sol con un dedo”, dijo al admitir la gravedad de la situación por la que atraviesa el país, donde la ola de violencia, principalmente en Santa Cruz, provoca muerte, atracos y temor en la población.

“Hoy en Santa Cruz y en otras ciudades de nuestro país hay un elevado índice de criminalidad, resultado de mucho tiempo de haber dejado pasar las cosas. (…) Esto no es excusa, durante los últimos 20 años pasados, el crimen transnacional se ha ido instalando en el país”, dijo Oviedo en Unitel.

Y recordó también que el comandante de la Policía Federal de Brasil dijo que hasta hace poco Bolivia no reprimía ciertas prácticas delictivas.

En criterio del ministro, la base del problema es el narcotráfico y recordó la detención del uruguayo Sebastián Marset donde operó durante en Bolivia con ciudadanos de varios países. «Esto es parte de la instalación del crimen organizado en el país», remarcó.

Lea más: Bolivia y Brasil lanzan plan ‘Frontera Segura’ para ejecutar operativos en zonas rojas

También vinculó los últimos hechos de violencia a “una lucha por el control de corredores de exportación de cocaína, marihuana y otras sustancias controladas”.

Asimismo, Oviedo dijo en varias oportunidades que los cárteles Primer Comando de la Capital (PCC) y el Comando Vermelho de Brasil estaban disputando las rutas en Bolivia para el narcotráfico. Sin embargo, dijo que también hay organizaciones criminales instaladas por bolivianos.

“Hasta hace poco, Bolivia tenía una política de seguridad pública que no reprimía ciertas prácticas delictivas”, dijo y aseguró que la situación no se puede cambiar de la noche a la mañana.

En ese marco, dijo que el Gobierno está ejecutando un plan de manera más coordinada que en anteriores administraciones y destacó la incautación de avionetas, precursores y varias detenciones. Destacó, también, el relacionamiento de la Policía Boliviana con organismos multilaterales de apoyo y otras fuerzas del orden de la región.

En los últimos días, una ola de crímenes sacudió el país. Diez personas murieron víctimas del crimen, entre ellas un subteniente de la Policía que investigaba justamente estos hechos de violencia.

El domingo, La Razón informó que el país dejó de ser solo de tránsito para el narcotráfico y actualmente está en el mapa de organizaciones criminales.",https://larazon.bo/nacional/2026/08/10/oviedo-admite-que-el-crimen-transnacional-se-instalo-en-bolivia/
La Razón,2026-08-10,"Marcas, Polideportivo",La básquetbol Herbas jugará en el Hindú CC argentino,"La basquetbolista boliviana Gabriela Herbas fue anunciada como nueva incorporación de Hindú Club Córdoba, equipo que competirá en la Liga Nacional Femenina de Argentina.

‎

‎Con 23 años y una estatura de 1,88 metros, Herbas afrontará una nueva experiencia internacional después de su paso por el básquetbol paraguayo, donde defendió la camiseta del Deportivo San José.

‎

‎Su llegada al conjunto cordobés representa un nuevo desafío para la jugadora, que durante las últimas temporadas se consolidó como una de las basquetbolistas destacadas del ámbito nacional.

TAMBIÉN PUEDE LEER:

Roberto Churqui, con 14 años, hizo historia al conquistar el Illimani

‎

‎

‎La cochabambina Herbas cuenta con experiencia en la Libobásquet Femenina, donde defendió las camisetas de Sporting Sacaba, Cari A-Z, Club de Tenis La Paz y Alemán.

‎

‎Su mejor registro llegó en 2025 con Alemán, cuando promedió 21 puntos por partido en cinco presentaciones.

‎

‎

‎La nueva jugadora de Hindú Club Córdoba también tiene recorrido con la Selección Boliviana, tanto en categorías formativas como en el combinado absoluto.

‎

‎Herbas disputó el South American Women’s Championship 2024, torneo en el que participó en seis partidos.

‎

‎Su trayectoria con la selección comenzó anteriormente, y disputó competencias internacionales desde 2018.

‎

‎

‎En Paraguay, Herbas tuvo una destacada participación con Deportivo San José y durante la fase final del torneo de 2025 protagonizó una de sus actuaciones más destacadas, con 17 puntos, 17 rebotes y tres asistencias en una de las finales.

‎

‎Ahora, la basquetbolista boliviana dará un nuevo paso en su carrera al incorporarse a Hindú Club Córdoba, que destacó su experiencia internacional y su recorrido con la selección Boliviana al anunciar su llegada.

‎

‎Herbas tiene previsto viajar a Argentina en septiembre para incorporarse a los entrenamientos del conjunto cordobés y comenzar la preparación para la nueva temporada.",https://larazon.bo/marcas/2026/08/10/la-basquetbol-herbas-jugara-en-el-hindu-cc-argentino/
La Razón,2026-08-10,Nacional,"‘Está bajo mi mando, tiene instrucciones que cumplir’, dice Oviedo respecto a Sokol","El ministro de Gobierno, Marco Antonio Oviedo, descartó la existencia de diferencias con el comandante de la Policía Boliviana , Mirko Sokol, y aseguró que el uniformado está “bajo su mando” y debe cumplir las instrucciones.

“El general Sokol está bajo mi mando, está bajo las instrucciones que se le da y las tiene que cumplir”, afirmó en Unitel y aseguró que Sokol cumple con las directrices del Ministerio de Gobierno.

La semana pasada, en una entrevista el comandante de la Policía dijo que la aprehensión de Evo Morales no era prioridad para su gestión, pese a que el Gobierno dijo en varias oportunidades que el expresidente debía ser detenido en el marco de la ley.

El fin de semana, Morales dijo que si él fuera Rodrigo Paz y su comandante no cumple sus instrucciones, lo destituiría.

Lea más: Morales dice que si fuera Paz cambiaría al comandante de la Policía por no cumplir órdenes

Asimismo, admitió que el país sufre una crisis en el sistema penitenciario debido a la corrupción que ha perforado el sistema carcelario.

La afirmación del ministro se da luego de la fuga de dos presos brasileños de la cárcel de Palmasola, en Santa Cruz, la semana pasada.

En criterio de Oviedo, ese hecho “expresa y representa la fragilidad de nuestro sistema penitenciario” en cuanto a infraestructura y recursos humanos, pero además porque “hay excesiva corrupción”.

“Cada vez estamos anunciando que se fugaron dos, que se fugaron tres (reos), pero el problema requiere una solución de fondo”, dijo Oviedo en Unitel.

Asimismo, dijo que se requiere un cambio estructural y anunció que se está trabajando de cara a buscar soluciones a la crisis en el sistema penitenciario del país.

Anunció, también que, por la fuga de los brasileños, el Gobierno instruyó un proceso penal en contra del gobernador de Palmasola, además “de otros oficiales que participaron” del escape de los brasileños.

Sin embargo, el ministro reconoció que son acciones parciales y “un escarmiento” para que quienes cometen irregularidades. “Bolivia necesita mejorar su sistema penitenciario y modernizarlo en cuanto a su normativa y organización”, sostuvo.

Los brasileños huyeron del penal durante un corte de luz. Usaron una cuerda para bajar un muro. Aún no se los detuvo.",https://larazon.bo/nacional/2026/08/10/esta-bajo-mi-mando-tiene-instrucciones-que-cumplir-dice-oviedo-respecto-a-sokol/
La Razón,2026-08-10,Mundo,"Fuerte sismo de 7,4 grados sacude parte de Colombia","Un fuerte sismo sacudió este lunes varias regiones de Colombia generando preocupación entre ciudadanos que reportaron haber sentido el movimiento en diferentes departamentos de ese país.

Según un reporte del portal de El Tiempo , el evento ocurrió a las 7.34 hora colombiana y tuvo su epicentro en inmediaciones de San José del Palmar, Chocó.

El sismo tuvo como referencia el municipio de San José del Palmar, en el departamento del Chocó, una zona ubicada en el occidente del país.

Lea más: Atentados marcan el primer día del nuevo gobierno de Colombia

Asimismo, informó que el Servicio Geológico Colombiano estableció una magnitud de 7,4 grados en la escala de Richter.

La gobernadora de Chocó, Nubia Carolina Córdoba, informó que varios municipios del departamento sufrieron afectaciones.

«Aunque el epicentro fue San José del Palmar, en la capital Quibdó hay heridos y graves daños en las edificaciones. Ya estamos haciendo la evaluación de daños para emitir el primer reporte oficial», dijo.

Además, el informe indica que en Quibdó y el Alto y Bajo Baudó han descrito los estragos como «monstruosos». En redes sociales se han difundido imágenes y videos de edificios derrumbados.",https://larazon.bo/mundo/2026/08/10/fuerte-sismo-de-67-grados-sacude-parte-de-colombia/
La Razón,2026-08-10,"Fútbol profesional boliviano, Marcas",Jorge Alfonso asume el reto de levantar a Real Tomayapo,"‎El argentino Jorge Alfonso fue presentado oficialmente como nuevo director técnico de Real Tomayapo para lo que resta de la temporada 2026, tras la salida de René Hinojosa.

‎

‎Cuenta con más de 20 años de experiencia como entrenador y asumirá el desafío de cambiar el rumbo del equipo, que actualmente ocupa el último lugar de la tabla.

‎

‎Alfonso dirigió en distintos países de la región, entre ellos Ecuador, Chile y República Dominicana con el Moca FC , donde tuvo su más reciente experiencia durante el primer semestre de 2026.

TAMBIÉN PUEDE LEER:

Always es solitario puntero tras derrotar 2-3 a GV San José

‎

‎Además, conoce el fútbol boliviano, ya que en 2018 integró el cuerpo técnico encabezado por César Vigevani en Sport Boys de Warnes.

‎

‎Su llegada se produce después de la renuncia de René Hinojosa, quien puso su cargo a disposición tras la derrota por 1-2 ante CDT Real Oruro.

‎

‎El encuentro se disputó el viernes 7 de agosto, por la fecha 14 de la Liga de la División Profesional.

‎

‎Real Tomayapo suma nueve puntos en 14 partidos y se encuentra comprometido en la lucha por la permanencia en la máxima categoría del fútbol boliviano.

DESAFÍO

‎

‎Alfonso se convierte en el cuarto entrenador del conjunto tarijeño en lo que va del año, después de los ciclos de Nasta, De la Riva e Hinojosa.

‎

El argentino tendrá como principal objetivo recuperar la confianza del plantel y mejorar los resultados para sacar al conjunto ‘Duraznero’ de la última posición. Su debut podría producirse el viernes 14, cuando visite a FC Universitario.",https://larazon.bo/marcas/2026/08/10/jorge-alfonso-asume-el-reto-de-levantar-a-real-tomayapo/
La Razón,2026-08-10,Espacio Empresarial,La super promoción de 1xBet.TV en Bolivia anuncia a sus ganadores. ¡Descubre quién ganó un moped y otros increíbles premios!,"Miles de aficionados de toda Bolivia registraron sus pronósticos sobre quién se llevará la ambiciosa Copa del Mundo 2026, compitiendo por una bolsa de premios que incluye un elegante y potente moped.

El proceso de participación fue fácil y tomaba menos de un minuto, solo tenían que registrarse en la página oficial bol.1xbet.tv , elegir a la selección campeona y confirmar su participación en la plataforma. El portal internacional de medios 1xBet TV Bolivia agradeció profundamente a todos los aficionados que comparten la pasión por el fútbol el haber participado en la promoción. ¡Ahora es momento de anunciar todos los premios de este sorteo juntos a sus ganadores!

El sorteo del gran premio fue transmitido en directo por YouTube el 31 de julio a la 1:00 pm. Los ganadores de este sorteo fueron quienes acertaron correctamente que España sería el campeón del mundo además de haber completado exitosamente su proceso de verificación. Para garantizar con total transparencia a los finalistas del premio, utilizamos wheelofnames.com una herramienta en línea que permite elegir a los ganadores de manera aleatoria.

La afortunada ganadora de una nuevo scooter es Mariel de Santa Cruz.

Además del scooter nuevo, también se regalaron impresionantes premios como:

1xBet.TV felicito a todos sus ganadores y espera que disfruten de todos sus premios. “Nuestros representantes de 1xBet medios se pondrán en contacto con cada ganador antes del 20 de agosto para coordinar la entrega de sus regalos”

Durante la participación de la promoción, más de 65.000 personas visitaron la página oficial de la campaña. Un total de 13.804 aficionados se registraron y enviaron sus predicciones, mientras que 671 participantes acertaron quién sería el campeón, pasando a la etapa final del sorteo. Estos números representan que el sorteo tuvo mucha acogida y que uno de cada dos participantes que acertó la predicción recibió un premio de 1xBet.TV . ¡Con tantos premios en juego, las probabilidades de ganar fueron más fáciles que nunca!

¡No te preocupes si no ganaste esta vez! 1xBet.TV seguirá apoyando al desarrollo del fútbol boliviano, y recompensará a todos los hinchas con nuevas oportunidades de participar en futuros sorteos y actividades especiales.

¡No te olvides de seguir al portal de medios 1xBet!TV para no perderte de los mejores sorteos, ofertas especiales y de las últimas noticias del fútbol boliviano! No te pierdas de nada.",https://larazon.bo/espacio-empresarial/2026/08/10/la-super-promocion-de-1xbet-tv-en-bolivia-anuncia-a-sus-ganadores-descubre-quien-gano-un-moped-y-otros-increibles-premios/
La Razón,2026-08-10,Mundo,Fuerte terremoto sacude Colombia y deja al menos 18 muertos,"Un fuerte terremoto sacudió el lunes Colombia y se sintió con fuerza en grandes ciudades como Bogotá y Cali, con un saldo inicial de 18 muertos y al menos 20 edificaciones colapsadas en el oeste del país, según las autoridades y reporteros de la AFP.

El sismo ocurrió a las 07H34 locales (12H34 GMT) y tuvo una magnitud 7,4 según el servicio geológico colombiano y el de Estados Unidos. La profundidad fue de unos 100 km con epicentro cerca de San José del Palmar, Chocó (oeste).

En Pereira se reportaron 18 muertes, mientras que en Cali hay 20 estructuras colapsadas con personas atrapadas dentro, según las autoridades locales.

«Hasta el momento llevamos nosotros registrados 18 personas muertas, lamentablemente (…) la situación es crítica», dijo el alcalde de Pereira, Mauricio Salazar, en entrevista con Caracol Radio.

En tanto, Alejandro Eder, alcalde de Cali, la tercera ciudad de Colombia, indicó que «tenemos por lo menos 20 estructuras colapsadas en Cali con personas atrapadas. Le he solicitado apoyo al alcalde de Bogotá y al alcalde de Medellín con rescatistas».

La gobernadora del Chocó, Nubia Carolina Córdoba, reportó en X que hay «heridos» y «daños tumbas en las edificaciones». Un video obtenido por un periodista de la AFP muestra un edificio caído en Quibdó, la capital de esa región.

Medios locales publicaron imágenes de casas colapsadas en ciudades como Pereira y Manizales, en la región turística del Eje Cafetero.

«No hay electricidad ni red celular, se sintió muy duro, durísimo», se cayeron cosas de la casa», dijo a la AFP Martha Estrada, de 66 años, que sintió el terremoto en esa región.

Se suspendieron las operaciones en los aeropuertos de Pereira, Manizales, Quibdó, Armenia, Cartago y Buenaventura, en el oeste, mientras se evalúan los daños ocasionados por el sismo, informó la Aeronáutica civil.

El presidente Abelardo de la Espriella anunció que va a viajar al Eje Cafetero para evaluar la situación.

«Estaré personalmente en Pereira para acompañar a los afectados y verificar la respuesta del gobierno», dijo en X De la Espriella, que asumió el viernes la presidencia.

El terremoto también fue percibido en países vecinos. Se sintió en la capital ecuatoriana Quito y en diversas provincias de Panamá, donde algunos hospitales fueron evacuados, así como en algunas regiones de Venezuela.

El 24 de junio un doble sismo de magnitud 7,2 y 7,5 provocó más de 6.000 muertos y destrucción en Venezuela.

«Nos dimos cuenta porque las lámparas iban y venían. Yo sentí, pero pensé que era un mareo mío porque a veces me dan mareos», dijo Ana Hernández, ama de casa de 66 años en la ciudad venezolana de Maracaibo.

El organismo de atención de desastres descartó una alerta de tsunami.

Las autoridades panameñas evalúan daños en la región fronteriza selvática del Darién.

La presidenta de México, Claudia Sheinbaum, aseguró que brindará «todo el apoyo que requiera» Colombia.

También Israel ofreció ayuda, en medio de la reanudación de las relaciones diplomáticas tras la llegada al poder del ultraderechista De la Espriella.

En Bogotá, los edificios fueron evacuados, observaron periodistas de AFP. Varias personas en pijamas salieron a las calles en medio del ruido de sirenas.

«El temblor fue superfuerte», dijo Valeria Polo, una creadora de contenido de 29 años en el centro de la capital.

El alcalde Carlos Galán aseguró a Blu Radio que en la capital solo se han reportado grietas superficiales en algunas casas y edificios.",https://larazon.bo/mundo/2026/08/10/fuerte-terremoto-sacude-colombia-y-deja-al-menos-18-muertos/
La Razón,2026-08-10,"Internacional, Marcas",El Barcelona rechaza primera oferta del PSG por Ferran Torres,"El FC Barcelona rechazó este lunes una primera oferta del Paris Saint-Germain estimada en 40 millones de euros (46 millones de dólares) por el campeón del mundo español Ferran Torres, confirmó a la AFP una fuente del club azulgrana.

«Las negociaciones continúan» entre el Barça y el PSG, añade esa misma fuente, confirmando la información del diario Mundo Deportivo.

Según varios medios españoles, Ferran Torres, autor del gol de la victoria en la final de la Copa del Mundo de 2026 en la prórroga ante Argentina (1-0), habría dado su visto bueno para recalar en París y reencontrarse con su antiguo seleccionador Luis Enrique.

TAMBIÉN PUEDE LEER:

‎Remontada de Grêmio ante São Paulo FC en el Brasileirão

Con contrato hasta junio de 2027 con el Barça, el delantero español de 26 años se había mostrado ambiguo sobre su futuro en recientes entrevistas realizadas durante una gira promocional en Estados Unidos: «Tengo contrato con el Barcelona, pero en el fútbol nunca se sabe. Solo espero tomar la decisión correcta».

Cuando le preguntaron si tenía un destino «soñado» en mente, Torres respondió que sí, pero sin desvelarlo: «solo quiero ser feliz».

El delantero, fichado en 2021 del Manchester City por unos 55 millones de euros (63 millones de dólares), fue titular en la mayoría de partidos la pasada temporada, relegando a Robert Lewandowski al banquillo.

El ‘Tiburón’, formado en el Valencia , ha marcado 40 goles en 94 partidos en todas las competiciones en las dos últimas temporadas.",https://larazon.bo/marcas/2026/08/10/el-barcelona-rechaza-primera-oferta-del-psg-por-ferran-torres/
La Razón,2026-08-10,Sociedad,Detectan segundo caso de sarampión importado en La Paz y llaman a la vacunación,"Un segundo caso importado de sarampión se detectó en La Paz, proveniente del Perú, informaron este lunes autoridades de salud.

Se trata de una estudiante peruana de 19 años que estudia en Bolivia y que recientemente estuvo en su país, según el reporte.

“Se trata de una joven de 19 años no vacunada; a pesar de que tiene el registro de haber recibido una vacuna, ella menciona no haber sido vacunada. Entonces ese es uno de los mensajes: ataca a los no vacunados”, explicó Rosario Quiroga, directora del Programa Ampliado de Inmunización (PAI).

La paciente se atendió primero en la asistencia pública y luego se la derivó al hospital de Cotahuma.

“Ya está en condiciones de ser dada de alta, su evolución es favorable, se hizo el control de contactos y todo el trabajo de bloqueo de manera interdisciplinaria con el Sedes La Paz y el Ministerio de Salud ”, detalló secretario Municipal de Salud de la Alcaldía de La Paz, Ramiro Narváez.

Asimismo, las autoridades indicaron que se activó un plan de contención y vigilancia y la joven se encuentra internada con evolución positiva. Se realiza un seguimiento a las personas con las que tuvo contacto.

Lea más: Salud confirma un caso importado de sarampión en La Paz

Quiroga dijo que, tras presentarse el 5 de agosto a un centro de salud con síntomas, inmediatamente se realizó la notificación del caso.

Además, aclaró que los dos casos en La Paz son importados del Perú y no existe relación entre los contagiados.

Las dos personas afectadas no estaban vacunadas, situación que llevó a las autoridades a insistir en la importancia de completar la inmunización.

Las vacunas están disponibles para menores de 19 años, desde los seis meses, y se pidió a las familias, instituciones educativas y población en general acudir oportunamente a los puntos de vacunación.

En ese contexto, recordó que La Paz activó una campaña de vacunación con brigadas móviles y en los centros de salud. Hasta el momento, la cobertura de vacunación llegó al 58% de la población objetivo.

El primer caso se detectó en julio pasado en un joven de 21 años, quien llegó de Perú con síntomas de la enfermedad. Tampoco tenía el esquema completo de vacunación.",https://larazon.bo/sociedad/2026/08/10/detectan-segundo-caso-de-sarampion-importado-en-la-paz-y-llaman-a-la-vacunacion/
La Razón,2026-08-10,Economía y Empresa,Aprehenden a exdirectora jurídica de YPFB por el caso de ‘gasolina desestabilizada’,"Tras varias semanas de búsqueda, las fuerzas policiales al fin dieron con la exdirectora jurídica de Yacimientos Petrolíferos Fiscales Bolivianos ( YPFB ), Daniela D., a quien de inmediato trasladaron a dependencias de la Dirección de Lucha Contra la Corrupción (Delcc) en Santa Cruz.

El operativo de este lunes se llevó a cabo en el marco de las investigaciones por el denominado caso de la “gasolina desestabilizada”.

A Daniela D. la investigan por su presunta participación en la autorización y respaldo legal de contratos vinculados con la importación del combustible cuestionado, cuya utilización provocó daños en miles de vehículos y derivó en una investigación por posibles irregularidades dentro de YPFB.

También vea: Juez anticorrupción dicta detención domiciliaria para exministro Medinaceli

De acuerdo con información preliminar, a la exfuncionaria la trasladarían a la ciudad de La Paz durante esta jornada para continuar con las diligencias investigativas. Sin embargo, hasta el momento no se conoció un informe oficial de la Fiscalía que confirme el traslado o precise las circunstancias de la aprehensión.

El caso forma parte de una investigación más amplia que involucra a exautoridades y exfuncionarios relacionados con la adquisición e internación del combustible. Entre los investigados se encuentra el exministro de Hidrocarburos, Mauricio Medinaceli, quien también afronta un proceso judicial por este caso.

La aprehensión de la exdirectora jurídica representa un nuevo avance en las pesquisas que buscan establecer quiénes participaron en la toma de decisiones, la elaboración y validación de los contratos, así como las responsabilidades que pudieran existir por la compra e internación del combustible observado.

Ahora será el Ministerio Público el que determine los siguientes pasos dentro del proceso, mientras se espera información oficial sobre la situación jurídica de Daniela D. y las posibles nuevas actuaciones que podrían desarrollarse en el marco de la investigación.",https://larazon.bo/economia-y-empresa/2026/08/10/aprehenden-a-exdirectora-juridica-de-ypfb-por-el-caso-de-gasolina-desestabilizada/
La Razón,2026-08-10,Nacional,Bolivia y Brasil pondrán en marcha el jueves el plan ‘Frontera Segura’ en zonas peligrosas,"Debido a la ola de violencia, Bolivia y Brasil lanzarán esta semana el plan “Frontera Segura” para coordinar y ejecutar operativos en las zonas rojas ubicadas en el límite de ambos países, informó este lunes el ministro de Gobierno , Marco Antonio Oviedo.

“El jueves de esta semana, el 13 de agosto, en Guayaramerín, vamos a lanzar el plan Frontera Segura, que en el caso de Brasil corresponde a los departamentos de Pando, Beni y Santa Cruz”, informó Oviedo en Unitel.

Los últimos días, Santa Cruz ha sido centro de violentos crímenes que terminaron con la vida de 10 personas, entre ellos un teniente de la Policía, que fue acribillado y luego carbonizado.

Asimismo, indicó que el plan consiste en “trabajar de manera conjunta” con las fuerzas del orden de ambas naciones.

Lea más: Identifican a los cuatro ciudadanos bolivianos abatidos en Brasil

En ese contexto, Oviedo anunció que activarán operativos “de carácter permanente en varios puntos de la frontera para tratar de parar y desarticular esta ola de crímenes realmente preocupantes en Santa Cruz, pero también en Guayaramerín y Cobija”.

También habrá controles en regiones como San Matías, Puerto Suárez y otras regiones fronterizas catalogadas como zonas rojas.

En criterio de Oviedo, la frontera con Brasil es epicentro de la disputa de los cárteles Primer Comando de la Capital (PCC) y el Comando Vermelho, junto a sus aliados locales. Las operaciones conjuntas, buscarán frenar el avance de esos grupos criminales.

“Ya estamos trabajando con la Policía Federal brasilera, coordinamos y hacemos intercambio de informaciones”, remarcó Oviedo.

Informó que, en el acto de lanzamiento del plan, se espera la presencia del presidente Rodrigo Paz, además de los ministros de Seguridad y Defensa de Brasil; además las policías de ambos países.",https://larazon.bo/nacional/2026/08/10/bolivia-y-brasil-lanzan-plan-frontera-segura-para-ejecutar-operativos-en-zonas-rojas/
La Razón,2026-08-10,Nacional,Libre cuestiona a Paz por descartar acuerdos políticos y le exige diálogo con la Asamblea,"La bancada de senadores y diputados de Libre cuestionó las declaraciones del presidente Rodrigo Paz, quien afirmó que su administración gobernará con las instituciones y sin acuerdos con los partidos políticos.

La alianza opositora consideró que esa postura desconoce el papel de las organizaciones políticas dentro de la Asamblea Legislativa.

En un comunicado, Libre recordó que la Asamblea está integrada por representantes de partidos y alianzas políticas que recibieron el respaldo ciudadano mediante el voto. De ese modo, se argumentó que el Legislativo constituye el espacio para alcanzar acuerdos y consensos que permitan aprobar las leyes que requiere el país.

Lea también: ‘Está bajo mi mando, tiene instrucciones que cumplir’, dice Oviedo respecto a Sokol

La bancada opositora planteó además cuestionamientos sobre la capacidad del Ejecutivo para aprobar las reformas que considera necesarias si mantiene distancia con las fuerzas políticas que tienen representación parlamentaria.

“¿Cómo pretende impulsar las leyes estructurales que el país necesita si renuncia al diálogo, la concertación y la construcción de acuerdos con las representaciones políticas de la Asamblea Legislativa?”, cuestionó.

El comunicado establece una posición frente a la administración de Paz. La alianza aseguró que el Gobierno debe definir si pretende convertirse en “la última administración de la decadencia masista”.

Libre afirmó que asumirá una postura de oposición “seria, responsable, constructiva, propositiva y democrática”. La bancada aseguró que respaldará las iniciativas que beneficien a la población, pero advirtió que rechazará cualquier proyecto que vulnere derechos y libertades.

Asimismo, exigió respeto a las instituciones democráticas y al papel constitucional de las organizaciones políticas dentro de la Asamblea Legislativa.",https://larazon.bo/nacional/2026/08/10/libre-cuestiona-a-paz-por-descartar-acuerdos-politicos-y-le-exige-dialogo-con-la-asamblea/
La Razón,2026-08-10,Economía y Empresa,"China, India y Japón concentran el 41% de las exportaciones bolivianas en el primer semestre","El mercado asiático se consolida como uno de los principales destinos para las exportaciones bolivianas. Al primer semestre de 2026, China, India y Japón concentraron en conjunto el 41% de las ventas externas del país.

El Instituto Boliviano de Comercio Exterior ( IBCE ) ratificó este lunes que el país registra un superávit comercial de $us 1.669 millones a junio de la presente gestión.

Información que ya proporcionó el Instituto Nacional de Estadística (INE) a principios de mes.

El IBCE menciona en su boletín estadístico que China fue el principal destino de los productos bolivianos, con una participación del 22% del total exportado entre enero y junio.

India ocupó el segundo lugar, con el 10% , mientras que Japón se sitúa tercero, con el 9%. En términos de valor, las exportaciones bolivianas hacia estos tres mercados alcanzaron aproximadamente $us 2.654 millones durante el primer semestre.

El comportamiento de estos destinos se produce en un escenario favorable para el sector exportador boliviano. Entre enero y junio de 2026, las ventas externas alcanzaron $us 6.407 millones , lo que representa un crecimiento del 55% respecto a los $us 4.145 millones registrados en similar periodo de 2025.

China no solo aparece como el principal destino de las exportaciones nacionales, sino que también registra un cambio importante en el balance comercial bilateral.

En el primer semestre, Bolivia exportó a China $us 1.406 millones , frente a importaciones por $us 1.251 millones. El resultado dejó un superávit de $us 155 millones para Bolivia.

Un año antes, la relación comercial con China presentaba un déficit de $us 405 millones, debido a que las importaciones alcanzaban $us 1.104 millones, mientras las exportaciones llegaban a $us 699 millones.

El giro en 2026 muestra la importancia que adquire el mercado chino para la oferta exportable boliviana y contribuye al resultado positivo de la balanza comercial nacional.

India se convirtió en otro mercado estratégico para Bolivia. Las exportaciones hacia ese país llegaron a $us 662 millones, mientras las importaciones fueron de $us 83 millones, generando un superávit de $us 578 millones.

Japón también tuvo un comportamiento favorable. Bolivia exportó a ese mercado $us 586 millones e importó $us 137 millones, dejando un saldo positivo de $us 450 millones.

Estos resultados contrastan con el comportamiento registrado con algunos socios tradicionales de la región. Con Brasil, por ejemplo, Bolivia tuvo un déficit de $us 200 millones, mientras que con Argentina el saldo negativo llegó a $us 299 millones y con Chile a $us 282 millones.

El mayor dinamismo de las ventas externas permitió que Bolivia revierta el déficit comercial registrado en los últimos años.

Al cierre de junio, el país acumuló un superávit comercial de $us 1.669 millones. En contraste, en el primer semestre de 2025 había registrado un déficit de $us 520 millones.

La mejora se explica principalmente por el salto de las exportaciones, que crecieron 55%, mientras que las importaciones apenas aumentaron 2%, hasta alcanzar $us 4.739 millones.",https://larazon.bo/economia-y-empresa/2026/08/10/china-india-y-japon-concentran-el-41-de-las-exportaciones-bolivianas-en-el-primer-semestre/
La Razón,2026-08-10,Economía y Empresa,Choferes de La Paz alistan estudio de costos y anticipan posible incremento de pasajes,"La Federación Departamental de Choferes Primero de Mayo prevé definir una propuesta tarifaria. El sector sostiene que el alza de precios en los mercados elevó sus costos de operación y que actualmente trabaja con pérdidas.

El incremento sostenido de los precios comienza a trasladarse a uno de los servicios que tiene mayor impacto en el bolsillo de los hogares. Los choferes de La Paz anticiparon que evaluarán un posible incremento de las tarifas del transporte público, argumentando que el encarecimiento de los productos y de sus costos de operación hace cada vez más difícil mantener las actuales tarifas.

El secretario ejecutivo de la Federación Departamental de Choferes Primero de Mayo de La Paz, Edson Valdez, señaló que el sector realizará una evaluación económica una vez concluidas las fiestas patrias y anunció reuniones con las distintas organizaciones del transporte para analizar una eventual nivelación de los pasajes.

“Todo ha incrementado. Ustedes han visto los precios en los mercados de La Paz”, afirmó Valdez, al justificar la preocupación del sector por el deterioro de sus ingresos frente al aumento de los costos.

El dirigente sostuvo que los transportistas “no podemos seguir trabajando a pérdida”, por lo que consideran necesario revisar las tarifas para adecuarlas a la realidad económica actual.

Lea: Choferes se movilizarán una vez concluya el estado de excepción

Antes de plantear un monto específico para el incremento, la Federación Primero de Mayo encargó a profesionales del propio gremio la elaboración de estudios de costos , que deberán establecer cuánto representa actualmente mantener en circulación las diferentes modalidades de transporte.

“Esos son los parámetros que vamos a tomar en cuenta para ver en cuánto puede ser el incremento en las diferentes modalidades de transporte que tiene el departamento de La Paz”, explicó Valdez.

La intención del sector es que la discusión no se limite a una cifra planteada de manera general, sino que tenga como base el comportamiento de sus costos. El análisis deberá considerar la situación económica que atraviesan los transportistas y las particularidades de las distintas modalidades que operan en el departamento.

La definición de una nueva tarifa, sin embargo, tendrá impacto directo en los usuarios del transporte público, por lo que el debate podría convertirse en uno de los temas económicos más sensibles para La Paz, particularmente en un contexto de incremento del costo de vida.

Valdez indicó que, una vez que concluyeron las celebraciones por las fiestas patrias, se convocará a reuniones con los diferentes sectores del transporte para analizar los resultados de los estudios y definir una posición común.

El dirigente también informó que el sector pretende realizar un ampliado departamental para abordar la revisión tarifaria y otros temas pendientes. Sin embargo, explicó que la convocatoria debe tomar en cuenta las restricciones derivadas del estado de excepción vigente.

“Tenemos que pedir permiso para hacerlo, pero lo vamos a hacer con la autorización del mismo Gobierno ”, señaló.

De esta manera, los transportistas paceños ingresan en una etapa de evaluación de costos que podría desembocar en una propuesta formal de incremento de pasajes. El monto y la fecha de una eventual modificación todavía no están definidos, ya que dependerán de los estudios técnicos y de las decisiones que adopte el sector en las próximas reuniones.",https://larazon.bo/economia-y-empresa/2026/08/10/choferes-de-la-paz-alistan-estudio-de-costos-y-anticipan-posible-incremento-de-pasajes/
La Razón,2026-08-10,Autos eléctricos,Ford entra en la carrera por fabricar eléctricos más pequeños y accesibles,"Ford prepara una nueva etapa en su estrategia de vehículos eléctricos con un objetivo cada vez más común en la industria: fabricar modelos más pequeños, sencillos y accesibles. La compañía presentó Fathom, una camioneta eléctrica mediana que será el primer vehículo desarrollado sobre su nueva plataforma Universal EV.

Más que el precio anunciado para Estados Unidos, el punto central está en el cambio de enfoque. Los fabricantes buscan reducir el costo de producción de los vehículos eléctricos para ampliar su público y competir en segmentos donde las marcas chinas han ganado terreno con automóviles compactos y de menor precio.

Durante los primeros años de la transición eléctrica, buena parte de los fabricantes tradicionales concentró sus esfuerzos en SUV, sedanes de altas prestaciones y modelos de segmentos superiores. Ese camino permitió incorporar baterías grandes y nuevas tecnologías, pero también elevó los costos.

Ahora, la industria comienza a mirar hacia vehículos menos complejos. Ford forma parte de esa tendencia con una arquitectura diseñada específicamente para producir eléctricos de mayor volumen y con menos componentes.

La compañía sostiene que Fathom tendrá un precio de entrada competitivo en Estados Unidos. Sin embargo, ese valor no debe trasladarse directamente a mercados como Bolivia, donde los impuestos, costos de importación, transporte y condiciones comerciales pueden cambiar de forma importante el precio final.

La estrategia de Ford se apoya en su denominada Universal EV Platform. Según la compañía, esta arquitectura fue concebida para simplificar el desarrollo y la fabricación de automóviles eléctricos. Fathom será el primer producto que utilizará esa base.

La reducción de componentes es especialmente importante en un vehículo eléctrico. A diferencia de un automóvil convencional, este tipo de modelo puede prescindir de numerosos elementos mecánicos del motor y la transmisión. Los fabricantes están aprovechando esa característica para diseñar estructuras más simples y acelerar los procesos industriales.

Además, utilizar una misma plataforma en diferentes modelos puede repartir los costos de desarrollo entre un mayor número de unidades. Esa estrategia ya es habitual entre fabricantes que buscan competir en los segmentos de entrada.

El tamaño también se está convirtiendo en una variable importante. Las baterías representan una de las partes más costosas y pesadas de un vehículo eléctrico. Por lo tanto, un automóvil más compacto necesita generalmente menos energía para desplazarse y puede utilizar paquetes de baterías de menor tamaño.

Esa relación permite reducir peso y costos. También puede facilitar el uso diario en ciudades, donde la autonomía extremadamente alta no siempre es la principal necesidad de los conductores.

Ford eligió una camioneta mediana para iniciar esta nueva familia. La compañía confirmó que Fathom será el primer vehículo producido con su plataforma Universal EV, aunque la estrategia está pensada para servir de base a otros modelos en el futuro.

El cambio ocurre mientras los fabricantes chinos amplían rápidamente su presencia internacional. Empresas como BYD, Geely y SAIC han conseguido desarrollar una oferta que incluye desde vehículos urbanos de entrada hasta SUV y modelos de mayores prestaciones.

Esa variedad ha aumentado la presión sobre las compañías tradicionales. El reto ya no consiste solamente en fabricar un automóvil eléctrico con buena autonomía. También es necesario reducir el costo de la batería, simplificar la producción y ofrecer vehículos que puedan llegar a una parte más amplia del mercado.

Por lo tanto, proyectos como Fathom muestran una nueva fase de la competencia. La industria comienza a trasladar la electrificación desde los segmentos más costosos hacia vehículos pensados para un uso más cotidiano.

Para América Latina, la llegada de eléctricos más económicos en sus países de origen no garantiza automáticamente precios similares. El costo final depende de aranceles, logística, impuestos, representación comercial y disponibilidad de repuestos.

Además, la expansión de estos vehículos requerirá infraestructura de carga y servicios técnicos adecuados. Por esa razón, la reducción de los costos de fabricación será apenas una parte del proceso necesario para aumentar la adopción regional.

Lo más importante es que la competencia empieza a cambiar de dirección. Después de una primera etapa dominada por vehículos eléctricos de alto precio y grandes baterías, fabricantes como Ford están apostando por modelos más pequeños y menos complejos. Esa tendencia podría ser decisiva para que la movilidad eléctrica llegue a un grupo mayor de consumidores.",https://larazon.bo/zona-auto/autos-electricos/2026/08/10/ford-entra-en-la-carrera-por-fabricar-electricos-mas-pequenos-y-accesibles/
La Razón,2026-08-10,"Bolivar, Fútbol profesional boliviano, Marcas",Bolívar recupera el 50% de los derechos de Ramiro Vaca,"Bolívar recuperó el 50% de los derechos económicos de Ramiro Vaca luego de que el Wydad AC de Marruecos incumpliera los plazos establecidos para el pago de las cuotas acordadas en el contrato de transferencia.

En enero de 2026, la ‘Academia’ transfirió el 100% de los derechos económicos del mediocampista tarijeño al conjunto marroquí; sin embargo, el acuerdo incluyó una cláusula de protección ante posibles retrasos o incumplimientos en los desembolsos.

El Wydad AC realizó el primer pago dentro del plazo establecido, pero retrasó aproximadamente un mes la segunda cuota y tampoco cumplió con el pago correspondiente a la tercera, lo que activó la penalidad contemplada en el contrato.

TAMBIÉN PUEDE LEER:

Bolívar denuncia racismo contra Dairon Asprilla y exige sanciones

Como consecuencia, Bolívar recuperó la mitad de los derechos económicos de Vaca. Aunque el futbolista continúa en el primer plantel del Wydad AC, la ‘Academia’ vuelve a tener participación económica en una eventual transferencia.

Por lo tanto, si el conjunto marroquí decide vender al mediocampista a otra institución, Bolívar tendrá derecho al 50% del monto que genere la operación.

Vaca estuvo relacionado recientemente con un posible traspaso al fútbol de Arabia Saudita, pero las negociaciones entre Wydad AC y Al-Riyadh quedaron descartadas debido a diferencias en la modalidad de pago. El club marroquí pretendía recibir el monto total de la transferencia en un solo desembolso, por lo que ambas partes no alcanzaron un acuerdo.

Ante esta situación, el mediocampista retornó a Marruecos para incorporarse a la pretemporada del Wydad AC. Mientras tanto, Bolívar conserva una participación económica que podría representar un ingreso importante si el jugador concreta una transferencia en el futuro.

Así, el incumplimiento en los pagos permitió a la ‘Academia’ recuperar parte de los derechos económicos de Ramiro Vaca y mantener su participación en los beneficios de una eventual venta.",https://larazon.bo/marcas/2026/08/10/bolivar-recupera-el-50-de-los-derechos-de-ramiro-vaca/
La Razón,2026-08-10,Nacional,Ormachea: Paz ‘siempre ha traicionado’ a los partidos que lo llevaron al poder,"El senador de Libre José Manuel Ormachea acusó este lunes al presidente Rodrigo Paz de mantener una conducta recurrente de distanciamiento con las organizaciones políticas que lo acompañaron a lo largo de su trayectoria.

Ormachea afirmó que Paz “siempre ha traicionado a los partidos políticos en los que ha estado” y aseguró que el mandatario suele apartarse de las estructuras que respaldaron su carrera una vez que alcanza sus objetivos políticos.

“Ha cumplido su objetivo y después ha desechado al partido político que lo ha llevado a donde está”, afirmó el legislador en entrevista con Correo del Sur.

Lea también: Libre cuestiona a Paz por descartar acuerdos políticos y le exige diálogo con la Asamblea

Ormachea aseguró que el mandatario hizo lo mismo en distintas etapas en las que Paz ejerció como diputado, senador, concejal y alcalde, hasta llegar a la Presidencia con el Partido Demócrata Cristiano (PDC).

El senador también cuestionó la composición del actual Gobierno y puso como ejemplo la ausencia de representantes del PDC dentro del gabinete.

“Cuando es presidente con el PDC. ¿Hay algún ministro del PDC? No, no hay”, dijo.

Según Ormachea, esta conducta no constituye un hecho aislado, sino una característica de la trayectoria política del mandatario. Afirmó que Paz tiende a apartar a las organizaciones que lo respaldan para concentrar las decisiones en su entorno más cercano.

“Es algo consuetudinario en la actitud de Paz de darle la espalda a las organizaciones para después gobernar con sus más cercanos, más allegados y sus familiares”, señaló.

El senador calificó la forma de hacer política del mandatario como “logiera, oligárquica, rosquera, autoritaria” y argumentó que esta situación puede afectar el proceso político que atraviesa Bolivia tras dos décadas de gobierno del Movimiento Al Socialismo (MAS).

“(Esto) le hace muchísimo daño a este proceso de transición que nosotros queremos llevar adelante como país de 20 años de autocracia hacia una democracia plena”, afirmó Ormachea.

El legislador también cuestionó la intención del Gobierno de minimizar el papel de los partidos políticos en la nueva etapa institucional. “Paz se equivoca si quiere minimizar, desvincular o invisibilizar a las organizaciones políticas”.

Ormachea recordó que la alianza tiene presencia en gobiernos subnacionales, entre ellos las gobernaciones de Santa Cruz y Pando, además de varias alcaldías.

El legislador advirtió que una política basada en el distanciamiento de las organizaciones políticas puede cerrar la posibilidad de acuerdos para las reformas que requiere el país. “Es un error garrafal y se encontrará con la dura realidad de que no podrá llevar adelante un proceso de concertación nacional”.",https://larazon.bo/nacional/2026/08/10/ormachea-paz-siempre-ha-traicionado-a-los-partidos-que-lo-llevaron-al-poder/
La Razón,2026-08-10,Nacional,Acusado de reclutar boliviano para la guerra en Rusia rompe el silencio,"Amador Méndez Arancibia, señalado por su presunta participación en el reclutamiento de ciudadanos bolivianos que terminaron en la guerra Rusia-Ucrania, anunció que el martes romperá el silencio y dará su versión sobre el caso que generó polémica durante las últimas semanas.

“Quiero decir la verdad para que no sigan amedrentando a gente inocente que no tiene nada que ver en esta situación. Principalmente a mis hermanos que están detenidos y mi yerno. Yo estoy muy avergonzado”, afirmó en un video publicado por DTV.

El caso abrió varias preguntas sobre la forma en que ciudadanos bolivianos fueron contactados y las condiciones que recibieron antes de viajar a Rusia. Entre los principales cuestionamientos están los ofrecimientos que habrían recibido, las personas que los contactaron y el posible vínculo de terceros con estas operaciones.

Lea también: Libre cuestiona a Paz por descartar acuerdos políticos y le exige diálogo con la Asamblea

En muchos casos, se dijo que los bolivianos fueron contratados para realizar tareas de albañilería y de pintura. Pero, al llegar a territorio ruso, firmaron contratos con el Ejército ruso para asistir al campo de guerra. Su defensa alegó que los connacionales pusieron su firma sin entender el contenido por el idioma.

“Ellos me buscaron a mí. Ellos, voluntariamente, sabiendo todo, firmaron esos contratos”, develó Méndez.

La versión de Méndez podría incorporar nuevos elementos a la investigación y permitir conocer su posición frente a los señalamientos públicos. Sus declaraciones, sin embargo, deberán contrastarse con los testimonios de los ciudadanos involucrados y con los elementos que formen parte de las pesquisas.",https://larazon.bo/nacional/2026/08/10/acusado-de-reclutar-boliviano-para-la-guerra-en-rusia-rompe-el-silencio/
La Razón,2026-08-10,Autos eléctricos,Indonesia prepara nuevos incentivos para impulsar los autos eléctricos,"Indonesia prepara un nuevo paquete de incentivos para acelerar la adopción de vehículos eléctricos. Sin embargo, el objetivo no se limita a aumentar las ventas. El Gobierno quiere utilizar estos beneficios para fortalecer la producción nacional y desarrollar una cadena industrial propia.

El Ministerio de Industria informó que los próximos estímulos estarán dirigidos principalmente a vehículos que generen mayor valor agregado dentro del país. La medida incluirá automóviles y motocicletas eléctricas, aunque los requisitos definitivos todavía están en preparación.

El ministro de Industria, Agus Gumiwang Kartasasmita, explicó que el nuevo esquema buscará favorecer productos que tengan una mayor participación de la industria indonesia.

Esto significa que no bastará con vender un vehículo eléctrico en el mercado local. Los fabricantes también deberán demostrar aportes a la producción, el empleo y el desarrollo de componentes nacionales.

El porcentaje mínimo de contenido local todavía no fue definido. El Ministerio de Industria indicó que espera la regulación fiscal que prepara el Ministerio de Finanzas para establecer los requisitos técnicos.

El Gobierno estudia un programa que podría alcanzar aproximadamente 500.000 autos y motocicletas eléctricas. Entre las medidas consideradas se encuentra la exención total del impuesto sobre ventas de bienes de lujo y un incentivo parcial sobre el impuesto al valor agregado para los modelos que cumplan las condiciones.

La propuesta todavía no está cerrada. Por lo tanto, las cantidades, beneficios y requisitos pueden cambiar antes de la publicación de la normativa definitiva.

En mayo, el Ministerio de Finanzas ya había planteado una primera etapa con incentivos para 100.000 automóviles eléctricos y otras 100.000 motocicletas. El Gobierno señaló entonces que el cupo podría ampliarse si la demanda agotaba las unidades iniciales.

Uno de los aspectos que estudia el Gobierno es concentrar los nuevos estímulos en vehículos totalmente eléctricos a batería. De mantenerse ese criterio, los híbridos convencionales y los híbridos enchufables quedarían fuera del programa.

Esta diferencia es importante porque Indonesia busca fortalecer su propia industria de baterías. El país posee importantes reservas de níquel y ha convertido este mineral en una pieza central de su estrategia industrial.

Además, el Gobierno analiza si el tipo de batería deberá formar parte de los requisitos para recibir los incentivos. La decisión podría favorecer tecnologías con mayor integración dentro de la cadena productiva indonesia.

La apuesta llega en un momento de expansión del mercado. Datos del Ministerio de Industria indican que durante el primer trimestre de 2026 se vendieron 33.150 autos eléctricos a batería en Indonesia. La cifra representó un crecimiento de 95,9% frente al mismo periodo del año anterior.

La infraestructura también está aumentando. Hasta abril de 2026, el país contaba con 4.769 puntos públicos de carga distribuidos en 3.097 ubicaciones. El Gobierno proyecta ampliar esa red durante los próximos años.

Lo más importante del nuevo programa es el cambio de enfoque. Indonesia no quiere depender únicamente de incentivos para aumentar las importaciones de autos eléctricos. La estrategia busca utilizar la demanda interna para atraer fábricas, desarrollar proveedores y aumentar la participación de componentes nacionales.

El país ya comenzó a retirar beneficios concedidos anteriormente a algunos vehículos eléctricos importados completamente ensamblados. Desde 2026, el Gobierno exige a varios fabricantes avanzar hacia la producción local como condición para mantener determinadas ventajas.

Por lo tanto, los próximos incentivos podrían funcionar como una herramienta industrial además de ambiental. El desafío estará en conseguir que los vehículos eléctricos sean más accesibles para los consumidores sin convertir los beneficios fiscales en una ayuda permanente para los fabricantes.",https://larazon.bo/zona-auto/autos-electricos/2026/08/10/indonesia-prepara-nuevos-incentivos-para-impulsar-los-autos-electricos/
La Razón,2026-08-10,Nacional,"A cuatro años de las próximas elecciones, Libre se declara ‘gobierno en espera’ y apunta a 2030","A menos de un año del inicio del actual Gobierno y con la próxima elección general todavía a cuatro años de distancia, Libre ya mira hacia 2030. El senador José Manuel Ormachea afirmó que su organización política ya se considera el “gobierno en espera” y aseguró que buscará asumir la conducción del país en las próximas elecciones.

“Nosotros creemos que somos el gobierno en espera. Somos el gobierno en espera y el Presidente tiene que tener más respetuoso al gobierno en espera. Nosotros vamos a gobernar el 2030”, afirmó Ormachea en una entrevista con Correo del Sur.

Pues, tras la profunda crisis económica, política e institucional que no parece encontrar una salida, existe una temprana disputa por el escenario político de 2030. El Gobierno de Rodrigo Paz enfrenta cuestionamientos por la situación económica y las dificultades para consolidar una mayoría parlamentaria que le permita impulsar sus principales decisiones.

Lea también: Gobernador cruceño habla de cooperación con expresidente alemán

Ormachea respondió además al discurso presidencial del 6 de agosto, en el que Rodrigo Paz planteó avanzar hacia un modelo democrático sin las tradicionales jefaturas partidarias. El senador de Libre calificó esa propuesta como un “error garrafal” y defendió el papel de las organizaciones políticas en la democracia.

“Nosotros vamos a gobernar el 2030”, insistió el legislador.

De ese modo, recordó que Libre cuenta con una estructura política y territorial que le permite proyectarse como una alternativa frente al actual Ejecutivo.

A su vez, destacó que su alianza tiene la bancada parlamentaria opositora más numerosa, presencia política en distintos departamentos y el control de las gobernaciones de Pando y Santa Cruz.

El legislador cuestionó además la capacidad de maniobra del Ejecutivo en el Legislativo y argumentó que Paz enfrenta un bajo nivel de respaldo político, sin una mayoría propia que le permita alcanzar los dos tercios necesarios para aprobar decisiones estructurales.

Así, mientras el Gobierno enfrenta el desafío de responder a la crisis y sostener su gestión, Libre ya abrió la disputa por el siguiente ciclo electoral. A cuatro años de las elecciones de 2030, la oposición empieza a instalar la idea de que el desgaste del actual Gobierno puede convertirse en su principal plataforma para volver al poder.",https://larazon.bo/nacional/2026/08/10/a-cuatro-anos-de-las-proximas-elecciones-libre-se-declara-gobierno-en-espera-y-apunta-a-2030/
La Razón,2026-08-10,Mundo,Latinoamérica expresa su apoyo a Colombia tras el terremoto,"Numerosos líderes latinoamericanos han expresado este lunes su solidaridad con el Gobierno de Colombia y el pueblo colombiano tras el terremoto de 7,4 en la escala de Richter que ha sacudido el noroeste del país, con epicentro cerca de la localidad de San José del Palmar, en el departamento de Chocó.

El presidente de Ecuador, Daniel Noboa, ha trasladado su solidaridad a Colombia y a todas las familias afectadas por el seísmo. «Ponemos a su disposición nuestro equipo USAR: 47 rescatistas, canes especializados y equipos con autonomía para operar durante siete días. Estamos listos para movilizarnos cuando lo requieran», ha indicado.

Por su parte, el mandatario chileno, José Antonio Kast, ha asegurado que su país «conoce el dolor y el desafío que dejan los seísmos». «Estamos disponibles para apoyar en lo que Colombia necesite», ha indicado en un mensaje en sus redes sociales.

También se ha pronunciado el Gobierno de Venezuela –que recientemente sufrió un doble terremoto de magnitud superior a 7 en la escala de Richter que dejó más de 6.100 muertos– que se ha solidarizado «con las familias de las víctimas y con todos aquellos que han sufrido daños y pérdidas materiales».

«El Gobierno venezolano, a través de los mecanismos de cooperación bilateral y de los organismos de protección civil, pone a disposición del Gobierno colombiano el envío de grupo de rescatistas y de ayuda humanitaria necesaria dentro del marco del respeto pleno a su soberanía y autodeterminación», ha indicado el Ministerio de Exteriores venezolano en un comunicado.

En la misma línea, el presidente de Panamá, José Raúl Mulino, ha puesto a disposición su «colaboración» dentro de sus capacidades, mientras que el Ministerio de Exteriores de Costa Rica ha expresado igualmente sus condolencias a los familiares de las víctimas.

También el Ministerio de Relaciones Exteriores de Bolivia expresó este lunes su solidaridad con Colombia tras el fuerte sismo que dejó pérdidas humanas y materiales y recordó que mantiene habilitados sus canales de asistencia consular para los connacionales bolivianos.

“El Ministerio de Relaciones Exteriores del Estado Plurinacional de Bolivia, en nombre del Gobierno y del pueblo boliviano, expresa su profunda solidaridad con el Gobierno y el pueblo de la República de Colombia ante las graves consecuencias ocasionadas por el fuerte sismo registrado en la jornada de hoy (lunes)”, se lee en un comunicado de esa cartera de Estado.",https://larazon.bo/mundo/2026/08/10/latinoamerica-expresa-su-apoyo-a-colombia-tras-el-terremoto/
La Razón,2026-08-10,Mundo,Terremoto en Colombia deja al menos 69 muertos y destrucción,"Un fuerte terremoto sacudió el lunes a Colombia, con un saldo de al menos 69 muertes y decenas de edificaciones colapsadas en el oeste del país, según las autoridades.

El sismo de magnitud 7,4 ocurrió a las 07.34 locales (12.34 GMT), según el servicio geológico colombiano y el de Estados Unidos. Su epicentro se ubicó cerca de San José del Palmar, en Chocó (oeste), una región pobre en la que por el momento no hay reportes de víctimas.

La región cafetera de Risaralda es por ahora la más afectada, con 40 fallecidos y decenas de edificios destruidos, un saldo oficial que aumenta rápidamente con el paso de las horas. En la vecina Manizales se registran dos muertos y en el departamento del Valle del Cauca, 27. Periodistas de la agencia AFP observaron edificios destruidos y personas heridas que fueron evacuadas en Manizales y Cali.

En Pereira, capital de Risaralda, hay «muchas personas lesionadas», otros «atrapados en medio de los escombros» y «la situación es crítica» en esa ciudad, dijo el alcalde Mauricio Salazar, en entrevista con Caracol Radio.

En Manizales una de las torres de su emblemática catedral se desprendió.

«Hay muchísimos edificios con daños estructurales o en sus fachadas. En este momento el tránsito está colapsado, la gente no quiere regresar a sus casas por temor a una réplica», dijo a la AFP Jaime Zuluaga, un administrador de 50 años en esa ciudad.

Seis aeropuertos del oeste del país, entre ellos los de Pereira y Manizales, suspendieron operaciones mientras se evalúan los daños ocasionados por el sismo, informó la Aeronáutica civil.

El presidente Abelardo de la Espriella anunció una «reunión de urgencia» en Bogotá.

«Ahí estará con todo el equipo tomando determinaciones y acciones personalmente», declaró desde un avión.

El secretario del Estado de Estados Unidos, Marco Rubio, expresó su solidaridad con el nuevo gobierno, del que es aliado. La administración de Donald Trump «está dispuesta a prestar apoyo al pueblo colombiano y al Gobierno» de De la Espriella, indicó en X.

Los departamentos afectados tienen problemas de comunicación.

«No hay electricidad ni red celular, se sintió muy duro, durísimo, se cayeron cosas de la casa (…) los animales se asustaron mucho», dijo a la AFP Martha Estrada, de 66 años, en la región cafetera.

En Cali hay al menos 20 estructuras colapsadas con personas atrapadas dentro, según las autoridades locales.

En un parque colmado de personas evacuadas, Ana Milena Grijalba se recuperaba del shock: «Todos empezamos a orar (…) otros llorábamos, pero gracias a Dios estamos bien».

La gobernadora del Chocó, Nubia Carolina Córdoba, reportó en X que hay «heridos» y «daños tumbas en las edificaciones». Un video obtenido por un periodista de la AFP muestra un edificio caído en Quibdó, la capital de esa región.

El fútbol también se vio afectado. Los partidos restantes de la cuarta fecha del torneo de primera división fueron aplazados tras el terremoto, informó el ente rector del balompié local.

El sismo también se percibió fueido en países vecinos. Se sintió en la capital ecuatoriana Quito y en diversas provincias de Panamá, así como en algunas regiones de Venezuela.

El 24 de junio un doble sismo de magnitud 7,2 y 7,5 provocó más de 6.000 muertos y destrucción en Venezuela.

«Nos dimos cuenta porque las lámparas iban y venían. Yo sentí, pero pensé que era un mareo mío porque a veces me dan mareos», dijo Ana Hernández, ama de casa de 66 años en la ciudad venezolana de Maracaibo.

En Bogotá, los edificios fueron evacuados y cientos de personas salieron a las calles en medio del ruido de sirenas. Muchas estaban con sus mascotas.

El alcalde Carlos Galán aseguró a Blu Radio que en la capital solo se han reportado grietas superficiales en algunas casas y edificios.

La presidenta de México, Claudia Sheinbaum, ofreció «todo el apoyo que requiera» Colombia.

Los presidentes derechistas de Chile y Ecuador se solidarizaron con Colombia.

El mandatario ecuatoriano Daniel Noboa se sumó a las propuestas de auxilio con 47 rescatistas y perros especializados, según un mensaje en X.

También Israel ofreció ayuda, en medio de la reanudación de las relaciones diplomáticas tras la llegada al poder del ultraderechista De la Espriella.",https://larazon.bo/mundo/2026/08/10/terremoto-en-colombia-deja-al-menos-69-muertos-y-destruccion/
La Razón,2026-08-10,Nacional,Bolivia activa asistencia consular para bolivianos en Colombia tras fuerte sismo,"El Ministerio de Relaciones Exteriores activó sus canales de asistencia consular para los ciudadanos bolivianos que se encuentran en Colombia, tras el fenómeno natural registrado este lunes, que dejó pérdidas de vidas humanas, personas heridas y comunidades afectadas.

La Cancillería informó que permanece atenta a la evolución de la emergencia y mantiene habilitados sus mecanismos de asistencia para los connacionales que puedan requerir ayuda durante esta situación.

“El Ministerio de Relaciones Exteriores se mantiene atento a la evolución de la emergencia y mantiene habilitados sus canales de asistencia consular para la atención de los connacionales bolivianos residentes o en tránsito en territorio colombiano”, dice el comunicado.

La Embajada de Bolivia en Colombia puso a disposición de los ciudadanos nacionales sus canales de contacto para cualquier requerimiento de asistencia. Los bolivianos pueden comunicarse mediante el correo electrónico [ [email protected] ](mailto: [email protected] ) o a través del número telefónico +57 313 384 8683.

Lea también: Terremoto en Colombia deja al menos 69 muertos y destrucción

Hasta el momento, no se ha reportado una cifra de bolivianos afectados por el sismo ni informa sobre connacionales desaparecidos.

El Gobierno también expresó su solidaridad con Colombia y lamentó las consecuencias provocadas por el movimiento sísmico. “Bolivia lamenta profundamente la pérdida de vidas humanas y expresa sus más sentidas condolencias a las familias de las víctimas”.

Asimismo, la Cancillería extendió sus deseos de pronta recuperación a las personas heridas y expresó su solidaridad con las comunidades afectadas por el desastre natural.

El Gobierno añadió que está dispuesto a brindar apoyo, dentro de sus capacidades y a solicitud de las autoridades colombianas, para contribuir a la atención de la emergencia.

La activación de los canales consulares permite mantener una vía directa de comunicación con los bolivianos que se encuentran en Colombia mientras las autoridades de ese país evalúan las consecuencias del sismo y continúan con las labores de atención a las personas afectadas.

La región ha mostrado su respaldo a Colombia por el fenómeno natural. El presidente de Ecuador, Daniel Noboa, informó que su país puso a su disposición un equipo USAR con 47 rescatistas, canes especializados y equipos con autonomía para operar durante siete días.",https://larazon.bo/nacional/2026/08/10/bolivia-activa-asistencia-consular-para-bolivianos-en-colombia-tras-fuerte-sismo/
La Razón,2026-08-10,Mundo,Trump dice que reclamará a Irán una compensación por el conflicto,"El presidente de Estados Unidos, Donald Trump, dijo el lunes que buscaría una compensación por parte de Irán por ataques que se remontan a décadas atrás, como parte de cualquier futura negociación de paz.

Irán «está pidiendo una compensación por los daños que se le han causado durante el conflicto militar de los últimos cinco meses (…) Yo igualmente exijo una compensación de Irán por todas las personas que han matado» a lo largo del tiempo, publicó Trump.

El mandatario estadounidense aludió en particular al atentado contra el buque de guerra estadounidense USS Cole en Yemen en 2000, al señalar que las familias de los fallecidos deben ser compensadas.

Igualmente se refirió a las familias de los «miles de manifestantes inocentes muertos en los últimos 50 años, además de los 52.000 de los últimos cinco meses».

Esta nueva declaración hace lucir aún más improbable que se alcance pronto un acuerdo sobre el paso por el estrecho de Ormuz, mientras Irán pide para abrir esa vía que Estados Unidos acepte «todas» sus condiciones.",https://larazon.bo/mundo/2026/08/10/trump-dice-que-reclamara-a-iran-una-compensacion-por-el-conflicto/
La Razón,2026-08-10,Nacional,Rodríguez Veltzé cuestiona nuevo organismo anticorrupción: ‘El Estado ya dispone de instituciones’,"El expresidente Eduardo Rodríguez Veltzé cuestionó la decisión del Gobierno de Rodrigo Paz de crear un Alto Comisionado para la Integridad Institucional y la Justicia, ya que consideró que el Estado ya cuenta con instituciones constitucionales encargadas de fiscalizar, controlar y administrar justicia.

“El Estado ya dispone de instituciones a cargo de la fiscalización, el control y la justicia para combatir la corrupción”, afirmó el expresidente en una publicación en sus redes sociales.

El exmandatario recordó las funciones de las distintas instancias estatales. Señaló que la Asamblea Legislativa “fiscaliza y legisla”; la Contraloría General del Estado es el “órgano rector del control gubernamental”; el control social es ejercido por la ciudadanía; la Procuraduría representa al Estado; el Ministerio Público “resguarda la legalidad”, mientras que el Órgano Judicial y los tribunales ejercen la jurisdicción.

Lea también: Senado evaluará esta semana a los primeros embajadores designados por Rodrigo Paz

En su discurso presidencial del 6 de Agosto, en Sucre, Paz anunció la creación de un Alto Comisionado que tendrá la misión de coordinar una política nacional de prevención, transparencia y lucha contra la corrupción.

Paz defendió la necesidad de fortalecer los mecanismos de control y reconoció que la corrupción constituye un problema estructural en el país.

“La corrupción está en todas las instituciones; no hay una que se salve de la corrupción”, afirmó el mandatario.

Frente a ello, Rodríguez Veltzé planteó que el desafío está en hacer funcionar de manera efectiva las estructuras que ya existen. “La coordinación y cooperación en estas funciones constitucionales exige compromiso de servicio e integridad”.

También reclamó acuerdos que trasciendan a una gestión gubernamental y permitan avanzar en reformas estructurales. En su criterio, se necesita “voluntad política para acordar ‘políticas de Estado’, —no solo de gobierno— indispensable para las reformas estructurales pendientes”.

El principal cuestionamiento apunta a la expansión de nuevas estructuras dentro del aparato estatal. “El centralismo debe forjar acuerdos institucionales y ciudadanos antes que expandir la burocracia con nuevas figuras y con competencias que pueden resultar repetidas”.

El país atraviesa por una profunda crisis institucional, producto de ello, todas las instituciones estatales están contaminadas por corrupción. Hasta la fecha, ninguna medida ha dado solución al problema.",https://larazon.bo/nacional/2026/08/10/rodriguez-veltze-cuestiona-nuevo-organismo-anticorrupcion-el-estado-ya-dispone-de-instituciones/
La Razón,2026-08-10,Mundo,Meta afronta nuevo juicio en California por sus redes sociales,"Condenada ya en dos ocasiones este año por los efectos de sus plataformas en los jóvenes, Meta deberá hacer frente ahora a cuatro estados de Estados Unidos que la acusan de haber creado Instagram y Facebook con intención de hacerlas adictivas.

Este juicio, uno de los más importantes entre la multitud de procesos legales contra las redes sociales en Estados Unidos, comenzará el miércoles con la selección del jurado en el tribunal federal de Oakland, cerca de San Francisco.

El juicio propiamente dicho recién se iniciará el 18 de agosto, con unas seis semanas de audiencias y un veredicto previsto para principios de octubre.

Los fiscales generales de California, Colorado, Kentucky y Nueva Jersey solicitan una larga lista de restricciones al funcionamiento de Instagram y Facebook para menores, y multas de hasta 1,4 billones de dólares, una cifra equivalente a la capitalización bursátil de Meta.

Mark Zuckerberg figura entre los testigos clave que la fiscalía tiene previsto interrogar antes de finales de septiembre en este tribunal.

Esta sería la segunda comparecencia en seis meses del director ejecutivo de Meta tras su testimonio ante un tribunal de Los Ángeles, que el jurado demostró poco convincente.

El juicio de Oakland, el primero ante tribunales federales, culmina una batalla legal que comenzó a finales de 2021, cuando una exempleada de Meta, Frances Haugen, filtró millas de páginas de resultados de búsqueda interna -los «Archivos de Facebook»- que demostraban que Meta estaba midiendo el daño que Instagram causaba a la salud mental de los adolescentes mientras públicamente defendía su inocuidad.

Estas revelaciones desencadenaron una investigación conjunta de decenas de estados que dos años después derivó en una demanda presentada por unos treinta fiscales generales.

Cuatro estados fueron elegidos para llevar adelante este juicio en Oakland, que en caso de una derrota para Meta podría derivar en un acuerdo con los estados involucrados similar al suscito tiempo atrás por la industria tabacalera.

TikTok, Snapchat y YouTube (Google) son objeto de otras demandas presentadas por millas de familias, escuelas y fiscales en Estados Unidos.

En marzo, en una decisión histórica, un jurado de Los Ángeles declaró a Meta y YouTube responsables de la adicción de una adolescente californiana, otorgándole a la joven una indemnización de 6 millones de dólares.

En Nuevo México, Meta fue posteriormente condenada a pagar casi 1,000 millones de dólares en multas e indemnizaciones, además de imponer restricciones sin precedentes a las cuentas de menores en el estado.

La compañía anunció que apelará ambas decisiones.

Meta declaró tener «confianza» en su trayectoria «de protección de los adolescentes en línea».

La empresa matriz de Instagram y Facebook argumentará que la salud mental de los jóvenes «no puede imputarse a una sola aplicación» y que algunas de las funcionalidades demandadas están protegidas por las disposiciones sobre libertad de expresión de la Constitución estadounidense.

En mayo, Snapchat, TikTok y YouTube, junto con Meta, optaron por pagar 27 millones de dólares a un distrito escolar de Kentucky para evitar otro juicio que podía sentar un precedente para denuncias similares de unas 1.200 comunidades educativas.

Los cuatro estados acusan a Meta de violar sus leyes de protección al consumidor y la Ley Federal de Protección de Datos Infantiles (COPPA) al multiplicar las funcionalidades diseñadas para mantener a los menores enganchados —deslizamiento infinito (scroll), notificaciones intrusivas o nocturnas, y los avisos de «me gusta»— mientras minimizan públicamente los riesgos.

Esta estrategia elude la inmunidad de la que gozan las plataformas en Estados Unidos para el contenido generado por los usuarios: lo que se ataca es el diseño de las aplicaciones, no lo que se publica en ellas.

La cifra astronómica de 1,4 billones de dólares reclamada resulta de una multiplicación: cada menor afectada constituiría una infracción independiente, sancionable con multas de varias millas de dólares, según la fiscalía.

El jurado solo tendrá un papel consultivo. La jueza Yvonne González Rogers, quien ya presidió el juicio de Apple-Epic Games y la batalla legal de esta primavera boreal entre Elon Musk y los creadores de ChatGPT, determinará personalmente las sanciones y las medidas correctivas.

En la sala del tribunal, padres de adolescentes víctimas de las redes sociales podrían volver a testificar, como sucedió en Los Ángeles, mientras que el resto del país podrá seguir el proceso judicial en directo por YouTube.",https://larazon.bo/mundo/2026/08/10/meta-afronta-nuevo-juicio-en-california-por-sus-redes-sociales/
La Razón,2026-08-10,Economía y Empresa,Economía prepara créditos para damnificados en Barrio Lindo,"El Gobierno anunció medidas de apoyo financiero para los comerciantes y trabajadores afectados por el incendio registrado en el mercado Barrio Lindo, en Santa Cruz de la Sierra, con el objetivo de facilitar la recuperación de sus actividades económicas.

Asimismo, evitar que las pérdidas provoquen un mayor deterioro de su situación financiera.

El ministro de Economía y Finanzas Públicas , José Gabriel Espinoza, informó que su cartera trabaja en el diseño de líneas de crédito destinadas a recuperar el capital de trabajo que los damnificados perdieron a causa del siniestro.

“Estamos trabajando para establecer líneas de crédito para recuperar el capital de trabajo. Entendemos que no están pidiendo regalos, lo que piden es poder volver a trabajar”, señaló la autoridad.

Lea : Comerciantes mantienen vigilia para cuidar lo que quedó tras incendio

Espinoza explicó que el objetivo es que los afectados puedan acceder a recursos que les permitan reponer mercadería, herramientas y otros elementos necesarios para reactivar sus negocios y recuperar sus fuentes de ingresos.

Para concretar este apoyo, el Ministerio de Economía coordinará con la Alcaldía de Santa Cruz de la Sierra la elaboración y validación de las listas de personas afectadas. Según el ministro, contar con una identificación precisa de los damnificados será fundamental para que los recursos lleguen de manera rápida a quienes realmente sufrieron pérdidas.

“Vamos a trabajar en esas líneas de crédito para el capital de aquellos que han perdido su capital aquí adentro y para eso necesitamos trabajar en coordinación con la Alcaldía en las listas de quienes han resultado afectados”, afirmó.

El segundo componente de la asistencia estará dirigido a los damnificados que mantienen obligaciones con entidades financieras.

Espinoza indicó que el Gobierno prevé coordinar con las instituciones financieras para analizar refinanciamientos y reprogramaciones de créditos, de manera que los afectados puedan contar con un periodo de alivio mientras reconstruyen sus actividades económicas.

La medida busca evitar que quienes perdieron su capital de trabajo tengan que enfrentar simultáneamente la reposición de sus negocios y el pago inmediato de sus obligaciones financieras.

“Vamos a coordinar con las entidades financieras para poder ver refinanciamientos y reprogramaciones, de tal manera que no se los ahogue durante este tiempo”, explicó.

El ministro remarcó que la prioridad será identificar con precisión a las personas que sufrieron daños. A partir de esa información, se definirán los mecanismos de financiamiento y alivio financiero que permitan a los damnificados retomar sus actividades.

La propuesta plantea así una respuesta enfocada no solo en atender la emergencia, sino también en reconstruir el capital de trabajo y preservar las fuentes de ingreso de cientos de familias que dependen de sus actividades comerciales en Barrio Lindo.

Para los afectados, el desafío inmediato no se limita a recuperar los bienes perdidos en el incendio, sino a volver a generar ingresos. En ese sentido, las medidas anunciadas por el Gobierno apuntan a que el crédito y la flexibilización de las obligaciones financieras se conviertan en herramientas para acelerar la recuperación económica de los damnificados.",https://larazon.bo/economia-y-empresa/2026/08/10/economia-prepara-creditos-y-reprogramacion-de-deudas-para-damnificados-del-incendio-en-barrio-lindo/
La Razón,2026-08-10,Economía y Empresa,Samuel cuestiona estrategia del BCB para frenar inflación y advierte efectos recesivos,"El empresario y político Samuel Doria Medina cuestionó la estrategia del Banco Central de Bolivia (BCB) para contener la inflación mediante una reducción de la liquidez y advirtió que estas medidas podrían profundizar la desaceleración económica que atraviesa el país.

A través de una publicación en la red social X, Doria Medina señaló que el BCB estableció un techo a la masa monetaria para 2026, con el objetivo de mantenerla en niveles similares a los registrados en 2025. Según su explicación, durante el primer semestre la autoridad monetaria habría retirado alrededor de Bs 10.000 millones de circulación mediante la colocación de letras y, además, incrementó los requerimientos de encaje bancario.

La lógica de estas medidas, explicó, es reducir la cantidad de dinero disponible en la economía para disminuir la demanda de dólares y moderar la presión sobre el tipo de cambio. Al mismo tiempo, una menor liquidez debería reducir la demanda de bienes y servicios y, con ello, contribuir a contener el incremento de los precios.

Vea también: Espinoza destaca caída de la inflación del 21% al 4,9%

Sin embargo, Doria Medina puso en duda que esta estrategia pueda resolver por sí sola el problema inflacionario. A su criterio, la economía boliviana enfrenta una dificultad adicional: la escasez de dólares, que puede generar una depreciación del boliviano incluso cuando se restringe la cantidad de dinero disponible.

“En la práctica, como estamos viendo, la devaluación puede ocurrir igualmente por una falta aguda de dólares”, sostuvo.

El planteamiento apunta a uno de los principales dilemas de la economía boliviana: intentar controlar los precios sin profundizar la pérdida de actividad económica . Para Doria Medina, si el tipo de cambio continúa trasladándose a los precios internos debido a la falta de divisas, la política de reducción de liquidez tendrá un efecto limitado sobre la inflación.

Además, advirtió que “secar” la economía de liquidez puede tener consecuencias sobre empresas, comerciantes y consumidores, debido a que dificulta el acceso al financiamiento y reduce el gasto y la inversión.

“Reducir la liquidez es recesivo, inhibe la actividad económica”, afirmó, al considerar que esta situación resulta especialmente delicada para un país que, según su análisis, ya enfrenta un escenario de estanflación , caracterizado por una combinación de aumento de precios y contracción económica.

Frente a este escenario, Doria Medina planteó que la respuesta económica debe ser integral y considerar distintos momentos del ciclo económico. En su criterio, una de las prioridades debe ser fortalecer las reservas internacionales para aliviar la escasez de divisas y reducir la presión sobre el tipo de cambio.

También sostuvo que, una vez que la inflación haya disminuido suficientemente, el Gobierno deberá cambiar el enfoque y aplicar políticas contracíclicas destinadas a reactivar la economía.

“Necesitamos más reservas de divisas. Y cuando se ‘enfríe’ lo suficiente el Índice de Precios, necesitaremos políticas contracíclicas, es decir, que impulsen la actividad económica”, señaló.

Su análisis coloca el debate económico en un punto central: controlar la inflación sin sacrificar aún más el crecimiento . La reducción de liquidez puede ayudar a moderar la demanda, pero, si el origen de una parte importante de las presiones sobre los precios está en la escasez de dólares, la solución requeriría también medidas orientadas a recuperar el flujo de divisas y fortalecer la capacidad productiva.",https://larazon.bo/economia-y-empresa/2026/08/10/uestiona-estrategia-del-bcb-para-frenar-la-inflacion-y-advierte-efectos-recesivos/
La Razón,2026-08-10,Economía y Empresa,Mineros exigen socializar las leyes y piden que inversiones lleguen a proyectos productivos,"El secretario ejecutivo de la Federación Sindical de Trabajadores Mineros de Bolivia (FSTMB), Andrés Paye, sostuvo que el paquete de leyes que impulsa el Gobierno debe ser analizado y debatido con la participación de todos los sectores involucrados, especialmente porque las nuevas normas marcarán las directrices económicas del país y definirán las condiciones para acceder a inversión y financiamiento externo.

Paye consideró que la actual coyuntura económica obliga a adoptar medidas para enfrentar una realidad marcada por dificultades financieras, falta de empleo y pobreza. Sin embargo, remarcó que cualquier reforma debe garantizar que los beneficios de la inversión y del aprovechamiento de los recursos naturales lleguen al conjunto de la población.

“Todo ese paquete de leyes que está proponiendo el Gobierno es muy determinante. También son las directrices en las que se basa el tema de Gobierno, el tema económico y también el tema de los préstamos”, afirmó.

El dirigente minero señaló que las nuevas normativas deben cumplir las diferentes etapas de discusión y aprobación previstas por el Estado, pero consideró especialmente importante la participación de los sectores que puedan verse afectados por las decisiones.

A su criterio, la población, a través de sus representantes, debe conocer en profundidad las propuestas, evaluar sus alcances y plantear modificaciones cuando sea necesario.

Consulte: Paz afirma que la economía se recupera y proyecta inversiones por $us 10.000 MM

Paye destacó la importancia de atraer inversión extranjera y promover esquemas de inversión mixta en Bolivia, aunque puso una condición central: los recursos que lleguen al país deben estar orientados a la inversión productiva y no a cubrir gasto corriente.

“Toda inversión es muy importante. Por eso, cuando haces préstamos, cuando vienen préstamos externos, tiene que ir a inversión. No puede ir a gasto interno. Tiene que ir a inversión”, enfatizó.

Desde la perspectiva de la FSTMB, la minería puede convertirse en uno de los sectores que ayuden a dinamizar la economía si se combinan recursos públicos y privados bajo reglas claras y con cumplimiento de las normas vigentes.

El dirigente recordó que los trabajadores mineros han planteado en anteriores oportunidades la necesidad de impulsar tanto la inversión estatal como la privada para desarrollar el potencial minero del país.

“Para hacer, por ejemplo, el tema de la minería, siempre hemos propuesto inversión estatal e inversión privada”, manifestó.

No obstante, insistió en que la llegada de capitales debe estar acompañada por mecanismos que garanticen beneficios concretos para Bolivia.

Uno de los principales puntos planteados por Paye es que la explotación de los recursos naturales no debe limitarse a generar rentabilidad para las empresas, sino traducirse en empleo, seguridad laboral, cumplimiento de las normas y mejores condiciones económicas para la población.

En ese sentido, señaló que la Constitución Política del Estado establece que los recursos naturales pertenecen al pueblo boliviano y que el Estado cumple el papel de administrador.

“Si bien una inversión tiene que generar fuentes de empleo, seguridad y cumplir con las normativas, aparte de eso puedes dar esa garantía financiera al pueblo boliviano”, sostuvo.

Por ello, consideró necesario revisar y mejorar el marco legal relacionado con sectores estratégicos, entre ellos la minería, el oro y el régimen impositivo.

“Hay que mejorar el tema legal, el tema del oro, el tema impositivo. Hay que ver también el tema impositivo”, señaló.

La posición de la FSTMB se plantea en un momento en el que el Gobierno busca aprobar un conjunto de medidas para responder a la complicada situación económica del país. Para Paye, las reformas no pueden analizarse únicamente desde una perspectiva normativa, sino también desde sus efectos sobre el empleo, la producción y las condiciones de vida.

El dirigente minero sostuvo que el objetivo final debe ser que la inversión y el aprovechamiento de los recursos naturales contribuyan a reducir la desocupación y la pobreza.

“Todas esas cosas tienen que beneficiar al conjunto del ciudadano en general del pueblo boliviano. Y sobre todo, mejorar y hacer desaparecer el tema de la desocupación, el tema de la pobreza”, afirmó.

De esta manera, la FSTMB plantea que las nuevas reglas económicas deben encontrar un equilibrio entre la necesidad urgente de atraer capitales para reactivar la producción y la obligación de garantizar que esa inversión genere empleo, ingresos y desarrollo para los bolivianos.

Para el sector minero, la dura realidad económica que atraviesa el país hace necesarias nuevas medidas , pero estas deben ser discutidas de manera amplia y acompañadas de garantías para que la recuperación económica no se limite a las cifras de inversión, sino que tenga un impacto tangible en los trabajadores y en la población.",https://larazon.bo/economia-y-empresa/2026/08/10/mineros-exigen-socializar-las-leyes-y-piden-que-inversiones-lleguen-a-proyectos-productivos/
La Razón,2026-08-10,Economía y Empresa,Informe apunta a responsabilidades en gobiernos de Arce y Paz por ‘gasolina basura’,"El diputado Carlos Alarcón, vocero y miembro de la comisión especial de la Cámara de Diputados que investiga el caso de la denominada “gasolina basura”, afirmó que el informe de esa instancia identifica posibles responsabilidades tanto en autoridades de la administración de Luis Arce como en funcionarios de la actual gestión.

El documento será considerado en los próximos días por el pleno de la Cámara de Diputados, donde se definirá el curso que seguirá la investigación sobre la calidad del combustible y los contratos vinculados a su provisión.

Alarcón aseguró que el informe menciona entre los posibles responsables al expresidente Luis Arce Catacora, a los exministros Mauricio Medinaceli y Gallardo, además de los expresidentes de YPFB Wilson Dorgathen y otro exejecutivo de la estatal petrolera.

“Lo que está claro es que hay responsabilidad de las dos gestiones presidenciales”, afirmó el legislador.

Según Alarcón, cualquier modificación o desconocimiento de las conclusiones contenidas en el documento debería ser debidamente fundamentada. Sus declaraciones apuntan directamente a la presidenta de la comisión especial, la diputada Ximena Arispe, a quien cuestionó por el manejo del informe.

“Si la presidenta de la comisión quiere desconocer eso, tendrá que fundamentar por qué quiere borrar con el codo lo que escribió con la mano”, sostuvo.

Vea: Aprehenden a exdirectora jurídica de YPFB por el caso de ‘gasolina desestabilizada’

Uno de los principales elementos señalados por Alarcón es el contrato suscrito entre YPFB y la empresa Ditol durante la administración de Dorgathen, en el gobierno de Arce.

De acuerdo con su relato, ese contrato fue objeto de cuatro enmiendas durante la anterior gestión y posteriormente se amplió por la actual administración mediante una quinta enmienda, suscrita el 17 de diciembre de 2025 , fecha en la que también se levantó la subvención a los combustibles.

Para Alarcón, ese momento representaba una oportunidad para que el nuevo Gobierno dejara sin efecto el contrato y buscara otras alternativas de abastecimiento de combustible bajo las nuevas condiciones de mercado.

“¿Por qué ampliaron ese contrato, cuando debieron dejar que eso termine y se consiga el mismo día que se levantó la subvención gasolina de buena calidad de acuerdo al precio internacional?”, cuestionó.

El legislador sostuvo que la ampliación permitió que el contrato continuara vigente hasta el 30 de junio de 2026 , periodo durante el cual, según su denuncia, se mantuvo la provisión del combustible que posteriormente quedó vinculada al escándalo de la denominada “gasolina basura”.

El caso adquiere relevancia económica porque involucra a la principal empresa estatal del sector hidrocarburos y se relaciona directamente con el abastecimiento de combustibles, uno de los componentes de mayor impacto en la economía boliviana.

Las observaciones de Alarcón plantean que las responsabilidades no tendrían que concentrarse únicamente en una administración, debido a que, según la secuencia de hechos, el contrato se originó durante el gobierno de Arce, pero posteriormente se modificó y amplió durante la actual gestión.

“En el informe se señalan como posibles responsables a funcionarios del anterior Gobierno y de este”, remarcó.

El diputado también cuestionó que el informe permaneciera durante aproximadamente un mes sin su tratamiento desde que lo remitieron a la Presidencia de la Cámara Baja.

“Si la presidenta de la comisión se lo durmió un mes ese informe desde que lo mandó a Presidencia para que esto pase con muy bajo perfil”, manifestó.

Ahora, el documento pasará al pleno de Diputados, instancia que tendrá que evaluar las conclusiones de la comisión y determinar si corresponde establecer responsabilidades políticas, administrativas o promover otras acciones dentro del proceso de investigación.

Más allá de la disputa política, el caso pone nuevamente bajo la lupa la gestión de los contratos de importación y provisión de combustibles, en un momento en que el costo y la disponibilidad de gasolina y diésel tienen un impacto directo sobre el transporte, la producción, los precios de los alimentos y el bolsillo de los consumidores.",https://larazon.bo/economia-y-empresa/2026/08/10/informe-apunta-a-responsabilidades-en-gobiernos-de-arce-y-paz-por-gasolina-basura/
La Razón,2026-08-10,Economía y Empresa,Advierten que el kilo de carne de cerdo podría subir a más de Bs 40,"El precio de la carne de cerdo podría superar los Bs 40 por kilo si no se regulariza el abastecimiento de combustible, advirtió Henry Chávez, gerente de la Asociación Departamental de Porcicultores (Adepor), al señalar que la escasez de diésel eleva los costos de producción y transporte del sector.

“Es inminente que la carne de cerdo va a subir. De hecho, ya está subiendo. Esto va a ir escalando, vamos a llegar arriba de los 40 bolivianos el kilo”, afirmó Chávez a Red Uno.

Lea: Productores advierten quiebra de granjas y presión sobre los precios de la carne de cerdo

Chávez explicó que la falta de diésel obliga a los productores a enfrentar mayores costos logísticos, debido a que los transportistas están cobrando hasta el doble de lo que normalmente cuesta un flete.

“Esto hace que los costos de producción se eleven porque los transportistas cobran prácticamente el doble de lo que es un flete normal”, señaló.

El incremento del transporte repercute en distintos eslabones de la cadena porcina, desde el traslado de alimentos e insumos hasta la movilización de los animales y la distribución de la carne hacia los mercados.

“El tema del diésel es un tema que está aniquilando al sector productivo y a nuestro sector también, el sector porcicultor”, sostuvo.

En términos económicos, el escenario genera una presión difícil de absorber para los productores: mientras los costos suben, el margen para mantener los precios se reduce. Si la situación persiste, el incremento termina trasladándose al consumidor.

El representante de Adepor cuestionó que, pese a las reuniones sostenidas con autoridades, todavía no existan soluciones concretas para garantizar el suministro de combustible.

“Hemos tenido ya unas tres o cuatro reuniones. Pero termina en esto, en nada. Fotografía y nada más. ¿Soluciones concretas para el abastecimiento del combustible? No hay, no existe”, reclamó.

Según Chávez, las promesas de normalización del suministro se vienen repitiendo desde hace varios meses, sin que el sector productivo haya recuperado un abastecimiento regular.

“Ese cuento de que vamos a abastecer, vamos a abastecer, lo venimos escuchando ya desde hace cuatro o cinco meses atrás”, afirmó.

El dirigente añadió que, incluso después de los 53 días de paro y bloqueos, las dificultades para acceder al combustible continúan afectando al sector.

La preocupación de los porcicultores trasciende a la actividad empresarial y tiene un efecto directo sobre los consumidores, particularmente en un contexto de incremento generalizado de los costos de producción y distribución de alimentos.

Si el kilo de carne de cerdo supera los Bs 40, los hogares tendrán que destinar más recursos para adquirir uno de los productos habituales de la canasta alimentaria. Además, un encarecimiento de la carne puede generar efectos sobre restaurantes, comerciantes y otros negocios que utilizan este producto como insumo.

Para Adepor, la solución pasa por garantizar un suministro estable de diésel que permita recuperar condiciones normales de transporte y producción. Mientras eso no ocurra, Chávez anticipa que el incremento del precio de la carne de cerdo continuará y la presión terminará llegando al consumidor final.",https://larazon.bo/economia-y-empresa/2026/08/10/advierten-que-el-kilo-de-carne-de-cerdo-podria-subir-a-mas-de-bs-40/
La Razón,2026-08-10,Nacional,"La atención de delitos transfronterizos es prioridad para Bolivia y Brasil, dice embajador","El embajador de Brasil Luis Henrique Sobreira, confirmó este lunes que el jueves 13 de agosto su país y Bolivia lanzarán el plan Frontera Segura y aseguró que los delitos transfronterizos son prioridad y parte de la agenda bilateral de ambas naciones.

“Tenemos una agenda bilateral Brasil y Bolivia de atención a los problemas de delitos transfronterizos como contrabando, narcotráfico, trata y tráfico de personas. Es un problema que tenemos siempre presente en nuestras conversaciones”, dijo Henrique en BTV.

En ese contexto, confirmó que una delegación de Brasil llegará el jueves a la localidad fronteriza de Guayaramerín, donde se lanzará el plan Frontera Segura que apunta a la coordinación y operativos en zonas identificadas como rojas en el límite entre ambos países.

Lea más: Bolivia y Brasil pondrán en marcha el jueves el plan ‘Frontera Segura’ en zonas peligrosas

“Autoridades brasileñas van a estar presentes en la frontera entre Beni y el estado de Rondonia de Brasil”, remarcó.

Este lunes, el ministro de Gobierno, Marco Antonio Oviedo, informó que Bolivia y Brasil lanzarán esta semana el plan “Frontera Segura” para coordinar y ejecutar operativos en las zonas rojas ubicadas en el límite de ambos países, informó este lunes el ministro de Gobierno, Marco Antonio Oviedo.

“El jueves de esta semana, el 13 de agosto, en Guayaramerín, vamos a lanzar el plan Frontera Segura, que en el caso de Brasil corresponde a los departamentos de Pando, Beni y Santa Cruz”, informó Oviedo en Unitel.

Y anunció que con ese programa activarán operativos “de carácter permanente en varios puntos de la frontera para tratar de parar y desarticular esta ola de crímenes realmente preocupantes en Santa Cruz, pero también en Guayaramerín y Cobija”.

También habrá controles en regiones como San Matías, Puerto Suárez y otras regiones fronterizas catalogadas como zonas rojas.",https://larazon.bo/nacional/2026/08/10/la-atencion-de-delitos-transfronterizos-es-prioridad-para-bolivia-y-brasil-dice-embajador/
La Razón,2026-08-10,Mundo,Nueva ola de calor en varios países de Europa,"Tras un mes de julio de temperaturas récord, Europa enfrenta a principios de agosto una nueva ola de calor, en un contexto de sequía generalizada que dejó varios grandes ríos del continente en su nivel más bajo.

El oeste de Europa, continente que se calienta más rápidamente a escala mundial, ya sufrió desde mayo cuatro episodios de calor extremo, según Copernicus, observatorio europeo del cambio climático.

Varias agencias meteorológicas nacionales anuncian nuevas olas de calor, tras las temperaturas sin precedentes del mes pasado.

La sequía también se está extendiendo. Casi generalizada en Francia y España, donde hubo incendios devastadores, también afecta a partes de Reino Unido y Alemania.

«Una nueva ola de calor extremo se dispone a avanzar hacia el norte por gran parte de Reino Unido», advirtió el domingo el servicio meteorológico británico (Met Office), que prevé temperaturas de hasta 36 ºC en el este y el sureste de Inglaterra.

En Francia se espera también un «nuevo episodio de ola de calor» el martes, con máximas que alcanzarán los 39 °C en el sur, anunció Météo France.

El país enfrenta su tercera ola de calor del verano, tras la de junio -históricamente intensa- y la de julio, la más prolongada (16 días).

El pasado julio fue también el más cálido jamás registrado en España junto al de 2022. La temperatura media se situó en 25,7 °C, es decir, «2,6 °C por encima de lo normal», según la Agencia Estatal de Meteorología (Aemet).

Países del centro de Europa, poco habituados al calor, registraron la semana pasada récords absolutos de temperatura, como Eslovaquia (42,2 °C) y Austria (41,2 ºC).

Según un análisis de AFP, en julio casi todo el territorio metropolitano de Francia (95%) y prácticamente la totalidad de Suiza (99%) estaban afectados por la sequía.

Se trata de dos registros desde el inicio de los datos del Observatorio Europeo de la Sequía, en 2012.

Según esos datos, más de la mitad de la superficie de la Unión Europea (UE) estuvo afectada por la sequía en julio.

Tres países registraron también el mes de julio más seco jamás registrado: Hungría (94%), Eslovenia (93%) y Austria (91%).

En julio, los niveles de humedad del suelo «fueron claramente inferiores a los de julio de 2022, el último verano marcado por una grave sequía» en Europa occidental, añadió Copernicus.

En España e Inglaterra atravesaron los meses de julio más secos desde que hay registros.

Según las autoridades británicas, Inglaterra, conocida por su clima húmedo, registró siete semanas consecutivas con menos de 10 mm de lluvia, y algunas zonas del este y el sureste recibieron menos de 1 mm.

Como consecuencia, los verdes y vastos parques de Londres presentan un aspecto seco y amarillento.

El gobierno declaró este lunes que más del 70% de Inglaterra está en sequía.

En Francia, la sequía obligó a imponer restricciones de agua en casi el 70% del territorio continental, afirmó el Ministerio de Transición Ecológica.

En 67 de los 101 departamentos, solo se puede usar agua para cuestiones prioritarias: atención sanitaria, protección civil, suministro de agua potable y saneamiento.

Como consecuencia directa del calor y la sequía acumulada, los caudales fluviales son «excepcionalmente bajos».

La gran mayoría del Rin y del Támesis, aproximadamente dos tercios del Danubio y largos tramos del Ródano y del Po registraron caudales de una escasez sin precedentes en promedio para un mes de julio en 34 años de mediciones, según Copernicus.

Las aguas del Vístula alcanzaron el lunes en Varsovia el nivel más bajo de su historia.

Además, en toda Europa, las aguas del Mediterráneo occidental y del océano Atlántico registraron temperaturas inusualmente elevadas en julio, asociadas a episodios de olas de calor marinas.

La temperatura media mundial en la superficie de las yeguas alcanzó los 20,96 °C, alertó Carlo Buontempo, director del Servicio de Cambio Climático de Copernicus (C3S), subrayando que «el principal motor de este calentamiento -como sabemos- son los gases de efecto invernadero» emitidos por la humanidad.",https://larazon.bo/mundo/2026/08/10/nueva-ola-de-calor-en-varios-paises-de-europa/
La Razón,2026-08-10,"Internacional, Marcas",Santa Cruz se prepara para albergar la final de la Sudamericana 2027,"‎Una delegación de la Confederación Sudamericana de Fútbol llegó a Santa Cruz para avanzar en las gestiones destinadas a que la ciudad albergue la final única de la Conmebol Sudamericana 2027.

‎

‎El gobernador Juan Pablo Velasco se reunió este lunes con representantes de la institución continental y la Federación Boliviana de Fútbol .

‎

‎El objetivo fue establecer una hoja de ruta y definir los trabajos técnicos que deberá afrontar el estadio Ramón ‘Tahuichi’ Aguilera.

TAMBIÉN PUEDE LEER:

Bolívar recupera el 50% de los derechos de Ramiro Vaca

‎

‎Este encuentro contó con la participación de Velasco, el presidente de la FBF, Fernando Costa, y Nery Pumpido, director de Desarrollo de la Conmebol.

‎

‎También participó Reyes Antelo, director del Servicio Departamental de Deportes de Santa Cruz, junto al equipo técnico de la Gobernación.

‎

‎Durante la reunión se presentó una hoja de ruta con los requerimientos técnicos que deberá cumplir el escenario para recibir una final continental.

‎

‎Las autoridades analizaron las condiciones actuales del estadio y las adecuaciones necesarias para alcanzar los estándares internacionales exigidos por la Conmebol.

‎

‎Entre los principales puntos evaluados estuvieron la infraestructura general, el estado y mantenimiento del gramado y el sistema de iluminación.

‎

‎También se revisaron las condiciones de los espacios destinados a equipos, árbitros, medios de comunicación, organización y espectadores.

‎

‎A partir de este análisis, las instituciones identificaron los principales requerimientos técnicos y operativos para avanzar con los trabajos.

‎

‎La delegación de la Conmebol inspeccionará el estadio Ramón ‘Tahuichi’ Aguilera como parte de la agenda prevista en Santa Cruz.

‎

‎La visita permitirá verificar las condiciones del escenario y determinar las obras necesarias para cumplir con las exigencias del organismo sudamericano.

‎

‎Velasco destacó que Santa Cruz busca posicionarse como sede de grandes eventos deportivos internacionales y reafirmó el compromiso de cumplir los requisitos establecidos.

‎

‎La Gobernación pretende completar las adecuaciones antes de marzo de 2027 para que el ‘Tahuichi’ pueda convertirse en escenario de la final.",https://larazon.bo/marcas/2026/08/10/santa-cruz-se-prepara-para-albergar-la-final-de-la-sudamericana-2027/
La Razón,2026-08-10,"Nacional, Noticias",Echeverría confía en aprehensión de Evo y rechaza la impunidad,"La viceministra de Igualdad de Oportunidades, Jessica Echeverría, afirmó este lunes que confía en que Evo Morales será aprehendido conforme a las órdenes judiciales vigentes.

La autoridad advirtió que el Gobierno no permitirá impunidad en investigaciones relacionadas con delitos sexuales, estupro y trata de personas, independientemente de quién sea acusado.

“Mientras esta viceministra esté, nosotros vamos a vigilar por el cumplimiento de la Ley 348 en caso de agresores sexuales y el estupro”, afirmó.

Echeverría agregó que también realizará seguimiento a las investigaciones relacionadas con trata de personas, delito por el cual Morales es investigado actualmente.

“Así como el delito de trata, por el cual está acusado el señor Evo Morales, tiene obviamente que seguir el curso de la justicia. Nadie es eternamente impune”, sostuvo.

La viceministra recordó que Morales enfrenta actualmente dos órdenes de aprehensión emitidas dentro de procesos judiciales diferentes que se encuentran en desarrollo.

Una de las órdenes corresponde al proceso por trata de personas, relacionado con una investigación sobre una presunta relación con una menor de edad.

La segunda disposición judicial está vinculada con otro proceso penal por presuntos delitos sexuales, también relacionado con una menor, según los antecedentes mencionados.

Echeverría sostuvo que ambas decisiones judiciales deben ser cumplidas y expresó su confianza en las acciones anunciadas por el Ministerio de Gobierno.

“El ministro de Gobierno ha indicado que esto se va a dar y confío en la palabra del ministro Oviedo”, señaló la viceministra.

Actualmente, Evo Morales está refugiado en el Trópico de Cochabamba, donde elude dos órdenes de captura. La primera, tiene que ver con un caso de trata y tráfico de personas que lo involucra y por el que, además, fue declarado rebelde en dos oportunidades.

Atrincherado en la localidad de Lauca Ñ, recibe protección de dirigentes comunarios y simpatizantes que advirtieron que evitarán operaciones policiales para su eventual captura.

La segunda orden de aprehensión que pesa sobre el líder cocalero está vinculada a los 53 días de bloqueos entre mayo y junio de este año.

El Gobierno sostiene que las órdenes de aprehensión deben ejecutarse conforme al ordenamiento jurídico, mientras Morales denuncia que los procesos constituyen una persecución política.

Echeverría insistió en que las investigaciones deben continuar y que ninguna persona puede quedar al margen de las decisiones adoptadas por las autoridades judiciales .",https://larazon.bo/lr-article/2026/08/10/echeverria-confia-en-aprehension-de-evo-y-rechaza-la-impunidad/
La Razón,2026-08-10,Economía y Empresa,Potosí: YPFB detecta 55 casos por doble carguío y 44 de venta de espacios en filas,"Durante los operativos realizados por el Distrito Comercial Potosí de YPFB , en coordinación con la Agencia Nacional de Hidrocarburos (ANH), identificaron 55 vehículos que incurrieron en doble carguío o repetitividad en la compra de combustible.

Según un reporte de Yacimientos, los controles sobre la venta y distribución de combustibles se intensificaron en Potosí ante las irregularidades detectadas en las filas de las estaciones de servicio.

Las autoridades retiraron a movilidades de las filas y reportaron los casos ante la ANH, que tendrá que verificar cada caso y establecer las medidas correspondientes antes de que puedan volver a acceder al abastecimiento.

Pero uno de los hallazgos que más llamó la atención fue la presencia de 44 vehículos que permanecían en las filas de diésel oil y gasolina especial con el propósito de comercializar sus espacios. Según los testimonios recogidos durante los operativos, los lugares en las filas eran ofrecidos entre Bs 100 y Bs 150, generando un negocio paralelo a costa de las personas que esperan durante horas para conseguir combustible.

Esta práctica no solo prolonga las filas, sino que también dificulta el acceso ordenado al combustible y genera un perjuicio económico para transportistas y usuarios que dependen del abastecimiento regular.

Lea : Choferes de La Paz alistan estudio de costos y anticipan posible incremento de pasajes

Los operativos también permitieron detectar siete vehículos con placas presuntamente clonadas. Los casos se trasladaron a las instancias correspondientes para que se realicen las investigaciones y se determine la responsabilidad de los propietarios o conductores involucrados.

A esto se suman 16 vehículos que presentaban problemas en el sistema B-SISA, herramienta utilizada para controlar y registrar el despacho de combustibles. Las observaciones fueron registradas durante las inspecciones debido a que estas fallas pueden dificultar la trazabilidad de las cargas.

Desde YPFB señalaron que los controles continuarán de manera coordinada con la ANH, principalmente en aquellos puntos donde se registran mayores filas y una elevada demanda de carburantes.

“Estos operativos continuarán desarrollándose de manera coordinada con la ANH para identificar y sancionar a quienes incumplen la normativa, evitando que el combustible destinado al consumo de la población se desvíe hacia actividades ilícitas o al mercado negro”, afirmó el responsable del Distrito Comercial de YPFB en Potosí.

La fiscalización también pondrá atención en el traslado irregular de carburantes hacia distintos sectores, incluidas algunas cooperativas mineras, ante la sospecha de que parte del combustible se destine a la comercialización ilegal.

YPFB informó que, si las investigaciones confirman estas prácticas, remitirá a los responsables a las autoridades competentes para que se apliquen las sanciones establecidas por ley.

Los resultados de los operativos muestran que el problema del abastecimiento no está relacionado únicamente con la disponibilidad de combustible. La reventa de espacios, el doble carguío, el uso irregular de vehículos y otras prácticas detectadas también afectan la distribución y contribuyen a mantener las filas en las estaciones de servicio.

Ante este escenario, YPFB y la ANH anunciaron que mantendrán los controles en Potosí con el objetivo de ordenar el abastecimiento, evitar el desvío de carburantes y garantizar que el diésel y la gasolina lleguen a los usuarios que realmente los necesitan.",https://larazon.bo/economia-y-empresa/2026/08/10/potosi-ypfb-detecta-55-casos-por-doble-carguio-y-44-de-venta-de-espacios-en-filas/
La Razón,2026-08-10,"Fútbol profesional boliviano, Marcas, Noticias",Eduardo Villegas deja Nacional Potosí tras apenas 21 días,"‎Eduardo Villegas dejó de ser director técnico de Nacional Potosí después de apenas 21 días al mando, tras la derrota por 2-0 ante San Antonio de Bulo Bulo .

‎

‎El entrenador cochabambino acordó su salida con la dirigencia potosina después de la caída sufrida en Cochabamba, por la decimocuarta jornada de la Liga de la División Profesional.

‎

‎Villegas había asumido el cargo el 18 de julio para reemplazar al colombiano Alexis Márquez; sin embargo, su etapa en la Villa Imperial terminó antes de lo esperado.

TAMBIÉN PUEDE LEER:

Jorge Alfonso asume el reto de levantar a Real Tomayapo

‎

‎Durante su breve ciclo, dirigió cinco partidos oficiales con Nacional Potosí, con un balance de una victoria y cuatro derrotas.

‎

‎La caída del sábado 8 de agosto marcó el final de su etapa al frente del conjunto potosino, que deberá buscar nuevamente un entrenador.

‎

‎Villegas se convirtió así en el tercer técnico que deja el banquillo de Nacional Potosí durante la temporada 2026, después de Leonardo Egüez y Alexis Márquez.

‎

‎La dirigencia del ‘Ranchoguitarra’ ya trabaja en la elección de su reemplazante y Joaquín Monasterio aparece como el principal candidato para asumir la dirección técnica.",https://larazon.bo/lr-article/2026/08/10/eduardo-villegas-deja-nacional-potosi-tras-apenas-21-dias/
La Razón,2026-08-10,Nacional,Libre denuncia transfugio; advierte con revelar nombres de parlamentarios que se alineen con Paz,"La jefa de bancada de Libre en la Cámara de Senadores, Tomasa Yarhui, denunció este lunes que algunos parlamentarios de su alianza estarían coordinando acciones con el Gobierno de Rodrigo Paz al margen de las decisiones y lineamientos de la bancada, por lo que advirtió sobre posibles casos de transfugio político dentro de la Asamblea Legislativa.

Yarhui aseguró que existen legisladores que actúan de manera coordinada con el Ejecutivo sin respetar las determinaciones de la bancada por la que llegaron al Parlamento. Afirmó que estas acciones representan un alejamiento del mandato que los electores otorgaron a sus representantes en las urnas.

Lea también: Economía prepara créditos para damnificados en Barrio Lindo

“Lamentablemente hay algunos parlamentarios que por debajo están trabajando con el Gobierno, rompiendo la institucionalidad, traicionando el voto de sus electores, de sus departamentos y de sus regiones”, dijo.

La senadora anunció que Libre hará públicos los nombres de los parlamentarios que incurran en estas prácticas, en medio de una creciente tensión entre la alianza opositora y el Gobierno.

De ese modo, llamó a los asambleístas a mantener una actuación coordinada con los frentes políticos por los que fueron elegidos y a respetar el mandato otorgado por sus electores.",https://larazon.bo/nacional/2026/08/10/libre-denuncia-transfugio-advierte-con-revelar-nombres-de-parlamentarios-que-se-alineen-con-paz/
La Razón,2026-08-10,Economía y Empresa,Café de Los Yungas apunta a mercados internacionales con una subasta,"El café producido en Los Yungas busca dar un nuevo salto en los mercados internacionales. Productores de la región participarán este año en un proceso de evaluación y promoción de cafés de alta calidad que culminará con una subasta internacional prevista para el 16 de octubre.

La expectativa de los organizadores apunta a conectar a las familias cafetaleras con compradores interesados en cafés de especialidad.

El Banco de Desarrollo Productivo (BDP) en alianza con Pastoral Social Cáritas , impulsan la iniciativa, en el marco del “Torneo para Familias Cafetaleras – Taza de Calidad de Café 2026” .

El objetivo es identificar los mejores granos producidos en Los Yungas y generar mejores condiciones para su comercialización.

Más allá del reconocimiento a los productores, el proceso proyecta a convertir la calidad en una oportunidad económica. La apuesta es que un café con mejores características y estándares pueda acceder a mercados de mayor valor, permitiendo que una mayor proporción de ese ingreso llegue a las familias productoras.

El cronograma contempla durante agosto visitas técnicas a parcelas que trabajan bajo Sistemas Agroforestales (SAF). En septiembre se desarrollarán jornadas de evaluación con catadores en Caranavi y Coroico, mientras que en octubre se realizarán encuentros de degustación con potenciales compradores en Cochabamba y Santa Cruz, antes de llegar a la subasta internacional.

Revise también: Productores de La Asunta concretan su primera exportación de café a Corea del Sur

La estrategia también busca resolver uno de los principales desafíos de los pequeños productores: pasar de vender materia prima a competir por calidad y valor agregado.

En ese camino, el BDP viene desarrollando acciones de asistencia técnica principalmente en el municipio de Caranavi, en La Paz. Más de 1.000 productores recibieron capacitación en buenas prácticas agrícolas, manejo de suelos, nutrición mediante bioinsumos, sistemas de riego y procesos de cosecha y postcosecha.

Estos conocimientos son determinantes para mejorar la calidad y lograr una mayor estandarización del producto, factores cada vez más relevantes para ingresar a mercados especializados.

El modelo impulsado por el BDP combina financiamiento, asistencia técnica e inteligencia productiva, con la intención de que el crédito no sea una herramienta aislada, sino parte de un proceso que permita elevar la productividad y mejorar la capacidad de los productores para llegar al mercado.

Para las familias cafetaleras, el desafío no termina en producir más, sino en producir mejor y conseguir mejores precios. La diferenciación por calidad puede convertirse así en una vía para incrementar sus ingresos y fortalecer la actividad en las zonas productoras.

El café de especialidad representa una oportunidad para diversificar la oferta exportable boliviana y generar ingresos en las regiones productoras. Su desarrollo también puede contribuir a la generación de empleo y a dinamizar las economías locales vinculadas a la producción, transformación y comercialización del grano.

La alianza entre el BDP y Cáritas apunta precisamente a fortalecer esa cadena, promoviendo una caficultura más competitiva, sostenible y resiliente frente a factores como el cambio climático.

La subasta de octubre será uno de los principales puntos de prueba de esta estrategia: los mejores cafés de Los Yungas buscarán que su calidad se traduzca en compradores, mejores precios y nuevas oportunidades comerciales fuera de Bolivia.",https://larazon.bo/economia-y-empresa/2026/08/10/cafe-de-los-yungas-apunta-a-mercados-internacionales-con-una-subasta/
La Razón,2026-08-10,Sociedad,Salud garantiza 2.300 ítems ‘certificados por presupuesto’ para atención en las regiones,"La ministra de Salud y Deportes, Marcela Flores, garantizó la habilitación de 2.300 ítems los cuales están “certificados por presupuesto”, para fortalecer la atención de este servicio en todas las regiones.

“En el nuevo presupuesto tenemos 2.300 ítems, en estos nueve meses trabajamos con los servicios departamentales. Se hizo un diagnóstico y se estructuró un plan en el que se tiene como pilar los recursos humanos”, detalló Flores.

La autoridad señaló que antes de disponer de los nuevos ítems, se realizó un ordenamiento de los mismos, para luego asignarlos a cada departamento de acuerdo con sus necesidades.

“Había ítems que le correspondían a Beni que aparecieron en La Paz o en Santa Cruz; primero ordenamos la casa y encontramos 1.700 ítems que devolvimos a cada departamento, luego se vio las necesidades de cada uno”, detalló.

Sobre las cantidades, la autoridad indicó que 2.300 podría parecer una cifra insuficiente para las necesidades de las nueve regiones, pero destacó la importancia de contar con los recursos necesarios para que no falten los salarios y beneficios para ese personal.

Flores señaló que, aunque 2.300 podría parecer una cifra insuficiente para las necesidades de todos los departamentos, detalló que estos gozan de un “presupuesto certificado”, que prioriza que no falten los salarios ni beneficios para ese personal.

“En algunos casos piensan que lo mejor es pedir 14.000 ítems, pero hay que tener la certificación presupuestaria para sostenerlo a lo largo de los años, para que cada ítem esté cubierto por el Estado”, manifestó.

Asimismo, afirmó que los este reordenamiento fue realizado junto a los directores de los Servicios Departamentales de Salud (Sedes) y pacientes de enfermedades crónicas.",https://larazon.bo/sociedad/2026/08/10/salud-garantiza-2-300-items-certificados-por-presupuesto-para-atencion-en-las-regiones/
La Razón,2026-08-10,Mundo,Fuerte terremoto en Colombia deja al menos 111 muertos,"El presidente Abelardo de La Espriella declaró este lunes la «situación de emergencia» en Colombia por un fuerte terremoto que deja hasta el momento 111 fallecidos, 87 heridos y decenas de edificaciones colapsadas.

A primera hora de la mañana, las principales ciudades del oeste del país vivieron momentos de pánico, con miles de personas evacuadas y decenas de edificaciones derrumbadas.

«Quedamos consternados todos, encomendados a Dios (…) lo que más hay son desparecidos», dijo a la AFP el líder comunitario Luis Gregorio Moreno en Quibdó, la capital del departamento del Chocó donde su ubicó el epicentro. En esa región empobrecida las autoridades locales registran 12 personas fallecidas.

El sismo de magnitud 7,4 ocurrió a las 07.34 locales (12.34 GMT), según el servicio geológico colombiano y el de Estados Unidos.

«El gobierno nacional mantiene desplegadas todas sus capacidades para proteger la vida, atender a las comunidades afectadas y llevar ayuda a cada territorio que se necesite», dijo el presidente desde Bogotá donde lidera la atención a la emergencia.

El mandatario posesionado el 7 de agosto dio un nuevo saldo que además de las víctimas registra 61 edificios colapsados, 18 centros de salud averiados, 52 instituciones educativas afectadas, 18 vías con daños y 6 aeropuertos con problemas en su infraestructura y sin operación para vuelos comerciales.

Periodistas de la AFP observaron edificios destruidos y personas heridas que fueron evacuadas en distintas ciudades del país.

En Pereira, capital de Risaralda, hay «muchas personas lesionadas», otros «atrapados en medio de los escombros» y «la situación es crítica» en esa ciudad, dijo el alcalde Mauricio Salazar, en entrevista con Caracol Radio.

En Manizales una de las torres de su emblemática catedral se desprendió.

«Hay muchísimos edificios con daños estructurales o en sus fachadas. En este momento el tránsito está colapsado, la gente no quiere regresar a sus casas por temor a una réplica», dijo a la AFP Jaime Zuluaga, un administrador de 50 años en esa ciudad.

El secretario del Estado de Estados Unidos, Marco Rubio, expresó su solidaridad con el nuevo gobierno, del que es aliado. La administración de Donald Trump «está dispuesta a prestar apoyo al pueblo colombiano y al Gobierno» de De la Espriella, indicó en X.

La presidenta de la Comisión Europea, Ursula von der Leyen, también expresó su disposición a ayudar. «Esta noche, el corazón de Europa está con la gente de Colombia luego del terrible terremoto en la región del Chocó», escribió en las redes sociales.

Los departamentos afectados tienen problemas de comunicación.

«No hay electricidad ni red celular, se sintió muy duro, durísimo, se cayeron cosas de la casa (…) los animales se asustaron mucho», dijo a la AFP Martha Estrada, de 66 años, en la región cafetera.

En Cali hay al menos 20 estructuras colapsadas con personas atrapadas dentro, según las autoridades locales.

En un parque colmado de personas evacuadas, Ana Milena Grijalba se recuperaba del shock: «Todos empezamos a orar (…) otros llorábamos, pero gracias a Dios estamos bien».

La gobernadora del Chocó, Nubia Carolina Córdoba, reportó en X que hay «heridos» y «daños tumbas en las edificaciones». Un video obtenido por un periodista de la AFP muestra un edificio caído en Quibdó, la capital de esa región.

El fútbol también se vio afectado. Los partidos restantes de la cuarta fecha del torneo de primera división fueron aplazados tras el terremoto, informó el ente rector del balompié local.

El sismo fue percibido en países vecinos. Se sintió en la capital ecuatoriana Quito y en diversas provincias de Panamá, así como en algunas regiones de Venezuela.

El 24 de junio un doble sismo de magnitud 7,2 y 7,5 provocó más de 6.000 muertos y destrucción en Venezuela.

«Nos dimos cuenta porque las lámparas iban y venían. Yo sentí, pero pensé que era un mareo mío porque a veces me dan mareos», dijo Ana Hernández, ama de casa de 66 años en la ciudad venezolana de Maracaibo.

En Bogotá, los edificios fueron evacuados y cientos de personas salieron a las calles en medio del ruido de sirenas. Muchas estaban con sus mascotas.

Pese a la alarma, el alcalde Carlos Galán aseguró a Blu Radio que en la capital solo se han reportado grietas superficiales en algunas casas y edificios.

La presidenta de México, Claudia Sheinbaum, ofreció «todo el apoyo que requiera» Colombia.

Los presidentes derechistas de Chile y Ecuador se solidarizaron con Colombia.

El mandatario ecuatoriano Daniel Noboa se sumó a las propuestas de auxilio con 47 rescatistas y perros especializados, según un mensaje en X.

También Israel ofreció ayuda, en medio de la reanudación de las relaciones diplomáticas tras la llegada al poder del ultraderechista De la Espriella.",https://larazon.bo/mundo/2026/08/10/fuerte-terremoto-en-colombia-deja-al-menos-111-muertos/
La Razón,2026-08-10,Nacional,Delegación científica de la Fuerza Aérea de EEUU llega para explorar acuerdos de investigación,"Una delegación de la Oficina Sur de Investigación y Desarrollo Aeroespacial (SOARD), dependiente de la Oficina de Investigación Científica de la Fuerza Aérea de Estados Unidos (AFOSR), visita esta semana Bolivia con el objetivo de identificar oportunidades de cooperación científica y tecnológica con universidades del país.

La misión contempla reuniones y visitas a centros académicos de La Paz, Cochabamba y Santa Cruz, además de un recorrido por el Salar de Uyuni, como parte de una agenda para conocer capacidades y posibles líneas de investigación que puedan desarrollarse de manera conjunta.

La presencia de SOARD busca acercar a investigadores bolivianos con redes y laboratorios de investigación estadounidenses y evaluar proyectos vinculados con distintas áreas de la ciencia y la tecnología.

Lea también: Fuerte terremoto en Colombia deja al menos 111 muertos

Entre los campos de interés están la ingeniería, los sistemas complejos, las ciencias químicas y biológicas, las tecnologías de la información y redes, y las ciencias físicas.

Desde la Embajada de Estados Unidos destacaron el potencial de la visita para ampliar los vínculos entre investigadores y universidades de ambos países. La Oficial de Asuntos Culturales, Robyn Remeika, señaló que el intercambio académico puede abrir oportunidades para establecer colaboraciones de largo plazo.

SOARD tiene oficinas en São Paulo, Brasil, y Santiago de Chile, desde donde impulsa programas de investigación científica básica en América Latina y vincula a investigadores de la región con laboratorios de la Fuerza Aérea estadounidense.

De acuerdo con la información proporcionada por la oficina, el programa mantiene alrededor de 60 proyectos activos y ha respaldado más de 300 iniciativas desde 2009, con participación de cerca de 45 universidades en 11 países.

La visita a Bolivia se desarrolla en ese marco y permitirá a la delegación conocer de primera mano las capacidades de investigación de universidades bolivianas y explorar áreas en las que puedan establecerse futuras iniciativas de cooperación científica.",https://larazon.bo/nacional/2026/08/10/delegacion-cientifica-de-la-fuerza-aerea-de-eeuu-llega-para-explorar-acuerdos-de-investigacion/
La Razón,2026-08-10,Mundo,El petróleo sube por exigencias de EEUU e Irán para reabrir Ormuz,"Los precios del petróleo se dispararon un 5% el lunes, impulsados ​​por la preocupación de los mercados ante las condiciones divergentes planteadas por Estados Unidos e Irán para desbloquear el estrecho de Ormuz.

El barril de Brent del mar del Norte, de referencia, subió un 4,99%, hasta 87,72 dólares.

Su equivalente estadounidense, el barril de West Texas Intermediate, ganó un 5,05%, hasta 82,13 dólares.

El presidente Donald Trump declaró el lunes que Estados Unidos exigirá «compensaciones» por los ataques llevados a cabo por Irán que se remontan a décadas atrás.

Se trata de una respuesta a una exigencia de larga data de las autoridades iraníes, que condicionan cualquier acuerdo sobre el estrecho de Ormuz al pago de reparaciones estadounidenses.

Pero este nuevo anuncio hace aún más improbable un acuerdo rápido sobre el estrecho de Ormuz, ya que Irán exige la aceptación por parte de Washington de «todas» sus condiciones.

«Muchas de estas exigencias son claramente inaceptables para Estados Unidos» porque «dificultan que Trump salga del conflicto sin dar la impresión de haber perdido la guerra», asegura Arne Lohmann Rasmussen, analista de Global Risk Management.

El mercado, que la semana pasada apostaba por un acuerdo entre las partes, se inquieta ahora por el estancamiento diplomático.

El portavoz de la Cancillería iraní, Esmail Baqai, retomó el lunes el mensaje repetido en los últimos días por Teherán: no hay «negociación directa» en curso con Washington.

En este contexto, ni siquiera los avances reivindicados por Teherán con Omán para trazar una futura ruta de paso en el estrecho de Ormuz tranquilizan ya a los inversores.

El gas europeo —a menudo más volátil que el petróleo— se ha disparado aún con más fuerza, impulsado por la preocupación sobre la reposición de las reservas en Europa antes del invierno.

El contrato de futuros TTF neerlandés, considerado la referencia europea del gas, subía un 10,99%, hasta 61,65 euros el megavatio hora.",https://larazon.bo/mundo/2026/08/10/el-petroleo-sube-por-exigencias-de-eeuu-e-iran-para-reabrir-ormuz/
La Razón,2026-08-10,Nacional,Manfred rechaza retorno de Evo y lo acusa de buscar venganza,"El alcalde de Cochabamba, Manfred Reyes Villa, rechazó una eventual nueva candidatura del expresidente Evo Morales y descartó que pueda volver a gobernar Bolivia.

Sus declaraciones surgieron después de que sectores del evismo plantearan la posibilidad de impulsar un referendo para habilitar nuevamente al exmandatario como candidato presidencial.

Reyes Villa sostuvo que Morales no puede volver a ejercer la Presidencia y cuestionó sus intenciones de retornar al poder.

“El señor Evo Morales ya no puede ser nunca más presidente de Bolivia, eso está claro. Ahora, que él quiera ser es diferente”, afirmó.

El alcalde señaló que el debate sobre una eventual candidatura debe sujetarse al cumplimiento de las normas y decisiones constitucionales vigentes.

“Todos tenemos que empezar a cumplir con la ley. Aquí no es le meto nomás y después le pido a mis abogados que arregle”, reflexionó.

Reyes Villa también atribuyó a Morales una intención de revancha contra sectores políticos y personas con las que mantiene diferencias desde anteriores gestiones.

“Es una desesperación para retornar al poder y vengarse de mucha gente que él quiere vengarse, porque él es odiador. Es un tipo que odia a la gente”, afirmó.

El alcalde también cuestionó la gestión económica del expresidente y aseguró que durante sus gobiernos se utilizaron recursos provenientes de la exportación de gas.

Según Reyes Villa, Morales “tuvo uno de los peores gobiernos” y sostuvo que durante ese periodo se dilapidaron más de 60.000 millones de dólares.

El alcalde cuestionó además la falta de inversiones suficientes para incrementar la producción y las reservas de gas durante los años de mayores ingresos.

“Cuando debería haber hecho exploración, cuando deberíamos haber tenido cantidad de gas, podríamos seguir exportando”, señaló Reyes Villa.

Asimismo, afirmó que Morales debería priorizar la situación económica del país antes que promover nuevas medidas destinadas a recuperar protagonismo político.

“Debía más bien estar tratando de buscar que le vaya bien a Bolivia y no tratando de inducir a la confrontación”, afirmó.

El alcalde hizo referencia además a los bloqueos registrados durante más de 50 días, que fueron impulsados por sectores afines al expresidente.

“Como lo ha hecho en estos 52 días que ha bloqueado el país”, añadió Reyes Villa al cuestionar las acciones promovidas por el evismo.

El debate sobre una eventual habilitación electoral de Morales se mantiene abierto después de que el exdiputado evista Anyelo Céspedes planteara impulsar un referendo.

Morales se encuentra actualmente fuera de carrera electoral debido a decisiones constitucionales relacionadas con los límites de la reelección presidencial.

El escenario también está marcado por las dos órdenes de aprehensión vigentes contra el expresidente, una relacionada con un proceso por trata de personas.

La segunda orden está vinculada con el proceso abierto por los conflictos y bloqueos de carreteras registrados durante más de 50 días.

Mientras tanto, Morales permanece en el Trópico de Cochabamba, donde cuenta con respaldo de sus seguidores frente a un eventual operativo policial .",https://larazon.bo/nacional/2026/08/10/manfred-rechaza-retorno-de-evo-y-lo-acusa-de-buscar-venganza/
La Razón,2026-08-10,Autos eléctricos,Autos eléctricos: las claves para elegir uno en 2026,"Comprar un auto eléctrico en Latinoamérica dejó de ser una decisión reservada a un pequeño grupo de consumidores. Durante 2025, las ventas de vehículos eléctricos crecieron alrededor de 75% en la región y superaron las 350.000 unidades, según la Agencia Internacional de Energía (IEA). Brasil y México concentraron buena parte del aumento, mientras otros mercados también ampliaron su oferta.

El crecimiento continúa en 2026. La IEA reportó que las ventas latinoamericanas aumentaron otro 75% interanual durante el primer trimestre del año. Al mismo tiempo, la llegada de modelos importados, especialmente desde China, amplió las opciones disponibles. En varios países latinoamericanos, más del 80% de los eléctricos importados procede del mercado chino.

Una de las principales ventajas está en el funcionamiento cotidiano. Un automóvil eléctrico no necesita gasolina o diésel y tiene menos elementos mecánicos en su sistema de propulsión. Esto puede reducir gastos asociados al combustible y a determinados mantenimientos. Un análisis del Banco Interamericano de Desarrollo señala que las tecnologías eléctricas suelen tener menores costos de operación y mantenimiento que sus equivalentes que utilizan combustibles fósiles.

Sin embargo, el resultado cambia según cada país y conductor. El costo de la electricidad, el precio de los combustibles y la cantidad de kilómetros recorridos determinan cuánto puede ahorrarse. También influye dónde se realiza la carga. Para quien puede instalar un cargador en casa o utilizar electricidad en el trabajo, el vehículo eléctrico puede resultar más sencillo de aprovechar que para un conductor que depende exclusivamente de estaciones públicas. La IEA señala que la carga doméstica continúa siendo la forma más habitual de abastecer estos vehículos.

La infraestructura representa una de las mayores diferencias entre los mercados latinoamericanos. En Brasil, los puntos públicos de carga aumentaron cerca de 35% durante 2025, aunque el número de vehículos eléctricos creció todavía más rápido. Chile superó los 2.000 puntos públicos, pero una parte importante permanece concentrada en Santiago. Argentina simplificó procedimientos para ampliar su red y Buenos Aires proyecta incorporar 400 estaciones adicionales hasta 2027.

Por esa razón, la autonomía anunciada por un fabricante no debería ser el único criterio de compra. Un conductor que circula principalmente dentro de una ciudad y carga cada noche puede necesitar menos autonomía que alguien que realiza viajes frecuentes entre departamentos, provincias o países. Antes de comprar, conviene revisar dónde están los cargadores, qué conectores utiliza el automóvil, cuánto demora una recarga y si existen estaciones compatibles en las rutas habituales.

La mayor oferta está ayudando a reducir la diferencia de precio frente a los vehículos convencionales. El Programa de las Naciones Unidas para el Medio Ambiente sostiene que los eléctricos se están acercando a la paridad de precios en varios mercados y que, a largo plazo, pueden resultar menos costosos de operar. Sin embargo, el valor inicial todavía representa una barrera importante en numerosos países en desarrollo.

En Latinoamérica, además, no existe un precio regional único. Un automóvil que resulta económico en China, Europa o Estados Unidos puede llegar con un valor muy distinto a Bolivia, Perú, Colombia o Argentina. Aranceles, impuestos, transporte, tipo de cambio y márgenes de importación modifican el precio final. Por ello, una comparación útil debe realizarse entre vehículos realmente disponibles en el mercado local y no únicamente a partir de precios internacionales.

Otro punto clave está en la batería. Antes de comprar un eléctrico es recomendable conocer su garantía, capacidad útil, sistema de refrigeración y condiciones de reemplazo. También debe comprobarse que exista servicio técnico capacitado y disponibilidad de repuestos. La rápida expansión de modelos importados puede aumentar la competencia, pero también obliga a revisar quién representa la marca y qué respaldo ofrecerá después de la venta. La IEA proyecta que Latinoamérica tendrá un papel creciente en el despliegue mundial de baterías durante la próxima década.

Un eléctrico no produce gases de escape mientras circula, una ventaja especialmente relevante en ciudades con contaminación vehicular. Además, Latinoamérica cuenta con una matriz eléctrica relativamente favorable para la electromovilidad: OLADE informó que alrededor del 67% de la electricidad regional ya procede de fuentes renovables. No obstante, esa proporción cambia considerablemente entre países.

Por lo tanto, comprar un vehículo eléctrico en 2026 puede tener sentido en Latinoamérica , pero no para todos los usuarios de la misma manera. Resulta especialmente atractivo para quien recorre muchos kilómetros, puede cargar regularmente en casa o el trabajo y cuenta con respaldo técnico para el modelo elegido. En cambio, quien realiza largos viajes por zonas con poca infraestructura o depende de un vehículo sin representación local debe analizar la decisión con mayor cuidado. El mercado regional avanza con rapidez, pero todavía exige mirar más allá de la autonomía y del precio de venta.",https://larazon.bo/zona-auto/autos-electricos/2026/08/10/autos-electricos-las-claves-para-elegir-uno-en-2026/
La Razón,2026-08-10,Economía y Empresa,Exdirectora jurídica de YPFB se queda en Santa Cruz y afrontará audiencia virtual,"La exdirectora jurídica de Yacimientos Petrolíferos Fiscales Bolivianos (YPFB) , Daniela Durán, permanecerá aprehendida en Santa Cruz de la Sierra mientras avanza la investigación del Ministerio Público por el caso de la denominada “gasolina desestabilizada”.

El fiscal Alberto Hurtado informó que Durán permanecerá, al menos por el momento, en dependencias del Departamento Especializado de Lucha Contra la Corrupción (DELCC) de Santa Cruz. Debido a que el proceso está radicado en La Paz, la audiencia de medidas cautelares se desarrollará de forma virtual.

La exfuncionaria fue aprehendida este lunes, después de presentarse voluntariamente ante el Ministerio Público para prestar su declaración informativa dentro de la investigación.

Lea: Aprehenden a exdirectora jurídica de YPFB por el caso de ‘gasolina desestabilizada’

Hurtado señaló que el Ministerio Público imputará a Durán por los presuntos delitos de conducta antieconómica e incumplimiento de deberes .

La investigación busca establecer si existieron responsabilidades de funcionarios en la comercialización y distribución del combustible cuestionado y determinar cómo se produjo la afectación reportada por propietarios de vehículos en diferentes regiones del país.

La situación jurídica de Durán se definirá después que la autoridad jurisdiccional determine las medidas cautelares durante la audiencia correspondiente, donde el Ministerio Público sustentará los elementos que fundamentan su imputación.

Por ahora, la exdirectora jurídica continuará bajo custodia en Santa Cruz y no la trasladarán a La Paz para la audiencia, que se realizará mediante una plataforma virtual.

El denominado caso de la “gasolina desestabilizada” generó preocupación entre los usuarios luego de que se reportaran problemas y daños en vehículos que habrían utilizado el combustible cuestionado.

Además del impacto para los propietarios afectados, el caso puso nuevamente bajo escrutinio los procesos de control, comercialización y distribución de carburantes de la empresa estatal, en un contexto en el que el abastecimiento de combustibles representa un factor clave para el transporte y la actividad económica del país.

La investigación continuará para establecer las circunstancias en las que se comercializó el combustible y determinar si hubo actuaciones u omisiones de funcionarios que pudieran derivar en responsabilidades penales.",https://larazon.bo/economia-y-empresa/2026/08/10/exdirectora-juridica-de-ypfb-se-queda-en-santa-cruz-y-afrontara-audiencia-virtual/
La Razón,2026-08-10,Sociedad,Salud activa contención y prevención por segundo caso de sarampión,"Ante la confirmación de un segundo caso importado de sarampión en La Paz en una estudiante de 19 años procedente de Perú, las autoridades sanitarias activaron protocolos de contención, rastreo de contactos y un refuerzo en la vacunación.

El Ministerio de Salud y el Servicio Departamental de Salud de La Paz (Sedes) instan a la población a verificar y completar el esquema de inmunización gratuito.

La responsable nacional del Programa Ampliado de Inmunización (PAI) del Ministerio de Salud y Deportes, Rosario Quiroga, junto a autoridades del Servicio Departamental de Salud (Sedes) y las alcaldías de La Paz y El Alto, confirmó en conferencia de prensa la presencia del segundo caso positivo de sarampión en el departamento.

“Al momento tenemos un segundo caso importado que dio positivo para sarampión. Ninguna de las dos personas registradas hasta la fecha contaba con el esquema de vacunación. Por ello, reiteramos que la mejor y más efectiva forma de prevención es la inmunización”, subrayó Quiroga.

La estudiante universitaria de 19 años de edad procedente del Perú adquirió el virus durante su estancia en el vecino país. Ingresó a territorio nacional por la frontera de Desaguadero.

De acuerdo con el reporte médico, la paciente debió ser internada en un hospital público. Esto debido a un cuadro agudo de deshidratación característico de la enfermedad. Actualmente se encuentra estable y con evolución favorable.

Frente a este nuevo caso, las autoridades del Ministerio de Salud, el Sedes La Paz y los Gobiernos Municipales de La Paz y El Alto, organizadas en un centro de operaciones conjunto, activaron en menos de 72 horas las tareas de control de brote y mitigación con la finalidad de evitar la propagación del virus.

Para este propósito, las instituciones de salud realizaron una búsqueda activa e intensificada de casos sospechosos. Este rastreo se realizó tanto a nivel institucional como comunitario.

En el marco de esta acción integrada de vigilancia epidemiológica, se realiza el seguimiento diario a 133 personas. Estas son contactos de los pacientes 1 y 2.

En simultáneo, un total de 12.471 historias clínicas fueron revisadas para verificar que no existan diagnósticos asociados a probables casos sospechosos en el primer nivel de atención.

Asimismo, a nivel comunitario, se realizaron 4.901 entrevistas. Por ello el personal de salud recorrió 323 zonas de la urbe paceña.

Las alcaldías de La Paz y El Alto activaron brigadas e instalaron 10 puntos de vacunación en lugares estratégicos de ambas ciudades.

En los primeros días posteriores a la activación de la “alerta sarampión”, se aplicaron más de 5.000 dosis contra la enfermedad. El objetivo es fortalecer un escudo protector y evitar que los casos confirmados precipiten el inicio de una cadena de transmisión.

La responsable del PAI advirtió sobre la posibilidad de nuevos casos, sobre todo entre transportistas, comerciantes y universitarios que llegan del exterior.

Debido a esto, instó a estos grupos poblacionales a acudir a los centros de salud para recibir la dosis correspondiente.

Las autoridades enfatizaron que el éxito de este esfuerzo integral e interinstitucional para el control del brote epidémico en el departamento de La Paz depende en gran medida de los padres de familia.

Se recordó a la población que es su responsabilidad llevar a sus hijos menores de cinco años a los centros de salud o puestos de vacunación. Pueden también solicitar la dosis adicional en caso de que no recuerden o no tengan constancia de que la vacuna haya sido administrada a los niños, adolescentes y jóvenes de hasta 19 años.

Lea también: Detectan segundo caso de sarampión importado en La Paz y llaman a la vacunación

La participación de las familias será el factor decisivo para que el virus del sarampión no encuentre personas vulnerables. Y , por tanto, no cause una epidemia en el departamento, aseveraron las autoridades.",https://larazon.bo/sociedad/2026/08/10/salud-activa-contencion-y-prevencion-por-segundo-caso-de-sarampion/
La Razón,2026-08-10,Economía y Empresa,El Gobierno se apresta a crear el Consejo de Competitividad Industrial,"El Gobierno confirmó la creación del Consejo de Competitividad Industrial, una nueva instancia que buscará reunir al sector público, privado y comunitario productivo para definir acciones destinadas a fortalecer la industria boliviana.

El Consejo será parte de la implementación del Programa Nacional de Fomento a la Competitividad Industrial “Industria Boliviana for Export (IBEX)”, una política que apunta a mejorar las condiciones de producción y generar mayores oportunidades para que las empresas nacionales puedan competir en mercados externos.

El viceministro de Políticas de Industrialización, Gustavo Jáuregui, destacó que la propuesta contempla la participación de los gobiernos subnacionales y del sector privado, con el objetivo de construir una agenda conjunta y generar mayor confianza entre los actores económicos.

“Se está trabajando de la mano de los gobiernos subnacionales, estamos articulando también con el sector privado y eso, por supuesto, genera mayor confianza”, afirmó la autoridad.

Lea : Viceministro Jáuregui: Apuntamos a incentivar el retorno de inversionistas

La creación del Consejo busca establecer un canal permanente de coordinación para abordar los principales obstáculos que enfrenta la industria nacional. Entre ellos están los costos de producción, acceso a financiamiento, tecnología, infraestructura, logística, mercados y condiciones para exportar.

Desde una perspectiva económica, el reto será que este espacio permita transformar las demandas del sector productivo en medidas concretas que mejoren la productividad y reduzcan las dificultades para invertir y producir en Bolivia.

La participación del sector privado también pretende acercar las decisiones públicas a la realidad de las empresas. Particularmente de aquellas que buscan ampliar su producción y acceder a mercados internacionales.

El Consejo acompañará el desarrollo del programa IBEX. Que tiene como uno de sus principales objetivos impulsar una industria más competitiva y orientada a la exportación.

Para Bolivia, avanzar en esa dirección supone buscar que una mayor parte de las materias primas y productos nacionales incorporen valor agregado antes de llegar a los mercados externos. Esto puede generar mayores ingresos para las empresas, nuevas oportunidades de empleo y una mayor diversificación de las exportaciones.

Jáuregui sostuvo que se trata de una política pública que, según el Gobierno, no había sido implementada anteriormente bajo este esquema de coordinación.

“Esta es una política pública que no se ha dado nunca. Que aprueba un programa de fomento a la competitividad industrial e institucionaliza un espacio de coordinación público-privado-comunitario productivo”, señaló.

El desafío para el nuevo Consejo será pasar de la coordinación a los resultados. Que las decisiones tomadas junto al sector productivo se traduzcan en mejores condiciones para producir, invertir, generar empleo y exportar.

Con la puesta en marcha del Consejo de Competitividad Industrial, el Gobierno busca abrir una nueva etapa de diálogo con los sectores económicos. Y convertir la política industrial en una herramienta para impulsar la producción nacional y su inserción en mercados internacionales.",https://larazon.bo/economia-y-empresa/2026/08/10/el-gobierno-se-apresta-a-crear-el-consejo-de-competitividad-industrial/
La Razón,2026-08-10,Economía y Empresa,BCB amplía desde el viernes la devolución de dólares: podrán retirar hasta $us 5.000,"El Banco Central de Bolivia ( BCB ) informó que a partir del viernes 14 de agosto las entidades financieras podrán atender solicitudes de retiro de entre $us 3.001 y $us 5.000, como parte de un cronograma gradual de liberación de recursos.

Los ahorristas que mantienen depósitos en dólares en el sistema financiero boliviano podrán acceder desde esa fecha a una nueva franja de devolución.

La medida representa un nuevo paso para los clientes que tienen sus ahorros en moneda extranjera y que esperan recuperar sus fondos de manera progresiva. El esquema establece que los montos disponibles irán aumentando cada mes, hasta alcanzar posteriormente la devolución del resto de los depósitos.

«El Banco Central de Bolivia te recuerda que este viernes 14 de agosto de 2026 comienza una nueva etapa de la devolución de depósitos en dólares», señala el ente emisor en una publicación oficial.

Vea también: Samuel cuestiona estrategia del BCB para frenar inflación y advierte efectos recesivos

El cronograma comenzó en julio con la habilitación para depósitos de entre $us 1.001 y $us 3.000 . Ahora, desde el 14 de agosto, el límite sube hasta $us 5.000.

La siguiente etapa está prevista para el 15 de septiembre , cuando podrán gestionarse retiros de entre $us 5.001 y $us 8.000 . En octubre, el rango aumentará hasta $us 10.000.

El calendario continuará ampliándose en los siguientes meses:

Para las familias y empresas que mantienen recursos en dólares, el cronograma representa una posibilidad de recuperar progresivamente su liquidez y disponer de sus ahorros para cubrir gastos, realizar inversiones o atender compromisos financieros.

La devolución gradual también busca ordenar el proceso dentro del sistema financiero, evitando que la liberación de grandes volúmenes de recursos se produzca de manera simultánea.

El BCB recordó a los ahorristas que la ampliación de los montos se realizará de acuerdo con las fechas establecidas en el cronograma. De esta manera, cada mes se habilitará una nueva franja de depósitos hasta llegar a los montos restantes en 2027.

La medida se produce en un contexto en el que los dólares tienen un peso creciente en las decisiones de ahorro, comercio e inversión de hogares y empresas bolivianas. Por ello, la progresiva devolución de estos recursos puede tener efectos tanto sobre la liquidez de los ahorristas como sobre el movimiento de divisas dentro del sistema financiero.",https://larazon.bo/economia-y-empresa/2026/08/10/bcb-amplia-desde-el-viernes-la-devolucion-de-dolares-podran-retirar-hasta-us-5-000/
La Razón,2026-08-10,Nacional,Loza se declara ‘evista hasta la muerte’ y respalda a Morales,"El gobernador de Cochabamba, Leonardo Loza, ratificó su respaldo al expresidente Evo Morales y aseguró que permanecerá junto a él pese a las circunstancias.

“Yo soy evista hasta la muerte, no importa las circunstancias, políticas, legales, judiciales, persecución. Yo creo en una cosa hasta la muerte, soy evista definitivo hasta la muerte”, afirmó.

Loza respondió así a las críticas recibidas por mantener contacto frecuente con Morales, quien enfrenta órdenes de aprehensión emitidas dentro de procesos judiciales.

El gobernador aseguró que no modificará su posición política ni se alejará del exmandatario por las acciones judiciales que existen en su contra.

“Yo no me voy a alejar ni por amenazas, ni por procesos, ni por chantajes, ni por condicionamientos de mi hermano Evo Morales”, manifestó.

La autoridad departamental calificó las acusaciones contra Morales como parte de una persecución política y rechazó que el expresidente haya participado directamente en los bloqueos.

Según Loza, durante esas movilizaciones Morales permanecía en el Trópico de Cochabamba realizando actividades agrícolas y alejado de las acciones de protesta.

“Estaba en su chaco carpiendo su palta, cosechando sus cítricos”, sostuvo el gobernador al referirse a la situación del expresidente durante los bloqueos.

Loza también afirmó que no teme posibles procesos o acciones judiciales en su contra por mantener su respaldo político al exmandatario.

“No importa que nos acusen, que vengan persecuciones, siembra de pruebas. No tengo ningún miedo. Yo me quedo al lado de Evo”, concluyó.

Las declaraciones se producen mientras Morales permanece en el Trópico de Cochabamba, acompañado por sectores que expresaron su respaldo ante un eventual operativo.

El exmandatario enfrenta actualmente órdenes de aprehensión relacionadas con procesos judiciales distintos, mientras el Gobierno sostiene que las disposiciones deben cumplirse conforme al ordenamiento jurídico.",https://larazon.bo/nacional/2026/08/10/loza-se-declara-evista-hasta-la-muerte-y-respalda-a-morales/
La Razón,2026-08-10,"Marcas, Polideportivo",Genbukai se impone en el V Open de Bolivia,"Con 27 medallas de oro, 37 de plata y 59 de bronce, Genbukai de Cochabamba salió victorioso del V Open Genbu Kai de Bolivia que terminó el domingo en el valle, donde se tuvo la destacada presencia del maestro internacional Thanh Nguyen.

El jueves comenzó el evento que tuvo dos días de seminario y dos de competencia en el Pabellón de Gimnasia.

La actividad fue avalada por la Federación Boliviana de Karate y de la Asociación Departamental de Karate de Cochabamba.

TAMBIÉN PUEDE LEER:

La básquetbol Herbas jugará en el Hindú CC argentino

Por primera vez estuvo presente en el país el Sensei Thanh Nguyen, quien dio sus enseñanzas a los deportistas, entrenadores y árbitros que estuvieron presentes.

Luego de ello, el fin de semana, fue el turnio del campeonato que tuvo sus dos modalidades: Kata (formas) y Kumite (combate).

Genbukai Cochabamba se quedó con el primer puesto del medallero por la impresionante cantidad de preseas doradas que cosechó.

Tuvo a varios atletas destacados como: Andrés Terrazas, Isabella Sevilla, Sharlott Canon, Elmer Bustamante, Erick Angelo, Ariadne Plata y Julia Soliz. Todos ellos ganaron a dos preseas doradas.

El segundo puesto del medallero fue para Inoue-Ha Shito Ryu de Cochabamba (12-4-13) y el tercer lugar se lo quedó Shorin-Ryu Shorikan Bolivia de Cochabamba (10-8-2).

La clasificación fue completada por Bazoalto Dojo de Santa Cruz (6-1-1), Bushido Kai de Cochabamba (5-4-8), Seiken de Cochabamba (2-5-6), Asociación Municipal de Karate Quillacollo (2-3-1), Dojo Bunkai de Cochabamba (2-0-1), AISRK de Cochabamba (1-1-3), Rejalaga Dojo Paraguay (0-2-0), Premium de Chuquisaca (0-1-3) y Bushido Kai de Cochabamba (0-1-0).",https://larazon.bo/marcas/2026/08/10/genbukai-se-impone-en-el-v-open-de-bolivia/
La Razón,2026-08-10,Economía y Empresa,"Caneb alerta a exportadores por nuevos requisitos en mercados de Europa, China y Brasil","Las empresas bolivianas que exportan a la Unión Europea (UE), China y Brasil tendrán que revisar sus procesos y documentación ante nuevos requisitos que pueden afectar el ingreso de determinados productos a esos mercados.

La alerta la emitió la Cámara Nacional de Exportadores de Bolivia ( Caneb ), que llamó a sus afiliados a informarse con anticipación sobre modificaciones relacionadas con envases y sustancias PFAS, tratamientos cuarentenarios y exigencias de Inmetro/LPCO en Brasil.

Aunque las disposiciones corresponden a diferentes mercados y sectores, para los exportadores bolivianos el desafío es similar: adecuarse a tiempo para evitar que una carga sea observada, demorada o genere costos adicionales durante el proceso de comercialización internacional.

Lea: Caneb alerta que cierre de paso entre Argentina y Chile encarece logística y retrasa comercio exterior

Los cambios regulatorios pueden obligar a determinadas empresas a realizar ajustes en sus procesos productivos, modificar envases, incorporar controles adicionales o gestionar nuevas certificaciones y verificaciones.

Para las compañías que operan con márgenes estrechos, estos requerimientos pueden convertirse en un factor importante de competitividad. Cumplir una nueva norma puede significar inversiones en tecnología, análisis de laboratorio, certificaciones, capacitación o cambios en el embalaje, además de eventuales costos logísticos si una mercancía queda retenida u observada.

En el mercado europeo, la atención está puesta en las nuevas disposiciones relacionadas con envases y PFAS, sustancias utilizadas en diversos productos y procesos industriales y que están sujetas a una regulación cada vez más estricta.

China, en tanto, presenta cambios vinculados con tratamientos cuarentenarios, un aspecto especialmente relevante para productos sujetos a controles sanitarios y fitosanitarios antes de ingresar a ese mercado.

En Brasil, los exportadores deben considerar requisitos relacionados con Inmetro y el sistema LPCO, dependiendo del tipo de producto y de las exigencias aplicables a cada operación.

Para el sector exportador, la adaptación a las nuevas normas no es solamente un asunto administrativo. El cumplimiento de requisitos técnicos puede determinar si una empresa logra mantener una operación fluida y conservar el acceso a un mercado.

Una carga observada o retenida puede traducirse en demoras, costos de almacenamiento, mayores gastos logísticos e incluso pérdida de compradores, especialmente cuando se trata de productos perecederos o de operaciones sujetas a plazos de entrega.

Por ello, la CANEB recomendó a las empresas revisar desde ahora qué cambios pueden afectar sus productos y procesos. La organización informó que el análisis específico de cada medida está disponible a través de sus cámaras departamentales afiliadas.

El escenario internacional obliga a las empresas bolivianas a competir no solo en precio y calidad, sino también en cumplimiento de normas ambientales, sanitarias, técnicas y de seguridad.

Para los exportadores, anticipar estos cambios puede convertirse en una ventaja competitiva: permite planificar inversiones, ajustar procesos y evitar que las nuevas exigencias se conviertan en barreras inesperadas.

La CANEB y sus cámaras afiliadas buscan que las empresas cuenten con información suficiente para tomar decisiones antes de que las modificaciones regulatorias afecten sus operaciones.

En un contexto de mayores exigencias en el comercio mundial, prepararse con anticipación puede ser tan importante como encontrar un comprador: mantener el acceso a los mercados internacionales dependerá cada vez más de la capacidad de las empresas para adaptarse a las nuevas reglas.",https://larazon.bo/economia-y-empresa/2026/08/10/caneb-alerta-a-exportadores-por-nuevos-requisitos-en-mercados-de-europa-china-y-brasil/
La Razón,2026-08-10,Nacional,Gobierno busca apoyo individual de legisladores para aprobar leyes,"El Gobierno anunció que buscará respaldo para sus proyectos de ley mediante acuerdos con líderes políticos, bancadas y, si fuera necesario, legisladores individuales.

El vocero presidencial, José Luis Gálvez, afirmó que el Ejecutivo pretende modificar la manera tradicional de construir acuerdos políticos dentro de la Asamblea Legislativa.

Según Gálvez, durante años los parlamentarios respondieron a decisiones de sus jefes políticos, sin necesariamente debatir el contenido de las normas sometidas a consideración.

“Se hablará con los líderes políticos, se hablará con las alianzas internas, se hablará con cada uno de ser necesario de los asambleístas”, afirmó Gálvez.

El vocero explicó que las actuales alianzas parlamentarias surgieron principalmente de acuerdos electorales y todavía no constituyen necesariamente proyectos políticos comunes para toda la legislatura.

“Este es el tiempo que hay que pensar en la patria. No estamos construyendo una ley para el gobierno”, sostuvo durante una entrevista con Erbol.

Gálvez también destacó el papel de Samuel Doria Medina, Jorge Quiroga, Manfred Reyes Villa y Andrónico Rodríguez en la conformación de alianzas políticas.

En ese marco, señaló que el Ejecutivo está dispuesto a dialogar con los principales referentes políticos para conseguir respaldo a las reformas que considera necesarias.

Sin embargo, remarcó que los parlamentarios deberán evaluar las propuestas desde una perspectiva nacional y no únicamente siguiendo las instrucciones de sus organizaciones políticas.

La propuesta generó cuestionamientos dentro de la alianza Libre, desde donde legisladoras advirtieron sobre los riesgos que podría implicar una negociación individual con parlamentarios.

La diputada Tomasa Yarhui sostuvo que el Gobierno podría terminar promoviendo prácticas de transfugio político mediante negociaciones destinadas a conseguir respaldo legislativo.

La legisladora cuestionó particularmente las gestiones realizadas para aprobar el Presupuesto General del Estado y afirmó que ese tipo de prácticas debilita la representación política.

Yarhui consideró que un parlamentario que cambia su posición por acuerdos particulares termina desconociendo el mandato otorgado por los ciudadanos mediante el voto.

La diputada Lissa Claros también denunció que algunos legisladores estarían negociando su respaldo a determinadas iniciativas impulsadas desde el Ejecutivo nacional.

“Nosotros como alianza Libre le hemos planteado un acuerdo político social para empezar a gobernar con responsabilidad, eso no significa que aquí estamos pidiendo pegas”, afirmó.

La controversia surge mientras el Ejecutivo prepara el envío a la Asamblea Legislativa de un proyecto de ley destinado a promover inversiones privadas.

Además, el Gobierno prevé impulsar reformas vinculadas con sectores estratégicos de la economía, entre ellos hidrocarburos, minería y otras áreas consideradas prioritarias.

La aprobación de estas iniciativas dependerá de la capacidad del oficialismo para construir acuerdos dentro de una Asamblea Legislativa caracterizada por la fragmentación política.

El Ejecutivo sostiene que buscará consensos para viabilizar sus reformas, mientras sectores opositores exigen que cualquier acuerdo preserve la independencia de los legisladores.

El debate también abre una discusión sobre los límites entre la búsqueda legítima de consensos parlamentarios y eventuales negociaciones individuales por respaldo político .",https://larazon.bo/nacional/2026/08/10/gobierno-busca-apoyo-individual-de-legisladores-para-aprobar-leyes/
La Razón,2026-08-10,Nacional,Quispe prevé nuevas movilizaciones tras el fin del estado de excepción,"El exdiputado Rafael Quispe afirmó que sectores sociales esperan el levantamiento del estado de excepción para retomar las movilizaciones contra el Gobierno.

“El pueblo está esperando que se levante el Estado de Excepción para retomar movilizaciones. La base está molesta”, afirmó Quispe este lunes.

El exlegislador también cuestionó la gestión del presidente Rodrigo Paz y sostuvo que el mandatario debería acortar su mandato por los resultados obtenidos.

“Yo también estoy de acuerdo en que el incapaz de Rodrigo Paz acorte su mandato y se vaya, por incapaz”, afirmó el exdiputado.

Quispe también se refirió a las órdenes de aprehensión que pesan contra el expresidente Evo Morales y cuestionó que el Gobierno pretenda detenerlo.

“El señor Rodrigo no va a detener a Evo Morales porque necesita a alguien a quien echarle la culpa”, sostuvo Quispe durante sus declaraciones.

El exdiputado incluso planteó la posibilidad de un supuesto acuerdo entre Paz y Morales para mantener vigente la confrontación política.

“Si lo aprehendieran o lo deportaran a Evo, ya no habría a quién echarle la culpa y las movilizaciones pueden ser muy fuertes”, afirmó.

En esa línea, Quispe sostuvo que Morales podría continuar como un factor de movilización mientras permanezca en el escenario político nacional.

“Por eso necesita tener a Evo nomás hablando. Sospecho que hay un pacto entre ellos, lanzarse esas pelotitas”, afirmó el exlegislador.

El estado de excepción fue declarado por el presidente Rodrigo Paz mediante el Decreto Supremo 5636, promulgado el 20 de junio de 2026.

La medida fue adoptada después de más de 50 días de bloqueos, conflictos sociales y hechos de violencia que afectaron diferentes regiones del país.

El decreto estableció un estado de excepción por conmoción interna en todo el territorio nacional durante 90 días calendario, computables desde la publicación de la norma.

Por ese plazo, la medida debería concluir el 17 de septiembre de 2026, salvo que sea levantada antes conforme a las disposiciones legales correspondientes.

La Asamblea Legislativa Plurinacional aprobó posteriormente el Decreto Supremo 5636, con lo que el estado de excepción quedó vigente en todo el territorio nacional.

El propio presidente Paz confirmó posteriormente que la medida tendría una duración de 90 días y remarcó que debía aplicarse respetando las garantías constitucionales y los derechos humanos.

Las declaraciones de Quispe se producen mientras el Gobierno mantiene como una de sus prioridades el cumplimiento de las órdenes de aprehensión contra Morales.

El exmandatario permanece en el Trópico de Cochabamba, donde cuenta con respaldo de sectores afines y mantiene su actividad política pese a las disposiciones judiciales.

El escenario plantea la posibilidad de una nueva disputa política cuando concluya la medida excepcional, particularmente si sectores vinculados al evismo retoman acciones de protesta.

Hasta ahora, el Gobierno sostiene que las medidas adoptadas durante el estado de excepción buscan preservar el orden público y garantizar el normal funcionamiento del país .",https://larazon.bo/nacional/2026/08/10/quispe-preve-nuevas-movilizaciones-tras-el-fin-del-estado-de-excepcion/
La Razón,2026-08-10,"Internacional, Marcas",Aplazan partidos del fútbol en Colombia tras terremoto,"Los partidos del fútbol local en Colombia programados para esta semana fueron aplazados debido al fuerte terremoto que sacudió este lunes el país andino y deja más de cien muertos, informó el ente rector del balompié local.

La División Mayor del Fútbol Colombiano (Dimayor) había aplazado en un primer momento, para esta misma semana, la mayoría de los nueve partidos de primera y segunda división que se disputarían este lunes y martes.

Pero el órgano los postergó después, para una fecha por definir, «tras realizar un monitoreo constante y una evaluación de la situación que atraviesan las diferentes ciudades y regiones del país afectadas por el terremoto».

TAMBIÉN PUEDE LEER:

El Barcelona rechaza primera oferta del PSG por Ferran Torres

Los juegos -tres de la élite, seis de segunda- eran los que faltaban para completar la cuarta jornada de los torneos de primera y segunda división.

El sismo tuvo epicentro en el oeste del país y se sintió con fuerza en grandes ciudades como Bogotá, Medellín y Cali, hogares de los principales clubes colombianos.

Cali y Pereira fueron dos de las ciudades más afectadas por el sismo, de magnitud 7,4.

La quinta fecha de ambas competiciones, programada para el fin de semana, sigue en pie pero su realización dependerá de la evaluación diaria, dijo a la AFP una fuente de la Dimayor.

«En circunstancias como estas, entendemos que el fútbol debe estar al servicio del país y acompañar a quienes más lo necesitan», dijo el organismo en un comunicado.

Colombia tiene previsto, además, celebrar esta semana dos duelos de la ida de los octavos de final de la Copa Libertadores y la Copa Sudamericana, los principales torneos de clubes de Sudamérica.

El martes, en Ibagué, Deportes Tolima recibirá a Independiente del Valle de Ecuador por la Libertadores, mientras que el miércoles Independiente Santa Fe hará lo mismo con River Plate de Argentina en Bogotá por la Sudamericana.

La Conmebol , que organiza ambos certámenes, no se ha pronunciado oficialmente sobre la situación de esos cotejos, agendados para jugarse en urbes del centro del país.

Pero una fuente enterada dijo a la AFP que por lo pronto no habría cambios en la programación, aunque el organismo evalúa la situación.",https://larazon.bo/marcas/2026/08/10/aplazan-partidos-del-futbol-en-colombia-tras-terremoto/
La Razón,2026-08-10,La Revista,"Muere Ted Carrasco, uno de los escultores más reconocidos de Bolivia","Ted Carrasco, uno de los escultores más reconocidos de Bolivia, falleció a los 93 años este fin de semana y dejó una extensa trayectoria artística marcada por su aporte a la escultura del país.

La noticia fue dada a conocer por el investigador y crítico de arte Harold Suárez Llápiz, a través de sus redes sociales.

“Lamento informar que el día de hoy ha fallecido el maestro escultor Ted Carrasco. Sin duda uno de los más destacados e influyentes escultores bolivianos del siglo XX y también (por qué no decirlo) de los albores del nuevo milenio”, señaló Suárez.

Asimismo, su sobrino Maki Carrasco lamentó este hecho, destacando los logros del artista plástico.

“Gracias, tío querido, por todo lo que me enseñaste con tus historias, tus experiencias y tu sabiduría en esas tardes compartiendo un cafecito o un tereré. Tuviste una vida increíble con logros extraordinarios y agradezco haber podido ser parte, aunque sea de una pequeña parte, de tu aventura”, escribió Maki.

La obra más conocida de Ted Carrasco es la “Cabeza de Zepita”, que consta del rostro del Mariscal Andrés de Santa Cruz. En 1989, esta obra fue colocada en cercanías del atrio de San Francisco, en la ciudad de La Paz.

Sin embargo, en 2010 decidieron reubicarla y fue destinada a la zona Sur. En 2024 la Cabeza de Zepita fue fotografiada abandonada en Aranjuez.

“Fue un escultor boliviano que ha llevado su obra por diversos continentes del mundo, construyendo un legado artístico que será apreciado por las siguientes generaciones”, resaltó Suarez.

Se estima que, Carrasco desarrolló una prolífica carrera con más de 80 exhibiciones alrededor del mundo, destacando ciudades como: Caracas, Estocolmo, Bruselas, Róterdam y Ámsterdam, entre otros.

Asimismo, representó a Bolivia en muestras colectivas y certámenes de alto prestigio global, tales como el Seminario Internacional de Escultura en Yugoslavia, Exposición de Verano de Escultura Moderna en Londres, X Bienal Internacional de Escultura de Bruselas, (1964), VII Bienal de São Paulo, V Exposición Internacional de Escultura en Sonsbeek y la Bienal Internacional de Middelheim.",https://larazon.bo/la-revista/2026/08/10/muere-ted-carrasco-uno-de-los-escultores-mas-reconocidos-de-bolivia/
La Razón,2026-08-10,Nacional,Expresidente pide a Paz no excluir partidos y lograr gobernabilidad,"El expresidente Eduardo Rodríguez Veltzé afirmó que el Gobierno de Rodrigo Paz debe evitar excluir a partidos políticos si pretende garantizar gobernabilidad desde la Asamblea Legislativa.

Rodríguez Veltzé sostuvo que, pese a la existencia de acuerdos regionales y territoriales, los partidos mantienen un papel central en la representación ciudadana.

“Los partidos son una institución imprescindible en la representación ciudadana y en la conducción de políticas”, afirmó el exmandatario al referirse al escenario político nacional.

En ese marco, consideró necesario que el Órgano Ejecutivo mantenga abiertos los canales de diálogo con las diferentes fuerzas políticas representadas en la Asamblea.

El expresidente señaló que la gobernabilidad requiere acuerdos políticos capaces de facilitar la aprobación de leyes y permitir la implementación de políticas públicas.

Asimismo, exhortó a diputados y senadores a asumir una posición orientada a alcanzar consensos que contribuyan a mejorar las condiciones del país.

Rodríguez Veltzé remarcó que los acuerdos políticos no deberían limitarse a determinados bloques, debido a la necesidad de construir consensos dentro del Legislativo.

Su planteamiento se produce en momentos en que el Gobierno de Paz busca respaldo parlamentario para impulsar diferentes proyectos de ley y reformas estructurales.

El Ejecutivo anunció que dialogará con líderes políticos, bancadas y, de ser necesario, con legisladores individuales para conseguir apoyo a sus iniciativas.

En ese escenario, el exmandatario planteó que la búsqueda de gobernabilidad debe sustentarse en el diálogo y la participación de las distintas fuerzas políticas.

La Asamblea Legislativa se convierte así en un espacio clave para el Gobierno, que necesita construir mayorías para avanzar con su agenda normativa.

Rodríguez Veltzé insistió en que los partidos continúan siendo actores fundamentales para canalizar la representación ciudadana y alcanzar acuerdos dentro del sistema democrático.",https://larazon.bo/nacional/2026/08/10/expresidente-pide-a-paz-no-excluir-partidos-y-lograr-gobernabilidad/
La Razón,2026-08-10,Economía y Empresa,Construir en Bolivia cuesta más del 50% que hace dos años y medio,"De acuerdo con la actualización al mes de julio de la Cámara Boliviana de Desarrolladores Inmobiliarios ( CBDI ), el costo de construcción de una vivienda unifamiliar aumentó 55,6% en ese periodo, mientras que el de los edificios residenciales registró una variación acumulada de 54,3% .

El indicador, que toma diciembre de 2023 como base, llegó en julio de 2026 a 155,66 puntos para viviendas unifamiliares y 154,30 puntos para edificios residenciales. La cifra refleja el fuerte incremento que han experimentado los principales componentes utilizados en la construcción durante los últimos dos años y medio.

Lea : Cadeco alerta reducción de hasta 40% en la construcción y prevén alza en costos por el dólar

La escalada de costos no responde a un solo producto. La última medición registra incrementos en una amplia variedad de componentes, entre ellos acero, aglomerantes, áridos, artefactos sanitarios, carpintería de aluminio y vidrio, cerámicos, cielos falsos, tabiquería en seco, equipamiento, instalaciones eléctricas y sanitarias, pisos, quincallería, revestimientos y ascensores.

En contraste, algunos componentes, como los hormigones y la instalación hidráulica, presentaron variaciones a la baja en la última medición.

Para una familia que busca construir su propia casa, este escenario significa que un presupuesto elaborado hace dos años y medio puede quedar muy por debajo de los recursos necesarios actualmente. Para los desarrolladores, en tanto, la variación obliga a revisar permanentemente los costos, los presupuestos y la viabilidad financiera de nuevos proyectos.

El ICC–CBDI se desarrolló para realizar un seguimiento periódico de la evolución de los costos de construcción de vivienda en Bolivia. La metodología toma como referencia el Índice CAC de la Cámara Argentina de la Construcción, pero fue adaptada a la estructura y características del mercado boliviano.

La herramienta busca convertirse en una referencia para actualizar presupuestos y contratos, planificar inversiones y evaluar proyectos inmobiliarios, proporcionando información técnica a desarrolladores, constructores, inversionistas y entidades financieras.

El incremento acumulado también pone sobre la mesa uno de los principales desafíos para el sector inmobiliario: mantener la inversión y la generación de vivienda en un contexto de costos crecientes.

La CBDI considera que contar con información actualizada permite incorporar oportunamente las variaciones de precios a la planificación y dar mayor previsibilidad a las inversiones, lo que puede contribuir a sostener nuevos proyectos y la generación de empleo vinculada a la construcción.

En un sector que tiene un efecto directo sobre el empleo, la actividad empresarial y el acceso de las familias a una vivienda, el aumento de más del 50% en los costos de construcción muestra que levantar una casa o desarrollar un edificio hoy requiere una planificación financiera considerablemente mayor que la de diciembre de 2023.",https://larazon.bo/economia-y-empresa/2026/08/10/construir-en-bolivia-cuesta-mas-del-50-que-hace-dos-anos-y-medio/
La Razón,2026-08-10,Sociedad,Operativos de la FELCN afectan más de $us 200.000 al narcotráfico en La Paz,"La Fuerza Especial de Lucha Contra el Narcotráfico (FELCN) realizó diez operativos entre el 3 y 8 de agosto en el departamento de La Paz, los cuales finalizaron con 12 personas aprehendidas, un vehículo y dos teléfonos celulares secuestrados, con una afectación económica al narcotráfico estimada en 228.517 dólares.

Según el director departamental de la FELCN, teniente coronel Miguel Chávez, durante los operativos se secuestraron 52.801 gramos de clorhidrato de cocaína, 5.122 gramos de cocaína base y 65 gramos de marihuana.

Una de las intervenciones más importantes tuvo lugar el pasado 4 de agosto en la tranca de Achica Arriba, ubicada en la carretera La Paz-Oruro.

En el operativo, la institución intervino un ómnibus donde se encontraron 48 paquetes de clorhidrato de cocaína ocultos en un compartimento “secreto” del motorizado. Posteriormente se aprehendió a tres personas y se incautó el vehículo.

Chávez señaló que, según las investigaciones preliminares, la droga habría ingresado desde el lado peruano y se encontraba en tránsito por territorio nacional, teniendo como destino final Cochabamba y el oriente del país.

El director detalló que también se realizaron operativos en contra del microtráfico, tanto en la ciudad de La Paz como en El Alto. Los mismos derivaron en la aprehensión de nueve personas y el secuestro de sustancias controladas.",https://larazon.bo/sociedad/2026/08/10/operativos-de-la-felcn-afectan-mas-de-us-200-000-al-narcotrafico-en-la-paz/
La Razón,2026-08-10,Nacional,Diputados pone en agenda la carretera Pumasaní–Hito 19 para conectar La Paz con el puerto de Chancay,"La Cámara de Diputados puso en agenda un proyecto de ley para la construcción de la carretera Pumasaní–Hito 19, una ruta de 73 kilómetros que busca conectar el norte de La Paz con la frontera peruana y abrir una nueva vía de acceso para Bolivia hacia el océano Pacífico.

El proyecto fue presentado por el presidente de Diputados, Roberto Castro, y la legisladora Liz Balhuarte, con la participación de representantes parlamentarios y pobladores del Distrito Originario Suches, del municipio de Pelechuco.

La propuesta contempla que la carretera llegue hasta el Hito 19, donde tendría conexión con la Carretera 110 del Perú. Desde allí, la ruta podría facilitar el tránsito hacia el puerto de Chancay y convertirse en una alternativa para el movimiento de carga boliviana.

También puede interesarle: Expresidente pide a Paz no excluir partidos y lograr gobernabilidad

La iniciativa también plantea una posible vinculación con el Corredor Bioceánico, lo que otorgaría al proyecto una dimensión comercial y geopolítica más amplia, especialmente para el norte paceño.

Castro señaló que la Asamblea Legislativa debe recoger las necesidades planteadas desde las regiones y trabajar en su tratamiento legislativo.

“Las puertas de la Asamblea siempre están abiertas para ayudar en todo lo que podamos”, afirmó durante la presentación.

El proyecto fue expuesto ante autoridades parlamentarias de La Paz y representantes de las comunidades de la zona, quienes destacaron la importancia de contar con una conexión vial directa hacia territorio peruano.

La propuesta abre ahora una ruta legislativa que deberá definir su viabilidad y, posteriormente, aspectos importantes como el financiamiento, el diseño y la ejecución de la obra. De concretarse, Pumasaní–Hito 19 podría convertirse en una nueva puerta de salida del norte paceño hacia los mercados del Pacífico.",https://larazon.bo/nacional/2026/08/10/diputados-pone-en-agenda-la-carretera-pumasani-hito-19-para-conectar-la-paz-con-el-puerto-de-chancay/
La Razón,2026-08-10,Nacional,"Lara abre la puerta a un eventual retorno de Evo: ‘Si la mayoría gana, se respeta la voluntad popular’","El vicepresidente Edmand Lara evitó cerrar la posibilidad de que el expresidente Evo Morales vuelva a competir por la Presidencia y respaldó la idea de que una eventual consulta popular defina el futuro electoral del exmandatario.

Un exparlamentario del ala evista planteó convocar a un referéndum para consultar a la población sobre la posibilidad de que Morales vuelva a postularse a la Presidencia, pese a las restricciones que actualmente pesan sobre su candidatura.

Consultado sobre la propuesta, Lara aseguró que el resultado de una eventual consulta debería ser respetado.

Lea también : Terremoto en Colombia deja al menos 69 muertos y destrucción

“Si una mayoría lo gana, se respeta la voluntad popular”, afirmó ante los medios de comunicación.

El Vicepresidente también defendió el derecho de Morales a participar en el debate político, aunque señaló que una eventual candidatura tendría que ajustarse a las reglas electorales.

“Toda persona tiene derecho a expresarse libremente y ser elegidos, pero tiene que cumplir con requisitos establecidos por el Tribunal Supremo Electoral (TSE)”, añadió.

Lara insistió en que, si finalmente se convoca a un referéndum, será la ciudadanía la que determine el resultado. “Si es que se da un referéndum, es la gente la que elegirá. No se puede ir contra la voluntad popular, es la democracia”, sostuvo.

Aunque Lara no anunció un respaldo explícito a la candidatura de Morales, su postura deja abierta la posibilidad de que el exmandatario vuelva a disputar una elección si una eventual consulta popular habilita esa alternativa.

Morales acumula dos órdenes de aprehensión en su contra. No obstante, la Policía no ha cumplido con el mandamiento de la justicia.",https://larazon.bo/nacional/2026/08/10/lara-abre-la-puerta-a-un-eventual-retorno-de-evo-si-una-mayoria-gana-se-respeta-la-voluntad-popular/
La Razón,2026-08-10,Economía y Empresa,Aduana impulsa el reciclaje de plástico para la economía circular,"La Aduana Nacional incorporó acciones de reciclaje a sus prácticas institucionales con una jornada de recolección de botellas PET, tapas y otros materiales plásticos en el marco del plan de economía circular.

Se trata de una iniciativa que apunta a reducir la generación de residuos y promover un uso más responsable de los recursos.

La actividad nace al impulso de la Gerencia Nacional de Riesgos y Fiscalización (GNRF) y cuenta con la participación de servidores públicos, quienes realizaron el acopio de residuos plásticos para posteriormente entregarlos a la asociación “Recicladoras en Acción”, encargada de su aprovechamiento.

Más allá de la disposición de los residuos, la iniciativa apunta a fortalecer una cultura de sostenibilidad dentro de la institución y generar mayor conciencia sobre el impacto ambiental asociado al consumo y descarte de materiales plásticos.

«El reciclaje de botellas PET y tapas plásticas contribuye a disminuir la cantidad de desechos que llegan a los vertederos, fomenta el aprovechamiento de materiales reutilizables y promueve hábitos sostenibles dentro de la institución», se lee en una publicación de la institución.

También consulte: Coca-Cola fortalece su impacto en Bolivia con programas de agua, reciclaje y apoyo a emprendedores

La reutilización también permite dar valor a materiales que habitualmente son considerados desechos, al reincorporarlos a cadenas de aprovechamiento y generar oportunidades para las personas y organizaciones dedicadas a su recolección y clasificación.

La recolección de botellas PET y tapas plásticas contribuye, además, a disminuir el volumen de residuos que llega a los vertederos y favorece el uso de materiales reutilizables. Para la Aduana, estas acciones forman parte de una estrategia orientada a identificar fuentes de emisión, reducir impactos ambientales y promover prácticas institucionales compatibles con la lucha contra el cambio climático.

La participación de los trabajadores busca que estas medidas no se limiten a una actividad puntual, sino que se conviertan progresivamente en hábitos cotidianos de separación, acopio y aprovechamiento de residuos.

Con esta jornada, la Aduana Nacional busca combinar la gestión institucional con una mayor responsabilidad ambiental, al tiempo que respalda el trabajo de organizaciones vinculadas al reciclaje y contribuye a impulsar una economía basada en el aprovechamiento de materiales que todavía pueden tener una segunda vida.",https://larazon.bo/economia-y-empresa/2026/08/10/aduana-impulsa-el-reciclaje-de-plastico-para-la-economia-circular/
La Razón,2026-08-10,Nacional,Evistas anuncian movilizaciones tras el fin del Estado de excepción,"El sector evista anunció que convocará a organizaciones sociales de Cochabamba y otras regiones para analizar sus demandas y definir posibles movilizaciones.

David Veizaga, dirigente intercultural afín al expresidente Evo Morales, informó que las acciones serán evaluadas una vez concluya el estado de excepción vigente.

El dirigente cuestionó la medida y sostuvo que no respondió a las necesidades de la población, además de responsabilizar a los legisladores que aprobaron su vigencia.

“Lo mejor que podría pasar al país es romper ese estado de excepción, manipulada, maniobrada, donde los parlamentarios y los senadores no han defendido los intereses comunes”, afirmó Veizaga.

El dirigente también vinculó la vigencia del estado de excepción con el incremento de la inseguridad y responsabilizó a quienes respaldaron la medida por la situación actual.

“Los que han aprobado el estado de excepción son los peores culpables de este crimen de inseguridad que en este momento está pasando”, sostuvo.

Veizaga afirmó que la inseguridad afecta tanto a ciudadanos como a autoridades judiciales y cuestionó que la medida excepcional no haya permitido contener la delincuencia.

“De lo que están matando magistrados, fiscales, todos los días a los ciudadanos de a pie, del aumento de la delincuencia”, enfatizó durante sus declaraciones.

El dirigente explicó que la convocatoria a las organizaciones sociales se sustentará en el artículo 241 de la Constitución Política del Estado.

También mencionó la Ley 341 de Participación y Control Social como marco para impulsar acciones de fiscalización y participación ciudadana frente a las decisiones estatales.

“Hemos indicado que todas las organizaciones vivas de todo el territorio nacional deben organizarse para los próximos meses, así juntos, reunirnos y afrontar los nuevos desafíos del país”, afirmó.

Según Veizaga, la articulación buscará incorporar demandas relacionadas con la seguridad ciudadana, la situación económica y la elaboración de políticas públicas.

El dirigente señaló que la intención es impulsar propuestas “desde el pueblo hacia el Estado” y promover una mayor participación de las organizaciones sociales.

Asimismo, cuestionó nuevamente a los parlamentarios que aprobaron el estado de excepción y afirmó que la medida no habría logrado reducir los niveles de violencia.

“Son los peores culpables del crimen de inseguridad que está pasando”, sentenció.

Veizaga también planteó la necesidad de reorganizar la Central Obrera Boliviana para fortalecer la defensa de los intereses sociales y la soberanía nacional.

En ese marco, convocó a organizaciones como los interculturales, las Bartolinas y otras confederaciones a participar en un proceso de articulación.

El anuncio se produce mientras el sector evista mantiene su actividad política en torno a Morales y anticipa nuevas acciones de presión contra el Gobierno.

La convocatoria podría derivar en movilizaciones una vez que concluya el estado de excepción, abriendo un nuevo escenario de tensión entre sectores sociales afines al expresidente y el Ejecutivo.",https://larazon.bo/nacional/2026/08/10/evistas-anuncian-movilizaciones-tras-el-fin-del-estado-de-excepcion/
La Razón,2026-08-10,Nacional,Cárceles del país registran 17 muertes violentas en siete meses y hacinamiento supera el 109%,"La crisis del sistema penitenciario persiste y, peor aún, muestra señales de agravamiento, pese a la alerta por parte de la Defensoría del Pueblo en septiembre. A casi un año de aquella advertencia, el hacinamiento supera el 109%, mientras las muertes violentas registradas en las cárceles ya superaron en siete meses de 2026 el total de casos reportados durante todo el 2025.

El Defensor del Pueblo, Pedro Callisaya, exigió este lunes al Órgano Judicial, la Fiscalía General del Estado y la Dirección General de Régimen Penitenciario que cumplan las recomendaciones formuladas para enfrentar la crisis de derechos humanos en las cárceles del país.

“Persiste la crisis estructural en el sistema penitenciario”, afirmó Callisaya durante la presentación del informe de seguimiento a la alerta temprana elaborada por la institución en su condición de Mecanismo Nacional de Prevención de la Tortura.

Uno de los principales problemas identificados es el uso extendido de la detención preventiva. Hasta diciembre de 2025, el 53,91% de las personas privadas de libertad no tenía una sentencia condenatoria, de acuerdo con los datos de la Defensoría.

Lea también: Alcalde cruceño propone aporte de Bs1 para bomberos

Aunque ese porcentaje disminuyó en dos puntos entre julio y diciembre del año pasado, Callisaya cuestionó que la detención preventiva continúe como una práctica habitual y no como una medida excepcional.

“Se continúa con la detención preventiva como una regla y no como una excepción”, dijo el Defensor. Además, reclamó al Órgano Judicial y al Ministerio Público explicar qué política aplicarán para reducir el uso de esta medida.

La mayoría de estos casos se concentró en Santa Cruz, particularmente en los centros penitenciarios de Palmasola y Montero. Para la Defensoría, el incremento de la violencia evidencia que las advertencias realizadas desde 2025 no han recibido una respuesta suficiente por parte del Estado.

El sistema penitenciario cerró 2025 con 32.677 personas privadas de libertad y un nivel de hacinamiento del 109%. Aunque hubo una reducción de 381 internos entre julio y diciembre de ese año, la presión sobre la capacidad instalada continúa.

La situación también afecta la atención médica. Según Callisaya, existe apenas un médico por cada 510 personas privadas de libertad, una proporción que dificulta cumplir con el examen médico inicial dentro de las primeras 48 horas y detectar a tiempo enfermedades que podrían prevenirse o tratarse.

A esto se suma la inseguridad alimentaria provocada por retrasos en el pago de los prediarios. La Defensoría reportó demoras de hasta tres meses en La Paz y de dos meses en Potosí, Beni, Chuquisaca y Tarija.

Callisaya también cuestionó la ausencia de respuestas formales por parte del Órgano Judicial y la Fiscalía General del Estado sobre las recomendaciones emitidas por la Defensoría.

Según el informe, ambas instituciones fueron notificadas en diciembre de 2025 y marzo de 2026, respectivamente, pero hasta ahora no remitieron un pronunciamiento formal sobre las medidas adoptadas.

La Defensoría también observó proyectos de infraestructura penitenciaria paralizados en La Paz, Cochabamba y Santa Cruz.

Con estos datos, la institución volvió a exigir acciones inmediatas al Estado para enfrentar una crisis que mantiene problemas de hacinamiento, detención preventiva, violencia, atención sanitaria, alimentación e infraestructura.",https://larazon.bo/nacional/2026/08/10/carceles-del-pais-registran-17-muertes-violentas-en-siete-meses-y-hacinamiento-supera-el-109/
La Razón,2026-08-10,Economía y Empresa,Bolivia mira a los minerales estratégicos como una nueva fuente de inversión,"Bolivia busca poner en valor su potencial geológico en minerales estratégicos, recursos que ganan relevancia a nivel mundial por su creciente demanda para la transición energética, la industria y el desarrollo de nuevas tecnologías.

La Autoridad Jurisdiccional Administrativa Minera ( AJAM ) destacó el potencial del país en cinco minerales considerados estratégicos: litio, cobre, indio, bismuto y antimonio; cuya explotación y aprovechamiento podrían abrir nuevas oportunidades para la economía nacional.

El interés por estos recursos está relacionado con los cambios que atraviesa la economía mundial. La expansión de los vehículos eléctricos, las energías renovables, las redes eléctricas y la industria tecnológica incrementa la necesidad de materias primas capaces de sostener estos procesos.

«El mundo moderno y el futuro necesitan cada vez más minerales como litio, cobre, indio, bismuto y antimonio; esenciales para nuevas tecnologías», señala un comunicado de la AJAM.

También lea: El estaño abre agosto en $us 24,33 y el oro supera $us 4.000

Entre los minerales identificados, el litio ocupa un lugar relevante por su utilización en baterías para almacenar energía y alimentar vehículos eléctricos. El cobre, por su parte, es fundamental para cables, motores, redes eléctricas y equipos electrónicos, por lo que su demanda está estrechamente vinculada al crecimiento de la infraestructura energética.

El indio tiene aplicaciones en pantallas, paneles solares y distintos componentes tecnológicos, mientras que el bismuto es utilizado en productos relacionados con la salud, materiales especiales y procesos industriales. El antimonio también tiene aplicaciones en baterías, materiales resistentes al fuego y productos electrónicos.

Para Bolivia, el desafío no pasa únicamente por contar con estos recursos, sino por convertir el potencial geológico en actividad económica, mediante inversiones, generación de empleo, desarrollo de proveedores y, especialmente, una mayor incorporación de valor agregado.

En ese sentido, el aprovechamiento de los minerales estratégicos podría representar una oportunidad para diversificar las fuentes de ingresos del país y reducir la dependencia de sectores tradicionales de la economía extractiva. Sin embargo, alcanzar ese objetivo requiere condiciones que permitan atraer capital, incorporar tecnología, mejorar la infraestructura y garantizar una explotación responsable.

La AJAM plantea esta perspectiva bajo el concepto de una “Minería Responsable”, con la mirada puesta en que los recursos minerales puedan convertirse en oportunidades de desarrollo y no solamente en materias primas destinadas a los mercados externos.

El potencial de litio, cobre, indio, bismuto y antimonio sitúa a Bolivia –según la AJAM– ante una oportunidad vinculada a las nuevas necesidades de la economía mundial.

El reto será transformar esa riqueza natural en inversión, empleo, ingresos y mayor valor agregado, de manera sostenible y con beneficios para la población.",https://larazon.bo/economia-y-empresa/2026/08/10/bolivia-mira-a-los-minerales-estrategicos-como-una-nueva-fuente-de-inversion/
La Razón,2026-08-10,Ciudades,Reclutador de bolivianos para Rusia dice que sabían a qué iban,"Amador Méndez Arancibia, señalado como el reclutador de bolivianos que fueron enviados a la guerra en Rusia, habló desde la clandestinidad mediante un video difundido en redes sociales y aseguró ser inocente.

Pidió la liberación de sus familiares que fueron aprehendidos en el marco de la investigación, que se desarrolla en Santa Cruz.

En el video, Méndez, de 69 años, negó las acusaciones de tráfico de personas y dijo ser inocente y aseguró que aquellos bolivianos que fueron a la guerra sabían cuál iba a ser el trabajo que debían realizar en la guerra.

“Yo estoy muy avergonzado de todas estas cosas. Yo en ninguna parte voy a aceptar gente, ellos me preguntaron a mí, me buscaron a mí para que yo le consiga, pero ellos voluntariamente, sabiendo todo, firmaron ese contrato”, dijo a través del video publicado en el portal Radar de Noticias.

“Voy a cumplir 70 años y quiero decir toda la verdad para que no sigan amedrentando a gente inocente que no tiene nada que ver en este asunto”, expresó el hombre que anticipó que dará una entrevista amplia para decir su verdad.",https://larazon.bo/lr-article/2026/08/10/reclutador-de-bolivianos-para-rusia-dice-que-sabian-a-que-iban/
La Razón,2026-08-10,Nacional,Alcaldes renuevan la dirección de la FAM y colocan a Johnny Torres al frente del municipalismo,"La Federación de Asociaciones Municipales de Bolivia (FAM Bolivia) renovó este lunes su directiva durante su Congreso Nacional Ordinario, realizado en Warnes, Santa Cruz, y eligió al alcalde de Tarija, Johnny Torres, como nuevo presidente de la organización.

Torres estará acompañado por el alcalde de Warnes, Mario Cronenbold, en la vicepresidencia, y por la alcaldesa de El Puente, Tarija, Sara Armella, como secretaria general.

La nueva conducción asumirá la tarea de representar los intereses de los gobiernos municipales ante el Estado y buscar una agenda común para las alcaldías del país.

Durante la apertura del encuentro, Cronenbold planteó que la FAM debe asumir un papel activo como canal entre los municipios y las principales autoridades del país.

Lea también: Economía prepara créditos para damnificados en Barrio Lindo

“Que la FAM sea ese nexo para hacerle llegar al presidente, al gobernador, las necesidades que realmente se están viviendo en el país”, afirmó el alcalde de Warnes.

La renovación de la directiva abre una nueva etapa para la organización municipalista, que buscará fortalecer la coordinación entre las alcaldías y las distintas instancias del Estado.

Entre los principales desafíos de la nueva gestión se encuentra la construcción de una agenda municipal conjunta, además de la defensa de los intereses de los gobiernos locales y la búsqueda de soluciones a las necesidades que enfrentan los municipios desde sus territorios.

La elección de Torres también coloca a Tarija al frente de una organización que reúne a los gobiernos municipales del país y que puede convertirse en un actor relevante en las negociaciones con el Ejecutivo y las gobernaciones sobre políticas públicas, recursos y competencias municipales.",https://larazon.bo/nacional/2026/08/10/alcaldes-renuevan-la-direccion-de-la-fam-y-colocan-a-johnny-torres-al-frente-del-municipalismo/
La Razón,2026-08-10,Economía y Empresa,Anapo advierte que la falta de diésel amenaza la cosecha de 950.000 hectáreas,"La Asociación de Productores de Oleaginosas y Trigo ( Anapo ) advirtió que, si el abastecimiento de diésel no llega al 100%, se pone en alto riesgo la cosecha de invierno que comprende una superficie de 950.000 hectáreas de siembra en el departamento cruceño.

El sector agropecuario enfrenta nuevamente dificultades para garantizar el normal desarrollo de sus actividades debido a la provisión insuficiente del carburante.

El gerente general de Anapo, Jaime Hernández, informó que actualmente los productores asociados y los grandes consumidores del sector agropecuario reciben apenas entre el 50% y 60% del combustible comprometido, una situación que ya provoca retrasos en las labores de cosecha.

“Estamos apenas con un 50 o 60% de provisión, necesitamos que esto mejore para llegar a un 100%; de lo contrario corremos el riesgo de que se vaya paralizando la cosecha, principalmente en la zona este”, afirmó Hernández durante una conferencia de prensa.

El dirigente explicó que alrededor de 950.000 hectáreas de cultivos de invierno se encuentran actualmente en proceso de cosecha en esa región. La falta de combustible afecta directamente el funcionamiento de la maquinaria agrícola, desde las cosechadoras hasta los equipos utilizados para transportar y almacenar la producción.

También consulte: Anapo prevé buena cosecha de girasol, pero la falta de diésel la amenaza

“Tenemos ahorita ya un desfase en la cosecha precisamente porque no hay el suficiente diésel para que los productores puedan realizar sus actividades agrícolas”, señaló.

Para Anapo, el problema no solo representa una dificultad logística, sino que puede convertirse en un factor que incremente las pérdidas económicas del sector. Cada jornada de retraso en la cosecha puede elevar los costos de operación y exponer los cultivos a condiciones climáticas adversas, además de afectar la capacidad de los productores para cumplir con sus compromisos comerciales.

Hernández remarcó que el abastecimiento debe normalizarse de manera urgente para evitar que el retraso acumulado termine paralizando parte de la cosecha de invierno.

“Si no se llega a un 100% de abastecimiento para el agro y para la cosecha de invierno que tenemos principalmente en la zona este, con 950.000 hectáreas que ya están en proceso de cosecha, los productores van a comenzar a tener pérdidas productivas y pérdidas económicas”, sostuvo.

La preocupación del sector se concentra ahora en garantizar el combustible necesario durante las próximas semanas, debido a que la cosecha requiere un flujo continuo de diésel. Para los productores, contar con solo una parte del volumen requerido impide planificar adecuadamente las operaciones y aumenta el riesgo de que la producción permanezca en campo más tiempo del previsto.

Anapo considera que alcanzar el 100% de provisión de diésel es clave para evitar una interrupción de las labores agrícolas y reducir el impacto económico sobre los productores, especialmente en una campaña de invierno que involucra una superficie significativa de cultivos y que resulta fundamental para el abastecimiento y la actividad económica del país.",https://larazon.bo/economia-y-empresa/2026/08/10/anapo-advierte-que-la-falta-de-diesel-amenaza-la-cosecha-de-950-000-hectareas/
La Razón,2026-08-10,Sociedad,Bolivia activa asistencia para connacionales afectados en Colombia tras fuerte sismo,"El Ministerio de Relaciones Exteriores de Bolivia expresó su solidaridad con Colombia tras el fuerte sismo registrado la mañana de este lunes y recordó que mantiene habilitados sus canales de asistencia consular para los connacionales bolivianos.

El temblor tuvo una magnitud de 7,4 y sacudió varias de las principales ciudades de Colombia, como Bogotá, Cali y Medellín. El presidente de ese país, Abelardo de la Espriella, informó que existen al menos 111 fallecidos; sin embargo, señalaron que es probable que el número de víctimas mortales aumente.

Mediante un comunicado publicado en redes sociales, la entidad estatal lamentó el hecho que afectó de sobremanera a dicho país.

“El Ministerio de Relaciones Exteriores del Estado Plurinacional de Bolivia, en nombre del Gobierno y del pueblo boliviano, expresa su profunda solidaridad con el Gobierno y el pueblo de la República de Colombia ante las graves consecuencias ocasionadas por el fuerte sismo registrado en la jornada de hoy”, señala el documento.

Asimismo, la entidad estatal afirmó que se mantendrá en permanente monitoreo de la emergencia para conocer su evolución. “El Ministerio de Relaciones Exteriores se mantiene atento a la evolución de la emergencia y mantiene habilitados sus canales de asistencia para la atención de los connacionales bolivianos en territorio colombiano”, detalla la publicación.

El comunicado establece que los bolivianos que necesiten de esta asistencia podrán comunicarse con la Embajada del Estado Plurinacional de Bolivia en Colombia a través del correo electrónico: [email protected] o de la línea telefónica: +57 313 384 8683.

La institución reafirmó su disposición a colaborar en cualquier tarea que requiera la situación.

“El Estado Plurinacional de Bolivia reafirma sus profundos lazos de hermandad y cooperación con la República de Colombia y expresa su disposición de brindar, en el marco de sus capacidades y de ser requerido por las autoridades colombianas, el apoyo que pueda contribuir a la atención de esta emergencia”, culmina el escrito.",https://larazon.bo/sociedad/2026/08/10/bolivia-activa-asistencia-para-connacionales-afectados-en-colombia-tras-fuerte-sismo/
La Razón,2026-08-10,Nacional,Defensoría alerta que crisis carcelaria persiste y exige acciones urgentes,"El Defensor del Pueblo, Pedro Callisaya, exigió al Órgano Judicial, la Fiscalía General del Estado y Régimen Penitenciario adoptar medidas frente a la crisis estructural.

La autoridad realizó el pedido durante la presentación del informe de seguimiento a la alerta temprana emitida en septiembre de 2025.

“A casi un año de la alerta temprana emitida por la Defensoría del Pueblo, en septiembre de 2025, persiste la crisis estructural en el sistema penitenciario”, afirmó Callisaya.

El informe, elaborado en el marco de las funciones del Mecanismo Nacional de Prevención de la Tortura, identificó problemas vinculados con detención preventiva.

Según Callisaya, la privación de libertad preventiva continúa aplicándose como regla y no como excepción dentro del sistema judicial boliviano.

“Se continúa con la detención preventiva como una regla y no como una excepción”, cuestionó el Defensor al referirse a los resultados del diagnóstico.

Hasta diciembre de 2025, el 53,91% de la población penitenciaria estaba integrada por personas privadas de libertad sin sentencia condenatoria.

Aunque entre julio y diciembre de 2025 esa población disminuyó dos puntos porcentuales, Callisaya consideró insuficiente el avance registrado durante ese periodo.

“Ante este escenario, advertimos la necesidad de que el Órgano Judicial y la Fiscalía del Estado respondan no solamente a la Defensoría del Pueblo, sino a la población”, sostuvo.

El informe defensorial establece que durante 2025 el hacinamiento en las cárceles alcanzó el 109% de la capacidad instalada.

La población penitenciaria llegó a 32.677 personas, aunque hasta diciembre se registró una reducción de 381 privados de libertad respecto a julio.

Callisaya también alertó sobre el incremento de las muertes violentas dentro de los recintos penitenciarios durante la presente gestión.

Mientras durante todo 2025 se contabilizaron 15 muertes violentas, entre enero y julio de 2026 ya se registraron 17 decesos.

La mayoría de estos casos se concentró en el departamento de Santa Cruz, principalmente en los centros penitenciarios de Palmasola y Montero.

El Defensor señaló que este incremento constituye un punto de quiebre frente a los niveles de violencia registrados anteriormente.

La Defensoría también identificó deficiencias en la atención sanitaria de las personas privadas de libertad debido a la falta de personal médico.

Actualmente existe aproximadamente un médico por cada 510 personas privadas de libertad, situación que dificulta cumplir los protocolos de atención inicial.

Esta carencia impide realizar oportunamente los exámenes médicos establecidos dentro de las primeras 48 horas de ingreso a los recintos penitenciarios.

El informe también advierte sobre problemas de seguridad alimentaria relacionados con retrasos administrativos en el pago de los prediarios.

En La Paz se reportaron retrasos de hasta tres meses, mientras que Potosí, Beni, Chuquisaca y Tarija registraron moras de dos meses.

Callisaya además demandó acelerar proyectos de infraestructura penitenciaria que permanecen paralizados en La Paz, Cochabamba y Santa Cruz.

Finalmente, informó que el Órgano Judicial y la Fiscalía aún no respondieron formalmente a las recomendaciones emitidas por la Defensoría.

La institución notificó al Órgano Judicial en diciembre de 2025 y a la Fiscalía General del Estado en marzo de 2026.

Ante este panorama, la Defensoría anunció que continuará exigiendo medidas para garantizar los derechos y la integridad de las más de 32.000 personas privadas de libertad. .",https://larazon.bo/nacional/2026/08/10/defensoria-alerta-que-crisis-carcelaria-persiste-y-exige-acciones-urgentes/
La Razón,2026-08-10,Mundo,Sube a 6.300 cifra de muertos por doble terremoto en Venezuela,"La cifra de fallecidos por los terremotos del 24 de junio en Venezuela se elevó a 6.301, mientras familiares siguen buscando desaparecidos entre las ruinas de edificios colapsados, según un balance divulgado el lunes por el jefe parlamentario Jorge Rodríguez.

A la fecha el gobierno no ha publicado una cifra oficial sobre los desaparecidos luego de los sismos de 7,2 y 7,5 que provocaron el colapso de unos 190 edificios ubicados en su mayoría en el costero estado La Guaira, a unos 40 km de Caracas.

Muchos venezolanos revivieron escenas de los terremotos que sacudieron el país caribeño, tras sentirse este lunes en varias regiones un sismo de magnitud 7,4 con epicentro en Colombia, que deja un saldo de al menos 111 muertos y decenas de heridos.

El balance anterior publicado el 3 de agosto por autoridades venezolanas cifraba el número de muertos en 6.125. Según declaraciones a medios locales del gobernador del estado La Guaira, José Alejandro Terán, quedaban cerca de 1.400 desaparecidos hace poco más de una semana.

Además de las edificaciones que colapsaron por completo, otras 9.567 han sido catalogadas por las autoridades como de «alto riesgo». El número de «viviendas restringidas» se ubica en 12.411.

Por ello, muchas de las familias que las ocupaban son atendidas en refugios temporales o se fueron a vivir con familiares o amigos.

Casi 24.000 damnificados viven ahora en campamentos en Caracas y en el estado La Guaira, un popular balneario cuya vida giraba en torno al turismo prácticamente inexistente luego de los terremotos.",https://larazon.bo/mundo/2026/08/10/sube-a-6-300-cifra-de-muertos-por-doble-terremoto-en-venezuela/
La Razón,2026-08-10,Sociedad,Senamhi prevé que el fenómeno Súper Niño alcanzará su pico en el último trimestre de 2026,"El Servicio Nacional de Hidrología y Meteorología (Senamhi) informó que se espera que el pico más alto del fenómeno del Súper Niño se alcance durante el último trimestre de 2026, el cual generará sequías en el occidente y fuertes precipitaciones en el oriente del país.

La pronosticadora Heidy Quisbert explicó que el fenómeno podría intensificarse a partir de octubre.

“Dentro del fenómeno del Niño, se prevé que, para el último trimestre de la gestión, desde octubre, se intensifique y el fenómeno se sienta mucho más fuerte, con déficit de precipitaciones en el altiplano, posiblemente sequía. En el oriente, en las llanuras y la Chiquitania habrá bastantes precipitaciones y riesgo de inundaciones”, indicó.

Quisbert hizo hincapié en la sequía que podría afectar al occidente, por lo que pidió a la población cuidar los recursos hídricos para enfrentar esta época.

“Recomendamos a la población del altiplano no desperdiciar el agua porque vamos a estar con déficit de lluvias. Por su parte, en el oriente, donde habrá riesgo de fuertes precipitaciones al final de esta gestión, pedimos cuidar y limpiar los sumideros para evitar inundaciones”, exhortó.

Asimismo, informó que este fenómeno podría extenderse hasta marzo del próximo año, aunque con una menor intensidad.

“El Súper Niño se va a mantener hasta marzo de 2027, lo más intenso será en el último trimestre de esta gestión, luego bajará la intensidad”, aseguró.",https://larazon.bo/sociedad/2026/08/10/senamhi-preve-que-el-fenomeno-super-nino-alcanzara-su-pico-en-el-ultimo-trimestre-de-2026/
La Razón,2026-08-10,Sociedad,La industria farmacéutica reclama exclusión en la formulación del Plan de Salud,"Mediante un pronunciamiento, la Cámara de la Industria Farmacéutica Boliviana (Cifabol) cuestiona que el sector farmacéutico nacional no haya sido considerado en la elaboración y socialización del Plan General de Salud 2026 – 2030.

Pese a su rol estratégico como proveedor recurrente del sistema público de salud y actor fundamental para garantizar el abastecimiento de medicamentos en el país, la Cifabol lamenta que el Ministerio de Salud y Deportes haya dejado al margen al sector.

Sin la instancia, el Ministerio de Salud realiza reuniones con distintos actores para evaluar la posible implementación del plan.

“Cualquier política destinada a definir los mecanismos de abastecimiento, adquisición y acceso a medicamentos durante los próximos años debería incorporar necesariamente la experiencia. También las capacidades y propuestas de la producción nacional”, señala la Cifabol en su pronunciamiento.

De acuerdo con los lineamientos conocidos del Plan, se plantea modificar la normativa vigente para ampliar los mecanismos de compra directa de medicamentos. Asimismo, consolidar adquisiciones estratégicas mediante un comprador único -CEASS- y habilitar compras e importaciones directas desde mercados internacionales.

Para la industria farmacéutica nacional, dice el comunicado, una política de estas características, si no contempla de manera expresa mecanismos de participación y fortalecimiento de la producción boliviana, corre el riesgo de profundizar la dependencia externa en medicamentos e insumos estratégicos, en lugar de avanzar hacia una mayor soberanía sanitaria mediante el desarrollo de capacidades productivas dentro del país.

La preocupación resulta aún mayor considerando el complejo contexto que enfrenta el sector desde 2023. Ha estado marcado por la inestabilidad en el acceso a divisas, las dificultades vinculadas al funcionamiento de la autoridad reguladora. También a los conflictos sociales y administrativos, así como el retorno de determinados procedimientos a modalidades presenciales.

Estos factores, menciona la nota, han incrementado los costos. Y, afectaron la planificación productiva y reducido la competitividad de una industria que genera empleo, inversión y capacidad tecnológica en Bolivia.

“En este escenario, convertir al Estado en un actor adicional de importación, sin establecer condiciones que prioricen de manera efectiva la producción nacional cuando exista capacidad instalada para atender la demanda, podría profundizar las asimetrías competitivas entre los medicamentos fabricados en Bolivia y los productos importados”.

La Cámara recuerda además que el fomento a la producción nacional de medicamentos constituye un principio respaldado por el marco constitucional y legal del país. “Por ello, fortalecer a la industria farmacéutica boliviana no debe ser entendido únicamente como una política sectorial. Debe ser una decisión estratégica vinculada con la seguridad y soberanía sanitaria, el abastecimiento oportuno de medicamentos, la generación de empleo y el desarrollo productivo nacional”.

A través de la nota, la industria farmacéutica boliviana solicita al Ministerio de Salud y Deportes incorporar al sector en las instancias de diálogo. De esa manera, la institución busca participar en el análisis y definición del Plan General de Salud 2026-2030. Pide que se la convoque antes de avanzar en decisiones que puedan modificar estructuralmente el modelo de adquisición y abastecimiento de medicamentos del sistema público.

La institución ratifica su disposición a contribuir técnicamente en la búsqueda de soluciones. Y, que estas permitan garantizar el derecho de la población al acceso oportuno a medicamentos seguros y de calidad. Pero considera indispensable que estas soluciones sean construidas mediante un diálogo amplio, transparente y participativo. Piden que se reconozca a la producción nacional como un componente estratégico de la política sanitaria del Estado.

Lea también: Cifabol pide a nueva autoridad de Agemed reponer plataforma digital

“Garantizar medicamentos para los bolivianos y, al mismo tiempo, fortalecer la capacidad del país para producirlos debe ser parte de una misma política pública”, concluye el pronunciamiento de la Cifabol.",https://larazon.bo/sociedad/2026/08/10/la-industria-farmaceutica-reclama-exclusion-en-la-formulacion-del-plan-de-salud/
La Razón,2026-08-10,Nacional,Paz concentra poder y abre una etapa de gobernabilidad incierta,"El cambio de gabinete de Rodrigo Paz no representa una renovación profunda, sino un reacomodo interno que concentra poder en áreas estratégicas del Ejecutivo.

Los analistas Gonzalo Mendieta, Erika Brockmann y Vladimir Peña coincidieron en que esta nueva etapa estará marcada por acuerdos puntuales y una Asamblea fragmentada.

Mendieta consideró que el movimiento ministerial refleja nuevos equilibrios de poder y descartó que pueda interpretarse como una remodelación integral del Gobierno.

Según el analista, el ministro de Economía consolidó su posición como principal responsable de la conducción económica, mientras Presidencia también ganó peso político.

Peña coincidió en que se trata de un reacomodo condicionado por la salida de Samuel Doria Medina y una nueva estrategia presidencial.

El analista señaló que el Ejecutivo ahora pretende relacionarse directamente con instituciones y parlamentarios, dejando en segundo plano a los líderes políticos.

“Un eufemismo para decir voy a prescindir de los partidos y voy a ir a buscar directamente a los parlamentarios”, afirmó Peña sobre esa estrategia.

A su juicio, esa modalidad puede debilitar la institucionalidad democrática precisamente cuando Bolivia necesita partidos políticos fuertes, organizados y capaces de generar acuerdos.

Brockmann advirtió que el escenario parlamentario es particularmente complejo porque las alianzas electorales se fragmentaron rápidamente después de la conformación de la Asamblea.

La politóloga explicó que incluso la bancada de Libre enfrenta divisiones, mientras los legisladores tienden a priorizar intereses territoriales frente a una lógica nacional.

“Veremos qué es lo que sucede y cuán patriotas son estas bancadas en un mundo gelatinoso partidario político”, señaló Brockmann.

En ese escenario, la negociación individual podría facilitar determinadas votaciones, pero también generar disputas políticas y dificultades para construir una agenda legislativa estable.

Mendieta recordó que el Ejecutivo ya logró respaldos parlamentarios mediante negociaciones directas, aunque anticipó que futuras discusiones podrían resultar más conflictivas.

El primer gran examen será la Ley de Inversiones, seguida por el paquete de normas anunciado por Paz para transformar distintos sectores estratégicos.

Brockmann sostuvo que la población espera mayor rapidez gubernamental, especialmente porque varios anuncios legislativos fueron postergados durante los primeros meses de la administración.

“Me gustaría ver un presidente que más que anunciar saque del sombrero un conejo que sorprenda a la población”, afirmó la exsenadora.

La agenda gubernamental, además, estará condicionada por problemas inmediatos relacionados con seguridad, escasez de combustibles y dificultades vinculadas con las divisas.

En paralelo, el 50/50 con las gobernaciones aparece como otro escenario decisivo para medir la capacidad del Ejecutivo de construir acuerdos institucionales.

Peña consideró saludable que el Presidente dialogue directamente con los gobernadores, porque esos encuentros pueden fortalecer una práctica democrática dentro del modelo autonómico boliviano.

Sin embargo, los analistas coincidieron en que el éxito de la nueva etapa dependerá de convertir los anuncios presidenciales en acuerdos, leyes y resultados concretos.

Así, Paz inicia una fase con mayor concentración de poder en su entorno, pero también con una gobernabilidad todavía incierta y una Asamblea fragmentada.",https://larazon.bo/nacional/2026/08/10/paz-concentra-poder-y-abre-una-etapa-de-gobernabilidad-incierta/
La Razón,2026-08-10,Nacional,Requena advierte retroceso ambiental en la nueva estructura del Gobierno,"La diputada Cecilia Requena advirtió que la nueva estructura del Gobierno representa un retroceso para la planificación ambiental y mantiene una visión extractivista.

La legisladora cuestionó principalmente la eliminación del Ministerio de Planificación del Desarrollo, cuyas competencias serán distribuidas entre otras carteras del Ejecutivo.

Según Requena, esta decisión evidencia una falta de visión frente a los desafíos ambientales y económicos que enfrenta Bolivia durante el siglo XXI.

“Es una completa falta de visión y de entendimiento de los desafíos adicionales del siglo XXI”, afirmó durante una entrevista con La Razón.

La diputada sostuvo que Bolivia continúa vinculada a un modelo económico basado en la explotación de recursos naturales, pese a los problemas sociales, económicos y ambientales.

“Nunca dejamos de ser extractivistas”, afirmó Requena, quien consideró necesario avanzar hacia una transición que permita desarrollar actividades económicas con mayor valor agregado.

En ese marco, mencionó como alternativas los sistemas agroforestales, la producción de café, cacao, asaí, chía, quinua, fibra de vicuña y la ganadería certificada.

Requena también expresó preocupación por la decisión de trasladar las competencias ambientales hacia otras áreas del Ejecutivo, particularmente vinculadas al desarrollo productivo.

A su criterio, esa reorganización podría generar conflictos de interés porque las autoridades encargadas de promover actividades productivas también asumirían responsabilidades de control ambiental.

“Es como darle al ratón el cuidado del queso”, afirmó la legisladora al cuestionar que representantes de sectores productivos puedan terminar supervisando actividades que requieren regulación ambiental.

La diputada explicó que el problema adquiere mayor relevancia debido a la presión que generan actividades agropecuarias, mineras e hidrocarburíferas sobre los recursos naturales.

En particular, destacó la importancia de proteger el agua y los ciclos hídricos, al considerar que se trata de asuntos que comprometen directamente el interés general.

Requena cuestionó además que la eliminación de Planificación ocurra cuando Bolivia enfrenta desafíos relacionados con el cambio climático y la pérdida acelerada de biodiversidad.

La legisladora planteó que el Estado debería orientar sus políticas hacia un modelo de desarrollo sostenible y fortalecer la planificación de largo plazo.

En lugar de eliminar estructuras, sostuvo que el Gobierno pudo haber reformado el sistema existente para hacerlo más participativo y vinculado con las necesidades territoriales.

Su planteamiento incluye una planificación capaz de incorporar a las regiones y promover políticas públicas que respondan a las características económicas y ambientales de cada departamento.

La diputada también alertó que una menor institucionalidad ambiental podría limitar oportunidades económicas relacionadas con mecanismos como los bonos de carbono.

Requena considera que Bolivia debe aprovechar sus recursos naturales sin profundizar una dependencia económica basada exclusivamente en materias primas y mercados internacionales.

“Eso es algo de lo que uno debería desear salir, no quedarse ahí”, sostuvo al plantear una transición hacia alternativas postextractivistas.

En ese escenario, la legisladora pidió que la reorganización estatal no reduzca la capacidad de planificación ni debilite los mecanismos destinados a proteger los recursos naturales.

La discusión surge mientras el Gobierno defiende su reestructuración como una medida orientada a reducir la burocracia, optimizar recursos y agilizar la administración pública.",https://larazon.bo/nacional/2026/08/10/requena-advierte-retroceso-ambiental-en-la-nueva-estructura-del-gobierno/
La Razón,2026-08-10,Event,GV San José vs Always Ready,"Ver toda la sección >

Ver toda la sección >

Ver toda la sección >

Ver toda la sección >

Ver toda la sección >

Ver toda la sección >

Ver toda la sección >

Ver toda la sección >

Ver toda la sección >

Ver todo el suplemento >

Ver todo el suplemento >

Ver todo el suplemento >

Ver todo el suplemento >

Ver todo el suplemento >

Ver todo el suplemento >

Ver toda la sección >

Ver toda la sección >

Ver toda la sección >

Ver toda la sección >

Ver toda la sección >

Ver toda la sección >

Ver toda la sección >

Ver toda la sección >

Ver toda la sección >

Ver todo el suplemento >

Ver todo el suplemento >

Ver todo el suplemento >

Ver todo el suplemento >

Ver todo el suplemento >

Ver todo el suplemento >

La Razón, medio de comunicación digital líder en noticias de Bolivia y el mundo, conecta a su audiencia a través de todas las plataformas digitales. Con una sólida presencia en redes sociales, programas de streaming innovadores, y el revolucionario e-paper, nuestro periódico digital inteligente, ofrecemos información confiable, ágil y al alcance de todos.

Dirección: Colinas de Santa Rita s/n, Alto Auquisamaña (Galpón de La Razón) La Paz - Bolivia

Correo electrónico:

[email protected]

[email protected]

WhatsApp:

+591 67198163

+591 77220575

© 2021-2025 COMUNICACIONES EL PAÍS S.A ( Desarrollo web Arcadia SRL )",https://larazon.bo/event/gv-san-jose-vs-always-ready-4/
La Razón,2026-08-10,Event,Real Potosí vs Blooming,"Ver toda la sección >

Ver toda la sección >

Ver toda la sección >

Ver toda la sección >

Ver toda la sección >

Ver toda la sección >

Ver toda la sección >

Ver toda la sección >

Ver toda la sección >

Ver todo el suplemento >

Ver todo el suplemento >

Ver todo el suplemento >

Ver todo el suplemento >

Ver todo el suplemento >

Ver todo el suplemento >

Ver toda la sección >

Ver toda la sección >

Ver toda la sección >

Ver toda la sección >

Ver toda la sección >

Ver toda la sección >

Ver toda la sección >

Ver toda la sección >

Ver toda la sección >

Ver todo el suplemento >

Ver todo el suplemento >

Ver todo el suplemento >

Ver todo el suplemento >

Ver todo el suplemento >

Ver todo el suplemento >

La Razón, medio de comunicación digital líder en noticias de Bolivia y el mundo, conecta a su audiencia a través de todas las plataformas digitales. Con una sólida presencia en redes sociales, programas de streaming innovadores, y el revolucionario e-paper, nuestro periódico digital inteligente, ofrecemos información confiable, ágil y al alcance de todos.

Dirección: Colinas de Santa Rita s/n, Alto Auquisamaña (Galpón de La Razón) La Paz - Bolivia

Correo electrónico:

[email protected]

[email protected]

WhatsApp:

+591 67198163

+591 77220575

© 2021-2025 COMUNICACIONES EL PAÍS S.A ( Desarrollo web Arcadia SRL )",https://larazon.bo/event/real-potosi-vs-blooming/
La Razón,2026-08-10,Event,Oriente Petrolero vs FC Universitario,"Ver toda la sección >

Ver toda la sección >

Ver toda la sección >

Ver toda la sección >

Ver toda la sección >

Ver toda la sección >

Ver toda la sección >

Ver toda la sección >

Ver toda la sección >

Ver todo el suplemento >

Ver todo el suplemento >

Ver todo el suplemento >

Ver todo el suplemento >

Ver todo el suplemento >

Ver todo el suplemento >

Ver toda la sección >

Ver toda la sección >

Ver toda la sección >

Ver toda la sección >

Ver toda la sección >

Ver toda la sección >

Ver toda la sección >

Ver toda la sección >

Ver toda la sección >

Ver todo el suplemento >

Ver todo el suplemento >

Ver todo el suplemento >

Ver todo el suplemento >

Ver todo el suplemento >

Ver todo el suplemento >

La Razón, medio de comunicación digital líder en noticias de Bolivia y el mundo, conecta a su audiencia a través de todas las plataformas digitales. Con una sólida presencia en redes sociales, programas de streaming innovadores, y el revolucionario e-paper, nuestro periódico digital inteligente, ofrecemos información confiable, ágil y al alcance de todos.

Dirección: Colinas de Santa Rita s/n, Alto Auquisamaña (Galpón de La Razón) La Paz - Bolivia

Correo electrónico:

[email protected]

[email protected]

WhatsApp:

+591 67198163

+591 77220575

© 2021-2025 COMUNICACIONES EL PAÍS S.A ( Desarrollo web Arcadia SRL )",https://larazon.bo/event/oriente-petrolero-vs-fc-universitario-3/
La Razón,2026-08-10,Columna,DAINIKA archivos,"Ver toda la sección >

Ver toda la sección >

Ver toda la sección >

Ver toda la sección >

Ver toda la sección >

Ver toda la sección >

Ver toda la sección >

Ver toda la sección >

Ver toda la sección >

Ver todo el suplemento >

Ver todo el suplemento >

Ver todo el suplemento >

Ver todo el suplemento >

Ver todo el suplemento >

Ver todo el suplemento >

Ver toda la sección >

Ver toda la sección >

Ver toda la sección >

Ver toda la sección >

Ver toda la sección >

Ver toda la sección >

Ver toda la sección >

Ver toda la sección >

Ver toda la sección >

Ver todo el suplemento >

Ver todo el suplemento >

Ver todo el suplemento >

Ver todo el suplemento >

Ver todo el suplemento >

Ver todo el suplemento >

Bolivia, Bolivia, Bolivia, Bolivia… Etc. En Bolivia hasta las revoluciones se hacen con permiso del sistema que pretenden cambiar. Ya ...

""Lo haremos de manera ordenada."" Confieso que la frase del presidente Rodrigo Paz me devolvió la tranquilidad. Porque durante la ...

Existe una curiosa costumbre muy boliviana. Cada vez que una empresa funciona bien, aparece alguien convencido de que el mérito ...

Hay una nueva modalidad de investigación que parece estar ganando adeptos en algunas partes del mundo. Primero se convoca a ...

Un avance geopolítico vital fue reportado el viernes. El presidente de la Cámara Nacional de Comercio confirmó que, tras recientes ...

En el mundo debemos ser los únicos que bloquean sus carreteras y después nos preguntamos por qué nos dejan fuera ...

Por fin ocurrió. Después de años de crisis logísticas, de filas interminables en los surtidores, de carreteras saturadas, de costos ...

Qué significa medir la huella de carbono y entrar en la era del tren verde, que tanto hablan los entes ...

Creo que es bueno reflexionar sobre el reportaje “El destino del dinero: un circuito de fuga”, publicado por El País ...

Bolivia tiene una virtud extraordinaria que merece ser estudiada por las mejores universidades del mundo. No es el litio. No ...

El mandatario anunció que además se incautaron 58 avionetas, 369 inmuebles y 573 vehículos, vinculados a organizaciones criminales.

La Razón, medio de comunicación digital líder en noticias de Bolivia y el mundo, conecta a su audiencia a través de todas las plataformas digitales. Con una sólida presencia en redes sociales, programas de streaming innovadores, y el revolucionario e-paper, nuestro periódico digital inteligente, ofrecemos información confiable, ágil y al alcance de todos.

Dirección: Colinas de Santa Rita s/n, Alto Auquisamaña (Galpón de La Razón) La Paz - Bolivia

Correo electrónico:

[email protected]

[email protected]

WhatsApp:

+591 67198163

+591 77220575

© 2021-2025 COMUNICACIONES EL PAÍS S.A ( Desarrollo web Arcadia SRL )",https://larazon.bo/columna/dainika/
La Razón,2026-08-10,League,Copa de la División Profesional 2026 archivos,"Ver toda la sección >

Ver toda la sección >

Ver toda la sección >

Ver toda la sección >

Ver toda la sección >

Ver toda la sección >

Ver toda la sección >

Ver toda la sección >

Ver toda la sección >

Ver todo el suplemento >

Ver todo el suplemento >

Ver todo el suplemento >

Ver todo el suplemento >

Ver todo el suplemento >

Ver todo el suplemento >

Ver toda la sección >

Ver toda la sección >

Ver toda la sección >

Ver toda la sección >

Ver toda la sección >

Ver toda la sección >

Ver toda la sección >

Ver toda la sección >

Ver toda la sección >

Ver todo el suplemento >

Ver todo el suplemento >

Ver todo el suplemento >

Ver todo el suplemento >

Ver todo el suplemento >

Ver todo el suplemento >

El Senamhi alertó que el aviso está vigente desde este lunes 10 al miércoles 12 de agosto

La Razón, medio de comunicación digital líder en noticias de Bolivia y el mundo, conecta a su audiencia a través de todas las plataformas digitales. Con una sólida presencia en redes sociales, programas de streaming innovadores, y el revolucionario e-paper, nuestro periódico digital inteligente, ofrecemos información confiable, ágil y al alcance de todos.

Dirección: Colinas de Santa Rita s/n, Alto Auquisamaña (Galpón de La Razón) La Paz - Bolivia

Correo electrónico:

[email protected]

[email protected]

WhatsApp:

+591 67198163

+591 77220575

© 2021-2025 COMUNICACIONES EL PAÍS S.A ( Desarrollo web Arcadia SRL )",https://larazon.bo/league/copa-de-la-division-profesional/
La Razón,2026-08-10,League,Liga de la División Profesional 2026 archivos,"Ver toda la sección >

Ver toda la sección >

Ver toda la sección >

Ver toda la sección >

Ver toda la sección >

Ver toda la sección >

Ver toda la sección >

Ver toda la sección >

Ver toda la sección >

Ver todo el suplemento >

Ver todo el suplemento >

Ver todo el suplemento >

Ver todo el suplemento >

Ver todo el suplemento >

Ver todo el suplemento >

Ver toda la sección >

Ver toda la sección >

Ver toda la sección >

Ver toda la sección >

Ver toda la sección >

Ver toda la sección >

Ver toda la sección >

Ver toda la sección >

Ver toda la sección >

Ver todo el suplemento >

Ver todo el suplemento >

Ver todo el suplemento >

Ver todo el suplemento >

Ver todo el suplemento >

Ver todo el suplemento >

El convenio busca impulsar la rehabilitación de la vía férrea Sucre-Potosí.

La Razón, medio de comunicación digital líder en noticias de Bolivia y el mundo, conecta a su audiencia a través de todas las plataformas digitales. Con una sólida presencia en redes sociales, programas de streaming innovadores, y el revolucionario e-paper, nuestro periódico digital inteligente, ofrecemos información confiable, ágil y al alcance de todos.

Dirección: Colinas de Santa Rita s/n, Alto Auquisamaña (Galpón de La Razón) La Paz - Bolivia

Correo electrónico:

[email protected]

[email protected]

WhatsApp:

+591 67198163

+591 77220575

© 2021-2025 COMUNICACIONES EL PAÍS S.A ( Desarrollo web Arcadia SRL )",https://larazon.bo/league/liga-de-la-division-profesional/
La Razón,2026-08-10,Season,2026 archivos,"Ver toda la sección >

Ver toda la sección >

Ver toda la sección >

Ver toda la sección >

Ver toda la sección >

Ver toda la sección >

Ver toda la sección >

Ver toda la sección >

Ver toda la sección >

Ver todo el suplemento >

Ver todo el suplemento >

Ver todo el suplemento >

Ver todo el suplemento >

Ver todo el suplemento >

Ver todo el suplemento >

Ver toda la sección >

Ver toda la sección >

Ver toda la sección >

Ver toda la sección >

Ver toda la sección >

Ver toda la sección >

Ver toda la sección >

Ver toda la sección >

Ver toda la sección >

Ver todo el suplemento >

Ver todo el suplemento >

Ver todo el suplemento >

Ver todo el suplemento >

Ver todo el suplemento >

Ver todo el suplemento >

Los vecinos de la zona afirmaron que la violencia se ha intensificado en el departamento

La Razón, medio de comunicación digital líder en noticias de Bolivia y el mundo, conecta a su audiencia a través de todas las plataformas digitales. Con una sólida presencia en redes sociales, programas de streaming innovadores, y el revolucionario e-paper, nuestro periódico digital inteligente, ofrecemos información confiable, ágil y al alcance de todos.

Dirección: Colinas de Santa Rita s/n, Alto Auquisamaña (Galpón de La Razón) La Paz - Bolivia

Correo electrónico:

[email protected]

[email protected]

WhatsApp:

+591 67198163

+591 77220575

© 2021-2025 COMUNICACIONES EL PAÍS S.A ( Desarrollo web Arcadia SRL )",https://larazon.bo/season/2026/
Red Uno,2026-08-10,Transportistas no descartan movilizaciones ante el desabastecimiento de combustible 2026810193923,Transportistas no descartan movilizaciones ante el desabastecimiento de combustible,"La falta de combustible continúa generando preocupación entre transportistas, agricultores y sectores empresariales del país. Dirigentes del transporte advirtieron que podrían asumir medidas de presión incluso antes de que finalice el estado de excepción si no se normaliza el abastecimiento de diésel.

Uno de los representantes del sector aclaró que una eventual movilización respondería, según su versión, a las necesidades económicas de los transportistas y no a intereses político-partidarios.

“Si nosotros salimos en medio del estado de excepción va a ser por una necesidad, por una lucha social. Que no se interprete que es política partidaria. Esta reacción se va a dar”, manifestó Lucio Gómez dirigente de transporte.

El dirigente sostuvo que los compromisos asumidos con el Gobierno no habrían logrado modificar el panorama y aseguró que algunos transportistas apenas consiguen realizar un viaje en un mes y medio .

“¿Con eso vamos a cubrir nuestras deudas? ¿Con eso vamos a pagar nuestros deberes y obligaciones? No lo vamos a pagar”, cuestionó.

Choferes pernoctan en filas en La Paz

En la ciudad de La Paz, las largas filas por combustible permanecen en diferentes estaciones de servicio. En uno de los surtidores del centro paceño, transportistas señalaron que deben permanecer durante varias horas e incluso más de una noche esperando la llegada de cisternas.

Según el reporte realizado desde el lugar, una de las filas comenzaba en la avenida Montes, continuaba por el puente de la Cervecería y la avenida Perú, llegando en determinados momentos hasta inmediaciones de la plaza Riosinho y la calle Armentia.

La situación habría provocado además una reducción de las frecuencias de viaje desde las terminales de Santa Cruz y Cochabamba , donde, según el reporte, las operaciones disminuyeron hasta en un 40% .

Agricultores marcharon en San Julián

La escasez de carburantes también generó protestas en el municipio de San Julián, Santa Cruz , donde agricultores salieron a las calles para exigir abastecimiento de combustible.

La movilización se desarrolló la tarde del domingo, en medio del estado de excepción dispuesto por el Gobierno después de los 53 días de bloqueos .

Los productores señalaron que necesitan combustible para continuar con la cosecha de sus productos. La marcha concluyó en el mercado 24 de Junio, donde posteriormente los movilizados sostuvieron una reunión y asumieron determinaciones, según reportaron medios locales citados en el informe.

Cainco El Alto alerta impacto en importaciones y exportaciones

Desde Cainco El Alto también expresaron preocupación por los efectos de la falta de diésel sobre el comercio exterior.

La institución señaló que el transporte pesado es fundamental para trasladar mercadería hacia y desde los puertos marítimos utilizados por Bolivia, por lo que la escasez estaría afectando tanto las importaciones como las exportaciones .

“Estamos viendo mucha desesperación en el transporte (...) porque es a través del transporte que logramos llegar a ultramar y también traer al país los insumos que son importantes”, señaló un representante de la entidad.

Desde el sector empresarial tampoco descartaron que empresas privadas puedan participar en la importación y abastecimiento de combustibles, aunque señalaron que para ello se requieren condiciones de seguridad jurídica y libre transitabilidad.

Transporte pesado da plazo de 15 días

La Confederación de Transporte Pesado Nacional e Internacional se declaró en emergencia y afirmó encontrarse en una situación de “quiebra nacional” debido a la falta de carburantes y al estado de las carreteras.

El sector informó que envió una cuarta carta al presidente Rodrigo Paz , otorgando un plazo de 15 días para recibir respuestas a sus demandas.

“Al no ser escuchados por las autoridades, al no ser convocados, nos declaramos en quiebra nacional. No vamos a pagar peajes, impuestos ni a los bancos”, manifestó el dirigente Domingo Ramos .

Ramos también anunció que el sector analiza iniciar acciones legales contra autoridades de los ministerios de Obras Públicas, Economía e Hidrocarburos por un presunto incumplimiento de compromisos.

Según los datos proporcionados por el dirigente, existen más de 12.000 transportistas a nivel nacional y cerca del 60% estaría siendo perjudicado por la actual situación.

Mira la programación en Red Uno Play",https://www.reduno.com.bo/noticias/transportistas-no-descartan-movilizaciones-ante-el-desabastecimiento-de-combustible-2026810193923
Red Uno,2026-08-10,Tendencias,Volvió a la vida tras varios minutos y dibujó lo que vio en el más allá,"Una extraordinaria historia sobre los límites entre la vida y la muerte ha capturado la atención de miles de usuarios en las plataformas digitales durante los últimos días. De acuerdo al medio Crónica, el protagonista de esta experiencia es Yusuff Shakur, quien asegura haber fallecido por unos instantes y haber presenciado una realidad totalmente ajena al plano terrenal.

El recorrido visual por una dimensión desconocida

Tras volver a la vida, el sujeto decidió plasmar en un papel las complejas visiones que observó durante el lapso en que permaneció sin signos vitales. Su testimonio ha reavivado una intensa discusión en redes sociales sobre los fenómenos cercanos a la muerte y la continuidad de la conciencia humana.

El aspecto que más conmoción ha generado entre el público es la detallada ilustración que Shakur diseñó para representar el mapa de su travesía espiritual. En el dibujo se observa una estructura organizada por niveles, donde la Tierra aparece colocada en la base inferior debajo de múltiples capas espirales.

La presencia de una figura luminosa en las alturas

Al explicar la naturaleza de su boceto, el individuo afirmó que pudo observar el mundo físico desde una perspectiva sumamente inusual y panorámica. Según su relato, el planeta parecía un escenario circular o un juego de mesa desde el cual se podía contemplar la totalidad del universo en simultáneo.

En la cúspide de aquel esquema tridimensional, el hombre situó una resplandeciente esfera que asoció de inmediato con una especie de alma suprema o conciencia colectiva. Asimismo, sostuvo haber mantenido un encuentro con una entidad femenina llena de luz que le infundió absoluta serenidad con la frase: ""No tengas miedo"" .

Las hipótesis espirituales tras el misterioso esquema

La comunidad virtual no tardó en analizar los trazos que conectaban cada una de las capas presentes en el diseño del autor. Diversos internautas asociaron estas líneas con conceptos esotéricos como el ‘cordón de plata’, una idea vinculada a corrientes filosóficas que describen el viaje de la conciencia hacia otras dimensiones.

A pesar del enorme impacto que ha generado la publicación, diversos especialistas recuerdan que no existen registros médicos públicos que respalden la veracidad clínica del suceso. Por este motivo, el caso se mantiene catalogado como una vivencia estrictamente personal que carece de comprobación científica formal.

El gráfico fue divulgado inicialmente por el periódico brasileño O Globo antes de extenderse masivamente por diferentes espacios de la red. Hoy en día, la historia de Yusuff Shakur continúa acumulando interpretaciones y alimentando el eterno debate sobre los misterios que aguardan tras el cese de los signos vitales.

Mira la programación en Red Uno Play",https://www.reduno.com.bo/tendencias/volvio-a-la-vida-tras-varios-minutos-y-dibujo-lo-que-vio-en-el-mas-alla-2026810192819
Red Uno,2026-08-10,Experto alerta que bolivia podria enfrentar temperaturas extremas y falta de agua 202681019239,Experto alerta que Bolivia podría enfrentar temperaturas extremas y falta de agua,"Bolivia podría enfrentar en los próximos meses un escenario marcado por altas temperaturas, sequías, menor disponibilidad de agua y afectaciones a la producción agrícola , según advirtió Julio Rojas, experto en cambio climático .

Rojas señaló que las variaciones de temperatura registradas en el océano Pacífico generan preocupación entre científicos e investigadores por la posible intensidad del fenómeno de El Niño.

Según explicó el especialista, se han manejado escenarios en los que la temperatura del océano podría situarse hasta 3,5 grados por encima de lo normal , situación que llevó a utilizar denominaciones como “Niño extremo”, “muy fuerte” e incluso “Niño Godzilla”.

Occidente podría sufrir por falta de agua

Rojas advirtió que uno de los principales problemas para el occidente del país sería la escasez de agua , principalmente si las temperaturas elevadas están acompañadas por periodos prolongados de sequía.

“Vamos a estar con temperaturas muy altas, sequía extrema, alta radiación y presencia de ráfagas de viento”, manifestó.

De acuerdo con el experto, los meses de noviembre, diciembre y enero podrían registrar temperaturas superiores a los niveles habituales.

El escenario también podría afectar a la producción agrícola debido a una menor disponibilidad del recurso hídrico, aunque el especialista no precisó una estimación sobre posibles pérdidas.

Mayor riesgo de incendios en tierras bajas

El experto sostuvo además que las condiciones de calor, sequedad y viento podrían incrementar el riesgo de incendios forestales , principalmente en las tierras bajas del país.

Rojas explicó que el humo y hollín producido por los incendios también puede tener efectos en los glaciares.

“Todo este hollín se va asentando en los glaciares y, como es de color oscuro, absorbe mayor radiación. Esto hace que haya un derretimiento más rápido”, indicó.

Según su explicación, este fenómeno podría generar un efecto adicional sobre las reservas de agua provenientes de los glaciares.

Alertan también por posibles inundaciones

El especialista señaló que Bolivia no solo debe prepararse para periodos secos. Durante la temporada de lluvias, también podrían presentarse precipitaciones intensas e inundaciones , dependiendo de la evolución de las condiciones climáticas.

Ante este panorama, expertos plantean fortalecer las reservas de agua , intensificar las acciones de prevención de incendios y adoptar medidas de adaptación para proteger la producción agrícola.

Rojas remarcó que la preparación anticipada será fundamental para reducir los efectos que puedan generar los eventos climáticos extremos en diferentes regiones del país.

Mira la programación en Red Uno Play",https://www.reduno.com.bo/noticias/experto-alerta-que-bolivia-podria-enfrentar-temperaturas-extremas-y-falta-de-agua-202681019239
Red Uno,2026-08-10,Tendencias,¿Buscas más crecimiento o volumen? Estos son los días clave para cortarte el cabello según la luna,"El ciclo del satélite natural durante agosto ofrece momentos estratégicos para quienes buscan renovar su apariencia estética con efectividad. De acuerdo al portal Vistazo, quienes aspiran a acelerar el crecimiento de la fibra capilar deben agendar su corte durante la fase de Cuarto Creciente, comprendida entre el 19 y el 22 del mes. Por otro lado, la Luna Llena del 28 de agosto se erige como la jornada idónea para otorgar grosor, abundancia y mayor firmeza a las melenas delgadas o maltratadas.

Fechas recomendadas para la mantención de cortes cortos

Para aquellas personas que prefieren conservar la estructura de estilos cortos como el bob o el pixie, el calendario marca un ritmo diferente. Las fechas entre el 5 y el 8 de agosto, correspondientes al Cuarto Menguante, resultan perfectas para desacelerar la regeneración del folículo y prolongar la forma del peinado.

Esta distribución de días permite planificar las visitas al estilista según la necesidad de cada persona:

Cuarto Menguante (5 al 8 de agosto): ideal para frenar el ritmo de crecimiento y conservar peinados cortos.

El periodo crítico en que se debe evitar cualquier intervención

A diferencia de las etapas favorables, existe una fecha clave en la que las tradiciones capilares aconsejan pausar cualquier procedimiento o tijeretazo.

Durante la Luna Nueva del 12 de agosto, fase que además coincide con un eclipse solar total, la estructura capilar ingresa en un periodo de descanso energético que debilita las raíces. Los especialistas sugieren postergar tratamientos agresivos durante esta jornada para prevenir daños estructurales y proteger la salud del cuero cabelludo.

Mira la programación en Red Uno Play",https://www.reduno.com.bo/tendencias/buscas-mas-crecimiento-o-volumen-estos-son-los-dias-clave-para-cortarte-el-cabello-segun-la-luna-202681019254
Red Uno,2026-08-10,Deportes,Se paraliza el fútbol en Colombia por terremoto que afectó a varias ciudades,"Los partidos de la Liga profesional de fútbol en Colombia, de su Torneo de Ascenso y del torneo femenino que debían jugarse este lunes y el martes han sido aplazados un día como consecuencia del terremoto de magnitud 7,4 que ha causado destrucción y al menos 20 muertos en varias ciudades del país. La División Mayor del Fútbol Colombiano (Dimayor) expresó este lunes en un comunicado su profundo pesar y solidaridad con todos los colombianos que se han visto afectados por el fuerte movimiento sísmico y anunció el aplazamiento de la programación de los partidos por ""el bienestar y la seguridad"" de hinchas, futbolistas y demás personas involucradas en el desarrollo de los torneos oficiales. La entidad explicó que los partidos previstos se jugarán un día después de la fecha original, en los mismos horarios previstos inicialmente.

""Los partidos se disputarán este martes 11 de agosto en las horas que estaban previamente programados. Asimismo, los partidos programados para el martes, se disputarán el miércoles 12 de agosto en los mismos horarios"", precisó la Dimayor en un comunicado.

""Desde la Dimayor, y en representación de los 36 clubes del Fútbol Profesional Colombiano, enviamos un mensaje de acompañamiento, fortaleza y solidaridad a las familias y comunidades que atraviesan momentos de preocupación y dificultad como consecuencia de este hecho"", puntualiza la información. EFE

Mira la programación en Red Uno Play",https://www.reduno.com.bo/deportes/se-paraliza-el-futbol-en-colombia-por-terremoto-que-afecto-a-varias-ciudades-202681019030
Red Uno,2026-08-10,Sociedad de ingenieros de bolivia dara soporte tecnico tras el incendio en la feria barrio lindo 202681018534,Sociedad de Ingenieros de Bolivia dará soporte técnico tras el incendio en la Feria Barrio Lindo,"La Sociedad de Ingenieros de Bolivia (SIB) confirmó su incorporación a las tareas de evaluación técnica tras el voraz incendio en la Feria Barrio Lindo de Santa Cruz.

Atendiendo la convocatoria del municipio, el director de la entidad, Arnold Vaca, anunció que “nosotros como SIB Santa Cruz hemos acudido al llamado de nuestro alcalde para dar todo el soporte técnico necesario”.

Despliegue de 13 colegios de especialidades

El ente profesional pondrá a disposición a sus especialistas para efectuar los peritajes de infraestructura y seguridad en el centro comercial.

Vaca detalló la magnitud de la colaboración señalando que “tenemos 13 colegios con ingenieros civiles, industriales, eléctricos, hidrosanitarios y ambientales, todas las especialidades van a estar prestas”.

La labor de los ingenieros no solo se enfocará en determinar los daños estructurales sufridos en los espacios calcinados. La institución profesional participará activamente también en las inspecciones preventivas de otros predios comerciales de la ciudad para evitar futuras contingencias.

Mira la programación en Red Uno Play",https://www.reduno.com.bo/noticias/sociedad-de-ingenieros-de-bolivia-dara-soporte-tecnico-tras-el-incendio-en-la-feria-barrio-lindo-202681018534
Red Uno,2026-08-10,Epsas cuanto acumulan las represas de agua hoy 10 de agosto 2026810185132,Epsas: ¿Cuánto acumulan las represas de agua hoy 10 de agosto?,"Las represas que forman parte del sistema monitoreado por la Empresa Pública Social de Agua y Saneamiento (EPSAS) acumulan este 10 de agosto de 2026 un total de 45.186.014 metros cúbicos de agua .

De acuerdo con el reporte oficial, la capacidad conjunta de almacenamiento de las 10 represas alcanza los 62.412.969 metros cúbicos , por lo que actualmente se encuentran, en promedio, al 72,40% de su capacidad .

Tuni concentra el mayor volumen

La represa Tuni registra el mayor volumen almacenado, con 19.825.397 metros cúbicos y un nivel de 80,45% .

Le siguen Hampaturi Alto , con 5.261.646 metros cúbicos y 87,04%; Milluni , con 5.225.537 metros cúbicos y 57,49%; e Incachaca , con 4.218.077 metros cúbicos y 76,44%.

En porcentaje, Alpaquita se encuentra al 100% de su capacidad , mientras que Jankokhota alcanza el 92,11%. En contraste, Ajuankhota registra el nivel porcentual más bajo del reporte, con 40,16%.

EPSAS garantiza abastecimiento

EPSAS señaló que los volúmenes almacenados en las represas son monitoreados permanentemente y sus datos son publicados de forma diaria.

“De acuerdo con las evaluaciones técnicas y proyecciones actuales, se garantiza la provisión de agua potable durante la presente gestión y hasta la próxima época de lluvias”, señala el comunicado.

La empresa explicó además que la interconexión de las 10 represas permite optimizar la gestión y distribución del recurso hídrico.

Mira la programación en Red Uno Play",https://www.reduno.com.bo/noticias/epsas-cuanto-acumulan-las-represas-de-agua-hoy-10-de-agosto-2026810185132
Red Uno,2026-08-10,Economia,BCB habilitará nueva fase de devolución de dólares desde el 14 de agosto,"El Banco Central de Bolivia (BCB) recordó que este viernes 14 de agosto de 2026 comenzará una nueva etapa de devolución de depósitos en dólares dentro del sistema financiero.

En esta fase, los ahorristas que deseen retirar sus fondos podrán acceder a montos comprendidos entre $us 3.001 y $us 5.000 .

“El Banco Central de Bolivia te recuerda que este viernes 14 de agosto de 2026 comienza una nueva etapa de la devolución de depósitos en dólares en el sistema financiero”, informó el ente emisor a través de sus redes sociales.

El BCB agregó que, después de esta etapa, los montos habilitados para devolución continuarán incrementándose de manera progresiva.

Cronograma comenzó en julio

El Ministerio de Economía y Finanzas Públicas informó el pasado 10 de julio que la devolución de los depósitos en dólares se realizaría de forma escalonada mediante un cronograma establecido para 2026 y 2027.

La primera etapa comenzó el 15 de julio , para depósitos entre $us 1.001 y $us 3.000 .

La segunda arrancará el 14 de agosto , con montos desde $us 3.001 hasta $us 5.000 .

Posteriormente, el cronograma establece:

Devoluciones continuarán en 2027

El proceso continuará durante 2027. La séptima etapa está prevista para el 15 de enero , con depósitos entre $us 20.001 y $us 30.000 .

La octava fase comprenderá el periodo entre el 15 de febrero y el 15 de marzo , para montos de $us 30.001 a $us 50.000 .

Según el cronograma difundido, una novena etapa está prevista para fechas comprendidas entre abril y julio de 2027 . En la información proporcionada no se precisó el rango de montos correspondiente a esta última fase.

El Ministerio de Economía señaló que el mecanismo busca ejecutar la devolución de manera progresiva y, al mismo tiempo, fortalecer las Reservas Internacionales.

Mira la programación en Red Uno Play",https://www.reduno.com.bo/economia/bcb-habilitara-nueva-fase-de-devolucion-de-dolares-desde-el-14-de-agosto-2026810184230
Red Uno,2026-08-10,Escasez de diesel reduce la circulacion de transporte urbano y buses en santa cruz 202681018381,Escasez de diésel reduce la circulación de transporte urbano y buses en Santa Cruz,"La escasez de diésel en Santa Cruz está afectando la circulación del transporte urbano y ralentizando las salidas en la terminal Bimodal.

El representante de una empresa que vende pasajes en la Terminal cruceña señaló que “de las unidades que parten normalmente, un 30-40% está saliendo, los buses hacen fila un día entero o dos días para cargar diésel, le pedimos a las autoridades que tomen cartas en el asunto porque nos perjudican”.

La falta de buses en la terminal Bimodal deja a usuarios varados diariamente sin poder viajar a otros departamentos. Esta significativa reducción de viajes interdepartamentales e interprovinciales mantiene paralizadas las operaciones comerciales de algunas empresas.

Por otra parte, en las calles de la ciudad, el transporte urbano apenas logra circular con el 40% de sus unidades habituales debido al desabastecimiento. La baja frecuencia de micros genera largos tiempos de espera y aglomeraciones en las principales paradas cruceñas.

Los choferes y propietarios de micros aseguran que la falta prolongada de combustible les genera cuantiosas pérdidas económicas diarias. Ante este panorama, los transportistas exigen una solución urgente para normalizar la distribución de diésel.

Mira la programación en Red Uno Play",https://www.reduno.com.bo/noticias/escasez-de-diesel-reduce-la-circulacion-de-transporte-urbano-y-buses-en-santa-cruz-202681018381
Red Uno,2026-08-10,Deportes,César Farías deja de ser entrenador del Barcelona SC de Ecuador,"El venezolano César Farías abandonó este lunes el banquillo del Barcelona ecuatoriano como consecuencia de los flojos resultados en la temporada.

""Barcelona Sporting Club comunica a sus socios e hinchas que el profesor César Farías y su cuerpo técnico han dejado de estar al frente del primer equipo"", informó el club de la ciudad de Guayaquil.

Farías llegó en el comienzo de este año. Condujo con éxito a Barcelona en la segunda y la tercera fase de la Copa Libertadores Libertadores, dejó en el camino a Argentinos Juniors y Botafogo, pero quedaron en el último puesto del Grupo D al acumular cinco derrotas y obtener solo un triunfo. En la Liga Pro Barcelona está en el quinto puesto con 35 puntos, en tanto el líder Independiente del Valle acumula 62. El equipo cayó el sábado por 1-2 ante Macará. Con Farías, Barcelona ganó el miércoles pasado por 0-1 a Liga de Portoviejo en partido de octavos de final de la Copa Ecuador, pero podría perder la plaza por haber alineado al jugador Erik Mendoza, que estaba inhabilitado, y será la Federación Ecuatoriana de Fútbol (FEF) la que resolverá ese caso. El club no ha comunicado quién reemplazará a Farías. El próximo sábado Barcelona jugará ante el Mushuc Runa por la vigésima quinta fecha de la liga local. EFE

Mira la programación en Red Uno Play",https://www.reduno.com.bo/deportes/cesar-farias-deja-de-ser-entrenador-del-barcelona-sc-de-ecuador-202681018366
Red Uno,2026-08-10,Tendencias,La ciencia lo confirma: Este es el factor decisivo para que una relación de pareja prospere,"Para la gran mayoría de las personas, la honestidad encabeza la lista de prioridades indispensables al momento de construir una relación de pareja estable. Compartir la verdad, mantener la transparencia y evitar los engaños suelen considerarse los cimientos de cualquier vínculo saludable. Sin embargo, un análisis reciente del psicólogo Mark Travers publicado en la revista Forbes pone sobre la mesa una revelación tan sorprendente como profunda: la sinceridad por sí sola no alcanza .

Existe una característica menos evidente, pero con un peso decisivo en la cercanía emocional a lo largo del tiempo: la capacidad de respuesta percibida, según publica Infobae .

¿Qué es la capacidad de respuesta percibida?

Este concepto psicológico describe hasta qué punto una persona siente que su compañero o compañera comprende lo que experimenta, valida sus emociones genuinamente y responde de una forma que demuestra un interés real. Lejos de ser una teoría abstracta, la ciencia la organiza en tres pilares fundamentales:

Comprensión: Entender con precisión qué le sucede al otro.

Validación: Reconocer el valor de lo que la otra persona siente o piensa.

Afecto: Actuar en consecuencia con una actitud de cuidado y cercanía.

El término ""percibida"" es el núcleo de todo este fenómeno. No importa tanto que una persona crea que presta atención o demuestra interés; lo verdaderamente determinante es cómo esa conducta es recibida e interpretada por la otra parte . Una pareja puede asumir que es sumamente atenta y, aun así, transmitir una sutil sensación de distancia o indiferencia.

El peligro del silencio silencioso y la trampa de evitar conflictos

Un estudio publicado en 2024 en PNAS respaldó este marco teórico al medir cómo las personas perciben cuándo son escuchadas de verdad. Por otro lado, una investigación realizada en 2023 por la Universidad de California, Berkeley , descubrió que reprimir pensamientos y sentimientos con el único propósito de evitar conflictos no reduce las dificultades del vínculo.

Cuando alguien aprende por experiencia que expresar lo que siente terminará en una discusión, será minimizado o simplemente ignorado, se activa un mecanismo de defensa: el silencio progresivo . La persona puede seguir siendo perfectamente honesta en el plano formal, pero cada vez comparte menos aspectos de su vida íntima y cotidiana.

La consecuencia es un deterioro silencioso. No hace falta que aparezca una mentira deliberada ni una crisis escandalosa; la comunicación simplemente se empobrece y la dinámica diaria se vuelve fría y distante.

Los pequeños gestos que sostienen el amor

La buena noticia es que esta capacidad de respuesta no exige conversaciones interminables ni muestras de afecto extraordinarias. Según el análisis de Travers, se manifiesta en acciones cotidianas que toman apenas unos segundos :

Apartar la mirada del teléfono cuando la pareja suspira o intenta hablar.

Recordar que tuvo un día complicado en el trabajo y preguntarle cómo salió adelante.

Atender con genuino interés los pequeños ""intentos de conexión"" diarios.

Las parejas que logran permanecer juntas a lo largo de los años no son aquellas que aciertan siempre, sino las que mantienen la frecuencia suficiente de estos gestos para que el otro conserve la expectativa esperanzadora de que cada vez que exprese lo que piensa, será recibido con atención y empatía .

En definitiva, la honestidad abre la puerta, pero es la capacidad de respuesta la que invita al otro a quedarse.

Mira la programación en Red Uno Play",https://www.reduno.com.bo/tendencias/la-ciencia-lo-confirma-este-es-el-factor-decisivo-para-que-una-relacion-de-pareja-prospere-2026810182851
Red Uno,2026-08-10,Tendencias,¿Contacto extraterrestre en 2026? Esta profecía que inquieta al mundo,"El mes de noviembre de 2026 ha quedado marcado en el imaginario colectivo como el momento señalado para el hipotético primer encuentro con una inteligencia alienígena. Las narrativas atribuidas a Baba Vanga sostienen que este suceso cambiará para siempre el rumbo y la visión de la civilización.

La llegada de un fenómeno sin precedentes

De acuerdo con el relato místico, una estructura cósmica de proporciones masivas irrumpirá en la atmósfera terrestre ante la mirada global. Este hipotético evento representaría un hito cósmico sin equivalentes en los registros documentados de la humanidad.

Durante décadas, la singular predicción permaneció archivada y desestimada bajo la etiqueta de un simple mito popular. No obstante, las recientes discusiones sobre transparencia aeroespacial y los archivos desclasificados durante el mandato de Trump devolvieron el tema al foco mediático.

La ausencia de respaldo institucional

A pesar del enorme revuelo generado en plataformas digitales, los organismos científicos y de inteligencia no han emitido ningún aval respecto a la profecía. La postura de las autoridades se mantiene en un escepticismo absoluto ante la falta de rastros que validen la teoría.

Aun sin sustento comprobable, la alineación entre los plazos profetizados y los informes actuales ha reavivado la curiosidad generalizada. Investigadores y entusiastas del fenómeno anómalo continúan debatiendo el impacto de este posible hito en el futuro cercano.

Mira la programación en Red Uno Play",https://www.reduno.com.bo/tendencias/contacto-extraterrestre-en-2026-esta-profecia-que-inquieta-al-mundo-2026810181329
Red Uno,2026-08-10,Economia,¿Subió o bajó? Así cierra el dólar paralelo este lunes en Bolivia,"El mercado informal de divisas en Bolivia experimentó una jornada marcada por la volatilidad este lunes 10 de agosto de 2026 . De acuerdo con el reporte del portal especializado dolarboliviahoy.com , el tipo de cambio del dólar estadounidense en el mercado paralelo concluyó las operaciones de la fecha cotizándose en Bs 11,57 para la compra y Bs 11,58 para la venta .

Evolución de la cotización durante el día

La divisa extranjera en el mercado paralelo mostró un comportamiento dinámico a lo largo de las distintas franjas horarias:

Madrugada (6:00 a.m.): Comenzó la jornada cotizando en Bs 11,41 para la compra y Bs 11,31 para la venta.

Mediodía: Presentó un ajuste temporal situándose en Bs 11,29 para la compra y Bs 11,28 para la venta.

Cierre de jornada: Finalizó las operaciones con un valor de Bs 11,57 para la compra y Bs 11,58 para la venta.

Tipo de cambio oficial del Banco Central de Bolivia

Por su parte, en el marco de la política de dólar flexible implementada recientemente por el sector público, el Banco Central de Bolivia (BCB) fijó el tipo de cambio oficial para esta misma fecha en Bs 11,86 , manteniéndose como referencia institucional para las operaciones autorizadas en el sistema financiero formal.

Mira la programación en Red Uno Play",https://www.reduno.com.bo/economia/subio-o-bajo-asi-cierra-el-dolar-paralelo-este-lunes-en-bolivia-20268101876
Red Uno,2026-08-10,Tendencias,NASA alerta sobre el riesgo inevitable de impacto de asteroides,"Aunque en la actualidad no existen objetos celestes con trayectoria confirmada de colisión, los grandes impactos contra el planeta ocurrirán de manera inevitable si la civilización no desarrolla los mecanismos necesarios para desviarlos. Por esta razón, diversas agencias internacionales coordinan simulacros periódicos e impulsan redes de observación que permiten monitorear la órbita de cualquier roca espacial mediante modelos de probabilidad.

Avances en la estrategia de defensa planetaria

La comunidad científica global lleva décadas concienciando a las administraciones públicas sobre la urgencia de estructurar programas preventivos ante posibles catástrofes cósmicas. Proyectos de vanguardia han demostrado ya que es factible modificar el rumbo de rocas espaciales de pequeño tamaño mediante colisiones controladas.

Un evento histórico marcará la agenda astronómica cuando una gigantesca masa rocosa pase a una distancia sumamente cercana a la superficie terrestre. Este fenómeno permitirá a la población observar el cuerpo celeste a simple vista y ofrecerá un marco idóneo para estudiar su comportamiento gravitacional.

Cooperación internacional e investigación técnica

De acuerdo al medio El Mundo, diversas sondas y naves espaciales de organismos multinacionales analizan detenidamente las deformaciones estructurales que sufren estos objetos al aproximarse a la Tierra. El monitoreo constante garantiza que, ante eventuales cambios de trayectoria en aproximaciones futuras, existan respuestas operativas inmediatas.

Más allá de la protección global, la aproximación de estos objetos abre un prometedor horizonte comercial vinculado a la extracción de materiales valiosos. La velocidad relativa de estas rocas facilita las maniobras de acoplamiento para recolectar elementos minerales indispensables para el desarrollo científico.

Recursos hídricos y combustible extraterrestre

El hallazgo de componentes orgánicos y minerales hidratados en la superficie de diversos especímenes confirma la presencia de valiosos depósitos de agua. La descomposición de este elemento en oxígeno e hidrógeno permitirá abastecer de combustible a los satélites, revolucionando la logística en la órbita terrestre.

Mira la programación en Red Uno Play",https://www.reduno.com.bo/tendencias/nasa-alerta-sobre-el-riesgo-inevitable-de-impacto-de-asteroides-202681018149
Red Uno,2026-08-10,La paz declara alerta roja ante riesgo de sequia y escasez de agua 2026810175854,La Paz declara alerta roja ante riesgo de sequía y escasez de agua,"El alcalde de La Paz, César Dockweiler , informó este lunes la declaratoria de alerta roja en el municipio ante el riesgo de sequía, escasez de agua y los posibles efectos prolongados del fenómeno de El Niño.

La autoridad señaló que el escenario climático podría generar dificultades en el abastecimiento de agua para las familias paceñas durante los próximos meses.

“Hay un 97% de probabilidad de que se extienda hasta el mes de abril, y eso sí nos pone en una situación muy crítica de la provisión de agua a las familias paceñas”, afirmó Dockweiler.

El Niño podría prolongar la sequía

Según explicó el alcalde, inicialmente se esperaba la llegada de lluvias durante octubre y noviembre; sin embargo, sostuvo que existe una alta probabilidad de que las condiciones secas se mantengan hasta abril.

Dockweiler indicó que el fenómeno de El Niño representa un escenario de menor disponibilidad de agua, lo que obliga al municipio a asumir medidas preventivas.

“Se vienen dos fenómenos seguidos: el fenómeno de El Niño, que significa sequía, y luego se viene el fenómeno de La Niña, que eso sí es mucha agua”, señaló.

Municipio también se prepara para lluvias intensas

La autoridad explicó que, después del periodo de sequía, el municipio también deberá prepararse para un eventual escenario de abundantes precipitaciones asociado al fenómeno de La Niña.

Según Dockweiler, tanto la escasez como el exceso de agua representan riesgos para la ciudad de La Paz.

“Ambas cosas, escasez o abundancia de agua, ponen en riesgo justamente la situación en la ciudad de La Paz”, manifestó.

Analizan declarar emergencia

El alcalde informó que el Comité de Operaciones de Emergencia Municipal (COEM) se reunirá para evaluar las acciones que serán asumidas ante este escenario.

Posteriormente, se prevé el análisis de la situación con el Comurade , instancia desde la cual se podría avanzar hacia una declaratoria de emergencia en el municipio paceño.

“Hoy hemos hecho ya la declaratoria de alerta roja. Se reúne el COEM, después vamos a ver con el Comurade, declararemos en emergencia la ciudad y empezaremos a trabajar para cuidar la vida de cada uno de los habitantes de La Paz”, sostuvo Dockweiler.

Por el momento, no se precisaron las medidas específicas que serán aplicadas ante una eventual reducción en la provisión de agua.

Mira la programación en Red Uno Play",https://www.reduno.com.bo/noticias/la-paz-declara-alerta-roja-ante-riesgo-de-sequia-y-escasez-de-agua-2026810175854
Red Uno,2026-08-10,Pastor con historial de violencia y estafa recibe detencion domiciliaria tras agredir a su concubina 202681022417,Pastor con historial de violencia y estafa recibe detención domiciliaria tras agredir a su concubina,"Una determinación judicial ha provocado indignación en la población tras conocerse que un juez otorgó detención domiciliaria a un pastor evangélico acusado de violar, agredir físicamente y provocar la interrupción del embarazo de su concubina a causa de los golpes propinados.

La víctima denunció al sujeto por agresiones físicas, psicológicas y abuso sexual. Pese a los elementos presentados y al alto riesgo procesal que implica la gravedad de los cargos, la autoridad jurisdiccional optó por aplicar la medida sustitutiva a la detención preventiva, permitiendo que el imputado permanezca en su domicilio mientras se desarrolla el proceso legal.

El fallo judicial resulta aún más cuestionable al revelarse que el acusado no es un delincuente primario. Según los registros del historial penal del agresor, el sujeto acumula denuncias formales por diversos delitos desde hace varios años:

Octubre de 2017: Procesos abiertos en su contra por los delitos de estafa y estelionato.

Mayo de 2021: Denuncia por violencia intrafamiliar y doméstica interpuesta por su exesposa.

A este prontuario se suma ahora la grave imputación por violencia física, agresión sexual y el aborto provocado a su actual pareja, hechos que forman parte de la investigación que la Fiscalía lleva adelante.

La concesión de la detención domiciliaria ha reavivado las críticas de colectivos y de la ciudadanía respecto a la efectividad de las medidas cautelares en casos de violencia de género. Agrupaciones de defensa de los derechos de la mujer advierten sobre el riesgo en el que queda la víctima y cuestionan la valoración del juez al beneficiar a un sujeto con antecedentes recurrentes de agresión.

Mira la programación en Red Uno Play",https://www.reduno.com.bo/noticias/pastor-con-historial-de-violencia-y-estafa-recibe-detencion-domiciliaria-tras-agredir-a-su-concubina-202681022417
Red Uno,2026-08-10,Lo confeso aprehenden a hombre tras deceso de una mujer en la laguna alalay 2026810223339,"""Lo confesó"": Aprehenden a hombre tras deceso de una mujer en la laguna Alalay","Un trágico hecho de sangre conmociona a los alrededores de la laguna Alalay. Una mujer perdió la vida la mañana de este lunes tras ser atacada con un arma cortopunzante en la zona de la ciclovía. El principal responsable del crimen fue aprehendido por la Fuerza Especial de Lucha Contra el Crimen (FELCC) y confesó la autoría del homicidio.

El hecho se desencadenó durante una reunión entre personas en situación de calle y frecuentes consumidores de bebidas alcohólicas. En medio del consumo de alcohol, se inició una acalorada discusión entre los presentes que derivó en la agresión mortal. Alrededor de las 10:00 de la mañana, personal policial acudió al sector para realizar el levantamiento del cadáver de la víctima, quien presentaba dos heridas profundas de arma blanca en la pierna izquierda que le provocaron un desangramiento fatal.

Investigación y seguimiento de evidencias

Pese a que el cuerpo fue hallado en la ciclovía, las investigaciones preliminares establecieron que la agresión ocurrió en un ambiente ubicado a unos 200 metros del lugar del hallazgo. Para dar con el responsable, los peritos de la Felcc realizaron un rastrillaje siguiendo el rastro de sangre por goteo que dejó la víctima mientras intentaba desplazarse.

El seguimiento de los indicios condujo a los efectivos hasta un inmueble donde localizaron al sospechoso, quien se encontraba bajo un evidente estado de ebriedad y con cortes visibles en sus manos.

""Se colectan indicios, hacen el seguimiento a la sangre por goteo y se llega a un domicilio en el que toman contacto con la persona que asume la autoría de ese homicidio. Tenemos las evidencias materiales: cortes en su mano, la sangre de la víctima, imágenes de video y la sindicación por parte de sus compañeros. Es un caso esclarecido"", informó Erick Peralta, director de la Felcc.

Caso esclarecido y posibles cómplices

Además de la confesión del autor y las pruebas biológicas encontradas en su cuerpo y vestimenta, la Policía procedió al arresto de otros sujetos que se encontraban en el lugar al momento del incidente, con el objetivo de determinar si tuvieron algún grado de complicidad o participación en la pelea.

El caso ya se encuentra plenamente esclarecido en el ámbito investigativo y pasó a conocimiento del Ministerio Público para el inicio del proceso penal correspondiente contra el agresor.

Mira la programación en Red Uno Play",https://www.reduno.com.bo/noticias/lo-confeso-aprehenden-a-hombre-tras-deceso-de-una-mujer-en-la-laguna-alalay-2026810223339
Red Uno,2026-08-10,Camaras de seguridad revelan violento asalto a un adulto mayor en la zona sur de cochabamba 202681022188,Cámaras de seguridad revelan violento asalto a un adulto mayor en la zona sur de Cochabamba,"Un violento asalto registrado el pasado sábado por la mañana en la zona sur de la ciudad ha generado conmoción y alerta entre los vecinos del sector de la Laguna Alalay. Cámaras de vigilancia domiciliarias captaron el momento preciso en que tres delincuentes interceptan, agreden y despojan de sus pertenencias a un adulto mayor en inmediaciones de la calle Los Andes y la avenida 6 de Agosto.

El atracó ocurrió exactamente a las 7:47 de la mañana. En las imágenes se aprecia a la víctima descendiendo por la vía cuando es abordada por los antisociales. Para consumar el delito, dos de los implicados se abalanzan sobre el anciano, lo toman por el cuello, lo golpean violentamente y lo hacen caer al suelo. Acto seguido, un tercer sujeto entra en escena corriendo para rebuscar en los bolsillos de la víctima y arrebatarle todos sus objetos de valor antes de darse a la fuga.

Reincidencia en cuestión de minutos

El registro de las cámaras de seguridad reveló además que este no fue un hecho aislado en la jornada. Apenas 11 minutos antes, a las 7:36 de la mañana, la misma banda de tres delincuentes intentó asaltar a otro transeúnte en el mismo punto de la calle Los Andes.

Según el testimonio de los vecinos de la zona, en ese primer intento uno de los delincuentes interceptó al peatón mostrándole un celular para frenar su paso de forma estratégica, permitiendo que sus dos cómplices se aproximaran corriendo. En esa oportunidad, la primera víctima logró percatarse del riesgo y escapar a tiempo. Sin embargo, minutos más tarde, el adulto mayor no corrió con la misma suerte y terminó siendo víctima de la violencia de los agresores.

La difusión de las imágenes ha puesto en evidencia la vulnerabilidad de la zona sur durante las primeras horas del día. Los vecinos del sector de la Laguna Alalay exigen un mayor patrullaje policial ante la presencia de estos grupos delictivos que operan a plena luz del día y atacan a sectores vulnerables como las personas de la tercera edad, al tiempo que recomiendan a la población circular con extrema precaución por la zona.

Mira la programación en Red Uno Play",https://www.reduno.com.bo/noticias/camaras-de-seguridad-revelan-violento-asalto-a-un-adulto-mayor-en-la-zona-sur-de-cochabamba-202681022188
Red Uno,2026-08-10,Presentan denuncia contra mas de 150 exautoridades por el caso terrorismo en el hotel las americas 2026810221025,Presentan denuncia contra más de 150 exautoridades por el caso Terrorismo en el Hotel Las Américas,"En el marco de las recomendaciones emitidas por la Comisión Interamericana de Derechos Humanos (CIDH), exdirigentes de la Unión Juvenil Cruceña formalizaron una denuncia penal que incluye a aproximadamente 155 personas.

Entre los acusados figuran el exvicepresidente David Choquehuanca, exfuncionarios de gobierno, exfiscales, exjueces y exmagistrados de La Paz que participaron en el caso Hotel Las Américas.

La medida busca sentar en el banquillo de los acusados a los responsables de las ejecuciones, torturas y encarcelamientos arbitrarios ocurridos tras el operativo de 2009.

Los impulsores del proceso son dos de las personas que fueron procesadas durante el gobierno de Evo Morales: el expresidente de la UJC, David Sejas, y el exdirigente unionista Alfredo Saucedo, quienes remarcaron la necesidad de esclarecer lo ocurrido durante casi dos décadas.

""Las personas que estuvieron involucradas injustamente, persiguieron, masacraron, llegan al banquillo de los acusados porque ellos tienen que ahora demostrar su inocencia"", afirmó Sejas.

""Nosotros sabemos y vamos a demostrar en estos 20 años de la persecución que tuvimos que esto fue todo montado y ellos tienen que pagar por lo que hicieron"", agregó.

Asimismo, señalaron que la apertura de este juzgamiento responde directamente a los mandatos internacionales emitidos tras las investigaciones del organismo interamericano.

""Pasen a juicio también porque es una de las recomendaciones que dio la Corte Interamericana de Derechos Humanos, está en uno de sus puntos. En el informe de fondo de la CIDH decía que el gobierno debería encargarse de hacer esta investigación"", indicó Saucedo.

La nómina entregada ante las autoridades señala la comisión de múltiples delitos cometidos de manera directa por la red de implicados. Entre los cargos figuran asesinato, tentativa de homicidio, vejaciones, torturas, privación ilegal de la libertad, amenazas y resoluciones contrarias a la Constitución.

Además, las recomendaciones que emitió la CIDH para que el Estado boliviano cumpliera consistían en: la reparación integral, con compensación económica para los afectados; la rehabilitación física y mental, con el consentimiento de los demandantes; el inicio de procesos penales contra quienes vulneraron los derechos de los demandantes; y, finalmente, la adopción de medidas para evitar que este tipo de situaciones se repitan.

Mira la programación en Red Uno Play",https://www.reduno.com.bo/noticias/presentan-denuncia-contra-mas-de-150-exautoridades-por-el-caso-terrorismo-en-el-hotel-las-americas-2026810221025
Red Uno,2026-08-10,Zoonosis interviene tras el ataque de un perro a un menor en cochabamba y evalua sanciones al propietario 2026810215950,Zoonosis interviene tras el ataque de un perro a un menor en Cochabamba y evalúa sanciones al propietario,"Tras la difusión del ataque a un menor de 10 años en la OTB San Miguel, la Dirección de Zoonosis del municipio de Cochabamba activó un operativo de rastrillaje que derivó en la captura de un can, el cual coincide casi en un 100% con el animal involucrado en las imágenes de las cámaras de seguridad.

El menor, atacado en la zona sur, sufrió lesiones en el brazo y se encuentra bajo el esquema de profilaxis antirrábica en el Centro de Salud Valle Hermoso. El director de Zoonosis, Diego Prudencio, llevó tranquilidad a la población al confirmar que las heridas del menor son superficiales, aunque el impacto emocional por la vehemencia de la agresión afectó seriamente al pequeño.

Identificación del animal y búsqueda de tutores

Pese a las dificultades iniciales para tomar contacto directo con los padres del niño —quienes no respondieron a las llamadas debido al shock y la atención médica del menor— , el trabajo conjunto entre Zoonosis y la junta vecinal permitió ubicar al animal señalado.

El can fue trasladado a dependencias municipales para iniciar la vigilancia epidemiológica y el control sanitario de 14 días , procedimiento de rutina para descartar rabia y cotejar datos con el centro médico.

""Con apoyo de la OTB y los vecinos hemos identificado un perro que casi al 100% se trataría del animal agresor. Mañana hasta el mediodía tendremos el informe final tras verificar la información con los apoderados del menor. Si se confirma que el perro tiene dueño, le caeremos con todo el peso de la norma"", enfatizó Prudencio.

Asimismo, la autoridad aclaró que en la evaluación preliminar se determinó la participación de un solo perro y no de una jauría, como señalaron las primeras versiones. De ser necesario, el caso será abordado junto a la Defensoría de la Niñez para brindar contención psicológica al menor.

Zona de riesgo y falta de tenencia responsable

El sector de Valle Hermoso es catalogado por Zoonosis como un área de riesgo debido a la cronicidad de estos eventos. En esta misma zona se registró tiempo atrás el fallecimiento de una persona adulta mayor tras ser atacada por perros. Las autoridades atribuyen esta problemática en sectores como K'ara K’ara, Villa Israel y Pucara a factores socioeconómicos e idiosincrásicos que derivan en un alto índice de animales en la vía pública.

Prudencio remarcó la falta de corresponsabilidad ciudadana en la tenencia de mascotas, recordando que el perro también resulta ser una víctima indirecta por la negligencia de los dueños que los dejan sueltos en la calle sin la contención adecuada.

Sanciones y modificaciones normativas

Respecto a las medidas punitivas contra el responsable de la mascota, Zoonosis evalúa aplicar la multa máxima permitida en la normativa actual, fijada en 500 bolivianos por falta grave (agresión y omisión del carnet de vacunación), frente a los 150 bolivianos contemplados por falta leve al mantener perros sueltos en la vía pública.

Paralelamente, la administración municipal del alcalde Manfred Reyes Villa se encuentra elaborando modificaciones al decreto y a la ley municipal para incrementar los montos de las sanciones, al considerar que los valores vigentes han quedado desactualizados frente a la escala salarial actual.

Mira la programación en Red Uno Play",https://www.reduno.com.bo/noticias/zoonosis-interviene-tras-el-ataque-de-un-perro-a-un-menor-en-cochabamba-y-evalua-sanciones-al-propietario-2026810215950
Red Uno,2026-08-10,Fexpo chaco 2026 ivo y walter kuljis reciben reconocimientos por apoyo a la cultura y ganaderia en villamontes 2026810215913,Fexpo Chaco 2026: Ivo y Walter Kuljis reciben reconocimientos por apoyo a la cultura y ganadería en Villamontes,"Durante el evento de cierre de Fexpo Chaco 2026, la vitrina productiva más importante del Chaco boliviano confirió un reconocimiento a Ivo y Walter Kuljis. De acuerdo a los organizadores, esto se dio “en mérito a su valioso apoyo, compromiso y aporte en la realización de esta importante feria, contribuyendo a impulsar la ganadería, la cultura, las expresiones artísticas y las tradiciones chaqueñas”.

Al respecto, Sergio Rueda, presidente de Fegachaco, remarcó que “esto es lo que hacemos los ganaderos para Villamontes y gracias al apoyo de instituciones, de empresas como la de Ivo y Mateo Kuljis que nos apoyan, esto se desarrolla con gran éxito”.

Éxito de la vitrina cultural e internacional

Las expresiones artísticas y las tradiciones pecuarias convocaron a miles de familias que se dieron cita para celebrar la identidad chaqueña en un entorno festivo. En este sentido, la llegada de visitantes desde Santa Cruz, Tarija, Paraguay y Argentina colmó por completo la oferta de servicios de la región de Villamontes.

Respecto a este histórico movimiento comercial, Patricia Bulacia, propietaria del Hotel El Rancho Olivo , destacó que “este año hemos quedado sorprendidos de la cantidad de visitantes que han venido, esto rebasó nuestra capacidad hotelera, tenemos 1.500 camas y todos los hoteles estaban llenos”.

Mira la programación en Red Uno Play",https://www.reduno.com.bo/noticias/fexpo-chaco-2026-ivo-y-walter-kuljis-reciben-reconocimientos-por-apoyo-a-la-cultura-y-ganaderia-en-villamontes-2026810215913
Red Uno,2026-08-10,Bolivia crea nuevas reglas de registro y control para ong y fundaciones 202681021318,Bolivia aprueba nuevas reglas de registro y control para ONG y fundaciones,"El Gobierno aprobó este 10 de agosto de 2026 el Decreto Supremo N° 5673 , firmado por el presidente Rodrigo Paz Pereira , con el objetivo de fortalecer y optimizar el registro de organizaciones no gubernamentales y fundaciones nacionales y extranjeras que desarrollan actividades en Bolivia.

La norma da continuidad al anterior Registro Único Nacional de ONG, pero cambia su denominación a Registro Único Nacional (RUN) e incorpora expresamente a las fundaciones nacionales y extranjeras. Su administración estará a cargo del Viceministerio de Inversión Pública y Financiamiento Externo .

Además, el registro será obligatorio para la ejecución de programas y proyectos de cooperación técnica y financiera, independientemente de que la fuente de cooperación sea pública o privada.

Certificado tendrá vigencia de tres años

El decreto establece que las ONG y fundaciones deberán realizar una inscripción inicial en el RUN y recibirán un certificado con número único y una vigencia de tres años .

El documento deberá renovarse cada tres años y las organizaciones estarán obligadas a actualizar su información anualmente durante los primeros cuatro meses de cada gestión .

Asimismo, las nuevas ONG o fundaciones que desarrollen actividades en territorio nacional tendrán un plazo máximo de 60 días hábiles para registrarse, contado desde la obtención de su personalidad jurídica o la suscripción del Acuerdo Marco de Cooperación Básica, según corresponda.

Deberán registrar a sus beneficiarios finales

La norma dispone que las organizaciones nacionales y extranjeras deberán registrar y mantener actualizada la información de su Beneficiario Final .

En caso de modificaciones, tendrán un plazo máximo de 10 días hábiles desde la formalización del cambio para actualizar esos datos en el RUN.

El sistema también operará mediante mecanismos de interoperabilidad con bases de datos de otras entidades públicas, bajo convenios que deberán resguardar la confidencialidad y reserva de la información.

Gobierno podrá evaluar programas y proyectos

El Decreto Supremo 5673 faculta al Ministerio cabeza de sector, a través del Viceministerio de Inversión Pública y Financiamiento Externo, a evaluar el cumplimiento de los objetivos y resultados de los programas ejecutados por ONG y fundaciones, además de su contribución y alineación con los planes de desarrollo del país.

Si se detectan incumplimientos en objetivos, resultados o una desarticulación con los planes de desarrollo, la organización será notificada para adoptar medidas correctivas.

En caso de que una ONG o fundación nacional realice actividades distintas a las señaladas en su estatuto, los resultados serán comunicados al Ministerio de la Presidencia o al gobierno departamental correspondiente. Para entidades extranjeras, se dará parte al Ministerio de Relaciones Exteriores.

Habrá monitoreo de recursos y reporte a la UIF

Otro de los puntos centrales establece mecanismos de trazabilidad financiera . El Viceministerio de Inversión Pública y Financiamiento Externo deberá monitorear la cooperación financiera destinada a estas entidades y podrá informar los resultados a la Unidad de Investigaciones Financieras (UIF) conforme a una reglamentación específica.

Asimismo, todas las transacciones financieras de las ONG y fundaciones deberán efectuarse mediante entidades reguladas por la Autoridad de Supervisión del Sistema Financiero (ASFI) y en cuentas que estén a nombre de la propia organización.

Reglamento deberá emitirse en 60 días

Los registros actualmente vigentes mantendrán su validez hasta su fecha de vencimiento. El Ministerio correspondiente tendrá un plazo máximo de 60 días calendario para reglamentar el nuevo decreto. Mientras eso ocurre, el RUN continuará funcionando bajo la reglamentación anterior.

La norma también abroga el Decreto Supremo 22409, de 11 de enero de 1990 , y establece que su aplicación no implicará recursos adicionales del Tesoro General de la Nación.

Mira la programación en Red Uno Play",https://www.reduno.com.bo/noticias/bolivia-crea-nuevas-reglas-de-registro-y-control-para-ong-y-fundaciones-202681021318
Red Uno,2026-08-10,Orden judicial activa mesas tecnicas por medicamentos contra el cancer 2026810212140,Orden judicial activa mesas técnicas por medicamentos contra el cáncer,"Las mesas técnicas para buscar soluciones al desabastecimiento de medicamentos para pacientes con cáncer comenzarán este martes a las 11:00, tras una acción de libertad que, según informó el activista Peter Beckhauser, permitió activar este espacio de trabajo por orden judicial.

En las reuniones participarán representantes de la Gobernación, el Ministerio de Salud, el Programa Nacional de Lucha contra el Cáncer, la Secretaría de Salud y las asociaciones de pacientes. El objetivo será analizar cambios a la normativa que actualmente regula la compra y adquisición de medicamentos.

“Por orden judicial de la acción de libertad que ganamos el día miércoles, se han activado las mesas técnicas”, informó Beckhauser, quien explicó que esta primera etapa estará enfocada específicamente en el abastecimiento de medicamentos.

El activista aseguró que la situación es crítica y atribuyó parte del problema a la falta de recursos asignados para la adquisición de estos productos. Señaló que inicialmente se solicitaron 36 millones de bolivianos, pero solo se habrían otorgado 11 millones, mientras otros recursos permanecían pendientes de desembolso.

“Básicamente faltan todos los medicamentos para el tema de cáncer”, afirmó Beckhauser, al referirse a la magnitud del desabastecimiento que enfrentan actualmente los pacientes.

Entre las propuestas que serán planteadas está la modificación de algunos aspectos del Decreto Supremo 181 y de la resolución ministerial que establece los precios de los medicamentos para las gestiones 2026 y 2027. Beckhauser considera necesario que estos valores sean actualizados de manera mensual.

Beckhauser aclaró que la acción judicial inicialmente contempla el problema de los medicamentos y que posteriormente se plantearán otras acciones relacionadas con las diferentes necesidades de los pacientes oncológicos.

Mira la programación en Red Uno Play",https://www.reduno.com.bo/noticias/orden-judicial-activa-mesas-tecnicas-por-medicamentos-contra-el-cancer-2026810212140
Red Uno,2026-08-10,Carne de cerdo podria llegar a bs 40 el kilo advierten productores 202681021219,"Carne de cerdo podría llegar a Bs 40 el kilo, advierten productores","Productores de carne de cerdo advirtieron que el precio del producto podría aumentar en las próximas semanas debido al encarecimiento de los costos de producción y a las dificultades provocadas por la falta de combustible.

Según un representante del sector porcicultor, actualmente la carne de cerdo se comercializa al consumidor final entre Bs 25 y Bs 30 por kilo , pero, de mantenerse las actuales condiciones, podría llegar a costar entre Bs 35 y Bs 40 .

“Al paso que llevamos, nosotros estimamos que el precio para el consumidor final va a estar entre los 35 y 40 bolivianos. Desgraciadamente es así”, manifestó.

Producción estaría disminuyendo

El sector sostiene que la producción disponible se habría reducido y que producir carne de cerdo actualmente resulta más costoso.

“Estamos ahorita sobre el costo y no hay carne de cerdo. Ya no hay. La poca producción está costando más”, afirmó el representante.

Explicó que los productores necesitarían ajustar el precio para poder cubrir sus gastos y evitar trabajar por debajo de sus costos.

“Nosotros, para cubrir por lo menos nuestro costo, tenemos que incrementar, si es que se puede, la carne de cerdo porque no podemos subvencionar”, señaló.

Soya subió Bs 600 por tonelada

Entre los factores que estarían presionando los costos se encuentran la escasez de combustible y el aumento del precio de los alimentos utilizados para la crianza de los animales.

De acuerdo con el sector, la tonelada de soya pasó de Bs 3.200 a Bs 3.800 en aproximadamente una semana, lo que representa un incremento de Bs 600 por tonelada .

“La escasez de combustible, el pago más alto de la soya, por ejemplo, nos obliga por la situación”, explicó el productor.

Por el momento, el incremento hasta Bs 35 o Bs 40 constituye una estimación del sector y no un nuevo precio oficial. Los porcicultores advierten que el comportamiento dependerá de la disponibilidad de combustible, los costos de alimentación y la recuperación de la producción.

Mira la programación en Red Uno Play",https://www.reduno.com.bo/noticias/carne-de-cerdo-podria-llegar-a-bs-40-el-kilo-advierten-productores-202681021219
Red Uno,2026-08-10,Municipios presionan por el 50 50 para atender sus necesidades 2026810205958,Municipios presionan por el 50-50 para atender sus necesidades,"Los alcaldes de distintos municipios del país plantean la necesidad de avanzar con urgencia en la aplicación del denominado 50-50, una medida que, según las autoridades municipales, permitiría fortalecer las finanzas de los gobiernos locales y atender las múltiples necesidades que enfrentan sus regiones.

Cristian Velasco, presidente de la Asociación de Municipios del Beni (Amdebeni), señaló que existe disposición para que la redistribución de recursos se implemente de manera progresiva, tomando en cuenta la situación económica que atraviesa el país.

“Creo que no hay ningún alcalde que no esté de acuerdo con la progresividad, porque sabemos el estado que está el país”, sostuvo Velasco, al remarcar que los municipios deben ser incluidos en las decisiones relacionadas con la distribución de recursos.

Otra autoridad municipal también destacó el nuevo decreto aprobado por el Gobierno, que establece un periodo de transición hasta fin de año y, según explicó, permitirá avanzar en las conversaciones con los diferentes municipios.

“Nos da un respiro hasta fin de año para poder llegar a cada uno de los municipios”, manifestó.

En la misma línea, el alcalde de Warnes, Mario Cronenbold, cuestionó que los gobiernos locales terminen asumiendo responsabilidades que corresponden a otros niveles del Estado.

“Hay un camino prefectural y es culpa del alcalde. Hay un camino de ABC mal hecho, es culpa del alcalde. O sea, todo es culpa del alcalde”, cuestionó la autoridad.

Las autoridades municipales coinciden en que la implementación del 50-50 debe ser gradual y coordinada, pero insisten en que los alcaldes deben participar directamente en la definición del mecanismo, debido a que son quienes reciben de manera cotidiana las demandas de la población y conocen las limitaciones financieras que enfrentan sus municipios.

Mira la programación en Red Uno Play",https://www.reduno.com.bo/noticias/municipios-presionan-por-el-50-50-para-atender-sus-necesidades-2026810205958
Red Uno,2026-08-10,Internacional,Grabó sin saberlo cómo su pareja fallecía ahogándose en una laguna,"Un deportista de 32 años perdió la vida tras ahogarse mientras practicaba kitesurf en las aguas de la laguna Setúbal, en la provincia de Santa Fe, en Argentina. Su pareja se encontraba en la orilla registrando la jornada en video cuando filmó sin saberlo el preciso instante en que ocurrió la tragedia.

Hallazgo y resultados de la autopsia

De acuerdo al medio El Clarín, los estudios forenses confirmaron que la causa exacta del deceso fue asfixia por ahogamiento y descartaron la presencia de traumatismos previos en el cuerpo. Los restos de la víctima fueron localizados por las autoridades casi un día después a unos 15 kilómetros del punto original del accidente.

El deportista contaba con todos los elementos de protección reglamentarios al momento de ingresar al agua, incluyendo casco, chaleco salvavidas y calzado especial. Allegados a la víctima presumen que no pudo accionar el sistema de liberación rápida del paracaídas y quedó atrapado sumergido.

Mira la programación en Red Uno Play",https://www.reduno.com.bo/internacional/grabo-sin-saberlo-como-su-pareja-fallecia-ahogandose-en-una-laguna-2026810205851
Red Uno,2026-08-10,Refuerzan controles en la terminal de buses ante el intenso movimiento por la festividad de urkupina 202681020472,Refuerzan controles en la terminal de buses ante el intenso movimiento por la festividad de Urkupiña,"Con la llegada de la festividad de la Virgen de Urkupiña , la Terminal de Buses de Cochabamba registra un movimiento inusitado de pasajeros y flotas. Ante este escenario, la Defensoría de la Niñez y Adolescencia (DNA) y diversas instituciones policiales han puesto en marcha un plan intensivo de control que se extenderá durante todo el fin de semana.

Operativos de control y permisos de viaje

María René Morales, jefa de la Defensoría de la Niñez, informó que se ha dispuesto el refuerzo del personal en la terminal terrestre y en el aeropuerto Jorge Wilstermann. El objetivo principal es agilizar y fiscalizar la emisión y presentación de las autorizaciones de viaje para menores de edad .

""Estamos ampliando nuestra capacidad de atención; pasaremos de tener dos personas a un equipo de hasta cinco funcionarios para atender la alta demanda. Realizaremos el control estricto de las autorizaciones de quienes llegan a Cochabamba desde otros puntos del país, así como la emisión de permisos para quienes salen hacia otros departamentos"", detalló Morales.

Estos controles se realizarán de forma ininterrumpida, desde la apertura de la terminal hasta la salida del último bus de la jornada, durante tres días consecutivos (de viernes a domingo).

Seguridad integral en la terminal

La vigilancia no solo se centrará en los menores. Efectivos de la Policía Boliviana, Interpol y la Felcn también han intensificado operativos en los ingresos y salidas de la terminal. Estas acciones tienen como propósito evitar la comisión de hechos ilícitos y controlar la presencia de personas que pudieran haber ingresado al país de forma irregular.

Hasta la fecha, las salidas de buses desde Cochabamba hacia el resto del país se realizan con absoluta normalidad . Pese a las alertas previas de nevadas en la zona andina, las condiciones climáticas han permitido que el flujo de transporte no sufra interrupciones, consolidando una alta demanda de pasajes ante la gran expectativa de turistas que arriban para participar de la festividad religiosa.

Recomendaciones a los viajeros

Las autoridades instan a los padres de familia y tutores a prever con anticipación la obtención de sus permisos de viaje para evitar contratiempos de último minuto en la terminal. Se recuerda que la portación de este documento es obligatoria para garantizar la seguridad de los niños, niñas y adolescentes durante sus desplazamientos.

Finalmente, la festividad de Urkupiña se prepara para su momento central. Para quienes deseen disfrutar de la fe y el folklore, la Red Uno de Bolivia ha anunciado una transmisión especial de la entrada folclórica este viernes, a partir de las 12:25, permitiendo que el país entero sea testigo de una de las celebraciones más importantes de Cochabamba.

Mira la programación en Red Uno Play",https://www.reduno.com.bo/noticias/refuerzan-controles-en-la-terminal-de-buses-ante-el-intenso-movimiento-por-la-festividad-de-urkupina-202681020472
Red Uno,2026-08-10,Economia,YPFB y cisterneros buscan acuerdos clave para garantizar el suministro de combustible,"La Casa Ejecutiva de Yacimientos Petrolíferos Fiscales Bolivianos, en Santa Cruz, es el escenario de una reunión estratégica entre autoridades del gobierno central y el sector del transporte pesado. El encuentro, encabezado por el ministro de Hidrocarburos, Marcelo Blanco, busca garantizar la continuidad del despacho de combustible para la población.

Demandas del transporte pesado

Dirigentes que llegaron desde La Paz y representantes locales de Santa Cruz entablaron una reunión para exponer sus requerimientos operativos. La principal exigencia de los transportistas se enfoca en asegurar la importación internacional de carburantes sin interrupciones.

Esta negociación pretende poner fin a las prolongadas filas registradas durante las últimas semanas en las estaciones de servicio del país. El compromiso de las partes apunta a establecer acuerdos concretos que frenen eventuales medidas de presión o paros del sector.

Expectativa por los resultados

La Federación de Empresas Cisternas Sur Oriente convocó a una conferencia de prensa para dar a conocer los avances de las tratativas. Se aguarda que en las próximas horas se emita un comunicado oficial desde la zona de Las Palmas con la posición final del sector.

Mira la programación en Red Uno Play",https://www.reduno.com.bo/economia/ypfb-y-cisterneros-buscan-acuerdos-clave-para-garantizar-el-suministro-de-combustible-2026810204526
Red Uno,2026-08-10,Minoristas anuncian cierre de friales por precio del pollo en la paz 2026810204050,Minoristas anuncian cierre de friales por precio del pollo en La Paz,"La representante de comerciantes minoristas de carne de pollo, Esther Rojas, anunció el cierre de sus friales como medida de protesta ante el incremento del precio del producto, al considerar que el costo actual es elevado para los sectores populares.

Una representante del sector pidió la intervención del Gobierno y cuestionó el comportamiento de empresas e intermediarios en la cadena de comercialización.

“No vamos a vender pollo, vamos a cerrar nuestros friales porque no vamos a ser cómplices de jugar con el hambre del pueblo”, manifestó.

La dirigente señaló que el sector otorgará un plazo de 48 horas para que los precios sean normalizados.

Piden intervención de autoridades

La representante también demandó la presencia de instancias encargadas de fiscalizar los precios y proteger a los consumidores.

“Pedimos al Gobierno: ¿dónde está el Ministerio de Defensa al Consumidor?, ¿dónde está la Intendencia?”, cuestionó.

Según su versión, el incremento del precio estaría relacionado con intermediarios y empresarios, aunque en la declaración no se precisaron datos que permitan establecer responsabilidades.

Pollo se vende hasta en Bs 26,80 en la Garita de Lima

Durante un recorrido realizado la noche de este lunes en la zona de la Garita de Lima, en La Paz , se verificó que el kilo de pollo se comercializaba en algunos puestos a Bs 26,80 , mientras que en otros negocios el precio estaba alrededor de Bs 25 y algunos centavos.

En el lugar, comerciantes continuaban atendiendo con normalidad y señalaron que no habían recibido información oficial sobre un eventual cierre.

“No sabría decirle nada. Recién me estoy enterando”, respondió una de las vendedoras consultadas sobre la medida anunciada.

Comerciantes desconocen a la dirigente

El anuncio de cierre no tendría respaldo uniforme entre las vendedoras minoristas.

Algunas comerciantes consultadas en la Garita de Lima afirmaron que no reconocen como representante del sector a la dirigente que anunció la medida y aseguraron que no acatarán un paro.

Ante la consulta sobre si cerrarían sus puestos, una de las comerciantes respondió directamente: “No”.

Durante el reporte se constató que los friales permanecían abiertos y que la venta de carne de pollo continuaba con normalidad, aunque se observó una menor presencia de compradores.

Por el momento, no existe una posición unificada entre los comerciantes minoristas sobre el anunciado cierre de friales tras cumplirse el plazo de 48 horas.

Mira la programación en Red Uno Play",https://www.reduno.com.bo/noticias/minoristas-anuncian-cierre-de-friales-por-precio-del-pollo-en-la-paz-2026810204050
Red Uno,2026-08-10,Cae abusador cibernetico en cochabamba expertos dan consejos claves para proteger a los hijos en redes sociales 2026810203047,Cae abusador cibernético en Cochabamba: Expertos dan consejos claves para proteger a los hijos en redes sociales,"Un hombre identificado como Jorge Luis Espejo Ojeda (29), con una discapacidad física que le impide movilizarse por sus propios medios, fue enviado con detención preventiva por seis meses al penal de San Pablo , acusado de los delitos de abuso sexual y extorsión a menores de edad a través de medios digitales.

Según el informe del abogado de la víctima, Christian Ramírez, el imputado utilizaba perfiles falsos con imágenes de personas jóvenes y se ganaba la confianza de las menores mediante redes sociales y juegos en línea . Tras obtener fotografías íntimas, las amenazaba con difundir el material con sus familiares o en sus colegios para forzarlas a concretar encuentros y mantener relaciones sexuales. La captura se logró gracias a la oportuna intervención del personal del DACI.

Ante este alarmante caso que expone la vulnerabilidad de la niñez y la adolescencia, la Defensoría de la Niñez y Adolescencia de Cochabamba, en conjunto con especialistas en psicología, han emitido una serie de recomendaciones indispensables para que los padres de familia prevengan situaciones similares.

Recomendaciones clave para padres y tutores

Supervisar el uso de dispositivos: Las autoridades recomiendan no desprenderse del control de los teléfonos celulares y revisar de manera constante con quién interactúan los menores, prestando atención a chats ocultos o paralelos.

Comprender la tecnología: Los padres deben familiarizarse con el funcionamiento de plataformas de alta exposición como TikTok, Facebook, WhatsApp e Instagram, así como entender los riesgos de los juegos en línea.

Crear un espacio de confianza: María René Morales, jefa de la Defensoría de la Niñez, señala que muchos menores caen en estas redes porque en casa carecen de contención emocional o comunicación fluida. Los adolescentes buscan refugio en internet cuando sienten soledad, ansiedad o depresión.

Evitar la crítica constante: Si los jóvenes sienten que en casa serán juzgados, recurren a perfiles anónimos o extraños en busca de validación y escucha.

La psicóloga Zulma Galván explica que el proceso de captación ( grooming ) sigue patrones específicos que los padres deben aprender a reconocer:

Cambios repentinos en la conducta: Menores que duermen muy tarde, acuden adormilados al colegio, bajan su rendimiento académico o muestran un enamoramiento virtual repentino y reservado.

La estrategia del ""lazo especial"": Los agresores simulan interés genuino, preguntan por su día, elogian su apariencia física y validan sus inseguridades para construir una falsa sensación de seguridad.

El peligro de los ""packs"": Es vital que los padres sepan que el intercambio de fotografías íntimas se ha normalizado peligrosamente entre los jóvenes, llegando incluso a comercializarse en entornos escolares.

Educar hijos críticos: La especialista advierte sobre el peligro de criar hijos excesivamente obedientes que ""agachan la cabeza"". Los menores que aprenden a argumentar, cuestionar y establecer límites desarrollan mayor resiliencia frente a la manipulación externa, mientras que los jóvenes tímidos o retraídos suelen ser los más vulnerables a la manipulación en línea.

Llamado a la denuncia: La defensa y las autoridades solicitan a la población cochabambina que, en caso de haber atravesado situaciones similares con este mismo modus operandi , acudan de inmediato a las dependencias policiales para formalizar sus denuncias y ampliar las investigaciones.

Mira la programación en Red Uno Play",https://www.reduno.com.bo/noticias/cae-abusador-cibernetico-en-cochabamba-expertos-dan-consejos-claves-para-proteger-a-los-hijos-en-redes-sociales-2026810203047
Red Uno,2026-08-10,Guayaramerin anuncia acciones tras la muerte de un jaguar y pide proteger la fauna silvestre 202681020298,Guayaramerín anuncia acciones tras la muerte de un jaguar y pide proteger la fauna silvestre,"La muerte de un jaguar, registrada en Guayaramerín, generó indignación y preocupación entre las autoridades locales, que anunciaron acciones para esclarecer el hecho y sentar un precedente frente a este tipo de delitos contra la fauna silvestre.

El caso se encuentra bajo investigación y busca establecer cómo el animal llegó hasta el área urbana y quiénes son los responsables de su muerte.

El alcalde de Guayaramerín, Hermes Vargas, señaló que se trata de un hecho inusual para el municipio y cuestionó las circunstancias en las que fue encontrado el jaguar.

“Es por primera vez que se ve esto en una ciudad. El municipio se ha sorprendido primeramente porque se ha hecho ingresar este animal, el jaguar, al pueblo. No sabemos cómo lo hizo y las investigaciones se están dando a través del fiscal”, explicó.

“Lo lamentable es que el humano ya está invadiendo el lugar de origen de los animales. Es por eso que ellos están buscando dónde resguardarse y es lamentable lo que ha pasado”, agregó.

En tanto, el presidente de AmdeBeni, Cristian Velasco, cuestionó la decisión de acabar con la vida del animal, al considerar que existían otras alternativas para controlar la situación.

“Se pudo tomar otras acciones, por supuesto. Ustedes veían un animal, un tigre, que no representaba en ese momento ningún tipo de riesgo. Es realmente indignante cuando vemos que terminaron de matarlo, incluso lanzándole otro disparo. Es inhumano”, manifestó.

Ante este hecho, Vargas aseguró que asumirán acciones para que el caso no quede sin consecuencias.

Mira la programación en Red Uno Play",https://www.reduno.com.bo/noticias/guayaramerin-anuncia-acciones-tras-la-muerte-de-un-jaguar-y-pide-proteger-la-fauna-silvestre-202681020298
Red Uno,2026-08-10,Contrabandistas buscan nuevas rutas para superar zanjas en frontera 2026810202450,Contrabandistas buscan nuevas rutas para superar zanjas en frontera,"Las zanjas construidas en sectores de la frontera entre Chile y Bolivia se han convertido en una barrera para el tránsito irregular, aunque no han logrado detener por completo el contrabando de vehículos, mercancías y otros productos.

Según el reporte, estas estructuras comenzaron a construirse en septiembre de 2017 , durante el segundo gobierno de Michelle Bachelet, con el objetivo de combatir el narcotráfico, el contrabando, el robo de vehículos y el paso irregular de personas.

En 2026, el Gobierno chileno reforzó y aumentó la profundidad de algunas zanjas, principalmente en la zona de Colchane , como parte de las acciones contra el contrabando y el traslado de vehículos robados.

Desde Bolivia se expresó respeto a las determinaciones adoptadas por Chile para reforzar la seguridad en su territorio.

Contrabandistas buscan formas de superar las barreras

Los controles físicos no han impedido que aparezcan nuevos métodos para atravesar la frontera.

Según el informe, en abril de 2026 dos ciudadanos bolivianos fueron detenidos cuando presuntamente utilizaban una retroexcavadora para rellenar una zanja en Colchane y habilitar nuevamente un paso vehicular clandestino.

Posteriormente, en junio, fue detectado un puente clandestino construido sobre una de las zanjas , estructura que fue destruida por las autoridades chilenas bajo el argumento de que facilitaba el tránsito irregular de vehículos y mercancías.

Rutas alternas continúan operando

Imágenes difundidas en redes sociales muestran vehículos circulando por caminos alejados de los controles fronterizos.

Según el reporte, en algunas de estas rutas los conductores dependen del conocimiento de personas de las comunidades para atravesar extensas zonas del altiplano y evitar los puntos de fiscalización.

El material difundido muestra incluso grupos de camiones desplazándose por rutas no habilitadas, lo que evidencia que, mientras se fortalecen determinados sectores de la frontera, continúan apareciendo pasos alternativos.

Chile registró miles de vehículos robados

De acuerdo con los datos mencionados en el informe, durante 2025 se registraron alrededor de 36.900 robos de vehículos en Chile , equivalente a un promedio aproximado de 101 motorizados por día.

Parte de estos vehículos tendría como posible destino Bolivia, de acuerdo con los reportes recibidos por las autoridades policiales.

En lo que va del año, DIPROVE recibió información sobre aproximadamente 10 a 15 vehículos robados en Chile que podrían intentar ingresar a territorio boliviano .

“En este año debe ser aproximadamente unos 10 o 15 directamente de Chile, donde ellos han informado que probablemente podrían ingresar a Bolivia”, explicó un representante policial.

Operativo evitó ingreso de siete camionetas

La coordinación entre autoridades de ambos países habría permitido recientemente frustrar el ingreso de siete camionetas de alta gama presuntamente robadas en Chile .

Según la información proporcionada, los vehículos fueron encontrados dentro de una mina abandonada próxima a la frontera.

La Policía explicó que los motorizados habrían sido ocultados en ese lugar debido a las dificultades para atravesar hacia territorio boliviano.

Desde DIPROVE consideran que las zanjas han contribuido a reducir algunos pasos utilizados por organizaciones delictivas, aunque reconocen que no constituyen una solución definitiva.

“Es como ponerle un candado a una casa. La persona que quiera cometer un delito se ve dificultada en su trabajo. Si bien no va a frenar tal vez este proceso, al menos lo va a ralentizar”, explicó un efectivo.

Mira la programación en Red Uno Play",https://www.reduno.com.bo/noticias/contrabandistas-buscan-nuevas-rutas-para-superar-zanjas-en-frontera-2026810202450
Red Uno,2026-08-10,Internacional,"Registran un sismo de magnitud 3,4 en provincia ecuatoriana del Guayas","Quito, 10 ago (EFE).- Un sismo de magnitud 3,4 se registró este lunes en la provincia ecuatoriana del Guayas, situada en el suroeste de Ecuador, sin que hasta el momento se haya informado de víctimas o daños materiales.

Según el Instituto Geofísico, el sismo tuvo lugar a las 16:24 hora local (21:24 GMT) a 2,25 grados de latitud sur y a 79,74 grados de longitud oeste.

De acuerdo a la fuente, el temblor ocurrió a una profundidad de 67 kilómetros y a 13,2 kilómetros de Durán.

Este lunes, en la ciudad de Guayaquil, capital de la provincia costera del Guayas, se registró el desprendimiento de la mampostería de un edificio, y los restos cayeron a la acera como consecuencia del terremoto de magnitud 7,4 registrado en Colombia.

Ecuador se encuentra en el Cinturón o Anillo de Fuego del Pacífico, que concentra algunas de las zonas de subducción más importantes del mundo y es escenario de una fuerte actividad sísmica.

Además de Ecuador, el Cinturón, que tiene forma de herradura, comprende a una gran cantidad de países tales como Chile, Argentina, Bolivia, Perú, Colombia, Panamá, Costa Rica, Nicaragua, El Salvador, Honduras, Guatemala, México, Estados Unidos y Canadá. EFE

Mira la programación en Red Uno Play",https://www.reduno.com.bo/internacional/registran-un-sismo-de-magnitud-3-4-en-provincia-ecuatoriana-del-guayas-2026810202420
Red Uno,2026-08-10,Internacional,Mueren 3 niños tras colapso de una pared que les cayó encima durante el terremoto en Colombia,"“Se registraron daños en varios municipios; en Calima El Darién, desafortunadamente tuvimos la pérdida de tres niños, luego de que una pared colapsara y les cayera encima, causándoles la muerte”, confirmó la gobernadora del Valle del Cauca, Dilian Francisca Toro, tras el voraz sismo de magnitud 7.4. El devastador evento telúrico sacudió con fuerza diversas regiones del territorio colombiano durante este lunes 10 de agosto.

Dramática búsqueda en infraestructuras colapsadas

De acuerdo al medio El Heraldo de México, la mandataria regional también detalló que parte del Hospital Universitario de Cali sufrió un colapso estructural que dejó a varios pacientes de cuidados intensivos atrapados bajo los escombros. Frente a esta crítica situación, decenas de voluntarios y cuerpos de socorro formaron cadenas humanas para remover bloques de hormigón en busca de personas con vida.

El Servicio Geológico Colombiano precisó que este movimiento representa el evento sísmico de mayor magnitud registrado en el país en lo que va del siglo XXI. Adicionalmente, los organismos de monitoreo contabilizaron al menos 21 réplicas localizadas en los municipios de San José del Palmar y Sipí.

Respuesta institucional ante la crisis

Para mitigar el impacto de la catástrofe, el gobierno ordenó la inmediata instalación de un puesto de mando unificado que articula el despliegue de las instituciones de rescate. Esta emergencia representa el primer reto de gran envergadura para la nueva administración nacional tras asumir la jefatura de Estado.

Mira la programación en Red Uno Play",https://www.reduno.com.bo/internacional/mueren-3-ninos-tras-colapso-de-una-pared-que-les-cayo-encima-durante-el-terremoto-en-colombia-2026810201839
Red Uno,2026-08-10,Economia,Dólar sorprende con nueva baja: Este será el tipo de cambio oficial del martes,"La noche de este lunes 10 de agosto, el Banco Central de Bolivia (BCB) estableció de manera oficial el nuevo tipo de cambio para el dólar estadounidense, enmarcado en la aplicación de la política de dólar flexible . La disposición monetaria entrará en vigencia a partir de las 00:00 horas de este martes 11 de agosto en todo el territorio nacional.

De acuerdo con el informe emitido por el ente emisor, la cotización de la divisa extranjera se fijó en Bs 11,77 .

Esta nueva cifra representa una leve variación respecto a la jornada de este lunes, cuando el tipo de cambio se situaba en Bs 11,86 , cotización que se había mantenido inamovible desde el pasado jueves 6 de agosto.

La medida forma parte de las directrices implementadas por la autoridad monetaria para la regulación del mercado cambiario bajo el nuevo esquema de flexibilidad.

Mira la programación en Red Uno Play",https://www.reduno.com.bo/economia/dolar-sorprende-con-nueva-baja-este-sera-el-tipo-de-cambio-del-martes-202681020718
Red Uno,2026-08-10,Caso jaguar presunto autor tendra 60 dias de detencion preventiva 202681020639,Caso Jaguar: Presunto autor cumplirá 60 días de detención preventiva,"La Justicia determinó 60 días de detención preventiva para Andy Suárez Cuéllar , la única persona aprehendida hasta el momento dentro de una investigación por un caso de biocidio registrado y documentado en video.

Según el reporte, cuatro personas son investigadas por el hecho. La audiencia de medidas cautelares contra Suárez concluyó la tarde de este lunes.

“El juez ha determinado la medida extrema de 60 días de privación de libertad, de detención preventiva, y no así los 180 días tal cual requirió en su oportunidad el Ministerio Público”, informó la defensa tras concluir la audiencia.

El juez consideró que ese periodo sería suficiente para desarrollar los actos investigativos pendientes.

Investigado por dos presuntos delitos

Dentro del proceso se atribuyen de manera preliminar a Suárez los presuntos delitos de biocidio y portación ilícita de armas .

Durante la audiencia también se analizó una presunta trata ilegal de animales ; sin embargo, según lo informado al concluir la cautelar, esta figura fue desvirtuada.

Un video que registró el ataque letal forma parte de los elementos utilizados dentro de la investigación, de acuerdo con el reporte.

Familia anuncia apelación

Familiares del imputado rechazaron la determinación judicial y anunciaron que, junto con sus abogados, presentarán una apelación.

Una familiar sostuvo que buscarán esclarecer las circunstancias en las que ocurrió la muerte del animal y afirmó que, desde su perspectiva, también existía un riesgo para niños y otras personas que se encontraban en el lugar.

“Con mi abogado vamos a apelar y como familia vamos a quedarnos hasta aclarar el hecho”, manifestó.

La mujer señaló que no pretende justificar la muerte del animal, pero argumentó que este se encontraba en un espacio urbano y que existía preocupación por la seguridad de los vecinos.

“No quiero justificar y decir que está bien la muerte del tigre, pero la vida del ser humano tiene que prevalecer”, expresó.

El proceso continuará mientras se desarrollan las investigaciones destinadas a establecer las circunstancias del hecho y las posibles responsabilidades de las otras personas investigadas.

Mira la programación en Red Uno Play",https://www.reduno.com.bo/noticias/caso-jaguar-presunto-autor-tendra-60-dias-de-detencion-preventiva-202681020639
Red Uno,2026-08-10,Falta de diesel deja paralizado al 70 del transporte pesado a nivel nacional 2026810195853,Falta de diésel deja paralizado al 70% del transporte pesado a nivel nacional,"El sector del transporte pesado reporta que atraviesa un momento crítico con cerca del 70% de sus camiones completamente parados en las estaciones de servicio de todo el país.

Al respecto, el dirigente Juan Yujra lamentó que ""en todos los surtidores hay cola, no se puede trabajar, se espera cuatro días, en algunas semanas hasta cinco días, esto ya es insostenible, y hasta ahora el gobierno no se manifiesta"".

A pesar de que los transportistas enviaron una nota formal tras un ampliado de emergencia en Cochabamba, las autoridades aún no han brindado una respuesta concreta. Esta inacción estatal genera incertidumbre entre los choferes, quienes apenas logran operar a un 30% de su capacidad operativa habitual.

Cientos de camiones permanecen varados durante jornadas enteras a la espera de surtirse de carburante, lo que desencadena severos perjuicios económicos para las familias del rubro, de acuerdo a lo que mencionan sus dirigentes. La parálisis progresiva demuestra cómo la falta de suministro afecta directamente a la logística del transporte interdepartamental e internacional.

Ante la falta de soluciones efectivas, el sector advierte con trasladar sus protestas a las vías públicas para exigir la regularización del carburante.

En este sentido, Yujra remarcó que ""lo único que nosotros estamos pidiendo es que haya estabilidad, lo que queremos es que haya el abastecimiento normal y si tenemos que salir a las calles, vamos a salir, porque esa es nuestra fuente laboral"".

Mira la programación en Red Uno Play",https://www.reduno.com.bo/noticias/falta-de-diesel-deja-paralizado-al-70-del-transporte-pesado-a-nivel-nacional-2026810195853
Éxito Noticias Bolivia,2026-08-10,"DEPORTES, MUNDO","UEFA, AFC y CONCACAF acusan de “engaño” a la FIFA","Éxito Noticias, 10 de agosto 2026.- Las Confederaciones de Europa, Asia y Centro y Norteamérica (UEFA, AFC y CONCACAF) publicaron una carta abierta la “familia del fútbol” en la que apelaron a la “unión” de todos los actores y a la “transparencia” de la FIFA en sus procesos, después su intento fallido de crear una filial para comercializar la Copa del Mundo, con el que “rompieron la confianza mediante el engaño”.

El documento fue hecho público este lunes (10.08.2026), y está firmado por los presidentes y secretarios generales de la UEFA (Aleksander Ceferin y Theodore Theodoridis); de la CONCACAF (Victor Montaglian y Philippe Moggio), y de la AFC (Salman Bin Ibrahim Al Khalifa y Datuk Seri Windsor John).

“El liderazgo en el fútbol no es un bien que se posea. No consiste en ostentar —ni en exigir— el poder para ejercerlo. Es un deber de servicio hacia la familia del fútbol que lo confía. Cuando se rompe la confianza mediante el engaño, cuando una persona se antepone al colectivo que le ha confiado la autoridad, ese deber ha sido abandonado”, dijeron en la carta.

En su escrito, las confederaciones remarcan que no es un tema de “dinero”, de “perder apoyos” o “replantearse la ampliación de las competiciones”, algo que fue tomado de forma “conjunta”, sino de “la integridad del fútbol y la integridad de quienes han sido elegidos para dirigirlo”.

A su juicio, la reciente carta de la FIFA a sus vicepresidentes y a las 211 federaciones miembro en las que explicó su proyecto de vender una participación de la Copa del Mundo, fue un “error de juicio”: “Una propuesta presentada en un plazo muy ajustado, sin una consulta significativa, y que se impulsó hacia una fecha límite antes de que las federaciones miembro pudieran examinar adecuadamente sus términos, no es fruto de un descuido, sino de un diseño destinado a limitar el escrutinio”.

Por ello, se acusa a la FIFA de “violar” la confianza de las instituciones a las que está “llamada a servir”.

Asimismo, criticaron que la revisión del informe que se presentará al Consejo de la FIFA no se haya hecho a través de un tercero “totalmente independiente”, a la vez que mostraron su rechazo por la representación de un solo cargo electo en la reunión de la dirección celebrada recientemente en Marruecos.

“Esta reciente reunión, en la que se convocó en el extranjero a un número selecto de miembros del Comité de Gestión de la FIFA —y no al Comité al completo—, en lugar de que los dirigentes se desplazaran a Zúrich para dirigirse al corazón de la FIFA, su personal, no hace sino reforzar estas preocupaciones y representa una continuación del mismo patrón de conducta que nos ha llevado a esta situación. No es la conducta propia de un guardián del fútbol, sino de alguien que cree que el fútbol le debe rendir cuentas a él”, afirmaron.

Como conclusión, las confederaciones solicitaron el “respeto” a la unidad y, a sus dirigentes, que “sirvan” al fútbol y no “pretendan mandarlo”.

“Hay silencio donde debería haber rendición de cuentas, distancia donde debería haber transparencia. Estas no son las cualidades que el fútbol merece en sus dirigentes. Por eso hemos adoptado esta postura: no a la ligera ni por nuestra cuenta, sino juntos, y por el deber que tenemos para con el fútbol al que servimos”, concluyeron.

//DW",https://exitonoticias.com.bo/uefa-afc-y-concacaf-acusan-de-engano-a-la-fifa/399825/
Éxito Noticias Bolivia,2026-08-10,"NACIONAL, SEGURIDAD",Bolivia y Brasil pondrán en marcha operativos conjuntos con el plan “Frontera Segura”,"Éxito Noticias 10 de agosto 2026.- Los gobiernos de Bolivia y Brasil lanzarán este jueves 13 de agosto el plan “Frontera Segura”, una estrategia binacional destinada a reforzar la seguridad y ejecutar operativos permanentes en las zonas fronterizas consideradas de mayor riesgo, informó el ministro de Gobierno, Marco Antonio Oviedo.

La autoridad explicó a Unitel que el acto de lanzamiento se realizará en Guayaramerín y abarcará acciones en los departamentos de Pando, Beni y Santa Cruz. Además, precisó que las tareas serán coordinadas entre las fuerzas del orden de ambos países para enfrentar la creciente actividad de organizaciones criminales.

Oviedo indicó que los operativos se desplegarán en distintos puntos de la frontera, incluyendo San Matías, Puerto Suárez, Guayaramerín y Cobija, con el objetivo de desarticular las redes delictivas que operan en esas regiones.

El ministro sostuvo que la frontera con Brasil se ha convertido en un escenario de disputa entre el Primer Comando de la Capital (PCC) y el Comando Vermelho, además de grupos aliados locales. En ese marco, aseguró que ya existe coordinación e intercambio de información con la Policía Federal brasileña.

El anuncio se produce tras la reciente escalada de violencia en Santa Cruz, donde en los últimos días fueron asesinadas diez personas, entre ellas un teniente de la Policía. Para el lanzamiento del plan se prevé la participación del presidente Rodrigo Paz, así como de autoridades de Seguridad y Defensa de Brasil y representantes policiales de ambos países.",https://exitonoticias.com.bo/bolivia-y-brasil-pondran-en-marcha-operativos-conjuntos-con-el-plan-frontera-segura/399829/
Éxito Noticias Bolivia,2026-08-10,SOCIAL,Alcaldía pedirá a Epsas un informe sobre las reservas de agua en Hampaturi ante descenso del nivel de las represas,"Éxito Noticias, 10 de agosto 2026.- El alcalde de La Paz, César Dockweiler, anunció que el Gobierno Municipal solicitará a la Empresa Pública Social de Agua y Saneamiento (Epsas) un informe técnico sobre el estado de las reservas de agua en Hampaturi, tras evidenciar una disminución en el nivel de las represas durante una inspección realizada el fin de semana.

La visita se efectuó luego de que comunarios de la zona alertaran sobre la reducción del agua en lagunas naturales. En el recorrido participaron representantes de la Universidad Mayor de San Andrés (UMSA), mientras que Epsas no asistió.

Dockweiler explicó que, aunque los comunarios manifestaron su preocupación por una posible escasez en los próximos meses, es necesario contar con datos técnicos para conocer la situación real de las reservas, tomando en cuenta que actualmente Hampaturi dispone de tres represas.

En ese marco, la Alcaldía pedirá una reunión con Epsas para conocer el volumen de agua disponible, la administración de las reservas y las acciones previstas para garantizar el abastecimiento durante la temporada seca, que podría extenderse entre cuatro y cinco meses.

Asimismo, el municipio presentará esta semana una campaña de concientización para fomentar el uso responsable del agua y evitar su desperdicio, mientras que la UMSA dará a conocer los resultados de un estudio sobre la calidad del recurso. El objetivo, según la autoridad, es anticiparse a cualquier riesgo de desabastecimiento mediante acciones preventivas y coordinadas.",https://exitonoticias.com.bo/alcaldia-pedira-a-epsas-un-informe-sobre-las-reservas-de-agua-en-hampaturi-ante-descenso-del-nivel-de-las-represas/399836/
Éxito Noticias Bolivia,2026-08-10,MUNDO,"Un temblor de magnitud 7,4 sacude gran parte de Colombia y deja más de 20 fallecidos hasta el momento","Éxito Noticias, 10 de agosto 2026.- Un temblor de magnitud 7,4 sacudió este lunes gran parte de Colombia, sin que de momento se haya informado de víctimas o daños, según informó el Servicio Geológico Colombiano (SGC). El SGC había informado inicialmente de que el terremoto había sido de magnitud 6,7, pero en otro boletín señaló que fue de 7,4. Las autoridades colombianas informaron de daños en varias ciudades como Manizales, Cali y Pereira.

El terremoto movimiento telúrico se sintió a las 07.34 hora local (12:34 GMT) y tuvo como epicentro la localidad de San José del Palmar, en el departamento del Chocó, situado en la costa del Pacífico, a una profundidad de 82 kilómetros, indicó el SGC en un primer boletín.

El seísmo se sintió en Bogotá, Cali, Popayán, Manizales, Armenia, Pereira, Medellín y otras ciudades del centro y el oeste del país, y en algunas de ellas hubo daños materiales.

En Cali y en Manizales se desprendieron parte de las fachadas de muchos edificios y en la segunda ciudad una de las torres de la catedral sufrió daños.

“Hay muchos edificios agrietados”, dijo el alcalde de Cali, Alejandro Eder, en declaraciones a la emisora Blu Radio, sin que hasta el momento se tenga información de víctimas.

En Pereira, capital del departamento de Risaralda, numerosas edificaciones sufrieron importantes daños en su estructura, entre ellas el aeropuerto, y algunas se derrumbaron parcialmente.

Por su parte, el alcalde de Bogotá, Carlos Fernando Galán, señaló que, de momento, “no hay reporte de afectaciones ni daños estructurales, solo algunas grietas en edificios”.

Primeras cifras de víctimas mortales

Al menos 18 personas murieron en la ciudad colombiana de Pereira por el fuerte terremoto que sacudió el oeste del país, informó el alcalde Mauricio Salazar. “La situación es crítica”, dijo el alcalde de Pereira en entrevista con Caracol Radio, tras confirmar ese primer balance de víctimas.

Al menos dos muertos en Manizales

Al menos dos personas murieron en la ciudad colombiana de Manizales, capital del departamento de Caldas, en el centro del país, por el terremoto, según informó el alcalde de esa ciudad, Jorge Eduardo Rojas Giraldo.

“Hasta ahora registramos dos muertos”, aseguró el alcalde a la emisora colombiana Blu Radio, quien también informó de que entre 20 y 30 viviendas colapsaron en la ciudad, además de varias iglesias que sufrieron daños por el movimiento sísmico, y de que la Alcaldía ya habilitó tres albergues en diferentes zonas de la ciudad.

//DW",https://exitonoticias.com.bo/un-temblor-de-magnitud-74-sacude-gran-parte-de-colombia-y-deja-mas-de-20-fallecidos-hasta-el-momento/399843/
Éxito Noticias Bolivia,2026-08-10,SEGURIDAD,Hallan restos óseos y prendas de vestir en una zona de difícil acceso en Chulumani,"Éxito Noticias, 10 de agosto 2026.- La Policía y el Ministerio Público investigan el hallazgo de restos humanos registrado en la comunidad de Arrozal, en el municipio paceño de Chulumani, donde también fueron encontradas prendas de vestir que podrían ayudar a establecer la identidad de la persona.

El descubrimiento se produjo el domingo por la tarde en un sector de difícil acceso. Los efectivos que acudieron al lugar tuvieron que descender cerca de 100 metros para recuperar los restos, entre ellos partes de los antebrazos y un cráneo.

De acuerdo con información preliminar, las características de la ropa encontrada hacen presumir que se trataría de un hombre. Entre las prendas había un chaleco guindo con cuadros, un pantalón deportivo y una polera clara.

Las autoridades no descartan que los restos correspondan a una persona reportada como desaparecida o a alguien que pudo haber sufrido un accidente en el sector. El Ministerio Público asumió conocimiento del caso y realizará las diligencias para establecer la identidad y las circunstancias del fallecimiento.",https://exitonoticias.com.bo/hallan-restos-oseos-y-prendas-de-vestir-en-una-zona-de-dificil-acceso-en-chulumani/399855/
Éxito Noticias Bolivia,2026-08-10,"PORTADA, SEGURIDAD",Caso “gasolina desestabilizada”: aprehenden a exdirectora jurídica de YPFB,"Éxito Noticias, 10 de agosto 2026.- La mañana de este lunes, personal policial aprehendió a la exdirectora jurídica de YPFB Corporación, Daniela D., en Santa Cruz, quien fue trasladada a dependencias de la Dirección de Lucha Contra la Corrupción (Delcc), en el marco de la investigación por el caso denominado “gasolina desestabilizada”.

Según información preliminar, la exfuncionaria podría ser trasladada a La Paz durante esta jornada para continuar con las investigaciones.

El fiscal Alberto Hurtado informó que son varias las personas involucradas en el proceso, por presuntos delitos de incumplimiento de deberes y conductas económicas.

La investigación alcanza también a otras exautoridades, entre ellas el exministro de Hidrocarburos Mauricio Medinaceli, por presuntas irregularidades relacionadas con YPFB.",https://exitonoticias.com.bo/caso-gasolina-desestabilizada-aprehenden-a-exdirectora-juridica-de-ypfb/399853/
Éxito Noticias Bolivia,2026-08-10,"PORTADA, SOCIAL",La Paz confirma segundo caso de sarampión y refuerza llamado a la vacunación,"Éxito Noticias, 10 de agosto 2026.- Las autoridades de salud confirmaron este lunes un segundo caso de sarampión en el departamento de La Paz, correspondiente a una joven de 19 años que no contaba con la vacuna y que recientemente retornó de Juliaca, Perú.

La paciente llegó a Bolivia el 2 de agosto y posteriormente presentó fiebre, dolor de cabeza y erupciones en la piel. Tras recibir atención médica, fue trasladada al hospital de Cotahuma, donde evolucionó favorablemente y se encuentra próxima a recibir el alta.

El secretario municipal de Salud de La Paz, Ramiro Narváez, informó que se realizó el seguimiento de las personas que tuvieron contacto con la paciente y se activaron las medidas de bloqueo correspondientes, en coordinación con el Sedes y el Ministerio de Salud.

Ante este nuevo caso, la responsable del Programa Ampliado de Inmunización (PAI), Rosario Quiroga, insistió en la importancia de completar la vacunación, principalmente en menores de cinco años, considerados el grupo más vulnerable a complicaciones.

Las autoridades remarcaron que ambos casos registrados en La Paz corresponden a personas no vacunadas y recordaron que las dosis contra el sarampión están disponibles de manera gratuita en los centros de salud.

El primer caso fue confirmado el 29 de julio y correspondió a un estudiante universitario de 21 años que contrajo la enfermedad durante un viaje a Perú y tampoco tenía el esquema completo de inmunización.",https://exitonoticias.com.bo/la-paz-confirma-segundo-caso-de-sarampion-y-refuerza-llamado-a-la-vacunacion/399851/
Éxito Noticias Bolivia,2026-08-10,"NACIONAL, PORTADA",Defensa Civil reporta 193 focos de calor en cinco departamentos de Bolivia,"Éxito Noticias, 10 de agosto 2026.- El Viceministerio de Defensa Civil reportó este lunes 193 focos de calor detectados por satélite en cinco departamentos del país, con Santa Cruz como la región que concentra la mayor cantidad de estos puntos.

Del total registrado, 146 focos de calor corresponden a Santa Cruz, equivalente al 76%. Le sigue Beni con 40 puntos, mientras que Pando registra cinco y Chuquisaca y Potosí contabilizan uno cada uno.

Pese a la cantidad de focos identificados, el reporte oficial señala que no se registran incendios forestales activos en el territorio nacional.

Defensa Civil mantiene un monitoreo permanente debido al alto riesgo de activación de nuevas quemas y recordó que la detección temprana permite intervenir antes de que el fuego pueda propagarse.",https://exitonoticias.com.bo/defensa-civil-reporta-193-focos-de-calor-en-cinco-departamentos-de-bolivia/399839/
Éxito Noticias Bolivia,2026-08-10,"PORTADA, SEGURIDAD",Oviedo niega conflictos con el comandante de la Policía y asegura que existe coordinación,"Éxito Noticias, 10 de agosto 2026 .- El ministro de Gobierno, Marco Antonio Oviedo, rechazó este lunes las versiones que apuntan a una supuesta disputa con el comandante general de la Policía, Mirko Sokol, y aseguró que no existen diferencias entre ambas autoridades.

En contacto con Unitel, consultado sobre la coordinación entre el Ministerio de Gobierno y el Comando General de la Policía, Oviedo afirmó que esos rumores provienen de publicaciones en redes sociales y restó importancia a ese contenido.

La autoridad señaló que mantiene comunicación con la ciudadanía a través de canales oficiales y reiteró que el comandante policial actúa bajo las directrices de su despacho.

En ese sentido, sostuvo que Sokol se encuentra bajo su mando y cumple las instrucciones emitidas por el Ministerio de Gobierno.",https://exitonoticias.com.bo/oviedo-niega-conflictos-con-el-comandante-de-la-policia-y-asegura-que-existe-coordinacion/399832/
Éxito Noticias Bolivia,2026-08-10,SEGURIDAD,El Alto: FELCN saca del mercado más de 15.000 dosis de cocaína,"Éxito Noticias, 10 de agosto 2026.- La Fuerza Especial de Lucha Contra el Narcotráfico (FELCN) informó sobre la ejecución de varios operativos contra el microtráfico en las ciudades de La Paz y El Alto, que derivaron en la aprehensión de nueve personas y el secuestro de más de cinco kilos de cocaína.

El director departamental de la FELCN, Miguel Chávez, informó que durante las intervenciones se incautaron 5.122 gramos de cocaína, cantidad que, según la estimación policial, equivale a más de 15.000 dosis que fueron retiradas del mercado.

“En relación al tema de microtráfico, de igual manera se han venido ejecutando diferentes operativos tanto en la Ciudad del Alto como en la Ciudad de La Paz”, señaló Chávez.

La autoridad agregó que las acciones continuarán en ambas ciudades con el objetivo de identificar y desarticular puntos de distribución de sustancias controladas.",https://exitonoticias.com.bo/el-alto-felcn-saca-del-mercado-mas-de-15-000-dosis-de-cocaina/399858/
Éxito Noticias Bolivia,2026-08-10,SEGURIDAD,FELCN afectó al narcotráfico en más de $us 228 mil en 10 operativos realizados en el departamento de La Paz,"Éxito Noticias, 10 de agosto 2026.- La Fuerza Especial de Lucha Contra el Narcotráfico (FELCN) informó que 12 personas fueron aprehendidas y más de 57 kilos de sustancias controladas fueron decomisados durante diez operativos realizados entre el 3 y el 8 de agosto en el departamento de La Paz.

El director departamental de la FELCN, Miguel Chávez, detalló que los procedimientos permitieron secuestrar 52.801 gramos de clorhidrato de cocaína, 5.122 gramos de cocaína base y 65 gramos de marihuana, además de un vehículo y dos teléfonos celulares. La afectación económica al narcotráfico fue calculada en 228.517 dólares.

Entre los operativos destacó una intervención realizada el 4 de agosto en la tranca de Achica Arriba, donde los agentes revisaron un ómnibus y encontraron 48 paquetes de clorhidrato de cocaína ocultos en un compartimento. Tres personas fueron aprehendidas y el motorizado quedó retenido.

Según las primeras investigaciones, la droga habría ingresado desde Perú y tenía como destino Cochabamba para posteriormente ser trasladada hacia el oriente del país.

En tanto, otros procedimientos efectuados en La Paz y El Alto estuvieron dirigidos contra el microtráfico y derivaron en la aprehensión de nueve personas.

Respecto a una posible relación de estos hechos con organizaciones criminales como el PCC, Comando Vermelho o grupos vinculados a Sebastián Marset, Chávez señaló que las investigaciones continúan para establecer si existe algún vínculo.",https://exitonoticias.com.bo/felcn-afecto-al-narcotrafico-en-mas-de-us-228-mil-en-10-operativos-realizados-en-el-departamento-de-la-paz/399860/
Éxito Noticias Bolivia,2026-08-10,SOCIAL,Transporte Pesado cuestiona precio del diésel importado por privados y pide eliminar a la ANH,"Éxito Noticias, 10 de agosto 2026.- El dirigente del Transporte Pesado de Bolivia, Pedro Quispe, expresó su preocupación por el incremento del precio del diésel comercializado por empresas privadas y cuestionó el control que ejerce la Agencia Nacional de Hidrocarburos (ANH) sobre la venta del combustible.

Quispe señaló que el litro de diésel llegó a comercializarse en Bs 19,80, pese a que anteriormente el combustible tenía un precio considerablemente menor. Afirmó que este incremento genera preocupación entre los transportistas y advirtió sobre el impacto que tendrá en el sector y en la población.

El dirigente cuestionó que se permita a empresas privadas importar y vender combustible a precios elevados, cuando el sector del transporte había solicitado que estas compañías puedan abastecer directamente a las estaciones de servicio.

Asimismo, responsabilizó a las autoridades de la situación y pidió explicaciones sobre la cantidad de diésel que ingresó al país mediante empresas privadas y las razones del precio actual.

Quispe también criticó el trabajo de la ANH y sostuvo que la entidad impone restricciones para la compra de combustible, incluso en cantidades reducidas. Ante esta situación, planteó que la institución debería desaparecer al considerar que no estaría cumpliendo adecuadamente sus funciones.

De igual forma, pidió al Gobierno transparentar la situación del abastecimiento y aclarar si más estaciones de servicio comenzarán a comercializar diésel bajo estos precios.",https://exitonoticias.com.bo/transporte-pesado-cuestiona-precio-del-diesel-importado-por-privados-y-pide-eliminar-a-la-anh/399865/
Éxito Noticias Bolivia,2026-08-10,SEGURIDAD,Una persona fue aprehendida por la muerte de un jaguar en Beni y otras tres son investigadas,"Éxito Noticias, 10 de agosto 2026.- Una persona fue aprehendida y otras tres son investigadas por la muerte de un jaguar en el departamento del Beni, en un caso que fue abierto por el delito de biocidio, informó el director nacional de la Fuerza Especial de Lucha Contra Delitos Medioambientales (FELCDA), José Luis Alarcón.

El hecho se conoció el sábado, luego de que imágenes del animal muerto comenzaran a circular en redes sociales. Las primeras investigaciones establecieron que el jaguar habría sido decapitado y que sus restos fueron manipulados presuntamente con la intención de comercializar su carne y piel.

Alarcón explicó que, hasta el momento, cuatro personas fueron identificadas. Además de la persona aprehendida, existe una orden de aprehensión contra otro involucrado y dos personas fueron citadas para prestar declaraciones.

La investigación también busca establecer la procedencia de las armas utilizadas, debido a que los involucrados no contarían con autorización para portarlas.

El jefe policial señaló que, de acuerdo con las imágenes obtenidas, el jaguar ya se encontraba herido y atado a una estructura de madera, por lo que cuestionó que se haya optado por matarlo en lugar de aplicar procedimientos de contención menos letales o solicitar la intervención de personal especializado.

Las autoridades ampliarán las investigaciones para identificar a otros posibles involucrados y determinar las responsabilidades por la muerte y presunta comercialización de partes del animal.",https://exitonoticias.com.bo/una-persona-fue-aprehendida-por-la-muerte-de-un-jaguar-en-beni-y-otras-tres-son-investigadas/399867/
Éxito Noticias Bolivia,2026-08-10,POLITICA,Diputado Alarcón exige una intervención externa a YPFB ante irregularidades,"Éxito Noticias, 10 de agosto 2026.- El diputado de Unidad, Carlos Alarcón, cuestionó la forma en que se encara la situación de Yacimientos Petrolíferos Fiscales Bolivianos (YPFB) y planteó una intervención con un equipo externo de especialistas que permita realizar un diagnóstico integral de la empresa y asegurar el suministro de combustibles.

Alarcón sostuvo que este grupo debería estar por encima del directorio y de la Presidencia de YPFB, además de intervenir en la Agencia Nacional de Hidrocarburos (ANH). Según el legislador, el equipo tendría que estar conformado por expertos en hidrocarburos, logística, importaciones y combustibles.

El diputado también cuestionó la continuidad de funcionarios vinculados a anteriores administraciones y puso en duda que exista una intervención efectiva dentro de la petrolera estatal. En ese sentido, demandó cambios estructurales para enfrentar problemas que, a su criterio, persisten en la institución.

Asimismo, observó la permanencia de Darío Rocha en la estructura de YPFB y señaló que ocupó cargos durante la gestión de Evo Morales antes de asumir funciones en la actual administración.

Alarcón afirmó que la empresa estatal continúa afectada por problemas de corrupción, ineficiencia y mala gestión, por lo que insistió en la necesidad de una intervención profunda que permita transparentar su funcionamiento y garantizar el abastecimiento de carburantes.",https://exitonoticias.com.bo/diputado-alarcon-exige-una-intervencion-externa-a-ypfb-ante-irregularidades/399873/
Éxito Noticias Bolivia,2026-08-10,MUNDO,"Terremoto en Colombia deja al menos 111 muertos, más de 1.500 viviendas afectadas y 61 edificios colapsados","Éxito Noticias, 10 de agosto 2026.- El terremoto más fuerte que ha golpeado a Colombia en la última década sacudió al país sudamericano este lunes. Hasta ahora, hay al menos 111 personas fallecidas, 87 heridas y más de 1.500 viviendas afectadas, catapultando a comunidades a un estado de desastre nacional.

Con el número de muertos aumentando de forma constante tras el sismo de magnitud 7,4, los equipos de emergencia se apresuran la búsqueda y rescate de sobrevivientes atrapados bajo los escombros.

El presidente de Colombia, Abelardo de la Espriella —quien apenas asumió el cargo el viernes—, convocó a un comité de emergencia para “liderar personalmente los esfuerzos” para intentar rescatar a las personas atrapadas en los restos.

Líderes internacionales en Estados Unidos, Sudamérica, Europa y Medio Oriente también se han comprometido a apoyar las operaciones de rescate en curso.

El vicepresidente de Colombia, José Manuel Restrepo, informó que se dirige a Manizales para encabezar el Puesto de Mando Unificado desde donde coordinará la respuesta al terremoto.

“Este duro momento que enfrentamos requiere solidaridad y ejecución”, dijo Restrepo en un mensaje publicado en sus redes sociales.

Manizales, ubicada en el departamento de Caldas, es una de las zonas más afectadas por el terremoto de magnitud 7,4 que sacudió este lunes el oeste de Colombia y que ha dejado hasta el momento más de 100 muertos.

El vicepresidente de Colombia también dijo que trabajará con la Cancillería para gestionar la llegada de recursos y apoyo de la comunidad internacional.",https://exitonoticias.com.bo/terremoto-en-colombia-deja-al-menos-111-muertos-mas-de-1-500-viviendas-afectadas-y-61-edificios-colapsados/399881/
Éxito Noticias Bolivia,2026-08-10,"PORTADA, SOCIAL",La Paz declara alerta roja ante riesgo de escasez de agua por el fenómeno de El Niño,"Éxito Noticias, 10 de agosto 2026. – La Alcaldía de La Paz declaró este lunes alerta roja municipal ante el riesgo de una crisis hídrica provocada por la llegada del fenómeno de El Niño, que podría generar una reducción de las lluvias y un descenso en los niveles de las represas que abastecen a la ciudad. El alcalde César Dockweiler explicó que la medida busca anticiparse al escenario y activar acciones preventivas antes de que la situación empeore.

Dockweiler informó que durante una inspección a las represas de Hampaturi se verificó una disminución en los niveles de almacenamiento de agua. Sin embargo, cuestionó que todavía no se cuente con información técnica suficiente de la Empresa Pública Social de Agua y Saneamiento (Epsas) para establecer cuánto tiempo podrían alcanzar las reservas. “¿Tenemos agua hasta cuándo? ¿Bajo qué condiciones? ¿Bajo qué circunstancias? Aquí no estamos hablando de circunstancias normales, estamos hablando de un superniño que puede extenderse”, afirmó.

La autoridad municipal advirtió además que la sequía no solo representa un riesgo para el abastecimiento de agua, sino que también puede afectar la estabilidad de los terrenos. “Cuando no hay agua y humedad en los terrenos, eso puede provocar deslizamientos. Eso también nos llama la atención para que asumamos acciones anticipadas. En ese sentido, declaramos alerta roja el día de hoy”, sostuvo Dockweiler.

Por su parte, la secretaria de Ciudad Verde, Liset Revollo, señaló que estudios de la Universidad Mayor de San Andrés (UMSA) establecen una alta probabilidad de que el fenómeno de El Niño se prolongue hasta abril. Explicó que existe un 81% de probabilidad de que octubre, noviembre y diciembre sean los meses con mayor impacto, lo que podría afectar la disponibilidad de agua para los hogares paceños.

Como parte de las medidas preventivas, la Alcaldía anunció la conformación del Comité de Operaciones de Emergencias Municipales (COEM) y del Comité Municipal de Reducción de Riesgos y Atención de Desastres (Comarude). También solicitará a Epsas informes técnicos sobre las reservas y exigirá acciones de mantenimiento, debido a que, según Dockweiler, cerca del 40% del agua se pierde por filtraciones y deterioro de las conexiones. El municipio también prevé coordinar con el Gobierno central, la Gobernación, Epsas y la AAPS, además de impulsar campañas para promover el uso responsable del agua.",https://exitonoticias.com.bo/la-paz-declara-alerta-roja-ante-riesgo-de-escasez-de-agua-por-el-fenomeno-de-el-nino/399892/
Éxito Noticias Bolivia,2026-08-10,ECONOMIA,Comercializadores de pollo reportan incremento del kilo a Bs 29 en La Paz y piden diálogo con el Gobierno,"Éxito Noticias, 10 de agosto 2026.- El precio del kilo de carne de pollo llegó hasta Bs 29 en algunos mercados de La Paz, según reportaron los comercializadores al detalle, quienes atribuyen el incremento a una variación en los costos de los proveedores. El dirigente del sector, Miguel Rivero, informó en contacto con Radio Éxito que el producto es adquirido al por mayor entre Bs 26,50 y Bs 27, por lo que en los mercados se encuentra hasta en Bs 29.

Rivero explicó que el precio no es uniforme debido a que depende de cada proveedor y planteó que el Gobierno convoque a una mesa de diálogo con todos los sectores involucrados para determinar las causas del incremento. “Lo que se debería hacer en una mesa de diálogo es exponer todas las propuestas y el porqué de la elevación de precio. Uno tiene que exponer: el granjero, los mataderos, a cuánto está lo que pelan, así también los intermediarios y los transportistas, porque el producto también trae un transportista, el flete”, señaló.

El dirigente indicó que los comercializadores ya enviaron solicitudes para reunirse con autoridades del Gobierno, pero hasta el momento no recibieron una respuesta. Señaló que el sector busca conocer información detallada sobre la producción y la estructura de costos del alimento para establecer dónde se origina el aumento que termina afectando al consumidor paceño.

Rivero también se refirió a las explicaciones relacionadas con la falta de combustible y el incremento del dólar. “La primera explicación que siempre dan es que no hay combustible, el diésel. Evidentemente nosotros sí vemos que ya hay largas colas y el dólar que ya es flexible, que se ha elevado”, afirmó. Sin embargo, cuestionó que estos factores sean utilizados como única explicación, debido a que los proveedores adquieren insumos para periodos de uno o dos meses y no diariamente.",https://exitonoticias.com.bo/comercializadores-de-pollo-reportan-incremento-del-kilo-a-bs-29-en-la-paz-y-piden-dialogo-con-el-gobierno/399896/
Éxito Noticias Bolivia,2026-08-10,ECONOMIA,Falta de combustible genera malestar en choferes: exigen al Gobierno cumplir sus compromiso,"Éxito Noticias, 10 de agosto 2026.- El máximo dirigente de la Confederación de Choferes de Bolivia, Lucio Gómez, exigió al Gobierno cumplir los compromisos asumidos con el sector respecto al abastecimiento de diésel y gasolina, y advirtió que, si no se atienden sus demandas, podrían generarse problemas. El dirigente evitó referirse a los abucheos contra el presidente durante la Parada Militar y afirmó que los transportistas están concentrados en resolver las dificultades que afectan directamente a su trabajo.

“Nosotros vamos a dedicarnos netamente a lo social”, afirmó Gómez, al señalar que la principal preocupación de los choferes es la falta de combustible y las extensas filas que deben realizar para conseguir diésel y gasolina. Explicó que las dificultades para acceder a carburantes reducen las jornadas de trabajo y, por tanto, los ingresos de los transportistas.

El dirigente sostuvo que existe malestar entre las bases del sector y remarcó que los choferes necesitan combustible para poder trabajar y garantizar el sustento de sus familias. “Queremos trabajar, tenemos que llevar el pan del día”, manifestó, al insistir en que el abastecimiento de carburantes es una de las principales demandas que actualmente plantean al Gobierno.

Gómez finalmente lanzó una advertencia a las autoridades y pidió que se cumplan los compromisos asumidos con el transporte. “Si no hay combustible y, por lo tanto, el Gobierno piensa muy bien, cumplan con los compromisos y si no habrá problemas”, afirmó. El dirigente aclaró que su sector no busca involucrarse en la disputa política generada por las críticas y aplausos al mandatario, sino que pretende que se atiendan sus demandas sociales y se garantice el suministro de diésel y gasolina.",https://exitonoticias.com.bo/falta-de-combustible-genera-malestar-en-choferes-exigen-al-gobierno-cumplir-sus-compromiso/399900/
Éxito Noticias Bolivia,2026-08-10,"POLITICA, PORTADA",Vicepresidente afirma que Evo Morales puede impulsar un referéndum y que el pueblo será quien decida,"Éxito Noticias, 10 de agosto 2026.- El vicepresidente Edmand Lara afirmó este lunes que respeta la propuesta del ala evista de impulsar un referéndum para consultar a la población sobre una eventual nueva candidatura del expresidente Evo Morales. Señaló que, si la iniciativa llega a concretarse, será la ciudadanía la que tenga la última palabra mediante el voto.

“Cuando tú hablas de referéndum significa que la gente tiene que ir a emitir su voto para ver si está de acuerdo o no. Y si la mayoría gana, pues se respeta la voluntad popular”, sostuvo Lara al referirse a la posibilidad de someter el tema a consulta popular.

Las declaraciones del vicepresidente surgieron después de que el exdiputado evista Anyelo Céspedes planteara la realización de un referéndum para preguntar a los bolivianos si Morales debería estar habilitado para participar nuevamente en una elección presidencial. Lara consideró que la propuesta corresponde a una apreciación personal, pero remarcó que, de plantearse formalmente una consulta, la decisión deberá quedar en manos del electorado.

“Yo creo que él está haciendo una apreciación personal, la respeto, pero si él plantea un referéndum, es el pueblo el que tiene que definir”, manifestó Lara, quien insistió en que la voluntad popular debe ser respetada si una eventual consulta obtiene la mayoría de votos.

El debate sobre una nueva candidatura de Morales se mantiene pese a que en 2016 un referéndum constitucional rechazó la modificación que buscaba habilitar la reelección indefinida. Posteriormente, Morales se postuló en 2019, en unos comicios que derivaron en una crisis política y social. Actualmente, el exmandatario enfrenta restricciones para volver a postular debido a fallos del Tribunal Constitucional que establecen que una persona no puede ser elegida para un cargo público por más de dos veces.",https://exitonoticias.com.bo/vicepresidente-afirma-que-evo-morales-puede-impulsar-un-referendum-y-que-el-pueblo-sera-quien-decida/399888/
Éxito Noticias Bolivia,2026-08-10,"EMPRESARIAL, SOCIAL",¡A votar por Bolivia! Roaster Specialty Coffee compite entre las 100 mejores cafeterías de Sudamérica,"Éxito Noticias, 10 de agosto 2026.- La cafetería paceña Roaster Specialty Coffee, considerada pionera del café de especialidad en Bolivia, fue nominada a la lista de las 100 Mejores Cafeterías de Sudamérica 2026, un reconocimiento que busca destacar a los establecimientos más sobresalientes de la región. La cafetería llega a esta nominación después de haber sido reconocida como la mejor del país en una selección nacional realizada con participación del público y un panel de expertos.

Roaster Specialty Coffee inició sus operaciones en 2011 y es reconocida por haber sido la primera cafetería y tostaduría de especialidad de Bolivia. Actualmente trabaja a lo largo de toda la cadena del café, desde el origen y tueste del grano hasta su preparación y servicio, además de abastecer a otros establecimientos especializados del país.

Desde la cafetería destacaron que esta nominación representa también un reconocimiento al público que los ha acompañado durante años. “Hoy queremos pedirles un último apoyo. Ayúdennos a llevar el nombre de Bolivia a lo más alto. ¡Tu voto puede hacer la diferencia!”, expresaron, invitando a los amantes del café a respaldar la candidatura y contribuir a posicionar al país en el mapa internacional del café de especialidad.

¿Cómo apoyar a Roaster?

El proceso consiste en ingresar a la plataforma oficial de votación de The World’s 100 Best Coffee Shops , seleccionar Roaster Specialty Coffee entre las opciones de Bolivia, completar los datos solicitados y emitir el voto. Posteriormente, se debe ingresar al correo electrónico recibido y confirmar la votación.

Votar por Roaster Specialty Coffee .",https://exitonoticias.com.bo/a-votar-por-bolivia-roaster-specialty-coffee-compite-entre-las-100-mejores-cafeterias-de-sudamerica/399882/
Éxito Noticias Bolivia,2026-08-10,"NACIONAL, POLITICA, PORTADA",Pachacute no descarta que las tarifas eléctricas puedan subir hasta un 30% y anuncia acciones en el Senado,"Éxito Noticias, 10 de agosto 2026.- La senadora de la alianza Libre, Elena Pachacute, expresó su preocupación por el incremento de las tarifas de energía eléctrica y al ser consultada si el ajuste que podría continuar hasta alcanzar un 30% en los próximos meses, afirmó que este escenario puede ser posible por lo que anunció acciones legislativas para frenar el impacto en los hogares bolivianos.

En contacto con radio Éxito, la legisladora informó que a mediados de julio presentó un proyecto de ley para abrogar el decreto supremo que permitió un incremento de hasta el 5% en las tarifas eléctricas. La propuesta ya se encuentra en la Cámara de Senadores, dentro de la Comisión de Economía Plural, y prevé ser tratada en los próximos días.

Pachacute explicó que la iniciativa busca dejar sin efecto la normativa y exigir al Órgano Ejecutivo la realización de estudios técnicos, sociales y económicos antes de aplicar cualquier modificación tarifaria. “Vamos a darle la celeridad absoluta a este proyecto de ley para que de manera urgente pueda abrogarse”, afirmó la senadora.

La legisladora también señaló que se analiza la posibilidad de presentar un Amparo Constitucional, aunque aclaró que todavía no existe una decisión definitiva debido a las limitaciones de personal y al trabajo que desarrolla actualmente la Cámara Alta.

Asimismo, Pachacute vinculó el incremento de las tarifas con el cambio del régimen cambiario y cuestionó que los costos asociados a la generación y distribución de energía terminen trasladándose directamente a los consumidores. Según explicó, algunas empresas del sector energético estarían considerando valores vinculados al tipo de cambio, que anteriormente se encontraba en Bs 6,97 y que actualmente registra una cotización superior en el mercado, situación que tendría incidencia en sus costos.

La senadora cuestionó los criterios utilizados por las autoridades reguladoras para establecer los ajustes y afirmó que debe existir una evaluación diferenciada de acuerdo con el tipo de consumidor. “En la carga económica, tiene que haber una medición equilibrada”, sostuvo.

En ese marco, anunció que presentará una petición de informe escrito a ENDE Corporación para conocer la situación financiera de la empresa, sus costos y las razones que sustentan los ajustes tarifarios. Pachacute también cuestionó los niveles salariales dentro de empresas estatales y mixtas y consideró que los hogares no deberían asumir por completo los efectos de la crisis económica y cambiaria.

De igual forma, la legisladora sostuvo que el incremento de las tarifas eléctricas se suma a otras presiones económicas que ya enfrentan las familias, entre ellas el aumento en los costos de otros servicios y productos. A su criterio, el ajuste debe considerar la capacidad de pago de los usuarios y establecer una clasificación entre consumidores de diferentes niveles de consumo para evitar que el impacto recaiga de manera desproporcionada sobre los hogares.

“El derecho a los servicios básicos es un derecho fundamental para las y los bolivianos”, remarcó. Pachacute cuestionó además que algunas autoridades hayan sostenido que el decreto no autorizaba directamente un incremento de las tarifas, mientras que los usuarios ya perciben modificaciones en sus facturas.

Por otra parte, la senadora también se refirió a la crisis energética y al desabastecimiento de combustibles. En ese contexto, criticó la conformación de las instituciones públicas y afirmó que una parte importante de los funcionarios de anteriores gestiones continúa ocupando cargos.

“Más del 70% siguen funcionarios del MAS en las instituciones”, afirmó Pachacute. Según la legisladora, el Gobierno habría optado por realizar cambios de cargos entre funcionarios en lugar de incorporar nuevos profesionales a las instituciones estatales. A su juicio, esta situación limita la capacidad de respuesta frente a problemas como la falta de combustible.

Pachacute señaló que las autoridades deben acompañar sus disculpas por los problemas registrados con acciones concretas y una mayor eficiencia en las instituciones públicas, mientras continúan las filas y dificultades para acceder a diésel en diferentes regiones del país.",https://exitonoticias.com.bo/pachacute-no-descarta-que-las-tarifas-electricas-puedan-subir-hasta-un-30-y-anuncia-acciones-en-el-senado/399875/
Éxito Noticias Bolivia,2026-08-10,"POLITICA, PORTADA",Rodríguez Veltzé: “La gobernabilidad requiere acuerdos entre las fuerzas políticas”,"Éxito Noticias, 10 de agosto 2026.- El expresidente Eduardo Rodríguez Veltzé afirmó que la gobernabilidad del país dependerá de la capacidad de concertación entre las distintas fuerzas políticas representadas en la Asamblea Legislativa y no únicamente de las decisiones del presidente Rodrigo Paz.

Rodríguez Veltzé consideró necesario que senadores y diputados prioricen acuerdos que permitan avanzar en la gestión pública y pidió que exista una actitud orientada a garantizar la gobernabilidad.

Asimismo, cuestionó la posibilidad de que el Ejecutivo pretenda avanzar sin tomar en cuenta a las organizaciones políticas, al señalar que la representación partidaria forma parte de la estructura democrática del país.

En ese marco, sostuvo que iniciativas como la reforma judicial requieren consensos dentro de la Asamblea Legislativa, debido a que involucran cambios que trascienden a una gestión gubernamental.

El exmandatario señaló que la reforma de la justicia, el Ministerio Público y la Policía constituye una tarea pendiente del Estado y que su ejecución requiere compromisos políticos y acciones legislativas.",https://exitonoticias.com.bo/rodriguez-veltze-la-gobernabilidad-requiere-acuerdos-entre-las-fuerzas-politicas/399869/
Éxito Noticias Bolivia,2026-08-10,"NACIONAL, PORTADA",Gobierno brindará ayuda financiera para damnificados por incendio en feria Barrio Lindo,"Éxito Noticias, 10 de agosto 2026.- El Gobierno anunció este lunes medidas de apoyo financiero para los comerciantes y trabajadores afectados por el incendio en la feria Barrio Lindo, ubicada en Santa Cruz de la Sierra, y aclaró que la seguridad de las familias es la prioridad antes de iniciar cualquier plan de reorganización.

Los ministros de Desarrollo Productivo, Rural y Agua, Oscar Mario Justiniano; y de Economía y Finanzas Públicas, José Gabriel Espinoza; junto al alcalde de Santa Cruz, Carlos Manuel Saavedra; indicaron que proseguirán con el apoyo a las familias damnificadas por el siniestro registrado en la feria —ubicada entre el tercer y cuarto anillo de la capital oriental—, garantizando que la ayuda estatal se mantendrá de forma continua más allá de la fase de emergencia inicial, mediante planes de apoyo económico y técnico.

“Estamos trabajando para establecer líneas de crédito para recuperar el capital de trabajo. Entendemos que no están pidiendo regalos, lo que piden es poder volver a trabajar”, declaró Espinoza.

En este contexto, esta cartera de Estado coordinará con la alcaldía cruceña la elaboración y validación de una lista precisa de los damnificados. El propósito es entregarles recursos rápidamente para que repongan mercadería y herramientas, reactiven sus negocios y recuperen sus ingresos.

“Vamos a trabajar en esas líneas de crédito para el capital de aquellos que lo han perdido aquí adentro y, para eso, necesitamos trabajar en coordinación con la alcaldía en las listas de quienes han resultado afectados”, afirmó el ministro.

En este sentido, el Gobierno coordinará con los bancos la reprogramación y refinanciamiento de créditos para los damnificados. El objetivo es darles un periodo de alivio financiero para que reconstruyan sus negocios sin la presión del pago inmediato de sus deudas.

Plan conjunto Por su parte, el ministro Justiniano afirmó que la seguridad de las familias afectadas está primero, y que posteriormente se verá una pronta reorganización del área. “Ya hay un plan municipal y, como Gobierno central, la línea de nuestro presidente (Rodrigo Paz Pereira) es ayudar de todas las maneras posibles. Entonces estamos evaluando, el ministro de Economía ya ha lanzado algo de información, pero vamos a estar junto a ellos para ver cómo se los puede ayudar”.

La autoridad remarcó que se trabaja en un plan conjunto entre el Gobierno nacional y los subnacionales para ayudar a todos los damnificados por el siniestro ocurrido en el sector Acronal, el cual se produjo en la madrugada del pasado jueves 6 de agosto, y se expandió rápidamente debido a la gran cantidad de material inflamable y textiles en el lugar.

“Hay que trabajar con el gobernador y con nuestro alcalde. Hemos estado coordinando con él todas las acciones desde el inicio y bueno, ahora hay que ver cómo ayudamos a nuestra gente”, puntualizó Justiniano.",https://exitonoticias.com.bo/gobierno-brindara-ayuda-financiera-para-damnificados-por-incendio-en-feria-barrio-lindo/399902/
Éxito Noticias Bolivia,2026-08-10,SEGURIDAD,Interpol activa notificación naranja para localizar a los dos reos brasileños fugados de Palmasola,"Éxito Noticias, 10 de agosto 2026.- Interpol activó la notificación naranja para facilitar la identificación y recaptura de los ciudadanos brasileños Alex Heleno da Silva y Fernando Junior da Silva, quienes escaparon de la cárcel de Palmasola, en Santa Cruz, durante un corte de electricidad registrado la madrugada del 5 de agosto. El director de Interpol Bolivia, coronel Bladimir Peredo, informó que la alerta ya fue incorporada al sistema I-247 y que los datos de ambos prófugos fueron puestos a disposición de los países miembros de la organización policial internacional.

La Policía boliviana también coordina con sus pares de Brasil para obtener información que permita establecer la posible ruta de fuga y determinar si los dos reclusos lograron abandonar el país. “Estamos a trabajo coordinado, precisamente con nuestros pares de Brasil, para poder usar la mayor información posible en torno a estos dos sujetos”, señaló una autoridad policial. La notificación naranja permite advertir a otros países sobre personas consideradas peligrosas y vinculadas a una evasión penitenciaria.

De acuerdo con las investigaciones preliminares, los dos brasileños utilizaron sábanas atadas entre sí a manera de cuerda para descender desde una estructura interna del penal y posteriormente superar el muro perimetral. Tras conocerse la fuga, la Policía desplegó un operativo de búsqueda en Santa Cruz y reforzó los controles en las zonas fronterizas. El caso además derivó en una investigación interna y tres policías fueron enviados a la cárcel para establecer si existieron fallas de seguridad, negligencia o complicidad.

Alex Heleno da Silva se encontraba recluido en Palmasola con fines de extradición a Brasil, donde tiene antecedentes por delitos relacionados con robo y organización criminal. En Bolivia, además, fue vinculado por las autoridades con investigaciones por hechos violentos registrados en Santa Cruz, entre ellos el asesinato de José Ángel Castañeta, alias “Cara de Bebé”, y un triple asesinato ocurrido en El Torno. La Policía también lo señaló como presunto integrante del Primer Comando de la Capital (PCC).

En tanto, Fernando Junior da Silva cumplía una condena en Palmasola por tráfico de armas y también enfrentaba investigaciones por organización criminal y asesinato. Con la activación de la notificación naranja, la búsqueda de ambos dejó de concentrarse únicamente en territorio cruceño y pasó a involucrar a organismos policiales de otros países. Ahora las autoridades deberán determinar si los prófugos continúan en Bolivia o si lograron cruzar la frontera hacia Brasil u otro país.",https://exitonoticias.com.bo/interpol-activa-notificacion-naranja-para-localizar-a-los-dos-reos-brasilenos-fugados-de-palmasola/399905/
Éxito Noticias Bolivia,2026-08-10,SEGURIDAD,Lara afirma que la Policía perdió el control de la seguridad del Estado y pide cambio del comandante Sokol,"Éxito Noticias, 10 de agosto 2026. – El vicepresidente Edmand Lara afirmó que la Policía Boliviana “ha perdido el control de la seguridad del Estado” debido al avance de la inseguridad y el crimen organizado en diferentes regiones del país. La autoridad cuestionó el desempeño del comandante general de la Policía, Mirko Sokol, y consideró que la institución atraviesa problemas que requieren cambios en sus niveles de conducción.

“Yo fui claro en varias ocasiones, la Policía ha perdido el control de la seguridad del Estado. Es lamentable”, afirmó Lara. Cuestionó que Sokol esté más concentrado en realizar declaraciones políticas y mantener diferencias con el ministro de Gobierno que en cumplir sus funciones como comandante. “Creo que como comandante le ha quedado grande el cargo, yo creo que debe ser cambiado”, sostuvo.

Lara puso como ejemplo la situación de inseguridad en Santa Cruz y recordó el asesinato de un oficial que acudió a investigar un hecho en el que cuatro personas fueron asesinadas en San Matías. Según la autoridad, uno de los principales implicados, conocido con el alias de “El Piña”, tenía 33 procesos relacionados con hechos violentos y habría sido señalado como autor intelectual y material de varios delitos. “Si hubiesen actuado con contundencia con este señor alias El Piña, yo creo que no hubiéramos lamentado la pérdida del oficial”, manifestó.

El vicepresidente también cuestionó la asignación de personal en unidades policiales especializadas y denunció que no siempre se designa a funcionarios con la preparación necesaria. “Todas las actuaciones investigativas que realiza la Policía están viciadas de nulidad, lamentablemente creo que a la FELCC no se están destinando personal que tenga la capacidad”, afirmó. Lara sostuvo además que dentro de la institución estaría primando la “venta de cargos y de destinos” y expresó su deseo de que el asesinato del oficial en San Matías sea el último caso de un policía que pierda la vida en esas circunstancias.",https://exitonoticias.com.bo/lara-afirma-que-la-policia-perdio-el-control-de-la-seguridad-del-estado-y-pide-cambio-del-comandante-sokol/399909/
Opinión,2026-08-10,"Gobernación, Agua, Municipios, Alcaldías, reservorio",Gobernación y alcaldías construirán 60 reservorios de agua en 32 municipios,"La falta de agua es un tema recurrente en Cochabamba. La Gobernación construirá 60 reservorios en 32 municipios del departamento para enfrentar los efectos de la sequía y garantizar la seguridad alimentaria. El proyecto será ejecutado a través de la Secretaría de Medio Ambiente y Recursos Hídricos.

Estas acciones beneficiarán de manera directa a 3.201 familias garantizando agua para consumo y posibilitarán el riego de 301,9 hectáreas de cultivos agrícolas.

El gobernador, Leonardo Loza, firmó este lunes, un convenio intergubernativo, con los alcaldes de los municipios que se beneficiarán con la construcción de los 49 tanques de hormigón armado, de los cuales 20 tanques tienen la capacidad de almacenar 22 metros cúbicos de agua para consumo y otros 29 tanques, tienen la capacidad de almacenar 50 metros cúbicos para riego.

Asimismo, otros 11 municipios se beneficiarán con la entrega de geomembranas para la implementación de atajados.

“Estos convenios van ayudar a paliar el tema de desastres, particularmente la sequía, en nuestros municipios. Que sea en buena hora, muchas gracias a los alcaldes por el aporte para concretar la construcción de los tanques”, señaló el Gobernador.

Por su parte, el alcalde de Capinota, Santiago Condori, destacó las acciones inmediatas que instruyó el Gobernador, para prevenir y enfrentar los efectos de la sequía en las comunidades más alejadas del departamento, que incluyen el Valle Alto, Valle Bajo y la Región Andina, además de garantizar el riego de la producción agrícola que abastece a mercados locales.

“Estamos agradecidos por todo el apoyo de la Gobernación, las comunidades se están enfrentando a la sequía, para evitar esto ya vamos a contar con los tanques”, sostuvo.",https://www.opinion.com.bo/articulo/cochabamba/gobernacion-alcaldias-construiran-60-reservorios-agua-32-municipios/20260810231753994597.html
Opinión,2026-08-10,"Gobierno, LEYES, Asambleísta, Libre, Transfugio",Gobierno hablará con cada asambleísta si es necesario para aprobar leyes; LIBRE advierte transfugio,"El vocero presidencial José Luis Galvez anunció que, si bien el Gobierno gestionará la aprobación de nuevas leyes con líderes políticos, si es necesario, hablará con cada asambleísta para brindar apoyo a los proyectos normativos. Sin embargo, desde la alianza LIBRE ya han advertido el peligro de que este enfoque de apoyos se convierta en transfugio y prebendalismo.

Galvez explicó que la intención es cambiar la forma de hacer política, porque durante años un jefe político definía si las asambleístas levantaban la mano sin mayor discusión sobre las leyes.

Contextualizó también que las actuales alianzas políticas “son fruto de un proyecto electoral” y “no de un proyecto político per se”.

En ese marco, manifestó la esperanza de que los asambleístas cumplan un rol pensando en Bolivia y no pensando en su partido o su líder políticO.

El vocero destacó el rol de líderes políticos que encabezaron alianzas, como Samuel Doria Medina, Tuto Quiroga, Manfred Reyes Villa y Andrónico Rodríguez, por lo cual no descartó que el Gobierno hable con ellos, sin embargo, enfatizó que es el momento de que parlamentarios piensen en la patria.

“Se hablará con los líderes políticos, se hablará con las alianzas internas, se hablará con cada uno de ser necesario de los asambleístas, de los senadores y de los diputados porque este es el tiempo que hay que pensar en la patria. No estamos construyendo una ley para el gobierno”, dijo en La Mañana en Directo de ERBOL.

En la bancada de LIBRE, las representantes Tomasa Yarhui y Lissa Claros denunciaron que el Gobierno pretendería sumar apoyo mediante la prebenda.

Yarhui cuestionó que el Gobierno fomente el transfugio, como denunció que hizo para aprobar el Presupuesto General del Estado. Dijo que esta práctica rompe la institucionalidad, puesto que algunos parlamentarios estarían traicionando el voto.

Claros, por su parte, denunció que parlamentarios están negociando su voto. “Nosotros como alianza Libre le hemos planteado un acuerdo político social para empezar a gobernar con responsabilidad, eso no significa que aquí estamos pidiendo pegas”, agregó.

Esta polémica surge cuando el Gobierno está por enviar el proyecto de ley de inversiones a la Asamblea, pero también prevé también un paquete de leyes que reformen el régimen en hidrocarburos, minería y otros ámbitos.",https://www.opinion.com.bo/articulo/pais/gobierno-hablara-cada-asambleista-es-necesario-aprobar-leyes-libre-advierte-transfugio/20260810200219994595.html
Opinión,2026-08-10,"Homicidio, Abogado, Aprehendido, Víctima, Viacha, Presunto","Un abogado fue victima de homicidio en Viacha, La Paz; el presunto autor quedó aprehendido","Un abogado falleció debido a una agresión con arma punzocortante que sufrió en la localidad de Viacha, del departamento de La Paz. El presunto autor fue aprehendido y puesto a disposición de la autoridad jurisdiccional, informó el director nacional de la Fuerza Especial de Lucha contra el Crimen (FELCC), coronel Marcelo Sánchez.

Según el jefe policial, el hecho se registró el 5 de agosto. El abogado se encontraba herido en estado crítico y fue llevado a un hospital; sin embargo, posteriormente perdió la vida.

De acuerdo con el reporte, la víctima y el ahora aprehendido se encontraban consumiendo bebidas alcohólicas al interior de la oficina del abogado cuando, presuntamente, se produjo una pelea.

El jefe policial indicó que, tras conocerse el hecho, se iniciaron las investigaciones para establecer el paradero del presunto agresor, quien recientemente fue localizado y aprehendido en el sector de Ciudadela.",https://www.opinion.com.bo/articulo/policial/abogado-fue-victima-homicidio-viacha-presunto-autor-quedo-aprehendido/20260810195105994593.html
Opinión,2026-08-10,"Cochabamba, Proyecto, ABC, Obras, Inicio, Pacata",Cochabamba: ABC socializa proyecto del Distribuidor Pacata antes del inicio de obras,"La Administradora Boliviana de Carreteras (ABC) socializó los alcances técnicos, ambientales y sociales del proyecto Distribuidor Pacata, en Cochabamba, durante una reunión con autoridades del municipio de Sacaba y representantes de las Organizaciones Territoriales de Base (OTB). El encuentro se realizó en la Subalcaldía de Pacata como parte de las acciones previas al inicio de las obras.

Uno de los ejes centrales del encuentro fue la presentación del plan preliminar de desvío de tráfico, instrumento clave para organizar la circulación vehicular y minimizar las afectaciones a los vecinos y transportistas durante la ejecución de las obras. Esta medida responde de manera directa a las condiciones contractuales fijadas en el convenio de préstamo con el Fondo Financiero para el Desarrollo de la Cuenca del Plata (Fonplata).

Según la ABC, el proyecto del Distribuidor Pacata dará una solución estructural a un punto de alta congestión en la Red Vial Fundamental. La obra contempla un tramo principal de 347,22 metros con un desnivel inferior de dos carriles y un tramo complementario de 266,93 metros adaptado para el transporte pesado, ""lo que permitirá optimizar el flujo diario de más de 25.000 vehículos y beneficiar de forma directa a aproximadamente 36.500 habitantes de la zona"".",https://www.opinion.com.bo/articulo/cochabamba/cochabamba-abc-socializa-proyecto-distribuidor-pacata-antes-inicio-obras/20260810193216994591.html
Opinión,2026-08-10,"Alcaldía, Santa Cruz, bomberos, propuesta, Mamen Saavedra",Alcalde de Santa Cruz propone aporte ciudadano de Bs 1 mensual para fortalecer bomberos,"El alcalde de Santa Cruz, Manuel “Mamen” Saavedra, anunció que planteará un aporte voluntario de un boliviano mensual de la ciudadanía, a través de las facturas de luz y agua, para crear un fondo destinado a mejorar las condiciones de los bomberos.

La iniciativa surge después del incendio en la Feria Barrio Lindo, donde se evidenció las carencias de equipamiento y apoyo a los bomberos en Santa Cruz.

Saavedra afirmó que los bomberos municipales, de la Policía y voluntarios realizan un trabajo “extraordinario” pese a contar con recursos insuficientes.

“Vamos a plantear un aporte voluntario de la ciudadanía a través de la factura de luz y de agua de un boliviano al mes para que se cree un fondo para que nuestros bomberos tengan mejores condiciones”, declaró.

El alcalde también señaló que se buscará gestionar, junto con el Gobierno nacional, apoyo de otros países para fortalecer a los cuerpos de bomberos. Como ejemplo, mencionó vehículos donados por Japón que fueron utilizados para apoyar en tareas relacionadas con incendios.

Saavedra agregó que existe un proyecto para comenzar a implementar estaciones de bomberos distritales, con el objetivo de mejorar la capacidad de respuesta ante situaciones de emergencia y dotar a los efectivos de mejores instrumentos para combatir el fuego.

Según el alcalde, estas estaciones permitirían que los bomberos enfrenten este tipo de situaciones con mejores condiciones y reduzcan los riesgos para sus vidas.",https://www.opinion.com.bo/articulo/pais/alcalde-santa-cruz-propone-aporte-ciudadano-bs-1-mensual-fortalecer-bomberos/20260810182052994588.html
Opinión,2026-08-10,"Evo, Vicepresidente, propuesta, referendo, Lara","Lara sobre la propuesta de un referendo para repostular a Evo: “si la mayoría gana, se respeta la voluntad popular”","El vicepresidente Edmand Lara manifestó que respeta la propuesta del ala evista de realizar un referendo para habilitar una nueva candidatura de Evo Morales. Señaló que la decisión debe ser del pueblo.

“Cuando tú hablas de referéndum significa que la gente tiene que ir a emitir su voto para ver si está de acuerdo o no. Y si la mayoría gana, pues la se respeta la voluntad popular”, dijo Lara este lunes.

El pronunciamiento surge después de que el exdiputado evista Anyelo Céspedes sugirió realizar un referendo, para preguntar a la ciudadanía si Evo Morales puede ser candidato presidencial.

“Yo creo que él está haciendo una apreciación personal, la respeto, pero si él plantea un referéndum, es el pueblo el que tiene que definir”, comentó el vicepresidente.

En 2016, ya se realizó un referendo para reformar la Constitución y permitir la reelección sin límites, pero el “no” se impuso en el plebiscito. Pese a ello, Morales se repostuló en 2019, en un proceso electoral que terminó en conflicto social y su posterior renuncia a la presidencia.

Actualmente, Morales está inhabilitado a postularse por sentencias del Tribunal Constitucional que, con base a una opinión de la Corte Interamericana, determinó que no se puede ser electo a un cargo más de dos veces.",https://www.opinion.com.bo/articulo/pais/lara-propuesta-referendo-repostular-evo-mayoria-gana-respeta-voluntad-popular/20260810175732994586.html
Opinión,2026-08-10,"Gestión, Peso, Loza, Meses, Problema, economico",Tres meses de gestión: Loza dice que el “peso” está en el problema económico,"El gobernador de Cochabamba, Leonardo Loza, ya cumplió tres meses en el cargo. Expresó que la parte económica es el mayor “peso”.

La autoridad asumió a principios de mayo de este 2026.

Consultado sobre las mayores dificultades en su gestión, Loza respondió: “Aparte de los conflictos sociales que nos han atribuido como un ataque a la Gobernación, hemos sentido más el problema económico que tiene la Gobernación de Cochabamba#.

Agregó que existe bastante demanda en producción, caminos, incendios, sequías que están empezando y que hay solicitudes para implementar pozos, tanques, riesgo.

En temas productivos, en el Trópico, como ejemplo, dijo que buscan trabajar en aspectos preventivos, antes de la llegada de la temporada de lluvias y riadas.",https://www.opinion.com.bo/articulo/cochabamba/tres-meses-gestion-loza-dice-que-peso-problema-economico/20260810175112994585.html
Opinión,2026-08-10,"Economía, Gobierno, BCB, Dólares, Devolución",BCB inicia el viernes 14 nueva etapa de devolución de dólares y habilitará retiros de hasta $us 5.000,"El Banco Central de Bolivia (BCB) recordó que el viernes 14 de agosto comenzará la nueva etapa de devolución de depósitos en dólares en el sistema financiero desde $us 3.001 hasta $us 5.000.

“El Banco Central de Bolivia te recuerda que este viernes 14 de agosto de 2026 comienza una nueva etapa de la devolución de depósitos en dólares en el sistema financiero. A partir de esa fecha se devolverán desde $us 3.001 hasta $us 5.000 a los ahorristas que deseen retirar sus fondos. Luego, los montos irán en aumento”, posteó el ente emisor en sus redes sociales.

El 10 de julio, el Ministerio de Economía y Finanzas Públicas informó que la devolución de los depósitos en dólares se efectuará en etapas y el cronograma “responsable para fortalecer las Reservas Internacionales y devolver con transparencia lo que es de los bolivianos” es el siguiente:

La primera etapa arrancó el 15 de julio con la devolución de entre $us 1.001 y $us 3.000; la segunda comienza el 14 de agosto, con $us 3.001 a $us 5.000; la tercera, el 15 de septiembre, con $us 5.001 y $us 8.000; la cuarta, el 15 de octubre, con $us 8.001 y $us 10.000; la quinta, el 16 de noviembre, con $us 10.001 y 15.000; la sexta, el 14 de diciembre, con $us 15.001 y $us 20.000.

La devolución de los dólares a los ahorristas continuará en 2027, con la séptima etapa que iniciará el 15 de enero con retornos de $us 20.001 y $us 30.000; la octava, tomará entre el 15 de febrero y 15 de marzo, con $us 30.001 y $us 50.000; y la novena, está prevista entre el 15 de abril, 17 de mayo, el 15 de junio y el 15 de julio.",https://www.opinion.com.bo/articulo/pais/bcb-inicia-viernes-14-nueva-etapa-devolucion-dolares-habilitara-retiros-us-5000/20260810173415994583.html
Opinión,2026-08-10,"FELCN, Aprehendidos, Droga, Operativo, Locotal",Hallan 30 paquetes de marihuana en una flota y aprehenden al chofer y su ayudante,"Dos personas, el conductor de una flota y su acompañante, fueron aprehendidas luego de que efectivos de la Fuerza Especial de Lucha Contra el Narcotráfico (FELCN) hallaran 30 paquetes con marihuana durante un operativo de control en el puesto de Locotal, en Cochabamba.

El hecho se registró durante la revisión de un vehículo de transporte público que se dirigía hacia la ciudad de Santa Cruz de la Sierra. En el marco del control, los efectivos procedieron a requisar la flota y encontraron varios paquetes que contenían una sustancia de color verdoso.

La sustancia fue sometida a una prueba de campo, cuyo resultado dio positivo para marihuana. Tras el hallazgo, los efectivos de la FELCN procedieron a la aprehensión del conductor del vehículo y de su acompañante.

El caso fue puesto a conocimiento de las autoridades competentes.",https://www.opinion.com.bo/articulo/policial/hallan-30-paquetes-marihuana-flota-aprehenden-chofer-ayudante/20260810171953994582.html
Opinión,2026-08-10,"La Paz, Transporte, Zona Sur, Mi Teleferico, Bus",Mi Teleférico y La Paz BUS incorporan nuevas rutas hacia la zona Sur,"Mi Teleférico y La Paz BUS inauguraron este lunes la ampliación del Sistema Integrado de Transporte (SIT), con la incorporación de nuevas rutas que conectan las zonas de Achumani y Chasquipampa con la Estación Irpavi de la Línea Verde, fortaleciendo la movilidad de miles de usuarios y consolidando un servicio de transporte público más eficiente, seguro y accesible.

La implementación de estas nuevas conexiones se enmarca en las políticas impulsadas por el presidente Rodrigo Paz y el ministro de Obras Públicas, Mauricio Zamora, orientadas a fortalecer el transporte público, mejorar la conectividad urbana y promover servicios modernos que contribuyan a elevar la calidad de vida de la población.

La ampliación del sistema incorpora nuevas rutas troncales desde Campo Verde Achumani y la calle 63 de Chasquipampa hacia la Estación Irpavi de Mi Teleférico, complementando la operación de La Paz BUS y permitiendo una conexión directa con la Línea Verde y con toda la Red de Integración Metropolitana de transporte por cable.

Asimismo, los usuarios podrán conectarse desde la Estación Irpavi de Mi Teleférico con el centro de la ciudad de La Paz y con la ciudad de El Alto a través de la Línea Verde. Desde este punto, podrán realizar transbordos hacia las líneas Celeste y Amarilla.

La ruta del PumaKatari de Achumani realizará el recorrido Campo Verde–San Pedro y viceversa, en los horarios de 06:30 a 08:30 y de 16:50 a 20:40, mientras que la ruta del PumaKatari de Chasquipampa operará entre la calle 63 y la plaza Camacho, de 07:00 a 08:30 y de 16:40 a 20:40. De esta manera, los usuarios podrán acceder de forma directa a la Línea Verde de Mi Teleférico para continuar sus desplazamientos hacia distintos sectores de la ciudad.

“Este es un gran primer paso que termina siendo en beneficio de la población, tras que ya se puede generar una continuidad del servicio. Estamos trabajando para lograr la movilidad urbana y una planificación que permita poder tomar unas rutas de manera directa, ahorrando tiempo y ahorrando costos”, afirmó el gerente de Mi Teleférico, Christian Eduardo Rojas.

La ampliación de estas rutas fortalece la integración de los servicios de Mi Teleférico y La Paz BUS, generando nuevas alternativas de movilidad para la población paceña y facilitando la conexión entre distintos sectores de la ciudad.

Con la inauguración de estas nuevas conexiones, Mi Teleférico y La Paz BUS fortalecen la integración del transporte público y avanzan hacia una movilidad urbana moderna, integrada y sostenible, facilitando los desplazamientos de la población de la zona Sur hacia distintos sectores de La Paz y El Alto.",https://www.opinion.com.bo/articulo/pais/teleferico-paz-bus-incorporan-nuevas-rutas-zona-sur/20260810170308994580.html
Opinión,2026-08-10,"Gobernador, Cocapata, Vehículo, Minera, técnica",Cocapata: hay actividad minera en área protegida; Gobernador dice que se revisa parte técnica,"En Cocapata se explota oro en las minas. Sin embargo, existe actividad en zonas que son parte de un área protegida. Al respecto, el gobernador de Cochabamba, Leonardo Loza, informó que revisan la parte técnica para ayudar a los pobladores.

En días anteriores, en entrevista con OPINIÓN, el Alcalde de Cocapara remarcó que la actividad minera del oro aporta con regalías millonarias al departamento. Además, agregó que esta actividad, además de la agricultura y otras, es afectada por la ampliación de un área protegida enfocada en la vicuña.

La autoridad aseguró que la ampliación se dio sin consensos y por encima de actividades ya establecidas.

Al respecto, el Gobernador expresó este lunes que ya sostuvo reuniones con la autoridad municipal de Cocapata.

“Nos ha planteado este tema de una nueva área o territorio protegido, donde siempre ha habido comunidades vigentes, sembrando cultivando, haciendo lo que un comunario común hace en nuestras provincias. Lamentablemente, desde arriba, pretenden decir que ‘tienen que salir y es un área restringida, protegida’. Ya había comunidades originarias, hace 60, 70 años, y ahora pretenden, creo, afectar”, sostuvo.

Agregó que revisan la parte técnica para ayudar al municipio.

‘VEHÍCULO ROBADO’ El 29 de julio, surgieron observaciones al gobernador Loza, cuando en una visita a una mina de Cocapata fue visto y fotografiado en un vehículo que supuestamente está reportado como robado en Chile.",https://www.opinion.com.bo/articulo/cochabamba/cocapata-actividad-minera-area-protegida-gobernador-dice-que-revisa-parte-tecnica/20260810164451994578.html
Opinión,2026-08-10,"Violencia, San Sebastián, Detención preventiva, Menores de edad, juegos en línea",Hombre contactaba a menores en juegos en línea para pedirles fotos íntimas y chantajearlas,"Un juez determinó ayer la detención preventiva por seis meses en el penal de San Sebastián Varones para un hombre de 30 años, acusado de contactar a menores de edad en juegos en línea, pedirles fotos íntimas y chantajearlas con difundir el material si se negaban a seguir enviándole más imágenes.

La investigación comenzó tras la denuncia de una madre que alertó que su hija era víctima de extorsión, según informó el comandante de la Policía del Valle Bajo de Cochabamba, Wilson Flores. El sindicado contactaba a niñas y adolescentes de entre 12 y 16 años a través de juegos en línea y les solicitaba material íntimo cuando perdían las partidas. Cuando se negaban a continuar enviándole más fotos, las amenazaba con difundir las imágenes entre sus familiares, amistades y compañeros de colegio.

Agentes de la FELCC activaron un operativo y aprehendieron al sospechoso – quien usa una silla de ruedas – en el punto donde supuestamente iba a encontrarse con una víctima. En la revisión de su celular hallaron varias fotografías de menores de edad, por lo que la investigación continúa para establecer si hay más víctimas.",https://www.opinion.com.bo/articulo/policial/hombre-contactaba-menores-juegos-linea-pedirles-fotos-intimas-chantajearlas/20260810162103994576.html
Opinión,2026-08-10,"Colombia, Terremoto, Muertos, Sismo, Tragedia",Se eleva a 111 la cifra de muertos por el terremoto en Colombia,"El terremoto de magnitud 7,4 que sacudió Colombia este lunes dejó, hasta el momento, 111 personas fallecidas y 87 heridas, de acuerdo con el reporte del presidente Abelardo de la Espriella.

El mandatario informó que el movimiento telúrico provocó daños de consideración. Entre las afectaciones contabilizadas se encuentran 1.575 viviendas dañadas, 37 completamente destruidas y 61 edificios que colapsaron.

La emergencia también alcanzó a la infraestructura pública. Según el reporte oficial, 18 centros de salud y 52 establecimientos educativos presentan daños, mientras continúan las labores de evaluación y atención en las zonas más afectadas.

El sismo se registró durante la mañana de este lunes y tuvo su epicentro en el departamento de Chocó. El movimiento fue percibido en diferentes regiones del país y generó daños en ciudades como Cali, Quibdó y otras localidades.

Los equipos de emergencia permanecen desplegados en las zonas afectadas. El Gobierno colombiano anunció medidas para atender la emergencia y coordinar la respuesta en los departamentos afectados, mientras las autoridades actualizan el balance de víctimas y daños ocasionados por el terremoto.",https://www.opinion.com.bo/articulo/mundo/eleva-111-cifra-muertos-terremoto-colombia/20260810151202994571.html
Opinión,2026-08-10,"Cochabamba, Alcaldía, Ampliación, unidades, educativas",Alcaldía de Cochabamba destina Bs 55 millones a la ampliación de unidades educativas,"La Alcaldía de Cochabamba inició la segunda fase de ampliación de infraestructuras educativas, con una inversión de Bs 55 millones destinada a mejorar y ampliar 36 infraestructuras educativas del municipio, pese al contexto económico que atraviesa el país, según explicó la Municipalidad.

El alcalde Manfred Reyes Villa colocó las piedras fundamentales para las obras de ampliación de las unidades educativas René Barrientos y Cochabamba A, que forman parte de esta nueva etapa de inversión. En la primera se construirán cuatro aulas y cuatro laboratorios, mientras que en la segunda se implementarán dos aulas pedagógicas y dos laboratorios.

Reyes Villa destacó que esta inversión dará continuidad al trabajo realizado durante la anterior gestión, cuando se destinaron Bs 70 millones a la primera fase de ampliación y mejoramiento de infraestructuras educativas.

La presidenta del Concejo de Padres de Familia Cochabamba 1, Marcela Vargas, valoró la continuidad de los proyectos y destacó que la inversión en infraestructura representa una apuesta por el futuro de los estudiantes.

“Es importante que se siga pensando en nuestros niños y en su formación. Agradecemos que estos proyectos tengan continuidad”, señaló.",https://www.opinion.com.bo/articulo/cochabamba/alcaldia-cochabamba-destina-bs-55-millones-ampliacion-unidades-educativas/20260810145556994569.html
Opinión,2026-08-10,"Evo Morales, Casos, Aprehensión, Orden, impune",Viceministra Echeverría a Evo: “Nadie es eternamente impune”,"La viceministra de Igualdad de Oportunidades, Jessica Echeverría, manifestó este lunes que confía en que se aprehenderá a Evo Morales y advirtió al exmandatario que no se permitirá la impunidad particularmente con delitos sexuales y estupro.

“Mientras esta viceministra esté, nosotros vamos a vigilar por el cumplimiento de la Ley 348 en caso de agresores sexuales y el estupro, así como el delito de trata, por el cual está acusado el señor Evo Morales, tiene obviamente que seguir el curso de la justicia. Nadie es eternamente impune”, dijo Echeverría.

Morales tiene actualmente dos órdenes de aprehensión, siendo la primera de ella por el delito de trata y tráfico que habría cometido contra una menor de edad cuando ejercía el cargo de presidente.

La viceministra dijo que obviamente tiene que cumplirse la orden de aprehensión de Morales. “El ministro de Gobierno ha indicado que esto se va a dar y confío en la palabra del ministro Oviedo”, señaló.

Morales se encuentra actualmente en el Trópico de Cochabamba, donde sus seguidores lo protegen ante un eventual operativo en su contra.",https://www.opinion.com.bo/articulo/pais/viceministra-echeverria-evo-nadie-es-eternamente-impune/20260810144449994566.html
Opinión,2026-08-10,"Alcaldía, Quillacollo, INCENDIO, humareda, compostera",Incendio afectó menos de una hectárea en compostera de Quillacollo,"El incendio reportado en la compostera de Quillacollo afectó menos de una hectárea, según informó el secretario de Desarrollo Productivo y Medio Ambiente de la Alcaldía quillacolleña, Rudy Arellano.

El fin de semana, vecinos de la zona de Chojñacollo Norte denunciaron que predios municipales se convirtieron en ""un botadero"", donde incluso se registró fuego, cuyo humo se había mantenido durante varios días.

Arellano explicó que el incendió se suscitó el viernes, afectando al vivero municipal, donde se encuentra la compostera, en el Distrito 7, sector de Playón Marquina.

“Afectó menos de una hectárea”, dijo.

Detalló que ocho efectivos de la Unidad de Gestión de Riesgos (UGR) trabajaron para apagar el fuego. Reconoció que el trabajo no fue sencillo, considerando que se trata de una compostera. Agregó que la afectación del humo fue temporal, y que se hizo el trabajo de enfriamiento y posterior control en el lugar.

“El sábado quiso reavivarse, pero llevamos dos cisternas para controlarlo”, agregó.",https://www.opinion.com.bo/articulo/cochabamba/incendio-afecto-menos-hectarea-compostera-quillacollo/20260810144302994565.html
Opinión,2026-08-10,"Santa Cruz, INCENDIO, Evaluación, Barrio Lindo, ESTRUCTURA","Tras el incendio en Barrio Lindo, ingenieros definirán si las estructuras deben demolerse o reforzarse","La Sociedad de Ingenieros de Santa Cruz solicitó una inspección técnica a la feria Barrio Lindo para definir si las estructuras de este centro de abasto deben demolerse o reforzarse tras el incendio ocurrido el jueves pasado, informó este lunes el presidente de esta entidad, Rolando Mansilla.

“Estamos pidiendo que se precautele la seguridad, que se precinte todo, que se haga la visita técnica y podamos definir si efectivamente la estructura tiene que ser demolida, si tiene que ser reforzada, qué sectores fueron los más afectados”, indicó en contacto con Bolivia Tv.

Explicó que tras la inspección técnica que fue solicitada este lunes, se prevé dar a conocer los primeros resultados en los próximos días de modo que los comerciantes puedan volver a ingresar.

“Ahora toca el post incendio, nosotros como Sociedad de Ingenieros, ya estamos coordinando con los tres niveles de Estado para realizar una visita técnica exhaustiva, para analizar el estado de las estructuras”, enfatizó.

Remarcó que, tras el incendio, los materiales sufren cambios en sus propiedades, tanto físicos como químicos, lo que significa que a simple vista no se puede determinar si las estructuras de la feria Barrio Lindo “son seguras o no para volver a albergar a los comerciantes, a los visitantes”.

Asimismo, mediante la inspección técnica se conocerá el estado de las instalaciones hidrosanitarias y eléctricas, estas últimas suelen sobrecalentarse durante el consumo masivo y que pueden provocar futuros incendios.

Cerca de las 04.00 de la madrugada del jueves de la semana pasada, se registró un incendió de magnitud en un galpón con variedad de mercadería de la feria Barrio Lindo, el cual fue extinguido luego de 36 horas de trabajo, la tarde del viernes.",https://www.opinion.com.bo/articulo/pais/incendio-barrio-lindo-ingenieros-definiran-estructuras-deben-demolerse-reforzarse/20260810122418994563.html
Opinión,2026-08-10,"Economía, Gobierno, FMI, Dólares, Legislativo",Acuerdo con el FMI aún no llega al Legislativo; piden acelerar el cumplimiento de condiciones,"El diputado de Libre José Luis Porcel indicó que el acuerdo de financiamiento entre Bolivia y el Fondo Monetario Internacional (FMI) continúa en el directorio del organismo internacional e instó al Gobierno a acelerar las condiciones establecidas para concretar el desembolso.

“El país está esperando que el director se manifieste, y todavía no hay nada”, dijo Porcel a Urgente.bo y sostuvo que la aprobación también depende de que el Ejecutivo avance con las leyes estructurales y la reducción del déficit fiscal.

“Es fundamental que se reduzca el déficit fiscal, significa menos gasto corriente, y eso el Gobierno todavía no lo está demostrando. Mientras no ocurra el Fondo posiblemente tenga sus reparos para otorgarnos el préstamo”, manifestó.

En ese sentido, el diputado remarcó la importancia de que el país acceda a este financiamiento, debido a la situación económica por la que está atravesando el país. Además, afirmó que Bolivia necesita de esos recursos para recuperar su estabilidad.

“Estamos en una situación, llamémosle, como un enfermo casi en terapia intensiva. Está tratando de salir de la terapia intensiva. Para que salga de esa situación, el país necesita recursos, necesita dólares, ese famoso llamado colchón financiero que no nos tiene”, sostuvo el legislador.

Asimismo, indicó que mientras Bolivia no tenga el respaldo económico, “la situación económica seguirá siendo débil”.

Por último, Porcel señaló que una vez que el acuerdo llegue a la Asamblea Legislativa Plurinacional (ALP) analizarán las condiciones. “A partir de eso sí le haremos el visto bueno, haremos observaciones, o tal vez algunas enmiendas o recomendaciones”, concluyó el diputado.",https://www.opinion.com.bo/articulo/pais/acuerdo-fmi-aun-llega-legislativo-piden-acelerar-cumplimiento-condiciones/20260810121945994561.html
Opinión,2026-08-10,"Colombia, Terremoto, Muertos, Heridos, Tragedia","Terremoto en Colombia: Reportan 22 muertos y decenas de heridos tras sismo de 7,4","Un potente sismo de magnitud 7,4 estremeció el occidente y centro de Colombia durante la mañana de este lunes 10 de agosto. El movimiento telúrico, cuyo epicentro fue localizado en el departamento del Chocó, desencadenó momentos de pánico, emergencias estructurales y pérdidas humanas en múltiples departamentos del país, con especial severidad en el Eje Cafetero y la región del Pacífico.

Balance de víctimas y ciudades más afectadas

Las autoridades locales e instituciones de socorro continúan con las labores de rescate entre los escombros. Hasta el momento, el balance oficial preliminar reporta al menos 22 personas fallecidas y decenas de heridos:

Risaralda (Pereira): Es una de las zonas con mayor impacto mortal, reportando 18 fallecidos, tres de ellos en las instalaciones del Aeropuerto Internacional Matecaña.

Valle del Cauca: Se confirmaron víctimas mortales en municipios como Calima El Darién (tres menores de edad), Zarzal y Buenaventura. En Cali, el Hospital Universitario del Valle ha registrado colapso por la alta afluencia de heridos.

Caldas (Manizales): El alcalde reportó al menos 3 víctimas mortales en la capital caldense.

Chocó (Quibdó y San José del Palmar): Múltiples estructuras destruidas y heridos atrapados tras los colapsos edilicios.

El USGS estima una probabilidad del 35% de que la cifra total de víctimas mortales aumente a un rango entre 100 y 1.000 personas debido a la densidad poblacional de las zonas afectadas (alrededor de 1,9 millones de habitantes en el área de influencia directa).

Tragedia en Pereira: evaluación preliminar de víctimas

La capital del departamento de Risaralda, Pereira, se convirtió en una de las zonas urbanas más impactadas por el sismo. En declaraciones para Caracol Radio, el alcalde de la ciudad, Mauricio Salazar, entregó un balance preliminar de la tragedia.

""Es muy trágico lo que nos ha ocurrido hoy. No sabemos, en este momento, cuál es la magnitud real de la afectación del terremoto. Solo puedo entregar por ahora la cifra de 18 muertos y decenas de heridos"", manifestó el mandatario local.",https://www.opinion.com.bo/articulo/mundo/terremoto-colombia-reportan-22-muertos-decenas-heridos-sismo-74/20260810121237994559.html
Opinión,2026-08-10,"YPFB, Aprehenden, Proceso, gasolina desestabilizada, exdirectora",Aprehenden a exdirectora jurídica de YPFB por el caso “gasolina basura”,"Daniela Durán, la exdirectora jurídica de Yacimientos Petrolíferos Fiscales Bolivianos (YPFB), fue aprehendida por el caso gasolina desestabilizada.

La exautoridad fue trasladada este lunes a dependencias de la Dirección de Lucha Contra la Corrupción (DELCC) y se prevé que sea trasladada a La Paz.

En desarrollo...",https://www.opinion.com.bo/articulo/pais/aprehenden-exdirectora-juridica-ypfb-caso-gasolina-basura/20260810115232994558.html
Opinión,2026-08-10,"Colombia, Sismo, Daños, Afectación, Infraestructuras",Sismo de magnitud 7.4 sacude Colombia y se reportan daños en varias ciudades,"Un fuerte sismo de magnitud 7.4 se registró la mañana de este lunes 10 de agosto en Colombia, con epicentro en el departamento de Chocó. El movimiento telúrico ocurrió alrededor de las 7:34 y fue percibido en varias zonas de ese país, entre ellas Bogotá, Medellín, Cali y Manizales, según el Servicio Geológico Colombiano (SGC).

El organismo indicó inicialmente que el evento tuvo una profundidad cercana a los 90 kilómetros. Tras el movimiento principal también se registraron réplicas, entre ellas una de magnitud 4.6 localizada en el municipio de Nóvita, Chocó.

Las autoridades comenzaron a evaluar posibles afectaciones en diferentes regiones. En Quibdó, la gobernadora de Chocó, Nubia Carolina Córdoba, informó sobre personas heridas y daños de consideración en algunas edificaciones, mientras se realizaban las primeras inspecciones para establecer el alcance de la emergencia.

En Cali también se recibieron reportes sobre afectaciones en edificios y otras estructuras. La Alcaldía anunció el despliegue de equipos de gestión del riesgo y organismos de socorro para verificar los daños.

En Bogotá, el alcalde Carlos Fernando Galán señaló que, tras una primera revisión, no se habían identificado daños estructurales ni personas heridas, aunque sí algunas grietas en edificaciones. En Medellín, los organismos de emergencia realizaron recorridos de inspección en distintos sectores.

El movimiento también provocó la suspensión temporal del servicio del Metro de Medellín. Personal técnico inició una revisión de estaciones y viaductos antes de determinar el restablecimiento de las operaciones.

Las autoridades recomendaron a la población mantener la calma, mantenerse alejada de estructuras que pudieran representar un riesgo y consultar únicamente los canales oficiales para conocer las actualizaciones sobre el sismo y sus posibles consecuencias.",https://www.opinion.com.bo/articulo/mundo/sismo-magnitud-74-sacude-colombia-reportan-danos-varias-ciudades/20260810110503994556.html
Opinión,2026-08-10,"Jaguar, Aprehendido, Guayaramerín, Implicados, Biocidio",Caso Jaguar: Hay un aprehendido y buscan a otros dos implicados,"El hombre acusado de matar al jaguar en Guayaramerín fue aprehendido luego de que disparara a muerte al animal el pasado domingo. El caso es investigado por biocidio y porte o portación ilícita de armas. Ante el hecho la Fiscalía pedirá detención preventiva para el acusado en su audiencia de medidas cautelares, además de continuar con la búsqueda de los demás involucrados.

Tras su traslado a dependencias de la Fuerza Especial de Lucha contra la Violencia (FELCV), vecinos y comunarios instalaron una vigilia en su respaldo y aseguraron que actuó en defensa propia ante el temor de que el felino ataque a niños u otros habitantes de la zona.

Las autoridades continúan recolectando evidencias y realizando el rastreo correspondiente para dar con la ubicación de los otros dos hombres involucrados y señalaron que actúan para asegurar la detención de los demás responsables del ataque letal.

El pasado domingo se difundieron imágenes en las redes sociales donde se observa a tres personas acorralar y disparar con escopeta a un jaguar que había entrado a una vivienda. Posterior a su muerte, el felino habría sedo decapitado y desollado, restos que fueron recuperados por el personal técnico del medio ambiente.",https://www.opinion.com.bo/articulo/policial/caso-jaguar-aprehendido-buscan-otros-dos-implicados/20260810104426994554.html
Opinión,2026-08-10,"Educación, Colegios, Catedral, Futuro, Unifranz",La Catedral de Innovación: el lugar donde los directores de colegios vieron el futuro de la educación,"La innovación deja de ser una palabra cuando puede verse, tocarse y experimentarse. Esa fue la sensación que quedó entre directores y docentes de destacados colegios de Cochabamba que recorrieron la Catedral de la Innovación de la Universidad Privada Franz Tamayo (Unifranz), un ecosistema tecnológico diseñado para transformar la manera de aprender.

«Me sorprende este ambiente. La palabra apropiada es innovación y tecnología», resumió Daniel Pozo Rocha, director del Colegio San Andrew’s.

La experiencia permitió conocer la propuesta educativa sustentada en el «aprender haciendo», donde la tecnología, la inteligencia artificial, la creatividad y la simulación se convierten en herramientas para resolver problemas reales.

A medida que los educadores recorrieron los ambientes, el asombro se hizo unánime. «La verdad estamos muy contentos de conocer esto que es una verdadera Catedral de Innovación», afirmó Martín Guzmán, director del Colegio España.

El impacto de las instalaciones no fue solo emocional, sino conceptual. «Es difícil decir cuál de los ambientes es mejor, porque todos lo son. La tecnología sorprende, abre muchísimos horizontes para los estudiantes», expresó Patricia Saavedra de Yriberry, directora del Colegio Tiquipaya.

Por su parte, Alison Karen Peredo Rivas, directora del Colegio La Salle, ponderó el principio rector de la infraestructura: «El aprender haciendo es fundamental: la práctica hace al maestro. Con esta tecnología los estudiantes adquirirán una destreza única. Es una opción muy completa para el futuro».

Entre sus principales nodos se encuentran el Cross Media Lab, donde los estudiantes exploran comunicación, producción audiovisual, narrativas digitales y creación de contenidos; el IA Lab, orientado al uso creativo y aplicado de la inteligencia artificial; el CASEM, que permite experimentar con simulación y escenarios vinculados a las ciencias de la salud.

También está el Business Lab, concebido para convertir ideas en soluciones, emprendimientos y estrategias empresariales; y las Aulas Dinámicas, espacios flexibles donde la enseñanza rompe con el modelo tradicional y coloca al estudiante en el centro. Cada nodo responde a una misma filosofía: aprender haciendo.

Rocío Coca Foronda, docente del Colegio Libertad, lo entendió desde la perspectiva de quienes forman a los futuros universitarios: «Los estudiantes que ingresen, desde el primer semestre van a practicar… van a aprender».

Juan Carlos Aguilar, docente de Tecnología del colegio España, manifestó: «Todo me llamó la atención, es algo innovador… se puede ver lo que es el futuro».

Catherine Uzieda, directora de Marketing de Unifranz Cochabamba,afirmó: «Nadie puede seguir estudiando en una era donde, transversalmente, no tengamos inteligencia artificial o tecnología aplicada».

Asimismo, resaltó la reciente apertura de este ecosistema para el aprendizaje basado en la experiencia. «Transformar la forma de aprender va a hacer grandes transformaciones en la vida de las personas», sostuvo.

«Unifranz siempre tiene los brazos abiertos» para colegios aliados, afirmó, al destacar que estas instituciones son actores estratégicos en la transformación educativa.

La universidad, explicó, trabaja para responder a la confianza depositada por colegios y familias.

El vicerrector Rolando López explicó que estas instalaciones son «un ejemplo de tecnología, tanto para la salud y bienestar personal como para la salud y bienestar empresarial».

Aquí conviven dos nodos con función distinta: uno de simulación clínica, donde los estudiantes de carreras de la salud entrenan procedimientos en un entorno seguro antes de atender pacientes reales; y otro de innovación y liderazgo empresarial, donde estudiantes de negocios trabajan con inteligencia artificial aplicada a casos reales de empresas.

La experiencia permitió a los directores de colegio conocer la propuesta educativa sustentada en el «aprender haciendo», donde la tecnología, la inteligencia artificial, la creatividad y la simulación se convierten en herramientas para resolver problemas reales.

Para los directores que llegaron esa mañana con la agenda apretada, el mensaje quedó claro: la brecha entre lo que enseñan los colegios y lo que exige el futuro puede cerrarse, y Unifranz apuesta a que sus aulas, sus nodos y su tecnología sean parte de ese puente.

Una Cochabamba inteligente necesita profesionales capaces de crear, innovar, emprender, investigar y resolver problemas.

Necesita jóvenes que no solamente sepan, sino que sepan hacer. Por eso la visita fue mucho más que un recorrido institucional. Se convirtió en un encuentro entre quienes hoy educan a los niños y jóvenes de Cochabamba y quienes se preparan para recibirlos mañana para formarlos.

Para Cochabamba —un área metropolitana con más de 1,3 millones de habitantes y un recambio generacional complejo—, la Catedral de la Innovación se erige como la Escuela del Pensamiento Global. Un ecosistema capaz de frenar la fuga de talentos, conectar las necesidades del sector productivo con la academia y preparar a los líderes del mañana a través del poder transformador del Aprender Haciendo.",https://www.opinion.com.bo/articulo/innovacion-educativa/catedral-innovacion-lugar-donde-directores-colegios-vieron-futuro-educacion/20260810095332994553.html
Opinión,2026-08-10,"Quinua, Unifranz, Protector Solar, Residuo, Chenopodium",De residuo agrícola a innovación cosmética: estudiantes crean un prototipo de protector solar con cáscara de quinua,"Lo que para muchos es un desecho del procesamiento de la quinua, para un grupo de estudiantes de la Universidad Privada Franz Tamayo (Unifranz) se convirtió en el punto de partida de una propuesta con potencial para el cuidado de la piel. A través del proyecto Chenopodium Quinoa, alumnas de primer semestre de Bioquímica y Farmacia desarrollaron un prototipo de protector solar elaborado con extracto de cáscara de quinua, aprovechando las propiedades antioxidantes presentes en este subproducto agrícola.

La iniciativa fue impulsada por Lizeth Barra Carvajal, Sabrina Carrillo Moy, Adriana Choque Quispe, Yhoselin Huchani Palacios y Ariana Yucra Tarqui, bajo la mentoría de la docente investigadora Leslie Vidaurre. El proyecto combina investigación aplicada, innovación y sostenibilidad al dar un nuevo valor a un material que habitualmente se desecha.

""El proyecto tiene el nombre Chenopodium Quinoa, es un protector solar a base de extracto de cáscara de quinua. Este residuo normalmente se desecha, pero nosotras lo hemos utilizado porque tiene muchos beneficios. El beneficio principal es que nos va a proteger contra los rayos ultravioleta. Además, ofrece una textura ligera ideal para pieles con tendencia a secarse mucho"", explica Lizeth Barra.

La estudiante destaca que la propuesta también busca contribuir al cuidado del medioambiente mediante el aprovechamiento de residuos agroalimentarios. La cáscara de quinua contiene flavonoides, saponinas y ácidos fenólicos, compuestos con reconocidas propiedades antioxidantes que ayudan a proteger la piel frente al daño ocasionado por los radicales libres.

Diversas investigaciones respaldan el potencial cosmético de este subproducto, al señalar que sus compuestos naturales poseen propiedades antioxidantes y antiinflamatorias que podrían complementar estrategias de protección frente a la radiación solar.

El desarrollo del prototipo permitió a las estudiantes reproducir las distintas etapas de un proceso científico, desde la selección de la materia prima hasta la formulación del producto.

""Los estudiantes primero realizan la recolección y el control de calidad de la quinua, pasan por un proceso de desinfección en tres pasos: lavado con agua corriente, aplicación de alcohol al 70 % y un lavado final con agua destilada. Después, pasamos a la deshidratación, extracción y finalmente la elaboración del producto"", explica la docente Leslie Vidaurre.

Como ocurre en toda investigación, el camino también implicó resolver desafíos técnicos.

""Durante el desarrollo de este proyecto se nos presentaron varias dificultades. Una de las principales fue conseguir una crema con una consistencia homogénea, que fuera fácil de aplicar y adecuada para pieles con tendencia a la resequedad"", comenta Sabrina Carrillo.

Superada esa etapa, el equipo considera que el siguiente reto será validar científicamente el desempeño del prototipo mediante estudios especializados.

""Como grupo, consideramos que el proyecto puede mejorarse mediante estudios más completos, así para evaluar tanto su eficacia como también la seguridad de nuestro producto. También una de sus principales mejoras sería determinar experimentalmente el factor de protección"", afirma la estudiante.

Los especialistas coinciden en que cualquier formulación de este tipo debe someterse a rigurosas pruebas de eficacia y seguridad, además de incorporar filtros solares adecuados antes de aspirar a convertirse en un producto de uso comercial.

Más allá del resultado obtenido, la experiencia permitió a las estudiantes aplicar los conocimientos adquiridos en el aula y descubrir el valor de la investigación como herramienta para resolver problemas reales.

""Nos sentimos orgullosas por poder elaborar este protector solar porque pudimos aplicar todo lo aprendido en este proyecto y también nos sentimos con muchas ansias de seguir aprendiendo"", enfatiza Sabrina.

Para Lucía Alvarado, coordinadora nacional de Investigación de Unifranz, este tipo de iniciativas reflejan el modelo de formación basado en proyectos. ""Los proyectos desarrollados cuentan con un docente mentor y un grupo de estudiantes que, como parte del desarrollo formal de la materia, generan proyectos y productos orientados a responder preguntas y necesidades de nuestro entorno"", señala.

En la misma línea, Vidaurre destaca que ""la importancia de los proyectos en la carrera de Bioquímica y Farmacia de Unifranz permite a los estudiantes desarrollar sus competencias para dar solución a problemas reales de manera efectiva"".

El prototipo constituye un ejercicio académico e investigativo que demuestra cómo la biodiversidad y los recursos locales pueden inspirar soluciones innovadoras con enfoque sostenible y de economía circular, transformando un residuo agrícola en una propuesta con valor científico y potencial de desarrollo futuro.

Los productos, prototipos o desarrollos descritos corresponden a proyectos con fines exclusivamente formativos, académicos y de investigación. No cuentan con la autorización, registros sanitarios ni permisos exigidos por la normativa vigente para su producción, distribución o comercialización.",https://www.opinion.com.bo/articulo/innovacion-educativa/residuo-agricola-innovacion-cosmetica-estudiantes-crean-prototipo-protector-solar-cascara-quinua/20260810093451994551.html
Opinión,2026-08-10,"Muerte, Sucre, Joven, Vivienda, Mordedura",Joven muere tras ser atacado por cinco perros dentro de una vivienda en Sucre,"Un joven de entre 20 y 25 años murió este domingo en el hospital Santa Bárbara de Sucre, después de sufrir múltiples mordeduras de perros al interior de un domicilio ubicado en inmediaciones del mercado El Morro, en el Distrito 2 de la capital.

El hecho ocurrió la noche del sábado, cerca de las 20:00. Según el reporte preliminar de la Policía, los efectivos acudieron al inmueble tras el llamado de los vecinos y encontraron al joven inconsciente, sin vestimenta y con múltiples heridas provocadas por mordeduras de canes.

Las lesiones se encontraban principalmente en el cuello, ambos brazos y los muslos de ambas piernas. El personal de emergencia realizó vendajes compresivos para controlar las hemorragias y trasladó al herido al hospital Santa Bárbara.

En el centro médico fue diagnosticado con shock hipovolémico e insuficiencia respiratoria. Pese a la atención recibida, la gravedad de las lesiones provocó su fallecimiento durante las últimas horas.

INVESTIGAN CÓMO INGRESÓ AL DOMICILIO

De acuerdo con una versión conocida posteriormente, los propietarios de la vivienda se encontraban de viaje y el joven habría ingresado al inmueble atravesando el muro perimetral. En el interior se encontraban cinco perros que, según esta versión, lo atacaron.

La Policía deberá establecer las circunstancias exactas en las que ocurrió el ingreso y el ataque, además de determinar la identidad de la víctima y otros detalles del caso.",https://www.opinion.com.bo/articulo/policial/joven-muere-ser-atacado-cinco-perros-dentro-vivienda-sucre/20260810082555994549.html
Unitel,2026-08-10,Agencias,La neerlandesa Demi Vollering gana el Tour de Francia,"Niza, Francia, 9 Ago 2026 (AFP) -

La neerlandesa Demi Vollering ganó el Tour de Francia por segunda vez en su carrera al imponerse en solitario en la última etapa, este domingo en Niza.

La líder del equipo FDJ United-Suez, que aventaja a la polaca Kasia Niewiadoma en la clasificación general final, ya se había impuesto en 2023 antes de terminar en segundo lugar en las ediciones de 2024 y 2025.

bn-pm/cl",https://unitel.bo/noticias/agencias/la-neerlandesa-demi-vollering-gana-el-tour-de-francia-NF22721950
Unitel,2026-08-10,Agencias,Previsiones Deportes AFP de las 17H00 GMT,"Montevideo, 9 Ago 2026 (AFP) -

- FÚTBOL

Fallecimiento de Jorge Messi

Rosario, Argentina:

Lionel Messi despidió a su fallecido padre entre mensajes de cariño en Rosario

Lionel Messi se despidió este domingo, en la intimidad y cerca de su Rosario natal, de su padre Jorge, fallecido el sábado a los 68 años, un pilar emocional para el astro argentino y su representante desde los primeros pasos de su carrera.

Por Luis ROBAYO y Luciano COUSO en Rosario, con Martín RASCHINSKY en Buenos Aires

(Fbl deceso ARG, Nota-Central, 720 palabras - Ya transmitida)

FOTOS, VIDEO

También anunciada en las Previsiones Generales

Barcelona:

El primer contrato de Messi: una servilleta que cambió la historia del fútbol

Leyenda del fútbol mundial, Leo Messi es sinónimo de triunfo, pero su carrera podría haber sido muy distinta si un directivo del Barça, deseoso de atarlo, no hubiera recurrido a una simple servilleta para cambiar la historia del fútbol.

(Fbl deceso ESP ARG, Enfoque, 500 palabras - Ya transmitido)

Campeonatos latinoamericanos

Buenos Aires:

Comentario de los partidos del domingo por la cuarta fecha del torneo Clausura argentino.

(Fbl ARG, Nota, 500 palabras - Hacia las 02H30 GMT del lunes)

Sao Paulo:

Comentario de los partidos del domingo por la vigesimasegunda fecha del Campeonato brasileño.

(Fbl BRA, Nota, 500 palabras - Hacia las 03H00 GMT del lunes)

Leagues Cup

Miami:

Comentario de la segunda fecha de la Leagues Cup.

(Fbl LeaguesCup MLS USA MEX, Nota-Central, 500 palabras - Hacia las 04H00 GMT del lunes)

- TENIS

Masters 1000 y WTA 1000 de Canadá

Montreal, Canadá:

Comentario de la jornada del domingo en el Masters 1000 y WTA 1000 de Canadá.

(Tenis Masters ATP WTA CAN, Nota-Central, 500 palabras - Hacia las 22H00 GMT)

FOTOS

- ATLETISMO

Campeonatos Europeos

Birmingham, Reino Unido:

Duplantis, Werro, Jacobs...: las estrellas a seguir en el Europeo de atletismo

La suiza Audrey Werro, archifavorita en 800 m, el garrochista Armand Duplantis en busca de un 16º récord mundial o un tercer título para el esprinter Marcell Jacobs: las grandes figuras del atletismo europeo se citan en el campeonato continental, que arranca el lunes en Birmingham.

(atlet Europeo 2026 ENG, Presentación, 700 palabras - Ya transmitido)

FOTOS

Birmingham, Reino Unido:

El Europeo de atletismo estrena guía para evitar la sexualización de la mujer en televisión

Una nueva guía para evitar que las emisiones televisivas sexualicen a las deportistas entrará en vigor el lunes en el arranque del Europeo de atletismo en Birmingham.

Por Luke PHILLIPS

(Atlet Mujeres Europeo 2026 GBR, Enfoque, 620 palabras - Ya transmitido)

- MOTOCICLISMO

GP de Gran Bretaña de MotoGP

Silverstone, Reino Unido:

Raúl Fernández gana en Silverstone, Martín refuerza su liderato en MotoGP

El piloto español Raúl Fernández (Aprilia-Trackhouse) ganó este domingo el Gran Premio de MotoGP de Gran Bretaña en el circuito de Silverstone, donde su compatriota Jorge Martín (Aprilia), segundo, reforzó el liderato del Mundial.

(Moto MotoGP GBR 2026, Nota, 560 palabras - Ya transmitida)

FOTOS

dam-cl",https://unitel.bo/noticias/agencias/previsiones-deportes-afp-de-las-17h00-gmt-LF22722018
Unitel,2026-08-10,Agencias,"Paula Blasi: ""Teníamos claro que el objetivo era el podio""","Redacción Deportes, 9 ago (EFE).- La ciclista española Paula Blasi (UAE) declaró que tenían ""claro que el objetivo era el podio"" para su compañera Elisa Longo Borghini, la cual terminó en tercera posición en la clasificación general en la quinta edición del Tour de Francia femenino.

""Desde la primera subida hacía mucho calor. Hemos tenido suerte porque se ha tapado un poco el día. Ha sido carrera de eliminación. Teníamos claro que el objetivo era el podio, a Antonia (Niedermaier) se la veía muy fuerte y queríamos asegurar el podio"", añadió, en los micrófonos de Eurosport.

Blasi, cuyo equipo había dejado claro su rol como gregaria a pesar de ser la vigente campeona de la Vuelta a España, cumplió con su rol y acompañó a Elisa Longo Borghini para asegurar que la italiana fuera tercera, aprovechando la debilidad de una Marlen Reusser (Movistar) que no estuvo a su nivel habitual en el último día del Tour.

La española debutaba en la 'Grande Boucle' y terminó quinta en la general y segunda en la última etapa, imponiéndose en la llegada al resto de las favoritas que rodaban por detrás de Demi Vollering (FDJ-Suez), ganadora de la jornada y de la general.

Preguntada por su siguiente objetivo, lo tuvo claro: ""Hacer otro podio en la fiesta. Si vamos a ganar en el Tour, vamos a ganar en la fiesta, a reventar algún 'night club'. Han sido 9 días muy duros, muy exigentes, y ahora a relajarse un poco"". EFE

acg/arh",https://unitel.bo/noticias/agencias/paula-blasi-teniamos-claro-que-el-objetivo-era-el-podio-CF22722189
Unitel,2026-08-10,Agencias,Una masa de polvo del Sáhara afecta a Honduras con concentraciones moderadas de partículas,"Tegucigalpa, 9 ago (EFE).- Una masa de polvo procedente del desierto del Sáhara afecta a Honduras desde este fin de semana y durante los próximos días con concentraciones moderadas de partículas, las cuales pueden irritar las vías respiratorias y agravar padecimientos preexistentes, informaron este domingo fuentes oficiales.

Según el Centro Nacional de Estudios Atmosféricos, Oceánicos y Sísmicos (Cenaos), las concentraciones de polvo alcanzaron la pasada semana hasta 90 microgramos por metro cúbico, mientras que para este fin de semana y la próxima se prevén niveles de entre 20 y 50 microgramos por metro cúbico de partículas PM2.5 y PM10.

Aunque estas concentraciones no representan un peligro generalizado, pueden afectar a la población sensible y agravar padecimientos preexistentes, especialmente en personas con asma.

El fenómeno, habitual entre junio y agosto, incrementa la concentración de partículas en el aire y puede provocar irritación de ojos, nariz y garganta; tos, conjuntivitis y alergias, además de agravar enfermedades como asma, bronquitis y enfermedad pulmonar obstructiva crónica (EPOC), indicó la Secretaría de Salud en un comunicado.

Las mayores concentraciones se esperan este lunes, por lo que las autoridades recomendaron limitar la exposición prolongada al aire libre, evitar las actividades físicas intensas, mantener puertas y ventanas cerradas y utilizar mascarillas y gafas protectoras en espacios abiertos.

También aconsejaron mantenerse hidratado, evitar la quema de basura, continuar con los tratamientos preventivos en caso de enfermedades crónicas y acudir a un centro de salud si se presentan síntomas graves.

El Cenaos explicó que el polvo del Sáhara llega a Honduras debido al transporte de material mineral desde el norte de África a través de los vientos alisios que atraviesan el Atlántico Norte.

Las autoridades señalaron que esta masa de aire caliente y seca puede contener materiales biológicos y químicos, como hongos, bacterias, esporas, ácaros y residuos de pesticidas, que pueden perjudicar la salud respiratoria. EFE

ac/rao/cpy",https://unitel.bo/noticias/agencias/una-masa-de-polvo-del-sahara-afecta-a-honduras-con-concentraciones-moderadas-de-particulas-GF22722206
Unitel,2026-08-10,Agencias,"Registran la muerte de un palestino preso en una cárcel de Israel, 91 en total desde 2023","Jerusalén, 9 ago (EFE).- La Comisión de Asuntos de los Detenidos y Exdetenidos de la Autoridad Nacional Palestina (ANP) anunció este domingo la muerte, en una cárcel de Israel, de un hombre de la Franja de Gaza que fue detenido en el enclave en diciembre de 2023.

""Las autoridades de ocupación israelíes han reconocido el martirio del prisionero Ihab Muhammad Abdul Qader Diab, de 36 años, originario de la Franja de Gaza, quien se encontraba detenido desde el 12 de diciembre de 2023"", recoge el comunicado de la Comisión.

Pese a que el anuncio se ha producido este domingo, la Comisión de Asuntos de los Detenidos cree que Diab murió el 18 de septiembre de 2024.

El ministerio de asuntos de los presos gazatí acusó en otro comunicado esta tarde a Israel de ocultar durante todo ese tiempo, casi dos años, el devenir del fallecido.

Según las autoridades israelíes, Diab ""padecía una afección médica"", recoge el comunicado de la Comisión. ""Afirmación que su familia negó, asegurando que gozaba de buena salud y no sufría ninguna enfermedad al momento de su arresto"", reprocha en el texto.

En total, 91 palestinos han muerto a su paso por las cárceles de Israel desde el 7 de octubre de 2023, cuando el Ejército israelí lanzó su ofensiva contra Gaza en represalia por los ataques de Hamás a su territorio.

Israel disparó las cifras de detenidos palestinos en sus cárceles y endureció las condiciones para ellos en prisión, acumulando denuncias por torturas y privación de recursos básicos a los presos de ONGs israelíes y organismos internacionales.

De los fallecidos, 53 eran de Gaza, según el recuento de la Comisión de Asuntos de los Detenidos y Exdetenidos.

La cifra asciende a 328 desde que comenzó el recuento en 1967, con lo que en torno al 28 % han muerto en los últimos tres años para una cifra acumulada desde hace 59.EFE

pbj/av",https://unitel.bo/noticias/agencias/registran-la-muerte-de-un-palestino-preso-en-una-carcel-de-israel-91-en-total-desde-2023-FF22722326
Unitel,2026-08-10,Agencias,"Lunes, 10 de agosto de 2026","FÚTBOL URUGUAY

Montevideo. Presentación del exfutbolista Diego Forlán como nuevo seleccionador de la sub-20 de Uruguay, así como de la absoluta mientras se elige al sustituto del argentino Marcelo Bielsa, destituido tras la eliminación tras la fase de grupos del Mundial de 2026.

(Texto) (Foto) (Vídeo)

.

ATLETISMO EUROPEOS

Redacción deportes. El mediofondista noruego Jakob Ingebrigtsen, que reaparece tras casi un año alejado de las pistas, el pertiguista sueco Armand Duplantis, la marchadora española María Pérez o la británica Kelly Hodgkinson (800) son algunas de las estrellas que dan brillo a los Europeos de atletismo de aire libre de Birmingham (Reino Unido), que se disputan entre este lunes y el domingo.

(Texto) (Foto)

.

NATACIÓN EUROPEOS

Redacción deportes. Con las series de 400 estilos masculino, 100 libre femenino, 50 mariposa masculino, 200 espalda femenino, 100 braza metros, 4x200 libre femenino, 4x200 libre masculino y de 800 libre femenino comienzan las pruebas de natación en línea en la piscina de los Europeos de deportes acuáticos que se disputan en París.

(Texto) (Foto)

-------------------------------------------------------------

.

AGENDA INFORMATIVA

.

ATLETISMO

- Campeonatos de Europa de atletismo en Birmingham (Reino Unido) (hasta 16) (FOTO).

.

CICLISMO

- Volta a Portugal (hasta 16). 5ª etapa: CRI Anadia-Águeda, de 17,4 km.

.

FÚTBOL

- Presentación oficial de Diego Forlán como nuevo seleccionador sub-20 de Uruguay e interino de la absoluta (19:00 CET. Estadio Centenario de Montevideo).

- Previa de una nueva audiencia del juicio para determinar responsabilidades por la muerte de Diego Armando Maradona.

- Copa Libertadores. Previas de los partidos de ida de los octavos de final Fuminense-Independiente Rivadavia, Estudiantes La Plata-Universidad Católica, Tolima-Independiente del Valle.

- Copa Sudamericana. Previas de los partidos de ida de los octavos de final Boca Juniors-Recoletas, Bolívar-Sao Paulo

.

GOLF

- Clasificación mundial tras los torneos del fin de semana.

.

NATACIÓN

- Campeonatos de Europa de deportes acuáticos, en París. Comienza la natación en línea (hasta 16).

.

TENIS

- Torneo ATP Masters 1.000 de Montreal (Canadá) (hasta el jueves 13).

- Torneo WTA 1.000 de Toronto (Canadá) (hasta el jueves 13).

----------------------------------------------------------------

dep/EFE

Redacción EFE Deportes

(34) 913 467 211

Puede escribir a deportes@efe.com para contactar con nuestra redacción.

En www.efeservicios.com encontrará toda la producción multimedia de la Agencia EFE y su Agenda Mundial, un listado actualizado de actos informativos programados.Para cualquier otro producto o servicio, contacte con clientes@efe.com o llame al +34 913 467 245. Av. de Burgos, 8B, 28036 Madrid, España

https://x.com/EFEdeportes

EFE Deportes

Tel. +34 913 467 211

deportes@efe.com",https://unitel.bo/noticias/agencias/lunes-10-de-agosto-de-2026-JF22723093
Unitel,2026-08-10,Agencias,"Lunes, 10 de agosto de 2026 (02:00 GMT)","DESTACADOS

IRÁN GUERRA

Teherán.- Irán insiste en que no mantiene negociaciones con Estados Unidos y condiciona tanto cualquier reanudación del diálogo como la reapertura del estrecho de Ormuz al cumplimiento por parte de Washington de sus compromisos recogidos en el memorando de entendimiento de junio.

(Texto)

- Los rebeldes chiíes hutíes del Yemen continúan su escalada contra Arabia Saudí, incluso después de la firma del acuerdo de defensa de Riad con Pakistán y Turquía, al tiempo que los insurgentes siguen desafiando al Gobierno yemení reconocido internacional con su peor ofensiva desde 2022.

EEUU INMIGRACIÓN

Los Ángeles - Más de 170.000 inmigrantes salvadoreños han comenzado una carrera contrarreloj para evitar su deportación, a menos de un mes de que se venza el Estatus de Protección Temporal (TPS) para su país, un beneficio migratorio que ha estado en la mira del Gobierno del presidente Donald Trump desde su primer mandato y se sostuvo gracias a una orden judicial.

(Texto) (Foto) (Vídeo)

UCRANIA GUERRA

Berlín- Los ataques diarios de las fuerzas rusas contra objetivos civiles en Ucrania han llevado a que el presidente, Volodimir Zelenski, reitere constantemente sus pedidos de ayuda a los aliados para mejorar las defensas antiaéreas.

(Texto)

RUSIA ELECCIONES

Moscú - El Tribunal Supremo de Rusia estudia la denuncia para excluir al partido opositor Yábloko, el único que se opone a la guerra en Ucrania, de las elecciones legislativas el próximo septiembre.

(Texto) (Foto)

ADEMÁS

COLOMBIA GOBIERNO | Bogotá - La Casa de Nariño, que durante casi medio siglo fue sede del Gobierno colombiano, vive desde este lunes una jornada inusual, sin tantas restricciones de seguridad y con menos funcionarios por la decisión del presidente Abelardo de la Espriella de no ocupar el palacio y convertirlo en museo. (Texto) (Foto) (Vídeo)

MÉXICO TECNOLOGÍA | Ciudad de México - Ante el avance global de las restricciones al uso de plataformas digitales por menores, México abre un debate nacional para explorar medidas similares en las escuelas, aunque especialistas cuestionan un enfoque ""punitivo"" en un país donde unos 250.000 niños y adolescentes están en riesgo de ser reclutados por el crimen organizado. (Texto) (Foto)

CHINA MOSQUITOS | Pekín - El parque Yongdinghe se ha convertido en el primero ""libre de mosquitos"" de Pekín gracias a dispositivos inteligentes y plantas repelentes, un proyecto piloto con el que las autoridades buscan controlar la expansión de estos insectos que, favorecidos por el cambio climático, cada vez son más comunes en el norte de China. (Texto) (Foto) (Vídeo)

AGENDA INFORMATIVA

América

13:00 GMT.- Nueva York.- EEUU EMPRESAS.- El 'live shopping' es un mercado en auge que difumina el límite entre comercio electrónico y juego, con vendedores ofreciendo productos en 'livestreams' (emisiones en directo en internet) donde los usuarios pueden interactuar y hacer compras instantáneas.

15:00 GMT.- Ciudad de Panamá.- PANAMÁ INDÍGENAS.- La Defensoría del Pueblo de presenta un informe sobre la situación de los derechos de las niñas, los nNiños y adolescentes indígenas de Panamá, un país que cuenta con seis comarcas autónomas y siete etnias originarias Parque Omar, Biblioteca Ernesto J. Castillero (Texto) (Foto) (Vídeo)

Caracas.- VENEZUELA DIÁLOGO.- Se mantiene el primer ciclo de diálogo entre el chavismo y la oposición, bajo el respaldo de Estados Unidos, y con la transición en agenda. (Texto)

Ciudad de México - MÉXICO MÚSICA - El cantante colombiano Nanpa Básico da los detalles de su concierto en el Palacio de los Deportes de Ciudad de México, el más grande en su trayectoria en el país hasta ahora. (Texto) (Foto)

Washington - EEUU BTS - La popular banda surcoreana BTS ofrece el primero de sus dos conciertos programados en la región capitalina de EE.UU. tras retomar en agosto el tramo estadounidense de su gira Arirang World Tour. (Texto) (Foto) (Video)

Sao Paulo.- EMBRAER RESULTADOS.- La aeronáutica brasileña Embraer, tercer mayor fabricante de aviones del mundo, presenta su informe de resultados correspondiente al segundo trimestre de 2026. (Texto)

Sao Paulo.- NATURA RESULTADOS.- El gigante de cosméticos brasileño Natura presenta su informe de resultados correspondiente al segundo trimestre de 2026. (Texto)

Sao Paulo.- JBS RESULTADOS.- El grupo brasileño JBS, mayor procesador de carne animal del mundo, presenta su informe de resultados correspondiente al segundo trimestre de 2026. (Texto)

Buenos Aires.- MARADONA JUICIO.- Previa de una nueva audiencia del juicio para determinar responsabilidades por la muerte de Diego Armando Maradona. (Texto)

Río de Janeiro.- ROSALÍA.- La cantante española Rosalía ofrece el primero de sus dos conciertos en la ciudad brasileña de Río de Janeiro en el marco de su gira mundial 'Lux Tour'.

Buenos Aires.- YPF RESULTADOS.- La petrolera argentina YPF da a conocer sus resultados financieros correspondientes al segundo trimestre de 2026, después de haber registrado en los primeros meses del año una ganancia neta de 409 millones de dólares. (Texto)

Montevideo.- URUGUAY POLÍTICA.- El opositor Partido Nacional uruguayo, fuerza política a la que pertenece el expresidente Luis Lacalle Pou, ofrece un mensaje en cadena nacional a la ciudadanía en el marco de su 190 aniversario. (Texto)

Europa

Oslo.- NORUEGA MONARQUÍA.- Un juzgado de Oslo celebra una vista para decidir si se prolonga la prisión preventiva a Marius Borg Høiby, hijo de la princesa Mette-Marit y condenado el pasado 15 de junio a cuatro años de cárcel por dos casos de violación y por maltrato a una de sus exnovias, una sentencia que está recurrida.

00:00 GMT.- Berlín.- CRISIS CLIMÁTICA.- El servicio de monitoreo del clima del programa espacial europeo, Copernicus, publica su boletín sobre el mes de julio. (Texto)

05:00 GMT.- Moscú.- RUSIA ELECCIONES.- El Tribunal Supremo de Rusia estudia la denuncia para excluir al partido opositor Yábloko, el único que se opone a la guerra en Ucrania, de las elecciones legislativas. (Texto) (Foto)

08:00 GMT.- Londres.- R.UNIDO POLÍTICA.- El líder del ultraderechista Reform UK, Nigel Farage, comparece en rueda de prensa. Westminster (lugar por confirmar) (Texto) (Foto) (Vídeo)

Asia

Nueva Deli.- PAKISTÁN CACHEMIRA.- La Cachemira paquistaní celebra la tercera y última fase de sus elecciones a la asamblea, en unos comicios marcados por protestas.

Tokio.- JAPÓN COMERCIO.- Japón publica las estadísticas de su balanza comercial para junio, tras registrar un beneficio por cuenta corriente de 3,97 billones de yenes (alrededor de 21.434 millones de euros) en mayo, un 19,5 % más interanual. (Texto)

Tokio.- JAPÓN NUCLEAR.- La organización japonesa contra las armas nucleares Nihon Hidankyo, que ganó el premio Nobel de la Paz en 2024, marca 70 años de su formación en un contexto de revisión de los principios que prohíben la posesión, creación, o introducción de armas nucleares en el archipiélago.

Pekín.- CHINA MOSQUITOS.- El parque Yongdinghe se ha convertido en el primero ""libre de mosquitos"" de Pekín gracias a dispositivos inteligentes y plantas repelentes, un proyecto piloto con el que las autoridades buscan controlar la expansión de estos insectos que, favorecidos por el cambio climático, cada vez son más comunes en el norte de China. (Texto) (Foto) (Vídeo)

Tokio.- JAPÓN ESPACIO.- La agencia aeroespacial japonesa (JAXA) planea lanzar este lunes al espacio el nuevo satélite de geolocalización Michibiki tras un retraso de tres días por el paso del tifón Dolphin, un lanzamiento inicialmente previsto para febrero y que fue pospuesto tras el fracaso en diciembre de 2025 de una misión para poner en órbita el sexto de los siete satélites programados como parte del Sistema Satelital Quasi-Zenith.

Redacción EFE Internacional

(34)913 46 71 00

Puede escribir a mesacentral@efe.com para contactar con nuestra redacción.

En www.efeservicios.com encontrará toda la producción multimedia de la Agencia EFE y su Agenda Mundial, un listado actualizado de actos informativos programados.

Para cualquier otro producto o servicio, contacte con clientes@efe.com o llame al +34 91 3467245",https://unitel.bo/noticias/agencias/lunes-10-de-agosto-de-2026-0200-gmt-DF22727545
Unitel,2026-08-10,Agencias,Tifón Dolphin se debilita pero interrumpe el transporte en el este de China,"Pekín, 10 Ago 2026 (AFP) -

El tifón Dolphin descargó el lunes intensas lluvias en el este de China, donde causó la cancelación de cientos de vuelos, pese a que la tormenta se debilitó y algunas ciudades reanudaron el transporte público.

El ciclón tocó tierra dos veces el domingo a lo largo del litoral de la provincia oriental de Zhejiang, y el Centro Meteorológico Nacional de China (CMN) emitió el lunes una alerta de tifón de menor intensidad.

El CMN advirtió que parte del este y centro de China continuarían recibiendo fuertes lluvias un día más.

Las autoridades emitieron el lunes su alerta más severa de inundaciones para partes del este y sur de Zhejiang, indicó la televisión estatal CCTV.

Los dos principales aeropuertos de Shanghái tuvieron 943 vuelos cancelados, publicó en internet la autoridad aeroportuaria.

En tanto, el aeropuerto internacional Ningbo de Zhejiang tenía previsto reanudar los vuelos el lunes pero advirtió que algunos podrían ser atrasados o cancelados, dado que los efectos del tifón ""no se han disipado por completo"".

La capital provincial de Hangzhou reanudó el lunes el servicio de metro, tras suspender la víspera algunos recorridos.

El tifón Dolphin llegó dos semanas después de que el tifón Noul azotara la provincia sureña de Guandong.

Los científicos advierten que la intensidad y frecuencia de los eventos climáticos extremos aumentarán como consecuencia del calentamiento global por las emisiones de combustibles fósiles.

China es el mayor emisor mundial de gases de efecto invernadero, pero también es una potencia en las energías renovables, con las cuales espera alcanzar la neutralidad de carbono para 2060.

isk/reb/mjw/mas/jm",https://unitel.bo/noticias/agencias/tifon-dolphin-se-debilita-pero-interrumpe-el-transporte-en-el-este-de-china-PF22729125
Unitel,2026-08-10,Agencias,Robert Lewandowski y Chicago Fire se acercan a cuartos de la Leagues Cup,"Nueva York, 10 Ago 2026 (AFP) -

El Chicago Fire del delantero polaco Robert Lewandowski quedó cerca de la clasificación a los cuartos de final de la Leagues Cup 2026 el domingo al vencer 3-1 al Santos en el cierre de la segunda fecha, en la que nueve clubes mexicanos quedaron eliminados prematuramente.

La victoria del Fire en el estadio Seatgeek, en Bridgeview, Illinois, tomó forma con los goles del danés Philip Zinckernagel (72'), el finlandés Rod Load (90') y Lewandowski (90+3').

Chicago llegó a seis puntos y se colocó en el tercer lugar (entre 18 equipos) de la Zona MLS. Los cuatro primeros del sector avanzan a cuartos.

Con sus derrotas del domingo quedaron eliminados Santos, Necaxa, Atlético San Luis, Querétaro, Puebla y Tijuana.

También se despidieron Pachuca, Atlas y Pumas por la Liga MX, y Minnesota United y Vancouver Whitecaps por la MLS.

Tras dos fechas, en las que se jugaron 36 partidos, la MLS lleva 23 victorias por 13 de la Liga MX.

- América y Cruz Azul responden por México -

En el último partido de este domingo, el América logró un triunfo 3-1 ante Portland Timbers en el estadio Providence Park, en Portland.

Las Águilas tomaron el liderato de la Liga MX con seis puntos gracias a los goles del uruguayo Brian Rodríguez (6'), de Isaías Violante (63') y del colombiano Oscar Perea (88'), quien debutó en el club mexicano.

El noruego Kristoffer Velde (19') marcó por los Timbers, que tienen tres unidades y son décimos de la MLS.

En el estadio Sports Illustrated, en Nueva Jersey, el Cruz Azul venció 2-1 al New York City y llegó a seis puntos para quedar tercero en la zona de equipos aztecas.

""Para ganar estos tres puntos fue clave la paciencia que tuvieron mis jugadores, el equipo mostró madurez. Ahora estamos muy cerca de calificar"", dijo Joel Huiqui, entrenador del Cruz Azul.

El New York City se quedó con tres unidades en el decimotercer puesto de la Zona MLS.

Los argentinos Agustín Palavecino (35') y José Paradela (78') firmaron los goles de Cruz Azul con sendos disparos desde fuera del área.

Max Murray (45+1') anotó por la oncena neoyorquina con un remate de cabeza en jugada de táctica fija.

- La pesadilla de la Liga MX -

El local Sounders goleó 3-0 al Querétaro, que presentó un en equipo alternativo el estadio Lumen Field, en Seattle.

Dirigido por el experimentado Brian Schmetzer, el Sounders se metió a la pelea por un lugar en cuartos de final con sus primeros tres puntos. Es decimocuarto en la Zona MLS.

Los Gallos Blancos están en el fondo de la Liga MX sin unidades y ya eliminados.

Los tres goles de los Sounders fueron firmados por el novato Sebastián Gómez (4'), el macedonio Danni Musovsky (41') y el checo Albert Rusnak (68').

En el estadio Subaru Park, en Chester, Pensilvania, el Philadelphia Union logró un cómodo triunfo 3-1 sobre el Necaxa.

El Union obtuvo sus primeros tres puntos y está duodécimo en Zona MLS.

Tras sufrir su segunda derrota, el Necaxa (14º) también se despidió del torneo.

Nathan Harriel (3'), el uruguayo Bruno Damiani (12') y Cavan Sullivan (53') marcaron por el Union. Los Rayos descontaron gracias al argentino Matías Espíndola (79').

El Atlético San Luis (15º) quedó fuera al perder 4-1 ante el Nashville SC (9º) en el estadio GEODIS Park, en Nashville.

El español Rafael Llorente (18') adelantó al Atlético, que aún no ha sumado puntos y también se despidió del certamen.

La remontada del Nashville llegó con un doblete del argentino Chris Espinoza (36', 45+7'), y sendos tantos del inglés Sam Surridge (38') y de Reed Baker-Whiting (88').

En el estadio Q2, el Austin goleó 3-0 al Puebla con un triplete del albanés Myrto Uzuni (4', 7' y 34').

El conjunto texano quedó como líder de la MLS con seis puntos. El Puebla se quedó en el fondo de la Liga MX.

Y en el estadio Snapdragon, el San Diego FC (16º) derrotó 1-0 al Tijuana (11º) con gol del marfileño Bryan Zamblé (22').

jcm/ma",https://unitel.bo/noticias/agencias/robert-lewandowski-y-chicago-fire-se-acercan-a-cuartos-de-la-leagues-cup-OF22729142
Unitel,2026-08-10,Agencias,"Lunes, 10 de agosto de 2026 (08.00 GMT)","Bangkok/Madrid, 10 ago (EFE).-

Leópolis (Ucrania).- Cada mañana a las 9:00, todo el tráfico se detiene por completo en las calles de Ucrania durante un minuto de silencio, una iniciativa ciudadana con la que los habitantes rinden homenaje a las víctimas de la invasión rusa.

(Vídeo)(Foto)

Londres.- El líder del ultraderechista Reform UK, Nigel Farage, comparece en rueda de prensa.

(Vídeo)(Foto)

Caracas.- El secretario general del gobernante Partido Socialista Unido de Venezuela (PSUV), Diosdado Cabello, ofrece una rueda de prensa de la formación sobre diferentes temas de interés político.

(Vídeo)

China.- Los principales aeropuertos del este de China registraban este lunes numerosas cancelaciones y retrasos por el paso del tifón Dolphin, que tocó tierra el domingo en la provincia oriental de Zhejiang y se debilitaba mientras avanzaba hacia el interior del país.

(Vídeo)

Los Ángeles - Más de 170.000 inmigrantes salvadoreños han comenzado una carrera contrarreloj para evitar su deportación, a menos de un mes de que se venza el Estatus de Protección Temporal (TPS) para su país, un beneficio migratorio que ha estado en la mira del Gobierno del presidente Donald Trump desde su primer mandato y se sostuvo gracias a una orden judicial.

(Vídeo)(Foto)

Ciudad de Panamá.- - La Defensoría del Pueblo de presenta un informe sobre la situación de los derechos de las niñas, los Niños y adolescentes indígenas de Panamá, un país que cuenta con seis comarcas autónomas y siete etnias originarias Parque Omar, Biblioteca Ernesto J. Castillero.

(Vídeo)(Foto)

Pekín.- El parque Yongdinghe se ha convertido en el primero ""libre de mosquitos"" de Pekín gracias a dispositivos inteligentes y plantas repelentes, un proyecto piloto con el que las autoridades buscan controlar la expansión de estos insectos que, favorecidos por el cambio climático, cada vez son más comunes en el norte de China.

(Vídeo)(Foto)

Bogotá.- La Casa de Nariño, que durante casi medio siglo fue sede del Gobierno colombiano, vive desde este lunes una jornada inusual, sin tantas restricciones de seguridad y con menos funcionarios por la decisión del presidente Abelardo de la Espriella de no ocupar el palacio y convertirlo en museo.

(Vídeo)(Foto)

Tokio.- Japón registró un superávit por cuenta corriente de 17,43 billones de yenes (unos 110.392 millones de dólares) en la primera mitad de 2026, informó este lunes el Gobierno japonés.

(Vídeo)

Pekín/Shanghái.- El tifón Dolphin deja más de 1,6 millones de evacuados en el este de China, lluvias récord en Shanghái y cientos de vuelos cancelados en varios aeropuertos de la región, mientras avanza debilitado hacia el interior tras tocar tierra dos veces en la provincia de Zhejiang.

(Vídeo)(Audio)

Samoa.- Samoa ha comenzado la primera gran evaluación científica de las áreas marinas protegidas creadas tras convertirse en uno de los primeros países del Pacífico en blindar legalmente el 30 % de sus aguas, un objetivo alineado con la meta internacional de conservación para 2030.

(Vídeo)

París.- El Museo Nacional de Historia Natural de París presenta una exposición temporal en la que rescata fósiles de dinosaurios de hace 140 millones de años para mostrar a los visitantes los animales que poblaban lo que hoy es Francia.

(Vídeo)(Foto)

Washington.- La popular banda surcoreana BTS ofrece el primero de sus dos conciertos programados en la región capitalina de EE.UU. tras retomar en agosto el tramo estadounidense de su gira Arirang World Tour.

(Vídeo)(Foto)

eva rmg/EFE

Si quiere conocer otros actos y acontecimientos informativos previstos para hoy o para cualquiera de los próximos 365 días, en España y en el mundo, ponemos a su disposición la Agenda Digital Mundial a la que se accede por Internet y que se actualiza al instante cada vez que EFE conoce una nueva convocatoria. Esta herramienta permite segmentar las previsiones según el interés del usuario.

Para más información sobre éste u otros productos, póngase en contacto con nuestro Departamento de atención al cliente en el teléfono + 34913467245 en horario continuo desde las 07.30 (GMT) horas hasta las 19.00 horas (GMT), o en la dirección electrónica clientes@efe.com.",https://unitel.bo/noticias/agencias/lunes-10-de-agosto-de-2026-0800-gmt-CF22729847
Unitel,2026-08-10,Agencias,Mueren 16 trabajadores bangladesíes en un incendio de una fábrica en Arabia Saudí,"Daca, 10 ago (EFE).- Al menos 16 trabajadores migrantes bangladesíes murieron en un incendio de una fábrica de sofás en Arabia Saudí, según informó este lunes el Ministerio de Bienestar de los Expatriados y Empleo en el Extranjero.

""La fábrica contaba con 17 trabajadores. Uno de ellos se encontraba fuera de las instalaciones en el momento del siniestro. El resto fue hallado sin vida. Todos eran bangladesíes"", declaró a EFE por teléfono Nurul Amin, portavoz de la Embajada de Bangladés en Riad.

El incendio tuvo lugar el domingo a las 14:00 hora local (11:00 GMT) en la Zona Industrial de Musa Sanaiya, a unos 20 kilómetros al sur de Riad.

El Gobierno de Bangladés ha asegurado que las autoridades de los dos países están trabajando conjuntamente para identificar los cadáveres y que estos serán repatriados una vez finalice el proceso de identificación.

""La muerte prematura y trágica de nuestros hermanos expatriados, que trabajaban en la lejana Arabia Saudita para ganarse la vida, es profundamente desgarradora"", afirmó el ministro de Bienestar de los Expatriados y Empleo en el Extranjero, Ariful Haque Chowdhury.

""Su contribución a la economía del país es inmensa. Estoy profundamente entristecido por su repentino fallecimiento y expreso mis más sentidas condolencias a los familiares de los fallecidos"", añadió el comunicado.

El Ministerio de Asuntos Exteriores de Bangladés confirmó en un comunicado independiente el incidente.

Arabia Saudí alberga a la mayor población de trabajadores migrantes bangladesíes del mundo, con un estimado de 3,5 millones de bangladesíes que trabajan legalmente en el país, por delante de los Emiratos Árabes Unidos, aunque estadísticas de la Oficina de Mano de Obra, Empleo y Formación (BMET) ascienden la cifra a 4,5 millones.

Según la base de datos de desarrollo del Banco Mundial, las remesas recibidas desde el extranjero a Bangladés representan entre el 5,2 % y el 7,4 % de su Producto Interior Bruto (PIB). EFE

am-lgm/alf",https://unitel.bo/noticias/agencias/mueren-16-trabajadores-bangladesies-en-un-incendio-de-una-fabrica-en-arabia-saudi-FF22729914
Unitel,2026-08-10,Mundo,Doce muertos y ocho desaparecidos tras lluvias monzónicas y dos ciclones en Filipinas,"Las lluvias monzónicas y los dos ciclones tropicales que azotaron el norte de Filipinas en los últimos días, causando inundaciones y deslizamientos de tierra, han dejado 12 muertos y 8 desaparecidos, informaron este lunes las autoridades.

En una rueda de prensa para abordar los efectos de los temporales, difundida por la Oficina de Comunicaciones Presidenciales, el subsecretario de la Oficina de Defensa Civil (OCD), Laurence Mina, indicó que “ hay 12 muertos, 8 desaparecidos y 11 heridos ” a lo largo de la isla de Luzón (norte), la mayor y más poblada de Filipinas.

Los reportes de víctimas provienen de las regiones de Ilocos, Cordillera y Calabarzon, situadas respectivamente en el noroeste, centro-norte y sur de Luzón, afectada en los últimos días por los ciclones tropicales Luis y Maymay y el monzón del suroeste , un viento estacional responsable en parte de la temporada de lluvias en el archipiélago.

MIRA AQUÍ: Ataques con explosivos dejan un policía muerto y varios heridos en el primer día del nuevo gobierno de Colombia

Según la información ofrecida por las autoridades, un total de 39,37 millones de pesos filipinos (unos 639.000 dólares estadounidenses o 560.000 euros) han sido distribuidos en suministros de socorro , así como más de 54.000 lotes de alimentos.

En paralelo, 3.841 efectivos de las Fuerzas Armadas, la Policía Nacional y la Guardia Costera han sido desplegados para posibles operaciones de búsqueda y rescate, con el apoyo de 14 aeronaves y una unidad naval.

La capitalina Manila y su área metropolitana, en el centro-sur de Luzón, también se han visto afectadas por las precipitaciones torrenciales, y el presidente filipino, Ferdinand Marcos Jr., se reunió hoy con las agencias gubernamentales que monitorean la seguridad de los residentes en la zona , informó la portavoz del Ejecutivo, Claire Castro.

Si bien los dos ciclones tropicales ya se disiparon, las lluvias persisten sobre Luzón este lunes, aunque con menor intensidad, de acuerdo con la plataforma meteorológica Zoom Earth, por lo que otros 4.392 efectivos y 943 equipos “se encuentran en estado de alerta para su despliegue inmediato”, en caso de que el temporal vuelva a intensificarse.

MIRA AQUÍ: Cuatro muertos en accidente de helicóptero en Rio, incluidas tres turistas colombianas

La temporada del monzón en el Sudeste Asiático se prolonga generalmente de mayo a finales de año, período durante el que los vientos húmedos provocan la mayor parte de las precipitaciones anuales de la región, que pueden intensificarse por la influencia de tifones.",https://unitel.bo/noticias/mundo/doce-muertos-y-ocho-desaparecidos-tras-lluvias-monzonicas-y-dos-ciclones-en-filipinas-OE22730709
Unitel,2026-08-10,Economía,Así se cotiza el dólar en el inicio de la segunda semana de agosto,"El dólar se cotiza en Bs 11,86 este 10 de agosto, de acuerdo con el reporte brindado por el Banco Central de Bolivia (BCB) en el inicio de esta segunda semana de agosto.

La cotización corresponde al reporte del pasado 6 de agosto y se mantiene vigente en esta jornada debido al feriado largo por las fiestas patrias. El BCB actualiza el tipo de cambio cada día hábil.

MIRA AQUÍ: Paz destaca caída del riesgo país de 2.200 a 421 puntos “en menos de nueve meses”

Con la cifra actual, se tiene una tendencia a la baja que se tiene desde la semana pasada. Según los datos oficiales del BCB, la cotización inició agosto en Bs 12,15. Luego bajó a Bs 12,13, posteriormente a Bs 12,08 el 4 de agosto, y a Bs 12,02 el 5 de agosto.

Ahora, al comenzar esta segunda semana del mes, el dólar se ubica en Bs 11,86 , dentro del sistema flexible de cotización de esta moneda.

MIRA AQUÍ: Rodrigo Paz: “Seguimos con algunos que siguen atacando la estabilidad democrática y económica”",https://unitel.bo/noticias/economia/asi-se-cotiza-el-dolar-en-el-inicio-de-la-segunda-semana-de-agosto-PE22730870
Unitel,2026-08-10,Seguridad,Un adolescente muere tras recibir un golpe en el cuello en una pelea en medio de una fiesta,"Un adolescente de 16 años falleció después de recibir un golpe en el cuello en una pelea en el municipio de Baures, Beni. Todo sucedió mientras se realizaba una fiesta en la zona.

Según el reporte de medios locales, el joven fue identificado como Thiago M. M. y en videos se observa que hay varias personas alrededor de los dos varones que pelean a puños.

Tras recibir un golpe en la zona del cuello, el adolescente se desvanece y es auxiliado a un establecimiento de salud próximo.

MIRA AQUÍ: San Matías: La frontera en disputa, territorio que seduce al narcotráfico

El trágico hecho se registró en medio de una fiesta de la tradición en Baures y el afectado ya fue enterrado y despedido por sus allegados, entre estos sus compañeros de colegio.

Se espera el resultado de la autopsia de ley para conocer la causa de la muerte de esta persona. Además del avance de las investigaciones pues de forma preliminar de informó que hay una persona aprehendida por este caso.

MIRA AQUÍ: San Matías: La frontera en disputa, territorio que seduce al narcotráfico

El padre del adolescente exige justicia pues remarcó en NotiBaures que en los videos se observa que se trata de un asesinato.",https://unitel.bo/noticias/seguridad/un-adolescente-muere-tras-recibir-un-golpe-en-el-cuello-en-una-pelea-en-medio-de-una-fiesta-CE22731030
Unitel,2026-08-10,Mundo,11 peruanos murieron y otros 114 están desaparecidos en combate con el Ejército ruso contra Ucrania,"El Gobierno de Perú informó este domingo que once ciudadanos peruanos han muerto, 114 están desaparecidos y tres han sido capturados por el ejército ucraniano, de un total de 459 connacionales que luchan por Rusia en la guerra con Ucrania.

El Ministerio de Relaciones Exteriores ofreció estas cifras en un comunicado en el que anunció la repatriación de cuatro connacionales que se encontraban en situación de vulnerabilidad en Rusia tras haberse fugado “del reclutamiento forzado del que fueron víctimas para prestar servicios en la guerra contra Ucrania”, según remarcó.

“De manera oficial se ha conocido que 459 peruanos se han enlistado, registrándose lamentablemente 11 fallecidos, 114 desaparecidos y 3 capturados por el ejército ucraniano”, afirmó el mensaje, que es el primero del Gobierno peruano que informa sobre la muerte de connacionales alistados por las tropas rusas.

MIRA AQUÍ: Hallan ocho cadáveres desmembrados en una mina ilegal de Ecuador

La cancillería también precisó que se ha evacuado, en total, a 31 nacionales desde Rusia, 28 de los cuales retornaron al país y tres permanecen en Europa “por decisión propia”.

Al referirse a los casos más recientes, el comunicado indicó que la sección consular de la Embajada de Perú en Rusia “asistió y gestionó la repatriación de dos jóvenes peruanos en situación de vulnerabilidad”.

Otros dos peruanos también fueron atendidos a finales de julio por la sección consular de la Embajada peruana, agregó el texto.

“Todos ellos arribaron al Perú y se encuentran con sus familias”, informó la cancillería antes de señalar que en este proceso se contó con el apoyo de los ministerios de la Mujer y Poblaciones Vulnerables y de Salud.

El comunicado pidió a los peruanos que no se dejen “engañar por falsas ofertas laborales, pues podrían caer en redes delictivas de trata” y les recordó que requieren una autorización del Gobierno nacional para prestar servicio militar para cualquier Estado extranjero.

La cartera de Exteriores exhortó, además, a denunciar a los reclutadores ante el Ministerio Público y la Policía Nacional e informó que los afectados y sus familiares pueden contactar con las secciones consulares en Moscú y Varsovia, q ue se encargan de Ucrania.

Familiares de los peruanos reclutados por Rusia se manifestaron el pasado martes frente a la embajada rusa en Lima para exigir el regreso de sus parientes, especialmente de los heridos, y que se les dé información sobre sus paraderos.

Los familiares aseguraron que aunque en abril pasado pusieron denuncias formales por un caso de trata de personas, los reclutadores que “estafaron y engañaron” a sus allegados siguen libres y sus casos “están durmiendo en la Fiscalía”.

MIRA AQUÍ: Ataques con explosivos dejan un policía muerto y varios heridos en el primer día del nuevo gobierno de Colombia

Una de las representantes de las víctimas, identificada como Norma y cuyo hijo figura como desaparecido, afirmó que tenía información de que al menos 150 de estos ciudadanos peruanos reclutados han muerto, aunque señaló que esos datos no habían sido confirmados por la Cancillería.

Los familiares han convocados a protestas y plantones desde los primeros meses de este año para exigir información sobre los enlistados, mientras que el Gobierno peruano emitió notas diplomáticas sin recibir respuesta, por lo que anunció que había solicitado el apoyo del Comité Internacional de la Cruz Roja (CICR) para la búsqueda de los connacionales afectados",https://unitel.bo/noticias/mundo/11-peruanos-murieron-y-otros-114-estan-desaparecidos-en-combate-con-el-ejercito-ruso-contra-ucrania-CE22731344
Unitel,2026-08-10,Seguridad,Mujer resulta herida tras ser golpeada con un arma durante un asalto,"Una mujer resultó herida tras ser atacada por un desconocido quien la golpeó con la cacha (empuñadura) de un arma de fuego para luego quitarle sus pertenencias de valor y huir del lugar con rumbo desconocido.

El hecho se registró entre la noche del domingo y la madrugada de este lunes, en inmediaciones de la OTB Molino, en la altura del kilómetro 3 de la avenida Petrolero , en la ciudad de Cochabamba.

MIRA AQUÍ: Hombre muere tras ser atacado por cuatro perros y sufrir una caída en Sucre: “Tenía múltiples lesiones en el cuerpo”

Según el informe preliminar, la víctima es una mujer de aproximadamente 30 a 35 años, la cual se encontraba caminando en el lugar cuando fue interceptada por un hombre, quien en primera instancia la amenazó y luego la golpeó con un arma de fuego.

Una vez la mujer quedó reducida debido a la agresión, el sujeto procedió a quitarle sus pertenencias y posteriormente se dio a la fuga con rumbo desconocidos.

MIRA AQUÍ: Aprehenden a mujer acusada de apuñalar y matar a su concubino en el barrio El Fuerte

La víctima fue auxiliada y trasladada hasta el hospital Harry Williams, sin embargo, poco después, fue derivada hasta el Hospital del Norte, hasta donde llegó personal policial para iniciar con las investigaciones.",https://unitel.bo/noticias/seguridad/mujer-resulta-herida-tras-ser-golpeada-con-un-arma-durante-un-asalto-EE22731225
Unitel,2026-08-10,Política,Diputado denuncia “acuerdo” entre Evo y el Gobierno para frenar órdenes de aprehensión,"El diputado Guillermo Mendoza expresó su preocupación por la falta de acciones para ejecutar las órdenes de aprehensión contra el expresidente Evo Morales y presumió la existencia de un supuesto acuerdo entre el Gobierno y el líder del trópico.

No obstante, el legislador opositor no expuso pruebas de sus conjeturas sobre este caso.

El legislador cuestionó que Morales se desplace libremente por el trópico cochabambino pese a los mandamientos vigentes en su contra. El fin de semana estuvo en la inauguración de la Feria del Pescado en Villa Tunari .

“Evo Morales camina ‘como Pedro por su casa’ por el trópico”, dijo Mendoza usando este conocido dicho como referencia a la libertad que tiene el líder cocalero para desplazarse en la región.

“ Teniendo órdenes de aprehensión y desafiando al propio Gobierno . Cada vez más me inclino a pensar que existe un acuerdo”, manifestó el diputado de Libre.

Para el parlamentario, el supuesto acuerdo se habría gestado desde antes de las elecciones nacionales con los entonces candidatos Rodrigo Paz y Edmand Lara, que finalmente ganaron los comicios y hoy son Gobierno .

” Un acuerdo desde antes de las elecciones entre Rodrigo Paz, Edmand Lara con Evo Morales . Un acuerdo que queda claro en la votación”, dijo.

“En primera vuelta, en las zonas que votaban por el masismo votaron para que esta fórmula gane la primera vuelta. Y en la segunda vuelta el propio Morales públicamente le dijo a su gente que había que votar por Edmand Lara”, sostuvo.

MIRA AQUÍ: Evo Morales reaparece de forma pública en Villa Tunari pese a dos órdenes de aprehensión en su contra

Sobre Morales pesan dos órdenes de aprehensión. La primera emitida hace meses, por un caso de trata con el agravante de que habría tenido una hija con una adolescente cuando él era presidente del Estado boliviano.

La segunda está vinculada a los bloqueos que duraron 53 días, que se dieron entre mayo y junio, y que terminaron con un saldo de 22 fallecidos, de acuerdo con un informe de la Defensoría del Pueblo. Entre los delitos por los que se lo acusa está el de terrorismo.

MIRA AQUÍ: Evo sobre Sokol: “Si yo fuera Paz y mi comandante se opone, lo cambiaría”

Mendoza advirtió que de confirmarse esta situación, sería improbable que el Estado actúe contra Morales y dijo que, “si esto fuera así, es muy improbable pensar en que las fuerzas de represión del Estado boliviano van a actuar contra Morales”.",https://unitel.bo/noticias/politica/diputado-denuncia-acuerdo-entre-evo-y-el-gobierno-para-frenar-ordenes-de-aprehension-BE22731321
Unitel,2026-08-10,Sociedad,Frente frío golpea a Santa Cruz con vientos de hasta 65 km/h y bajas temperaturas,"Santa Cruz inicia la semana con un cambio brusco en las condiciones climáticas , de acuerdo con el reporte de Luis Alpire, del servicio Señor del Clima , ingresó un frente frío a la capital cruceña acompañado de lluvias y vientos muy fuertes del sur, que se intensificarán durante el mediodía de este lunes 10 de agosto, cuando podrían alcanzar los 65 kilómetros por hora.

La fuerza del viento provocará una sensación térmica de hasta 3 °C por debajo de la temperatura ambiente , incrementando la percepción de frío durante la jornada.

El frente frío permanecerá en el departamento hasta la madrugada del miércoles 12 de agosto . Según Alpire, este comportamiento está relacionado con la incidencia del fenómeno El Niño, fortalecido por el calentamiento acelerado del océano Pacífico, situación que estaría contribuyendo al debilitamiento del invierno tanto en intensidad como en duración.

MIRA AQUÍ: ¿A cuánto descenderá la temperatura? Senamhi anuncia frente frío y tormentas eléctricas en Santa Cruz

El martes llegará el mayor descenso de temperaturas

Las temperaturas mínimas descenderán significativamente durante la madrugada del martes 11 de agosto, con los siguientes registros:

Andrés Ibáñez y Norte Integrado

La temperatura oscilará entre una mínima de 14 °C y una máxima de 32 °C. Los vientos del sur alcanzarán hasta 65 km/h, principalmente este lunes, mientras que durante el fin de semana se prevé ráfagas del norte superiores a 70 km/h. El cielo estará mayormente nublado y parcialmente cubierto, para luego despejarse. Se esperan lluvias moderadas.

Valles Cruceños

Se prevén temperaturas de entre 7 °C y 28 °C . Los vientos del sur llegarán hasta los 30 km/h este lunes, mientras que las ráfagas del norte podrían alcanzar los 60 km/h durante el fin de semana. Habrá cielo mayormente nublado, con lluvias moderadas el lunes y posterior mejoramiento de las condiciones.

Cordillera

Las temperaturas estarán entre 10 °C y 35 °C . Los vientos del sur alcanzarán hasta 40 km/h, principalmente durante este lunes. Se esperan cielos mayormente nublados a parcialmente cubiertos, con posterior despeje, además de chubascos durante la jornada.

Chiquitanía

La región registrará temperaturas mínimas de 13 °C y máximas de 38 °C . Los vientos del sur superarán los 60 km/h este lunes, mientras que durante el fin de semana se prevén ráfagas del norte de hasta 70 km/h, especialmente en el este de Chiquitos y Ñuflo de Chávez. El cielo estará mayormente nublado, parcialmente cubierto y posteriormente despejado. Se pronostican lluvias moderadas el lunes en Chiquitos, Ñuflo de Chávez y Guarayos.

Según el reporte, no se prevén lluvias en el resto de las provincias del departamento de Santa Cruz, aunque las condiciones de viento y los cambios de temperatura marcarán el comportamiento del clima durante los próximos días.

MIRA AQUÍ: La Paz: Incendio forestal estuvo a punto de afectar viviendas en Huanuhuanuni",https://unitel.bo/noticias/sociedad/frente-frio-golpea-a-santa-cruz-con-vientos-de-hasta-65-km-h-y-bajas-temperaturas-FE22731242
Unitel,2026-08-10,Seguridad,Un bus con pasajeros vuelca en una quebrada de Tupiza y deja heridos,"La noche del domingo 9 de agosto un bus de la Empresa El Inca que transportaba pasajeros volcó en Tupiza, en Potosí, en el sector de Tambillo Bajo, un tramo de desvío de tierra.

Según la prensa local, el hecho se tránsito dejo varios heridos, que fueron trasladados hasta centros de salud regionales , entre ellos al Hospital Eduardo Eguía.

MIRA AQUÍ: San Matías: La frontera en disputa, territorio que seduce al narcotráfico

El bus partió de Villazón rumbo a La Paz. Algunos testigos relataron que aparentemente el motorizado presentó fallas mecánicas antes del siniestro.

“ Creo que se rompió el freno ”, lamentó una mujer, que terminó con heridas leves.

Un bus de la empresa El Inca volcó la noche del domingo en el sector Tambillo Bajo, en Tupiza, Potosí, dejando varios heridos. Se presume que el accidente fue provocado por fallas mecánicas. Una pasajera denunció, además, la pérdida de Bs 40.000 y sospecha que quienes la auxiliaron se llevaron el dinero. 📲 Más información en Unitel.bo #Unitel #Seguridad #Potosí #Tupiza #Bus #Accidente

Esta persona denunció que en medio del hecho de tránsito perdió Bs 40.000 de su negocio, presume que las personas que los auxiliaron se llevaron el dinero.

MIRA AQUÍ: Fiscalía pide detención preventiva para el hombre que mató y mutiló a un jaguar en Guayaramerín

“ En la quebrada nos metimos, se volcó la flota, dijo que la dirección se rompió ”, relató otra pasajera.

Comunarios del lugar atendieron a las personas afectadas por este hecho de tránsito.",https://unitel.bo/noticias/seguridad/un-bus-con-pasajeros-vuelca-en-una-quebrada-de-tupiza-y-deja-heridos-EE22731432
Unitel,2026-08-10,Sociedad,"Lluvia, frío y calles inundadas marcan el inicio de semana en la capital cruceña","Lluvia y bajas temperaturas marcan el inicio de la semana en la capital cruceña, donde los vecinos se han visto sorprendidos por las calles y avenidas inundadas debido a las precipitaciones que caen desde la madrugada de este lunes.

Uno de los barrios que se ve afectado por la copiosa lluvia que cae es El Bajío, a la altura del sexto anillo donde las intersecciones que conectan al hospital municipal de la zona han quedado inundadas, provocando así que los vehículos que transitan por el lugar lo hagan con mucha precaución.

MIRA AQUÍ: ¿A cuánto descenderá la temperatura? Senamhi anuncia frente frío y tormentas eléctricas en Santa Cruz

De acuerdo a las proyecciones meteorológicas, este clima inestable se va a comportar hasta el día jueves 13 de agosto con temperaturas mínimas entre 16ºC y 18ºC.

Para este lunes se prevé que el cielo se mantenga nublado y con lluvias en diferentes partes de la ciudad, por lo menos hasta las 15:00 o 16:00.

Ante esta proyección, desde el Servicio Nacional de Meteorología e Hidrología e Hidrología (Senamhi) piden tener precaución en los ríos como Piraí, Ichilo, Yapacaní y Surutú, donde se esperan crecidas de consideración provocadas por las lluvias.

MIRA AQUÍ: La Paz: Incendio forestal estuvo a punto de afectar viviendas en Huanuhuanuni",https://unitel.bo/noticias/sociedad/lluvia-frio-y-calles-inundadas-marcan-el-inicio-de-semana-en-la-capital-crucena-IE22731696
Unitel,2026-08-10,Sociedad,"Incendio en la Feria Barrio Lindo: “Hay falencias en mercados y falta de supervisión de la autoridad”, dice experto","Este lunes suman cuatro días desde el voraz incendio que devastó gran parte de la Feria Barrio Lindo, en Santa Cruz de la Sierra, y los alrededores mantienen cordones amarillos para evitar el paso de personas.

Ante el siniestro, el experto en Seguridad Industrial, Juan Carlos Sarmiento, indicó que son más de 10 instalaciones del mismo tipo que se incendian en los últimos años por lo que se observan falencias y falta de control de la autoridad competente.

“Falencias hay bastantes, falta de supervisión de la autoridad competente, nunca se hicieron las cosas como deberían ser, todo esto nace desde la licencia ambiental, pues para la construcción de este tipo también se siguen parámetros de seguridad”, enfatizó.

MIRA AQUÍ: ¿A cuánto descenderá la temperatura? Senamhi anuncia frente frío y tormentas eléctricas en Santa Cruz

Indicó que los responsables de la construcción son los responsables de brindar seguridad y también deben tener una actualización de la licencia ambiental.

“Después de varios años no se realizó la inspección por la autoridad competente ”, sostuvo sin apuntar a ninguna instancia pública.

Lo que se necesita

Sarmiento remarcó que se necesita una red “suficiente” de agua, tubería adecuada, alarma contra incendios , detectores de humo, señalización, vías de evacuación y que un ancho de pasillos adecuado.

Agregó que todos los habitantes de la construcción deberían de estar capacitados para prevención y también para contención.

El especialista indicó que una vez se concluye la construcción, se debe hacer una revisión y que no se realicen instalaciones posteriores.

MIRA AQUÍ: Alerta en Barrio Lindo: Nuevo foco de calor en el sector del comedor moviliza a los bomberos

La Policía y el Ministerio Público comenzaron los peritajes y distintos actos investigativos para esclarecer cómo se originó el fuego.

Una inspección técnica y la recolección de elementos en busca de conocer qué originó el fuego en la zona, que afectó la construcción central de la Feria Barrio Lindo.

Según el informe, cinco guardias de seguridad deben brindar su declaración en busca de esclarecer el origen del fuego.

Este lunes el paso en los alrededores de la Feria Barrio Lindo sigue restringido.",https://unitel.bo/noticias/sociedad/incendio-en-la-feria-barrio-lindo-hay-falencias-en-mercados-y-falta-de-supervision-de-la-autoridad-dice-experto-FE22731620
Unitel,2026-08-10,Seguridad,"Ola de violencia: Es “imposible tapar el sol con un dedo”, el crimen transnacional se ha instalado en el país, dice Oviedo","El departamento de Santa Cruz atraviesa una ola de violencia pues en las últimas dos semanas se han registrado 10 asesinatos, atracos a mano armada a entidades financieras y surtidores, además de hechos vinculados a sicariato y tráfico de armas.

Pese al despliegue policial, el Gobierno reconoció que aún no ha logrado detener la ola delictiva pues es “imposible tapar el sol con un dedo” , dijo el ministro de Gobierno, Marco Antonio Oviedo, quien admitió la gravedad de la situación y la atribuyó a años de omisión que se habrían tenido en otras gestiones de Gobierno.

”Hoy en Santa Cruz y en otras ciudades de nuestro país hay un elevado índice de criminalidad que es resultado de mucho tiempo de haber dejado pasar las cosas”, afirmó la autoridad.

MIRA AQUÍ: San Matías: La frontera en disputa, territorio que seduce al narcotráfico

Para el ministro, la base del problema es el narcotráfico y señaló que durante los últimos 20 años el crimen transnacional se instaló en el país.

En ese contexto, recordó la detención del capo uruguayo Sebastián Marset y mencionó que en su grupo de seguridad había ciudadanos colombianos y venezolanos. “ Esto no es excusa, durante los últimos 20 años el crimen transnacional se ha ido instalando en el país ”, dijo.

También vinculó los últimos hechos de violencia, como el asesinato de cuatro personas en una hacienda y la muerte del subteniente Yerson Salazar en San Matías, a “una lucha por el control de corredores de exportación de cocaína, marihuana y otras sustancias controladas”.

MIRA AQUÍ: Abatido en Brasil: Alias ‘Piña’ es “uno de los autores materiales” del asesinato del policía Salazar

Oviedo señaló que “ hasta hace poco, Bolivia tenía una política de seguridad pública que no reprimía ciertas prácticas delictivas ” y dijo que no se puede cambiar de la noche a la mañana una política de lucha contra el crimen que no se ejecutaba de la mejor manera en anteriores administraciones.",https://unitel.bo/noticias/seguridad/ola-de-violencia-es-imposible-tapar-el-sol-con-un-dedo-el-crimen-transnacional-se-ha-instalado-en-el-pais-dice-oviedo-PE22731835
Unitel,2026-08-10,Agencias,"Temas del día de EFE Internacional del lunes, 10 de agosto de 2026 (12:00 GMT)","DESTACADOS

IRÁN GUERRA

Teherán.- Irán insiste en que no mantiene negociaciones con Estados Unidos y condiciona tanto cualquier reanudación del diálogo como la reapertura del estrecho de Ormuz al cumplimiento por parte de Washington de sus compromisos recogidos en el memorando de entendimiento de junio.

(Texto)(Audio)

- Mohsen Rezaei, excomandante ultraconservador de la Guardia Revolucionaria durante la guerra entre Irán e Irak, es el nuevo responsable del Consejo Supremo de Seguridad Nacional iraní, el órgano responsable de definir las políticas de defensa, nucleares y de exterior de la República Islámica.

- Los rebeldes chiíes hutíes del Yemen continúan su escalada contra Arabia Saudí, incluso después de la firma del acuerdo de defensa de Riad con Pakistán y Turquía, al tiempo que los insurgentes siguen desafiando al Gobierno yemení reconocido internacional con su peor ofensiva desde 2022.

(Texto)

EEUU INMIGRACIÓN

Los Ángeles (EE.UU.) - Más de 170.000 inmigrantes salvadoreños han comenzado una carrera contrarreloj para evitar su deportación, a menos de un mes de que venza el Estatus de Protección Temporal (TPS) para su país, un beneficio migratorio que ha estado en la mira del Gobierno del presidente Donald Trump desde su primer mandato y que se sostuvo gracias a una orden judicial.

(Texto) (Foto) (Vídeo)

UCRANIA GUERRA

Leópolis (Ucrania)- Cada mañana a las 9:00, todo el tráfico se detiene por completo en las calles de Ucrania para cumplir un minuto de silencio, una iniciativa ciudadana con la que los habitantes rinden homenaje a las víctimas de la invasión rusa

(Texto)(Foto)(Vídeo)

- Una serie de ataques de las fuerzas rusas contra la región ucraniana de Dnipropetrovsk dejó al menos una persona muerta y cinco heridas en las últimas horas.

- Mientras, al menos trece personas murieron y medio centenar resultaron heridas hoy tras un ataque de drones ucranianos contra la localidad de Nizhnekamsk de la república de Tatarstán, perteneciente a la Federación Rusa, que tendría como objetivo la refinería local.

COLOMBIA GOBIERNO

Bogotá - La Casa de Nariño, que durante casi medio siglo fue sede del Gobierno colombiano, vive desde este lunes una jornada inusual, sin tantas restricciones de seguridad y con menos funcionarios por la decisión del presidente Abelardo de la Espriella de no ocupar el palacio y convertirlo en museo.

(Texto) (Foto) (Vídeo)

ADEMÁS

MÉXICO TECNOLOGÍA | Ciudad de México - Ante el avance global de las restricciones al uso de plataformas digitales por menores, México abre un debate nacional para explorar medidas similares en las escuelas, aunque especialistas cuestionan un enfoque ""punitivo"" en un país donde unos 250.000 niños y adolescentes están en riesgo de ser reclutados por el crimen organizado. (Texto) (Foto)

RUSIA ELECCIONES | Moscú - El Tribunal Supremo de Rusia estudia la denuncia para excluir al partido opositor Yábloko, el único que se opone a la guerra en Ucrania, de las elecciones legislativas el próximo septiembre. (Texto) (Foto)

- Cientos de personas se concentraron este lunes ante el Tribunal Supremo de Rusia para apoyar al único partido opositor legal del país, Yábloko.

CHINA MOSQUITOS | Pekín - El parque Yongdinghe se ha convertido en el primero ""libre de mosquitos"" de Pekín gracias a dispositivos inteligentes y plantas repelentes, un proyecto piloto con el que las autoridades buscan controlar la expansión de estos insectos que, favorecidos por el cambio climático, cada vez son más comunes en el norte de China. (Texto) (Foto) (Vídeo)

ASIA TIFÓN | Pekín/Shanghái.- El tifón Dolphin deja más de 1,6 millones de evacuados en el este de China, lluvias récord en Shanghái y cientos de vuelos cancelados en varios aeropuertos de la región, mientras avanza debilitado hacia el interior tras tocar tierra dos veces en la provincia de Zhejiang. (Texto)(Vídeo)(Audio)

REPÚBLICA CHECA SEQUÍA | Praga - El castor europeo, una especie protegida que regresó a la República Checa a finales del siglo XX tras estar extinguido en esta parte de Europa durante unos 150 años, está ayudando a contrarrestar algunos efectos de la sequía y del calor extremo de estos meses. Gustavo Monge (crónica) (Texto)(Foto)

AGENDA INFORMATIVA

América

Nueva York.- EEUU EMPRESAS.- El 'live shopping' es un mercado en auge que difumina el límite entre comercio electrónico y juego, con vendedores ofreciendo productos en 'livestreams' (emisiones en directo en internet) donde los usuarios pueden interactuar y hacer compras instantáneas.

Ciudad de Panamá.- PANAMÁ INDÍGENAS.- La Defensoría del Pueblo de presenta un informe sobre la situación de los derechos de las niñas, los nNiños y adolescentes indígenas de Panamá, un país que cuenta con seis comarcas autónomas y siete etnias originarias Parque Omar, Biblioteca Ernesto J. Castillero (Texto) (Foto) (Vídeo)

Caracas.- VENEZUELA DIÁLOGO.- Se mantiene el primer ciclo de diálogo entre el chavismo y la oposición, bajo el respaldo de Estados Unidos, y con la transición en agenda. (Texto)

Ciudad de México - MÉXICO MÚSICA - El cantante colombiano Nanpa Básico da los detalles de su concierto en el Palacio de los Deportes de Ciudad de México, el más grande en su trayectoria en el país hasta ahora. (Texto) (Foto)

Washington - EEUU BTS - La popular banda surcoreana BTS ofrece el primero de sus dos conciertos programados en la región capitalina de EE.UU. tras retomar en agosto el tramo estadounidense de su gira Arirang World Tour. (Texto) (Foto) (Video)

Sao Paulo.- EMBRAER RESULTADOS.- La aeronáutica brasileña Embraer, tercer mayor fabricante de aviones del mundo, presenta su informe de resultados correspondiente al segundo trimestre de 2026. (Texto)

Sao Paulo.- NATURA RESULTADOS.- El gigante de cosméticos brasileño Natura presenta su informe de resultados correspondiente al segundo trimestre de 2026. (Texto)

Sao Paulo.- JBS RESULTADOS.- El grupo brasileño JBS, mayor procesador de carne animal del mundo, presenta su informe de resultados correspondiente al segundo trimestre de 2026. (Texto)

Buenos Aires.- MARADONA JUICIO.- Previa de una nueva audiencia del juicio para determinar responsabilidades por la muerte de Diego Armando Maradona. (Texto)

Río de Janeiro.- ROSALÍA.- La cantante española Rosalía ofrece el primero de sus dos conciertos en la ciudad brasileña de Río de Janeiro en el marco de su gira mundial 'Lux Tour'.

Buenos Aires.- YPF RESULTADOS.- La petrolera argentina YPF da a conocer sus resultados financieros correspondientes al segundo trimestre de 2026, después de haber registrado en los primeros meses del año una ganancia neta de 409 millones de dólares. (Texto)

Montevideo.- URUGUAY POLÍTICA.- El opositor Partido Nacional uruguayo, fuerza política a la que pertenece el expresidente Luis Lacalle Pou, ofrece un mensaje en cadena nacional a la ciudadanía en el marco de su 190 aniversario. (Texto)

Europa

Oslo.- NORUEGA MONARQUÍA.- Un juzgado de Oslo celebra una vista para decidir si se prolonga la prisión preventiva a Marius Borg Høiby, hijo de la princesa Mette-Marit y condenado el pasado 15 de junio a cuatro años de cárcel por dos casos de violación y por maltrato a una de sus exnovias, una sentencia que está recurrida.

Asia

Bangkok - TAILANDIA TIROTEO - Un exdiputado tailandés disparó este lunes contra dos personas, de las que una resultó muerta, en un edificio gubernamental de la provincia de Nonthaburi (norte de Bangkok), después de que un tiroteo escolar en la misma provincia el pasado viernes reabriera el debate sobre la alta tenencia de armas en el país. (texto) (foto) (vídeo)

Nueva Delhi.- PAKISTÁN CACHEMIRA.- La Cachemira paquistaní celebra la tercera y última fase de sus elecciones a la asamblea, en unos comicios marcados por protestas.

Tokio.- JAPÓN COMERCIO.- Japón publica las estadísticas de su balanza comercial para junio, tras registrar un beneficio por cuenta corriente de 3,97 billones de yenes (alrededor de 21.434 millones de euros) en mayo, un 19,5 % más interanual. (Texto)

Tokio.- JAPÓN NUCLEAR.- La organización japonesa contra las armas nucleares Nihon Hidankyo, que ganó el premio Nobel de la Paz en 2024, marca 70 años de su formación en un contexto de revisión de los principios que prohíben la posesión, creación, o introducción de armas nucleares en el archipiélago.

Pekín.- CHINA MOSQUITOS.- El parque Yongdinghe se ha convertido en el primero ""libre de mosquitos"" de Pekín gracias a dispositivos inteligentes y plantas repelentes, un proyecto piloto con el que las autoridades buscan controlar la expansión de estos insectos que, favorecidos por el cambio climático, cada vez son más comunes en el norte de China. (Texto) (Foto) (Vídeo)

Tokio.- JAPÓN ESPACIO.- La agencia aeroespacial japonesa (JAXA) planea lanzar este lunes al espacio el nuevo satélite de geolocalización Michibiki tras un retraso de tres días por el paso del tifón Dolphin, un lanzamiento inicialmente previsto para febrero y que fue pospuesto tras el fracaso en diciembre de 2025 de una misión para poner en órbita el sexto de los siete satélites programados como parte del Sistema Satelital Quasi-Zenith.

Redacción EFE Internacional

(34)913 46 71 00

Puede escribir a mesacentral@efe.com para contactar con nuestra redacción.

En www.efeservicios.com encontrará toda la producción multimedia de la Agencia EFE y su Agenda Mundial, un listado actualizado de actos informativos programados.

Para cualquier otro producto o servicio, contacte con clientes@efe.com o llame al +34 91 3467245",https://unitel.bo/noticias/agencias/temas-del-dia-de-efe-internacional-del-lunes-10-de-agosto-de-2026-1200-gmt-AE22732288
Unitel,2026-08-10,Mundo,Ataque ucraniano mata a 13 personas en el centro de Rusia,"Trece personas murieron en Tartaristán , en el centro de Rusia , en uno de los ataques más mortíferos llevados a cabo por Kiev desde que comenzó la ofensiva de Moscú contra Ucrania en 2022.

Kiev dijo haber golpeado una refinería de petróleo en la ciudad industrial de Nizhnekamsk, situada a más de 1.000 kilómetros de la frontera ucraniana.

Ambos países han aumentado significativamente sus ataques de largo alcance este año , disparando así el número de civiles muertos, según la ONU.

“ En este momento , 13 personas murieron ” por el ataque contra Nizhnekamsk, indicó el servicio de prensa regional en un comunicado el lunes. Otras 75 personas resultaron heridas, de las cuales 21 fueron hospitalizadas, agregaron las autoridades.

El dirigente de la región, Rustam Minnijanov, decretó una jornada de luto para este lunes en toda la república de Tartaristán.

Según las autoridades, el ataque “ masivo ” estuvo dirigido tanto contra instalaciones industriales como contra objetivos civiles en esta ciudad que alberga varias refinerías de petróleo y una importante planta petroquímica.

Imágenes no verificadas difundidas en redes sociales mostraban una gran nube de humo negro elevándose en el emplazamiento de una instalación petrolera.

El Estado Mayor de Ucrania afirmó que había atacado la refinería de Taneko, controlada por el gigante petrolero Tatneft, como parte de una campaña para “ reducir el potencial militar del agresor ruso ”.

El Comité de Investigación de Rusia, encargado de investigar los delitos graves, señaló que entre los fallecidos se encontraba un niño.

Según el gobierno regional, también había ciudadanos de Tayikistán y Uzbekistán entre los fallecidos.

MIRA AQUÍ: 11 peruanos murieron y otros 114 están desaparecidos en combate con el Ejército ruso contra Ucrania

En la región de Bélgorod, fronteriza con Ucrania , las autoridades informaron de la muerte de una mujer en un ataque con dron contra una vivienda en la localidad de Novaya Tavolzhanka.

En total, Rusia derribó 456 drones ucranianos durante la noche sobre unas quince regiones de Rusia y la península de Crimea, anexionada por Moscú, según un comunicado del Ministerio de Defensa.

- “ Intenso bombardeo ” -

En Ucrania, cinco personas murieron en la región nororiental de Járkov tras un “intenso bombardeo de artillería” ruso contra una zona residencial de una aldea del distrito de Chuguyiv, informó en Telegram la Fiscalía General, que difundió imágenes de viviendas destruidas.

Además, una persona murió en la región ucraniana de Jersón (sur) cuando un dron ruso impactó contra un taxi, informó el gobernador regional.

La Fuerza Aérea de Ucrania afirmó que Rusia lanzó 126 drones en su ataque de madrugada.

En la región de Odesa, en el sur de Ucrania, decenas de miles de hogares seguían sin electricidad después de que Rusia atacara la red eléctrica durante el fin de semana.

La preocupación crece ante la llegada del invierno, después de que el año pasado millones de personas se quedaran sin calefacción ni agua durante horas, con temperaturas de hasta -20 °C.

El presidente ucraniano, Volodimir Zelenski, advirtió este fin de semana que su país “ prácticamente no tiene centrales térmicas intactas ” debido a los ataques rusos.

MIRA AQUÍ: ¿Hasta cuándo se queda Messi en Rosario?: esto es lo que se sabe

Más de cuatro años después del inicio de la operación rusa a gran escala de Ucrania, los esfuerzos diplomáticos continúan estancados.",https://unitel.bo/noticias/mundo/ataque-ucraniano-mata-a-13-personas-en-el-centro-de-rusia-KE22732228
Unitel,2026-08-10,Seguridad,"Ante la ola de violencia, Bolivia y Brasil lanzan el plan “Frontera Segura” para ejecutar operativos en zonas rojas","Esta semana, Bolivia y Brasil lanzarán el plan “Frontera Segura” con el objetivo de frenar la ola de violencia en las zonas rojas que están ubicadas cerca de la línea limítrofe, que son escenario de una ola de violencia, informó a la red UNITEL el ministro de Gobierno, Marco Antonio Oviedo.

“ El jueves de esta semana, el 13 de agosto, en Guayaramerín , vamos a lanzar el plan Frontera Segura, que en el caso de Brasil corresponde a los departamentos de Pando, Beni y Santa Cruz”, explicó.

MIRA AQUÍ: San Matías: La frontera en disputa, territorio que seduce al narcotráfico

Anunció que el plan consiste en “trabajar de manera conjunta” con las fuerzas del orden puesto que será de “ aplicación binacional, de cooperación entre la Policía Federal brasilera y la Policía Boliviana ”.

Explicó que se instalarán operaciones “ de carácter permanente en varios puntos de la frontera para tratar de parar y desarticular esta ola de crímenes realmente preocupantes en Santa Cruz, pero también en Guayaramerín y Cobija”.

A esas zonas se suman San Matías, Puerto Suárez y otras regiones fronterizas catalogadas como zonas rojas.

El Gobierno señala que la zona fronteriza con Brasil es el epicentro de la disputa entre dos de los cárteles más peligrosos de Brasil: el Primer Comando de la Capital (PCC) , y el Comando Vermelho, junto a sus aliados locales.

MIRA AQUÍ: Envían a Palmasola a tres brasileños por el asesinato del teniente Yerson Salazar

Los operativos se concentrarán en “puntos conflictivos donde el índice de violencia es muy alto con el Brasil”, dijo Oviedo.

No obstante, aclaró: “ Ya estamos trabajando con la Policía Federal brasilera, coordinamos y hacemos intercambio de informaciones” .

Oviedo dijo que en el lanzamiento de este plan estará presente el presidente Rodrigo Paz, además del ministro de Seguridad y Defensa de Brasil y el comandante nacional de la Policía Federal.

El anuncio surge en medio de crímenes que han sacudido al país, especialmente a Santa Cruz, donde se registraron 10 asesinatos entre los que se cuenta la muerte del teniente de la Policía, Yerson Salazar, que fue acribillado y cuyo cuerpo fue hallado carbonizado tres días después de su muerte.",https://unitel.bo/noticias/seguridad/ante-la-ola-de-violencia-bolivia-y-brasil-lanzan-el-plan-frontera-segura-para-ejecutar-operativos-en-zonas-rojas-AE22731818
Unitel,2026-08-10,Seguridad,“Hay excesiva corrupción”: Gobierno admite crisis en el sistema penitenciario y activa proceso por fuga de reos en Palmasola,"El pasado 5 de agosto se fugaron de la cárcel de Palmasola, Santa Cruz, los brasileños Fernando Junio Da Silva y Alex Heleno Da Silva, quienes aún siguen siendo buscados. Esta evasión desnuda una problemática de fondo en el sistema carcelario boliviano , admitió este lunes el ministro de Gobierno, Marco Antonio Oviedo.

La autoridad calificó como grave lo ocurrido y señaló que el hecho “expresa y representa la fragilidad de nuestro sistema penitenciario” en cuanto a infraestructura y recursos humanos, pero además porque “hay excesiva corrupción ”.

“ Cada vez estamos anunciando que se fugaron dos, que se fugaron tres (reos) ”, pero el problema requiere una solución de fondo, señaló Oviedo.

“El tema es de que nosotros podamos hacer un cambio estructural, así como estamos haciendo en la lucha contra las drogas ”, dijo.

MIRA AQUÍ: San Matías: La frontera en disputa, territorio que seduce al narcotráfico

Como consecuencia de la fuga, el ministro informó que se abrió un proceso penal en contra del gobernador de Palmasola, además “de otros oficiales que participaron” del escape de los brasileños que, primero, cortaron el enmallado del PC-4 y luego, violentaron dos candados de una torreta para saltar el muro de la cárcel usando una cuerda.

MIRA AQUÍ: Ante la ola de violencia, Bolivia y Brasil lanzan el plan “Frontera Segura” para ejecutar operativos en zonas rojas

Sin embargo, aclaró que estas acciones son “una solución parcial” y “un escarmiento” a quienes cometen alguna irregularidad y dijo que ahora se está trabajando con organismos multilaterales para revertir esa situación.

“Bolivia necesita mejorar su sistema penitenciario y modernizarlo en cuanto a su normativa y organización”, sostuvo.",https://unitel.bo/noticias/seguridad/hay-excesiva-corrupcion-gobierno-admite-crisis-en-el-sistema-penitenciario-y-activa-proceso-por-fuga-de-reos-en-palmasola-FE22732557
Unitel,2026-08-10,Seguridad,Consejo de Magistratura indaga si “hubo un mal procedimiento” en fallo que otorga arresto domiciliario a exjuez Zeballos,"El Concejo de la Magistratura indaga “si hubo un mal procedimiento” en el fallo que otorga arresto domiciliario a favor del exjuez Heberth Zeballos, quien cumplía detención preventiva en Palmasola, Santa Cruz, por una investigación vinculada al hallazgo de droga en un galpón donde presuntamente fueron trasladadas las maletas que llegaron al país sin control de Aduana.

“El Consejo de la Magistratura ya realizó un nuevo levantamiento sobre la medida que asumió la Sala Penal y se está haciendo el levantamiento técnico”, sostuvo.

MIRA AQUÍ: Aprehenden a mujer acusada de apuñalar y matar a su concubino en el barrio El Fuerte

La autoridad remarcó que se determinará “si hubo un mal procedimiento” de esta Sala que otorgó detención domiciliaria a favor del exjuez.

Zeballos abandonó la cárcel de Palmasola a inicios de este mes después que una Sala Judicial dictara en su favor un arresto domiciliario mientras siguen las investigaciones.

Sala Plena acepta la renuncia sus procesos serán retomados

Por otro lado, confirmó que la Sala Plena del Consejo de la Magistratura (CM) aceptó de manera inmediata la renuncia del ahora exjuez Zeballos, según Spencer.

“Todas estas personas también serán destituidas y los documentos irán a su fail para que no vuelvan a ser funcionarios públicos en el Órgano Judicial”, sostuvo.

MIRA AQUÍ: San Matías: La frontera en disputa, territorio que seduce al narcotráfico

Añadió que todos los procesos que llevaba la exautoridad seguirán su curso con otras autoridades.",https://unitel.bo/noticias/seguridad/consejo-de-magistratura-indaga-si-hubo-un-mal-procedimiento-en-fallo-que-otorga-arresto-domiciliario-a-exjuez-zeballos-JE22732209
Unitel,2026-08-10,Mundo,"Un temblor de magnitud 6,7 sacude la mayor parte de Colombia","Un temblor de magnitud 6,7 sacudió este lunes gran parte de Colombia, sin que de momento se haya informado de víctimas o daños, según el Servicio Geológico Colombiano (SGC).

El temblor se sintió a las 07.34 hora local (12:34 GMT) y tuvo como epicentro la localidad de San José del Palmar, en el departamento del Chocó, situado en la costa del Pacífico, a una profundidad de 82 kilómetros, indicó el SGC en un primer boletín.

MIRA AQUÍ: Ataque ucraniano mata a 13 personas en el centro de Rusia

El Servicio Geológico Colombiano (SGC) informó que los municipios más cercanos al epicentro son San José del Palmar, a 20 kilómetros; Río Iró, a 22 kilómetros; y Nóvita, a 32 kilómetros.

Hasta el momento, la información suministrada corresponde a un reporte de estado manual, por lo que los datos podrían ser objeto de actualización por parte de la autoridad sismológica, informó Caracol.

MIRA AQUÍ: 11 peruanos murieron y otros 114 están desaparecidos en combate con el Ejército ruso contra Ucrania

Según el reporte de AFP, el sismo se sintió también en grandes ciudades como Bogotá y Cali, e incluso en Quito (Ecuador) y en Panamá, informó el Servicio Geológico colombiano y constataron reporteros de la AFP.",https://unitel.bo/noticias/mundo/un-temblor-de-magnitud-67-sacude-la-mayor-parte-de-colombia-IE22732695
Unitel,2026-08-10,Farándula,"¡Un junte inesperado! Chin, Monsi y Jota Narbaja estrenan ‘Te pone mal’","Chin , Monsi y Jota Narbaja unieron sus talentos para lanzar ‘Te pone mal’, una canción que fusiona la esencia y el estilo particular de cada uno.

Durante su visita a La Revista de UNITEL, Chin habló sobre el inesperado encuentro artístico que dio vida al tema. “ Un junte que nadie esperaba , pero dio un resultado muy bueno ”, comentó el artista al referirse a la colaboración.

Para Jota Narbaja, uno de los principales atractivos de la canción fue precisamente la combinación de las personalidades musicales de los tres artistas.

MIRA AQUÍ: ¡Al ritmo del caporal! Cazzu sorprende a sus fanáticos con un inesperado baile

“ Fue una esencia de los tres que marcamos , cada uno tiene lo suyo y eso marcó algo lindo y junto al video quedó increíble”, señaló Jota.

Por su parte, Monsi contó que la colaboración surgió de manera directa, “ Salió muy natural , me puse a grabar y armamos ”, explicó, destacando que cada uno aportó su propia esencia para darle forma a la canción.

MIRA AQUÍ: ¡Hasta en quechua! Cazzu sorprendió interpretando ‘Munasquechay’ de Los Kjarkas en su concierto en Santa Cruz

El tema está disponible en las diferentes plataformas musicales , mientras que su videoclip ya supera las 10.000 reproducciones en YouTube, marcando un buen inicio para este inesperado junte de talentos bolivianos.",https://unitel.bo/noticias/farandula/un-junte-inesperado-chin-monsi-y-jota-narbaja-estrenan-te-pone-mal-PE22732872
Unitel,2026-08-10,Mundo,Grupo musical de cumbia abandona concierto en medio de una balacera,"Un grupo musical de cumbia Armonía 10 tuvo que abandonar un concierto en medio de una balacera, que provocó que también los asistentes fuguen del lugar.

La presentación del grupo era en Manchay , distrito de Pachacámac, en Perú. El hecho provocó momentos de tensión y la huida de decenas de asistentes.

En videos difundidos en redes sociales se observa a la orquesta interpretando una canción mientras que una persona ingresa y comienza a pedir a los músicos que abandonen el escenario. Uno de los vocalistas sigue cantando hasta que segundos después se percata de la situación y también sale del lugar.

MIRA AQUÍ: Un temblor de magnitud 7,4 sacude Colombia; hay daños en edificios de varias ciudades

Algunos asistentes señalaron, según el diario La República de Perú, que agentes policiales les pidieron tirarse al piso como medida de precaución ante la emergencia.

La presentación fue interrumpida luego de que se reportaran cinco disparos cerca del escenario.

El hecho generó pánico entre los asistentes, quienes intentaron abandonar rápidamente el lugar. De acuerdo con los reportes difundidos sobre el incidente, no se registraron personas heridas ni en el público ni entre los músicos.

MIRA AQUÍ: Doce muertos y ocho desaparecidos tras lluvias monzónicas y dos ciclones en Filipinas",https://unitel.bo/noticias/mundo/grupo-musical-de-cumbia-abandona-concierto-en-medio-de-una-balacera-PE22732915
Unitel,2026-08-10,Política,Vocero de Libre: Paz opta por “resolver la corrupción con más corrupción” y transfugio,"El vocero de la alianza Libre, Luis Vásquez, consideró que el presidente Rodrigo Paz opta por “ resolver la corrupción con más corrupción” y alienta el transfugio de legisladores para encaminar el paquete de leyes estructurales que el Gobierno impulsa.

Vásquez apunta al mandatario boliviano por sus palabras durante su mensaje a la nación sobre los acuerdos en el Legislativo para aprobar los cambios estructurales que requiere el país.

El 6 de agosto, Paz dijo: “ Gobernabilidad ya no consiste en firmar acuerdo entre tres o cuatro líderes , hoy consiste en construir acuerdos que permitan ejecutar las políticas públicas que el país necesita entre todos nosotros”.

MIRA AQUÍ: Diputado denuncia “acuerdo” entre Evo y el Gobierno para frenar órdenes de aprehensión

Para Vásquez, con este mensaje el presidente Paz “está queriendo justificar una suerte de acuerdos individuales y los acuerdos individuales con parlamentarios dentro del Congreso no son acuerdos transparentes, no son acuerdos claros ”.

En ese marco, consideró que el actual Gobierno replica el modelo del Movimiento Al Socialismo (MAS).

“Me preocupa profundamente, porque cabalmente es la forma como el masismo durante 20 años ha tratado de gobernar el país ”, indicó.

Explicó que en ese entonces “había legisladores elegidos por el voto de partidos políticos y, sin embargo, el masismo a través de prebendas y una serie de concesiones empezaba a cooptar de tal manera que se quedaba prácticamente sin oposición y una democracia sin oposición no funciona”.

MIRA AQUÍ: “Es irrespetuoso con el pueblo alteño”: Senador de Libre critica a Paz por no dar un discurso en la Parada Militar

“Bolivia necesita tanto del Gobierno como necesita de la oposición para que haya una suerte de equilibrios, de frenos y balanzas”, remarcó.

El vocero de Libre reveló que en sus mismas filas los legisladores votan en contra de la línea partidaria.

“Hay varios parlamentarios que desde un principio han marcado una línea de diferencia que no la hemos entendido nunca y claramente se produce por este fenómeno, que se llama transfugio” y “ el fenómeno del transfugio es corrupción y no se combate la corrupción con más corrupción”.

Votaciones

Vásquez dijo que “en el pasado han habido votaciones que se han dado en contra de la línea partidaria” y “ese camino no es el correcto”.

“Se lo decimos con todo cariño y respeto, ese camino que él está optando es resolver la corrupción con más corrupción, quiere resolver el problema de la democracia con transfugio y esto es incompatible”

Argumentó que “los únicos pactos que han funcionado en las historia del país son los pactos que se han hecho entre partidos políticos

Citó como ejemplo el pacto entre el MNR y ADN sobre el Decreto Supremo 21060 para afrontar la crisis de la década del 80.

En ese marco, se refirió a los cambios estructurales que plantea el Gobierno. En ese contexto, consideró que antes urge una reforma parcial de la Constitución Política del Estado como base para “el despegue económico de Bolivia” y las nuevas leyes sectoriales.",https://unitel.bo/noticias/politica/vocero-de-libre-paz-opta-por-resolver-la-corrupcion-con-mas-corrupcion-y-transfugio-CE22732505
Unitel,2026-08-10,Política,"Vásquez: El presidente Paz “habla mucho, pero anuncia poco” y “vive en un mundo de fantasía”","El vocero de Libre, Luis Vásquez, han cuestionado al presidente Rodrigo Paz por su acciones frente a problemas como los problemas en el abastecimiento de combustibles, entre otros.

En ese contexto, afirmó que el mandatario boliviano “habla mucho, pero anuncia poco” y “vive en un mundo de fantasía” .

MIRA AQUÍ: Vocero de Libre: Paz opta por “resolver la corrupción con más corrupción” y transfugio

Se espera un pronunciamiento del Gobierno sobre esta postura y las alusiones al mandatario boliviano.

“Durante estos últimos nueve meses el presidente nos ha acostumbrado a dar discursos; dice mucho, pero no dice nada; habla mucho, pero anuncia poco”, afirmó en una entrevista con La Revista de la red UNITEL .

Para Vásquez, Paz “parece que está viviendo en una circunstancia totalmente distinta a la que sufre el boliviano todos los días” y mencionó las filas que forman los conductores con sus vehículos en los surtidores del país en busca de combustibles.

MIRA AQUÍ: Ministro Oviedo descarta diferencias con el comandante Sokol: “Está bajo mi mando”

“ El presidente vive en un mundo de fantasía, se mira en un espejo, se encanta de verse a sí mismo , se encanta de escucharse a sí mismo y se desvincula totalmente de la sociedad y del país en el que está viviendo y Bolivia vive en otra situación”, afirmó.

El vocero de Libre además señaló a Paz de intentar aprobar el paquete leyes estructurales que impulsa su Gobierno con “acuerdos individuales” con legisladores y no con los partidos políticos, que -según visión- era un práctica del MAS.",https://unitel.bo/noticias/politica/vasquez-el-presidente-paz-habla-mucho-pero-anuncia-poco-y-vive-en-un-mundo-de-fantasia-FE22733464
Unitel,2026-08-10,Política,Ministro Oviedo descarta diferencias con el comandante Sokol: “Está bajo mi mando”,"El ministro de Gobierno, Marco Antonio Oviedo , descartó este lunes la existencia de diferencias con el comandante general de la Policía, Mirko Sokol, en medio de versiones que circulan en redes sociales.

Al ser consultado sobre si existe suficiente coordinación entre su cartera de Estado y el Comando General de la Policía, la autoridad fue enfática al señalar que “ primero le digo que no, no existe eso. Y segundo, yo no me refiero a los TikToks y lo que sale en las redes ”.

“ Yo me comunico con la opinión pública, con la ciudadanía, como por ejemplo lo estamos haciendo ahora ”, expresó Oviedo en entrevista con UNITEL.

El ministro ratificó la línea de mando y señaló que el comandante Sokol cumple las directrices del Ministerio de Gobierno señalando que el jefe policial nacional “está bajo mi mando, está bajo las instrucciones que se le da y las tiene que cumplir”, afirmó.

Una publicación compartida por Unitel Bolivia (@unitel_bolivia)

“Lo cambiaría”

El expresidente Evo Morales se refirió este domingo al comandante de la Policía, el general Mirko Sokol, y afirmó que, si estuviera en el lugar del mandatario Rodrigo Paz, cambiaría al jefe policial si se diera en algún caso una oposición a una decisión política del Gobierno.

No obstante, aclaró: “ No estoy insinuando que lo cambie, pero por qué no cambia ”.

MIRA AQUÍ: “Estamos como en un hoyo”: El Arzobispo de Santa Cruz pide acudir a Dios y habla de la IA

“ Si yo fuera Rodrigo Paz y mi comandante se opone a una decisión política del Gobierno sobre Evo Morales , en ese momento (lo) cambiaría”, afirmó en su programa dominical en la radio cocalera del trópico de Cochabamba.",https://unitel.bo/noticias/politica/ministro-oviedo-descarta-diferencias-con-el-comandante-sokol-esta-bajo-mi-mando-HE22732849
Unitel,2026-08-10,Política,Libre: Antes de aprobar las normas sectoriales urge la reforma parcial de la Constitución,"El vocero de la alianza Libre, Luis Vásquez, consideró que antes de aprobar el paquete de leyes que impulsa el Gobierno se debe impulsar una reforma de la Constitución Política del Estado (CPE) como base para “el despegue económico de Bolivia”.

El presidente Rodrigo Paz anunció que este martes presentará al Legislativo el proyecto de Ley de Inversiones , que es parte del paquete de leyes.

MIRA AQUÍ: Vocero de Libre: Paz opta por “resolver la corrupción con más corrupción” y transfugio

Vásquez afirmó que los cambios estructurales requieren antes una base legal para encaminarla puesto que hay artículos que pueden frenar ese camino.

“ Si no se resuelva la Constitución no hay solución estructural a los problemas de crisis que estamos viviendo en nuestro país, sobre todo la crisis energética”, afirmó.

Explicó que se debe establecer un acuerdo en el que se fije la ruta de las reformas.

“De lo que se trata es de asumir un acuerdo para llevar adelante, primero, la reforma parcial de la Constitución y luego son las reformas sectoriales y a partir de ello las leyes que permitan atraer inversión a Bolivia”, afirmó.

Vásquez dijo que el presidente Rodrigo Paz opta por “ resolver la corrupción con más corrupción” y alienta el transfugio de legisladores para encaminar el paquete de leyes estructurales que el Gobierno impulsa.",https://unitel.bo/noticias/politica/libre-antes-de-aprobar-las-normas-sectoriales-urge-la-reforma-parcial-de-la-constitucion-LE22733822
Unitel,2026-08-10,Sociedad,Cuenta regresiva para la festividad de Urkupiña; este viernes es la entrada folclórica,"Inicia la semana de las actividades más importantes de la Festividad de la Virgen de Urkupiña, en Quillacollo, Cochabamba, las cuales se han ido desarrollando desde hace semanas atrás con diversos actos.

Desde el municipio recordaron que el viernes 14 de agosto, día que fue declarado feriado para el departamento de Cochabamba, se hará la entrada folclórica en la que se espera participen varias fraternidades y danzarines.

MIRA AQUÍ: Incendios afectaron a Cochabamba en el feriado largo, ahora una humareda cubre la ciudad

El sábado 15 de agosto, es el día central de la festividad de la Virgen de Urkupiña , a donde llegarán varios invitados especiales, entre ellos el presidente Rodrigo Paz.

“Sábado 15, tenemos la fiesta central con la misa central a las 11:00. La presencia también de la autoridad máxima, el señor presidente del estado plurinacional, Rodrigo Paz , los ministros”, manifestó Luis Santa Cruz, alcalde de Quillacollo.

Para el día domingo 16 de agosto se espera la realización de la peregrinación al calvario de Urkupiña donde cientos de feligreses no solo de Cochabamba, sino de nivel nacional e internacional, participan por devoción a la mamita de los cochabambinos.

MIRA AQUÍ: Lluvia, frío y calles inundadas marcan el inicio de semana en la capital cruceña

Ante esto, el alcalde de Quillacollo hizo una invitación formal invita a fieles de otros departamentos a participar de la Fiesta de la Integración.

“Les invitamos a todos los cochabambinos, a todos los bolivianos que se encuentran dentro y en el exterior de Bolivia, a toda la población, a toda la gente del exterior, que pasen por Quillacollo. Quillacollo abre los brazos”, dijo.",https://unitel.bo/noticias/sociedad/cuenta-regresiva-para-la-festividad-de-urkupina-este-viernes-es-la-entrada-folclorica-JE22733802
Unitel,2026-08-10,Política,"“Se están abriendo muchas puertas para Santa Cruz”, dice Velasco tras encuentro con expresidente de Alemania","El gobernador de Santa Cruz, Juan Pablo Velasco, sostuvo un encuentro con el e xpresidente de Alemania, Christian Wulff, en el que abordaron oportunidades de cooperación para el departamento en materia de tecnología, energías renovables y desarrollo productivo, según la autoridad cruceña.

La reunión se realizó el fin de semana y se abordaron temas vinculados a la conversión de Santa Cruz en una gran metrópoli, apostando por las energías renovables, la tecnología , el desarrollo productivo y soluciones que mejoren la vida de la población.

”Durante nuestro encuentro recibimos la invitación para conocer de cerca la tecnología, innovación y experiencia alemana aplicada al agro y explorar oportunidades de cooperación para nuestro departamento”, manifestó Velasco.

MIRA AQUÍ: Diputado denuncia “acuerdo” entre Evo y el Gobierno para frenar órdenes de aprehensión

El gobernador destacó la trayectoria del exmandatario señalando que antes de ser presidente de Alemania, Wulff fue Ministro-Presidente de Baja Sajonia, una de las regiones con mayor producción agropecuaria de ese país.

El gobernador cruceño aseguró que el departamento está ganando presencia internacional y “se están abriendo muchas puertas para Santa Cruz”.

MIRA AQUÍ: “Estamos como en un hoyo”: El Arzobispo de Santa Cruz pide acudir a Dios y habla de la IA

“Queremos atraer tecnología, conocimiento, inversión y nuevas oportunidades que nos permitan desarrollar todo nuestro potencial (...) tenemos muchísimo para ofrecer y vamos a trabajar para que el mundo mire hacia nuestro departamento ”, concluyó Velasco en un mensaje en sus redes sociales.",https://unitel.bo/noticias/politica/se-estan-abriendo-muchas-puertas-para-santa-cruz-dice-velasco-tras-encuentro-con-expresidente-de-alemania-NE22733842
Unitel,2026-08-10,Mundo,"Un temblor de magnitud 7,4 sacude Colombia; hay daños en edificios de varias ciudades","Un temblor de magnitud 7,4 sacudió este lunes gran parte de Colombia, según el Servicio Geológico Colombiano (SGC), y las autoridades informaron de daños en edificios de varias ciudades como Manizales, Cali y Pereira.

El SGC había informado inicialmente de que el terremoto había sido de magnitud 6,7, pero en otro boletín señaló que fue de 7,4.

El temblor se sintió a las 07:34 hora local (12:34 GMT) y tuvo como epicentro la localidad de San José del Palmar , en el departamento del Chocó, situado en la costa del Pacífico, a una profundidad de 82 kilómetros, indicó el SGC en un primer boletín.

MIRA AQUÍ: Un temblor de magnitud 6,7 sacude la mayor parte de Colombia

El sismo se sintió en Bogotá, Cali, Popayán, Manizales, Armenia, Pereira, Medellín y otras ciudades del centro y el oeste del país y en algunas de ellas hubo daños materiales.

En Cali, Manizales se desprendieron parte de las fachadas de muchos edificios y en la segunda ciudad una de las torres de la catedral sufrió daños.

”Hay muchos edificios agrietados”, d ijo el alcalde de Cali, Alejandro Eder, en declaraciones a la emisora Blu Radio, sin que hasta el momento se tenga información de víctimas.

En Pereira, capital del departamento de Risaralda, numerosas edificaciones sufrieron importantes daños en su estructura, entre ellas el aeropuerto, y algunas se derrumbaron parcialmente.

MIRA AQUÍ: 11 peruanos murieron y otros 114 están desaparecidos en combate con el Ejército ruso contra Ucrania

Por su parte, el alcalde de Bogotá, Carlos Fernando Galán, señaló que, de momento, “no hay reporte de afectaciones ni daños estructurales, solo algunas grietas en edificios”.",https://unitel.bo/noticias/mundo/un-temblor-de-magnitud-74-sacude-colombia-hay-danos-en-edificios-de-varias-ciudades-HE22733271
Unitel,2026-08-10,Economía,¿Subió o bajó?: Así está el precio del kilo de pollo en La Paz y Cochabamba este lunes,"En mercados de La Paz y Cochabamba se registra un descenso al precio del kilo del pollo en relación a los montos que se tenía el fin de semana cuando llegó a costar entre los Bs 28 y Bs 29; e ste lunes este producto se encuentra entre los Bs 25 y Bs 27.

Desde la zona de Garita de Lima, donde se vende el pollo al por mayor y mejor, para este inicio de semana se lo encuentra en Bs 26.80 por kilo.

MIRA AQUÍ: Sin solución: El eje central amanece con largas filas de vehículos en un nuevo inicio de semana

Desde el lugar, una de las vendedoras indicó que el precio del pollo se incrementó la semana pasada debido al bloqueo de los 53 días, que no permitió cargar los pollitos bebés.

”De esa manera es que se ha subido, pero ahora ya está de bajada el pollito. Que vengan las señoras amas de casa. el kilo de pollo, por día está bajando. Mañana estará 25 pasado también, así sucesivamente va a bajar el pollo”, explicó la comerciante.

Asimismo, mencionó que debido al precio elevado de la semana pasada las amas de casa optaron por no comprar el producto o si lo hacían eran por presas.

MIRA AQUÍ: Así se cotiza el dólar en el inicio de la segunda semana de agosto

Entretanto, en el mercado Calatayud de Cochabamba el precio del kilo de pollo se vende a Bs 25.50 con menudencias y 26.50 sin menudencia.

Desde el lugar, las comerciantes indican que los pollos que llegan son de esta región y que por el momento no les está llegando pollo de Mairana, de Santa Cruz por el tema del diésel.

“Esta bajando estamos un poco más tranquilo, queremos que baje hasta los Bs 20”, relató la vendedora de pollo.",https://unitel.bo/noticias/economia/subio-o-bajo-asi-esta-el-precio-del-kilo-de-pollo-en-la-paz-y-cochabamba-este-lunes-CE22733203
Unitel,2026-08-10,Política,El expresidente de Alemania Christian Wulff visita Santa Cruz para reunirse con autoridades y empresarios,"El expresidente de Alemania Christian Wulff (2010 - 2012) llegó el fin de semana a Santa Cruz, Bolivia, para c umplir una agenda con autoridades regionales y representantes del sector empresarial y otros con el objetivo de “fortalecer” las relaciones entre Alemania y Bolivia

De hecho, sostuvo una reunión con el gobernador de Santa Cruz, Juan Pablo Velasco, con quien conversó sobre las oportunidades que ofrece Alemania a Santa Cruz y Bolivia.

MIRA AQUÍ: “Se están abriendo muchas puertas para Santa Cruz”, dice Velasco tras encuentro con expresidente de Alemania

“¡Damos la bienvenida a Bolivia al expresidente federal de Alemania, Christian Wulff! En el marco de una visita oficial de información , el expresidente federal Christian Wulff visita Santa Cruz, donde cumplirá una agenda dedicada al fortalecimiento de las relaciones entre Alemania y Bolivia ”, informó la Embajada germana el domingo.

La legación diplomática explicó que “el eje central de la visita será la conmemoración del 90.º aniversario del Colegio Alemán Santa Cruz, una institución que desde hace nueve décadas contribuye al intercambio educativo y cultural entre ambos países”.

No obstante, en la agenda están incluidos “encuentros con autoridades locales, representantes del sector empresarial y de la cooperación alemana, así como visitas a instituciones culturales y educativas que reflejan la estrecha y diversa relación entre Alemania y Bolivia”

“La visita pone de relieve la importancia que Alemania concede a sus relaciones con Bolivia y al diálogo con sus socios en el país”.

En ese marco, Wulff y el embajador de Alemania en Bolivia, José Schulz, visitaron en Santa Cruz la marroquinería D’Addario, “una iniciativa que demuestra el potencial de la economía circular para impulsar nuevas formas de producción sostenible en Bolivia”.

Este negocio es uno de los diez proyectos ganadores del fondo “Ideas Circulares”, lanzado a inicios de este año por el IME de la Universidad Privada Franz Tamayo y el Programa Desarrollo Urbano Sostenible ProUrbano, implementado por GIZ Bolivia, con financiamiento del Bundesministerium für wirtschaftliche Zusammenarbeit und Entwicklung (BMZ) y la Unión Europea (UE).",https://unitel.bo/noticias/politica/el-expresidente-de-alemania-christian-wulff-visita-santa-cruz-para-reunirse-con-autoridades-y-empresarios-PE22734391
Unitel,2026-08-10,Seguridad,Delincuentes golpean en la cabeza con un ladrillo a una adulta mayor para robarle sus pertenencias,"Denuncian que una mujer de la tercera edad fue víctima de un violento robo por parte de delincuentes quienes la interceptaron y la agredieron para posteriormente arrebatarle sus pertenencias.

El hecho se registró en la capital cruceña, durante las primeras horas de este lunes, luego de que la víctima saliera de su vivienda para dirigirse a su negocio.

MIRA AQUÍ: Mujer resulta herida tras ser golpeada con un arma durante un asalto

De acuerdo con el relato del nieto de la mujer, los delincuentes la interceptaron cerca de las 06:00 y procedieron a golpearla fuerte con un ladrillo en la cabeza provocando que ella pierda el conocimiento.

Posteriormente, los sujetos le arrebataron sus pertenencias y se dieron a la fuga por rumbo desconocido , dejando a la víctima inconsciente en plena vía pública.

La adulta mayor fue evacuada en primera instancia al Hospital Francés, sin embargo, debido a la gravedad de su lesión, tuvo que ser trasladada al San Juan de Dios donde finalmente fue atendida y curada.

MIRA AQUÍ: Por segunda vez, se fuga un recluso extranjero del penal de Villa Busch en Pando

Familiares exigen a la Policía dar con los responsables de este hecho que ha generado indignación por la violencia ejercida contra una persona de la tercera edad.",https://unitel.bo/noticias/seguridad/delincuentes-golpean-en-la-cabeza-con-un-ladrillo-a-una-adulta-mayor-para-robarle-sus-pertenencias-GE22735157
Unitel,2026-08-10,Seguridad,Aprehenden a exdirectora jurídica de YPFB por el caso gasolina desestabilizada,"La exdirectora jurídica de YPFB Corporación, Daniela D., fue aprehendida y trasladada este lunes hasta dependencias de la Dirección de Lucha Contra la Corrupción (Delcc) en Santa Cruz de la Sierra.

De acuerdo con la información preliminar, se prevé que en el transcurso de la mañana la exfuncionaria sería trasladada a la ciudad de La Paz .

MIRA AQUÍ: Ministro Oviedo descarta diferencias con el comandante Sokol: “Está bajo mi mando”

La mujer es investigada dentro del proceso relacionado con la “gasolina desestabilizada” , un escándalo de corrupción que se habría dado en Yacimientos Petrolíferos Fiscales Bolivianos (YPFB).

“Son varias personas, la cual está siendo investigada por el delito de incumplimiento de deberes y conductas económicas”, señaló el fiscal Alberto Hurtado.

En este caso también se investiga a otras exautoridades como Mauricio Medinaceli , que estuvo al frente del Ministerio de Hidrocarburos.

MIRA AQUÍ: Sin solución: El eje central amanece con largas filas de vehículos en un nuevo inicio de semana",https://unitel.bo/noticias/seguridad/aprehenden-a-exdirectora-juridica-de-ypfb-por-el-caso-gasolina-desestabilizada-FE22734504
Unitel,2026-08-10,Seguridad,Anticipan el traslado a La Paz de la exdirectora jurídica de YPFB aprehendida en Santa Cruz,"Este lunes se confirmó la aprehensión de Daniela D., quien era directora jurídica de Yacimientos Petrolíferos Fiscales Bolivianos (YPFB). Fue apresada por agentes policiales y llevada a dependencias de la Dirección de Lucha Contra la Corrupción (Delcc) en Santa Cruz de la Sierra.

El fiscal Alberto Hurtado informó que la exfuncionaria es investigada por el delito de incumplimiento de deberes y conductas económicas por el caso de la gasolina desestabilizada, en el cual es investigado el exministro Mauricio Medinaceli.

Aunque Hurtado no lo confirmó, se conoció de manera preliminar, que la exfuncionaria será trasladada desde la capital cruceña hasta la ciudad de La Paz, “donde radica el caso” .

Este procedimiento ya se aplicó para otros procesados en este caso.

MIRA AQUÍ: Sin solución: El eje central amanece con largas filas de vehículos en un nuevo inicio de semana

Contra la exfuncionaria la Fiscalía había emitido una orden de aprehensión hace dos semanas e, incluso, se realizaron allanamientos tanto en su lugar de trabajo como en su domicilio, sin embargo, no fue encontrada.

El caso de la gasolina desestabilizada se abrió tras denuncias de presunta corrupción en el interior de la petrolera estatal en la importación y distribución de combustible de “mala calidad” que dañó motores de cientos de vehículos en el país.",https://unitel.bo/noticias/seguridad/anticipan-el-traslado-a-la-paz-de-la-exdirectora-juridica-de-ypfb-aprehendida-en-santa-cruz-AE22735317
Unitel,2026-08-10,Seguridad,¿Quiénes son? Hallan restos de dos personas en zonas boscosas de los Yungas,"En las horas precedentes, la Policía halló los restos de dos personas en poblaciones de los Yungas de La Paz . Los agentes investigan las causas que provocaron su muerte.

La información fue proporcionada por el subcomandante departamental de la Policía, el coronel Martín Gálvez, quien precisó que sus identidades aún no fueron identificadas.

En el primer caso -explicó- lo que quedó del cuerpo “se encontraba en una zona boscosa” , en el río Bagante, camino a Mapiri.

MIRA AQUÍ: Por segunda vez, se fuga un recluso extranjero del penal de Villa Busch en Pando

“Se ha podido identificar a una persona de sexo masculino la cual ya tenía una data de tres meses a cuatro meses”, indicó.

En el lugar se hallaron documentos que no eran legibles que ahora indaga el Instituto de Investigaciones Técnico Científicas de la Universidad Policial (IITCUP).

“ Se están realizando algunas pericias mediante el IITCUP para poder determinar de algunos documentos que han encontrado y poder ver si tiene alguna relación con personas desaparecidas que ha habido en este tiempo”, indicó el jefe policial.

Huesos

Los agentes hallaron además osamentas en la comunidad Matacusini, en la carretera que une a Chulumani con La Asunta, en los Yungas de La Paz .

”Se han encontrado varios restos óseos humanos, ya en estado esquelético, así como también prendas de vestir”, señaló el jefe policial.

MIRA AQUÍ: Aparatoso accidente deja dos personas heridas en el centro cruceño

En ese marco, indicó que “no se ha podido encontrar ningún documento” en este caso.

Según el reporte preliminar de la fuerza del orden del lugar, los restos podrían pertenecer a un hombre, sin embargo, se esperan los resultados de los estudios forenses.",https://unitel.bo/noticias/seguridad/quienes-son-hallan-restos-de-dos-personas-en-zonas-boscosas-de-los-yungas-PE22735138
Unitel,2026-08-10,Mundo,Temblor en Colombia: Hay al menos 21 muertos y personas atrapadas en edificio derrumbado,"Al menos 21 personas murieron este lunes en Colombia, por el terremoto de magnitud 7,4 que sacudió buena parte del territorio nacional.

Solo en la ciudad colombiana de Pereira, capital del departamento de Caldas, el alcalde, Mauricio Salazar, reportó un total de 18 fallecidos hasta cerca del mediodía de esta jornada (hora boliviana).

MIRA AQUÍ: Un temblor de magnitud 7,4 sacude Colombia; hay daños en edificios de varias ciudades

En un reporte de Caracol desde Cali se da cuenta que hay personas atrapadas en un edificio de al menos cuatro pisos que se derrumbó. En la transmisión, una persona que logró escapar del derrumbe contó que una conocida estaba corriendo detrás de ella y no logró salir a tiempo.

Hay personal de emergencia trabajando en la zona y solicitó a los presentes que guarden silencio para así escuchar si hay personas que están solicitando ayuda.

Por su lado, el alcalde de Manizales, Jorge Eduardo Rojas Giraldo, informó que el sismo deja un balance parcial de dos personas fallecidas y dos incendios en la capital del departamento de Caldas.

“Muchas edificaciones que sufrieron el impacto. Tenemos más de 12 edificios que están parcial o totalmente destruidos. Tenemos más de 20 viviendas que están total o parcialmente destruidas. Tenemos ya dos personas que fallecieron por el hecho o en circunstancias cercanas al hecho ”, señaló.

MIRA AQUÍ: 11 peruanos murieron y otros 114 están desaparecidos en combate con el Ejército ruso contra Ucrania

En el reporte se da cuenta que también hay fugas o de gas o eléctricas.

Las autoridades no descartaron tsunami. Por su lado, los habitantes reportan réplicas.

En el hospital de Cali reportaron que al menos dos pacientes fallecieron y otros 10 están afectados con lesiones por daños que hubo en la infraestructura.

”No traigan pacientes al hospital, estamos viviendo un drama propio. Tuvimos que evacuar el 100%”, contó a tiempo de precisar que son más de 900 pacientes que están en el jardín del hospital.

El profesional indicó que un 30% de la infraestrutura quedó dañada.",https://unitel.bo/noticias/mundo/temblor-en-colombia-hay-al-menos-21-muertos-y-personas-atrapadas-en-edificio-derrumbado-GE22735300
Unitel,2026-08-10,Tendencias,Snoopy cumple 76 años: cinco frases que dejaron huella y siguen inspirando a generaciones,"Este 10 de agosto, Snoopy cumple 76 años desde su creación, el famoso beagle de color blanco y negro , reconocido por su gran nariz y su inseparable unión con Charlie Brown, se convirtió en uno de los personajes más queridos.

Snoopy fue creado por el historietista estadounidense Charles M . Schulz, quien estuvo detrás de las historias de Peanuts hasta su muerte, en el año 2000. Sin embargo, su legado continúa más vigente que nunca y el personaje sigue conquistando a nuevas generaciones.

Más allá de sus aventuras y de su particular imaginación, también dejó a lo largo de las historietas numerosas frases que invitan a reflexionar sobre la vida , el amor, el presente y la importancia de ser uno mismo.

MIRA AQUÍ: ¡Alerta de spoiler! Se filtran las primeras imágenes del live action de Rapunzel

Happy birthday snoopy 🎂 pic.twitter.com/MvaDwfpzoN

Las cinco mejores frases de Snoopy

1. “Todo lo que necesitas es amor. Pero un poco de chocolate de vez en cuando no hace daño.”

2. “La vida es como un helado, hay que disfrutarla antes de que se derrita.”

3. “Aprende del ayer, vive para hoy, aspira al mañana, descansa esta tarde.”

4. “Sé tú mismo, nadie te dirá que lo estás haciendo mal.”

5. “En el libro de la vida, las respuestas no están en la última página.”

MIRA AQUÍ: ¡No es tu internet! Reportan caída de WhatsApp y deja sin servicio a miles de usuarios",https://unitel.bo/noticias/tendencias/snoopy-cumple-76-anos-cinco-frases-que-dejaron-huella-y-siguen-inspirando-a-generaciones-HE22735534
Unitel,2026-08-10,Seguridad,Brasil envía a Bolivia misión para lanzar el plan “Frontera Segura” y destaca que es un tema vigente en la agenda bilateral,"El embajador de Brasil en Bolivia, Luis Henrique Sobreira, confirmó que esta semana se lanzará el plan “Frontera Segura” y, en ese marco, destacó que este tipo de acciones son parte de la agenda bilateral de ambos países de manera permanente.

“ Tenemos una agenda bilateral Brasil y Bolivia de atención a los problemas de los delitos transfronterizos como el contrabando, narcotráfico y tráfico y trata de personas”, indicó el diplomático en declaraciones al canal estatal.

MIRA AQUÍ: Ante la ola de violencia, Bolivia y Brasil lanzan el plan “Frontera Segura” para ejecutar operativos en zonas rojas

Aseguró que “ es un problema que tenemos siempre presente en nuestras conversaciones y en nuestras actuaciones ”.

Esta semana, Bolivia y Brasil lanzarán el plan “Frontera Segura” con el objetivo de frenar la ola de violencia en las zonas rojas que están ubicadas cerca de la línea limítrofe, que son escenario de una ola de violencia, informó a la red UNITEL el ministro de Gobierno, Marco Antonio Oviedo.

“El jueves de esta semana, el 13 de agosto, en Guayaramerín, vamos a lanzar el plan Frontera Segura, que en el caso de Brasil corresponde a los departamentos de Pando, Beni y Santa Cruz ”, explicó la autoridad boliviana.

MIRA AQUÍ: Ola de violencia: Es “imposible tapar el sol con un dedo”, el crimen transnacional se ha instalado en el país, dice Oviedo

Sobreira Lopes confirmó que “ en ese momento se lanzará este nuevo programa Frontera Segura lanzado por Bolivia y autoridades brasileñas”.

En ese contexto, explicó que “ van a estar presentes en la reunión en la frontera del Beni y el estado de Rondonia en Brasil ”.",https://unitel.bo/noticias/seguridad/brasil-envia-a-bolivia-mision-para-lanzar-el-plan-frontera-segura-y-destaca-que-es-un-tema-vigente-en-la-agenda-bilateral-GE22736000
Unitel,2026-08-10,Sociedad,Beni: Guardaparque denuncia que jaguar abatido fue decapitado y trasladado “como trofeo”,"Un jaguar fue abatido a tiros el pasado sábado en la ciudad de Guayaramerín, en el departamento de Beni, luego que ingresara a un domicilio. Tras la muerte del animal, los comunarios de la zona los desmembraron su cuerpo y le retiraron la piel.

Ante este hecho, el presidente de la asociación de guardaparques, Marco Uzquiano, explicó que el animal no era un puma, era un jaguar de la especie Pantera Onca.

MIRA AQUÍ: ¿Es biocidio? Un jaguar ingresa en una casa de Guayaramerín y un dirigente lo mata con una escopeta

“El jaguar es una especie vulnerable, una especie protegida, una especie que cumple un rol superimportante, en el aspecto ecológico, en nuestros ecosistemas, para nuestra biodiversidad y para todos nosotros ”, remarcó el guardaparques.

Asimismo, resaltó el accionar que tuvo el Ministerio Público y la Policía Forestal y Preservación del Medio Ambiente (Pofoma), ante esta situación que dejó como saldo la muerte de una especie protegida en Bolivia.

Uzquiano, realizó un análisis de la situación según los videos expuestos en redes sociales, para él no se vio una situación de ataque por parte del jaguar, ni agresiva. Al contrario observa que el animal estaba temeroso y buscaba como protegerse, entonces es ahí cuando se percibe que le disparan hasta quitarle la vida.

“No conformes con eso proceden a cortarle la cabeza y luego de eso se lo llevan al jaguar en una motocicleta como trofeo. Se llevan el cuerpo, y posteriormente le quitan la piel” señaló el guardaparques.

Ante una situación de presencia de algún animal salvaje, el experto menciona que generalmente se debe llamar a las autoridades competentes para que lleguen al lugar y ellos ejecuten el trabajo de inmovilizar al animal, luego trasladarlo a una zona segura y posteriormente liberarlo en un hábitat natural donde no exista riesgo para las comunidades.

MIRA AQUÍ: “Era una mascota, no un animal salvaje”: Experto señala que el jaguar asesinado estaba domesticado",https://unitel.bo/noticias/sociedad/beni-guardaparque-denuncia-que-jaguar-abatido-fue-decapitado-y-trasladado-como-trofeo-DE22734160
Unitel,2026-08-10,Economía,"“Reducir la liquidez es recesivo”, dice Samuel y advierte sobre riesgo de estanflación en Bolivia","El empresario y excandidato presidencial Samuel Doria Medina expuso que el Banco Central de Bolivia (BCB) desarrolla una estrategia para controlar la inflación a través de la reducción de liquidez, que, advirtió podría profundizar la recesión en el país.

Según Doria Medina, el BCB busca contener la inflación limitando la liquidez de la economía. Para ello, puso un techo a la masa monetaria, que este año debe ser igual a la de 2025 . Además, informó que retiró 10.000 millones de bolivianos en el primer semestre vendiendo letras y subió los encajes bancarios para “secar” a los mercados.

“La teoría es que si hay menos liquidez, la gente compra menos dólares y el precio de estos, que es un indicador clave de la economía, no aumenta. Menos liquidez también significa menos demanda de productos y entonces una menor presión sobre los precios. Esta es la teoría”, señaló el empresario en sus redes sociales.

Sin embargo, advirtió que en la práctica la situación es distinta. “La devaluación puede ocurrir igualmente por una falta aguda de dólares. Cuando eso ocurre, el argumento oficial de que la inflación ya no depende del tipo de cambio se cae por su peso . Los precios suben igualmente”, afirmó.

MIRA AQUÍ: Sin solución: El eje central amanece con largas filas de vehículos en un nuevo inicio de semana

El empresario señaló además que reducir la liquidez es recesivo, “inhibe la actividad económica” y dijo que esto “es complicado en un país que ya sufre estanflación” ( aumento de precios con recesión), lo que también se debe a la falta de dólares.

Por ello, consideró que las medidas deben ser integrales y se debe tener un aumento de reservas de divisas y, “cuando se ‘enfríe’ lo suficiente el Índice de Precios, necesitaremos políticas contracíclicas, es decir, que impulsen la actividad económica ”.

MIRA AQUÍ: Así se cotiza el dólar en el inicio de la segunda semana de agosto

Inflación

Pese a la devaluación del boliviano frente al dólar, el Instituto Nacional de Estadística (INE) registró una inflación negativa en julio, según el reciente informe sobre el Índice de Precios al Consumidor (IPC).

El pasado mes, el INE registró una variación mensual negativa de 2,79%, en comparación con junio.

“ Con este resultado, la inflación acumulada al séptimo mes del año se situó en 1,89% , mientras que la variación a doce meses alcanzó un 4,93%”, informó el instituto.",https://unitel.bo/noticias/economia/reducir-la-liquidez-es-recesivo-dice-samuel-y-advierte-sobre-riesgo-de-estanflacion-en-bolivia-PE22735974
Unitel,2026-08-10,Mundo,Sismo en Colombia: Pacientes son evacuados a un jardín y cinco son buscados entre escombros de hospital,"Los pacientes de un hospital que sufrió daños por el sismo en Colombia tuvieron que ser evacuados de emergencia . En imágenes, del nosocomio ubicado en Cali, se observa a enfermos en camillas rodeados por personal de salud o por sus allegados, algunos tienen vendajes.

El director del hospital en contacto con Caracol confirmó que como saldo del sismo hay dos pacientes fallecidos y un 30% de la infraestructura está dañada por lo que la totalidad de los enfermos, alrededor de 900, tuvieron que ser retirados a los pasillos.

MIRA AQUÍ: Un temblor de magnitud 7,4 sacude Colombia; hay daños en edificios de varias ciudades

Precisó que cinco pacientes son buscados entre los escombros de las partes del hospital que colapsaron.

El personal de salud lamentó que esta no es la única infraestructura de salud afectada por el terremoto de magnitud 7,4 la madrugada de este lunes.

El Servicio Geológico de Colombia informó que el sismo se sintió en Bogotá, Cali, Popayán, Manizales, Armenia, Pereira, Medellín y otras ciudades del centro y el oeste del país y en algunas de ellas hubo daños materiales.

MIRA AQUÍ: Temblor en Colombia: Hay al menos 21 muertos y personas atrapadadas en edificio derrumbado",https://unitel.bo/noticias/mundo/sismo-en-colombia-pacientes-son-evacuados-a-un-jardin-y-cinco-son-buscados-entre-escombros-de-hospital-NE22735778
Unitel,2026-08-10,Seguridad,Aprehendido por matar a jaguar en Beni será imputado por al menos cuatro delitos,"El fiscal departamental del Beni, Alexander Mendoza confirmó q ue se aprehendió a una persona por la muerte a balazos de un jaguar, ocurrido el pasado sábado en la ciudad de Guayaramerín.

Mendoza explicó que tras conocer del hecho, el Ministerio Publico y la Policía Forestal y Preservación del Medio Ambiente (Pofoma), actuaron de manera inmediata para dar con el paradero del sujeto que mató al felino.

MIRA AQUÍ: Beni: Guardaparques denuncia que jaguar abatido fue decapitado y trasladado “como trofeo”

“ Ya tenemos la aprehensión del ciudadano Andy S.C ., quien sería la persona que disparó contra el jaguar, según se puede ver las imágenes a la que hemos accedido”, relató el fiscal, a tiempo de mencionar que el detenido era vecino del barrio San Francisco, donde ocurrió el hecho

Asimismo explicó que el sindicado será puesto ante la justicia por los delitos de porte y portación de armas; delito de biocidio; tráfico de vida silvestre y por la comercialización de los colmillos, cueros y garras.

MIRA AQUÍ: ¿Es biocidio? Un jaguar ingresa en una casa de Guayaramerín y un dirigente lo mata con una escopeta

Sobre estos dos últimos delitos, el Ministerio Público informó que se decapitó al felino y que las garras estaban en poder de una mujer.",https://unitel.bo/noticias/seguridad/aprehendido-por-matar-a-jaguar-en-beni-sera-imputado-por-al-menos-cuatro-delitos-GE22736101
Unitel,2026-08-10,Agencias,Infografías del lunes 10 de agosto de 2026,"FÚTBOL LIBERTADORES - La Copa Libertadores 2026 entra en octavos de final con 16 equipos en carrera: siete campeones y nueve aspirantes al primer título. Brasil domina con cinco representantes, mientras tres debutantes desafían a los históricos y Álex Arce lidera la tabla de goleadores con ocho tantos.

FÚTBOL SUDAMERICANA - La Copa Sudamericana 2026 entra en octavos de final tras 128 partidos y 291 goles. Macará y Montevideo City Torque se consolidan como las principales sorpresas, mientras Botafogo llega como uno de los equipos de mejor rendimiento del torneo.

CICLISMO TOUR (F) - La ciclista neerlandesa Demi Vollering (FDJ-Suez) se impuso en la quinta edición del Tour de Francia femenino, tras la novena y última etapa, en la que también sumó su tercer triunfo parcial en la carrera. EFE

db/lnm

Disponibles en http://www.efeservicios.com/

Dirección de Contenidos Digitales - Agencia EFE - clientes@efe.com",https://unitel.bo/noticias/agencias/infografias-del-lunes-10-de-agosto-de-2026-AE22737061
Unitel,2026-08-10,Tendencias,Meta lanza nuevo modelo de IA y Zuckerberg expone su visión sobre el futuro,"El director ejecutivo de Meta, Mark Zuckerberg , pidió el lunes reducir las barreras para la inteligencia artificial de código abierto , mientras su empresa presentaba un nuevo modelo que puede ejecutarse en una computadora personal.

El lanzamiento se produce en medio de un debate en Estados Unidos sobre si el acceso a esta tecnología debería estar más restringido y sobre la oposición local a la expansión de los centros de datos que la impulsan, altamente demandantes de energía.

La presentación vino acompañada de un extenso ensayo en el que Zuckerberg expone su visión de la inteligencia artificial.

Subrayó que considera necesario que Estados Unidos siga siendo competitivo frente a países como China.

Sus competidores OpenAI y Anthropic se centran en gran medida en modelos de IA cerrados.

Zuckerberg anunció el lunes en un video en Instagram que su empresa abriría los parámetros de su último modelo de IA , lo que permitiría que el público lo descargara.

Los parámetros son los cálculos o reglas que determinan cómo se comporta un sistema de IA.

MIRA AQUÍ: ¡No es tu internet! Reportan caída de WhatsApp y deja sin servicio a miles de usuarios

El ejecutivo dijo que Meta también lanzaría una nueva clase de modelos de IA de código abierto, diseñados para ejecutarse en una computadora portátil.

“ En lugar de centralizar la superinteligencia , deberíamos distribuirla ampliamente y dar a cada persona la capacidad de dirigirla ”, dijo Zuckerberg.

Apuntó contra firmas que están “ centradas en crear IA para empresas, gobiernos u otras instituciones ”, y argumentó que esto inclinaría la balanza a favor de entidades en lugar de individuos.

Zuckerberg añadió que los laboratorios extranjeros de IA tienen ventaja sobre los estadounidenses, que deben cumplir con restricciones sobre los datos de entrenamiento.

“No creo que restringir el acceso a modelos de código abierto extranjeros sea una solución eficaz”, indicó.

“Nuestro objetivo debería ser que los modelos de código abierto estadounidenses sean los mejores a nivel mundial. Para eso es necesario eliminar los obstáculos que dificultan que los modelos de código abierto estadounidenses compitan”, concluyó.

MIRA AQUÍ: ¡Alerta de spoiler! Se filtran las primeras imágenes del live action de Rapunzel

En medio de la creciente oposición pública al desarrollo de centros de datos en Estados Unidos, Zuckerberg agregó que Meta está poniendo en marcha un fondo para apoyar directamente a las comunidades alrededor de sus instalaciones.",https://unitel.bo/noticias/tendencias/meta-lanza-nuevo-modelo-de-ia-y-zuckerberg-expone-su-vision-sobre-el-futuro-JE22737529
Unitel,2026-08-10,Mundo,Sismo en Colombia: Sube a 50 la cifra de fallecidos y presidente convoca al Puesto de Mando Unificado,"La cifra de fallecidos por el terremoto de Colombia subió a 50 pasado el mediodía de este lunes, según reportes locales. Ante ello, el presidente de ese país, Aberlardo de la Espriella, informó que suspendió todas sus actividades y convocó al Puesto de Mando Unificado para responder a la tragedia.

El terremoto se sintió con fuerza en grandes ciudades como Bogotá y Cali y tuvo una magnitud de 7,4, según el servicio geológico colombiano.

La Cruz Roja detalló que son alrededor de 12 departamentos del país que tienen afectación por el terremoto que se registró la madrugada de esta jornada.

MIRA AQUÍ: Sismo en Colombia: Pacientes son evacuados a un jardín y cinco son buscados entre escombros de hospital

Por su lado, De la Espriella confirmó que convocó al “puesto de mando unificado, desde donde liderará las acciones para responder a las comunidades de Chocó, el Eje Cafetero y todas las zonas afectadas.

Me dirijo a Bogotá para concentrarme en la atención de la emergencia que enfrenta nuestro país. He convocado un Puesto de Mando Unificado en la UNGRD, desde donde lideraré personalmente las acciones para atender a las comunidades del Chocó, el Eje Cafetero y todas las zonas... pic.twitter.com/Vo3bchx7lR

”He ordenado suspender toda la agenda que tenía en la capital de la República para concentrarme en el desastre natural que hoy azota a nuestro sufrido pueblo colombiano”, sostuvo.

En el video difundido en redes sociales aseguró también que liderará las acciones para llevar soluciones a la población más afectada.

MIRA AQUÍ: Un temblor de magnitud 7,4 sacude Colombia; hay daños en edificios de varias ciudades

”No están solos, Colombia tiene un presidente que hará todo lo que esté a su alcance para ayudarle en los momentos más difíciles”, sostuvo.",https://unitel.bo/noticias/mundo/sismo-en-colombia-sube-a-50-la-cifra-de-fallecidos-y-presidente-convoca-al-puesto-de-mando-unificado-HE22737044
Unitel,2026-08-10,Seguridad,Tribunal Agroambiental exige justicia por muerte de jaguar en Beni y ratifica medidas cautelares de protección,"Ante la muerte de un jaguar en Guayaramerín, Beni, el pasado sábado, el Tribunal Agroambiental a través de un pronunciamiento público, reafirmó las medidas cautelares establecidas en 2025 con referencia a este especie. Asimismo pidió que se investigue el hecho y recordó que proteger al jaguar es proteger la biodiversidad del país.

“El Tribunal Agroambiental del Estado Plurinacional de Bolivia expresa su profunda preocupación y considera necesario recordar que la protección de la fauna silvestre y de la biodiversidad constituye un deber jurídico y una responsabilidad que compromete al Estado y a la sociedad en su conjunto”, se lee el documento.

MIRA AQUÍ: Aprehendido por matar a jaguar en Beni será imputado por al menos cuatro delitos

Asimismo expresa que el jaguar (Panthera onca) es una especie de extraordinario valor ecológico y un componente esencial de los ecosistemas bolivianos.

En este sentido, el Tribunal Agroambiental, mediante la Resolución SP-TAA 001/2025-AA, de 23 de abril de 2025, dictada dentro del Expediente 6084/2025, “Caso: Protección del Jaguar (Panthera onca) y su hábitat”, estableció medidas cautelares ambientales preventivas orientadas a la protección de esta especie y de los ecosistemas que constituyen su hábitat.

“La muerte de un ejemplar de jaguar constituye un hecho que no puede ser considerado de manera aislada ni como un acontecimiento ordinario, particularmente cuando se trata de una especie cuya protección ha sido objeto de tutela específica por parte de la jurisdicción agroambiental”, expresa la publicación.

MIRA AQUÍ: ¿Es biocidio? Un jaguar ingresa en una casa de Guayaramerín y un dirigente lo mata con una escopeta

Por tanto, insta a las autoridades competentes a esclarecer las circunstancias en las que se produjo la muerte del ejemplar de jaguar en Guayaramerín, además de determinar las responsabilidades que pudieran corresponder conforme al ordenamiento jurídico vigente y establecer si fueron activados oportunamente los mecanismos institucionales destinados a la atención y protección de fauna silvestre.

Ante esta situación, exhorta al Fiscal Departamental del Beni a continuar con las investigaciones y a tomar las acciones necesarias que correspondan para el esclarecimiento de los hechos y la determinación de las responsabilidades conforme a ley.",https://unitel.bo/noticias/seguridad/tribunal-agroambiental-exige-justicia-por-muerte-de-jaguar-en-beni-y-ratifica-medidas-cautelares-de-proteccion-DE22737114
Unitel,2026-08-10,Farándula,Anne Hathaway presume su embarazo y deslumbra con un look que se robó todas las miradas,"Anne Hathaway volvió a convertirse en el centro de atención durante la premiere de ‘ The End of Oak Street ’.

La actriz, que espera a su tercer hijo junto a su esposo, Adam Shulman, presumió con orgullo su embarazo y deslumbró con un look que no pasó desapercibido.

MIRA AQUÍ: ¡Hasta en quechua! Cazzu sorprendió interpretando ‘Munasquechay’ de Los Kjarkas en su concierto en Santa Cruz

Para la ocasión, eligió un llamativo top celeste asimétrico con forro rojo, que dejó al descubierto su pancita y lo combinó con un pantalón de jeans de tiro bajo. Como complemento, apostó por un labial rojo y tacones, mostrándose elegante y a la vez moderna.

Con su elección de vestuario, la actriz no solo confirmó que atraviesa una de las etapas más especiales de su vida, sino que también demostró que el embarazo no es impedimento para arriesgarse con la moda y marcar tendencia sobre la alfombra roja.

MIRA AQUÍ: ¡Al ritmo del caporal! Cazzu sorprende a sus fanáticos con un inesperado baile",https://unitel.bo/noticias/farandula/anne-hathaway-presume-su-embarazo-y-deslumbra-con-un-look-que-se-robo-todas-las-miradas-ME22733294
Unitel,2026-08-10,Sociedad,El PumaKatari y el teleférico se integran en el sur de La Paz: Dos nuevas rutas llegan a la Línea Verde,"La mañana de este lunes, la Alcaldía de La Paz y la estatal Mi Teleférico inauguraron la integración del PumaKatari y la Línea Verde del transporte por cable.

El objetivo es transformar la movilidad urbana y brindar mayores facilidades a los usuarios que ahora gozarán de los beneficios del Sistema Integrado de Transporte (SIT).

En ese marco, el PumaKatari estrenó dos nuevas rutas que conectan las zonas sureñas de Achumani y Chasquipampa con la estación Irpavi de la Línea Verde del teleférico.

MIRA AQUÍ: Beni: Guardaparque denuncia que jaguar abatido fue decapitado y trasladado “como trofeo”

El alcalde paceño, César Dockweiler, destacó la voluntad política y la coincidencia de objetivos entre el Gobierno edil y el Gobierno central.

“Celebro que por fin estemos integrando estos dos sistemas de transporte en una ruta de la Línea Verde conectada con dos nuevas líneas que estamos operando con el Puma Katari: una que va a Chasquipampa y otra que va a Achumani, directamente conectadas con la estación de la Línea Verde”, dijo, cita un boletín institucional.

“Estoy seguro de que este será el primer gran paso de una verdadera integración en la movilidad urbana ”, manifestó Dockweiler en el acto realizado en la zona Sur de La Paz.

MIRA AQUÍ: “La final tiene que jugarse en Santa Cruz”: Presentan plan para la final de la Sudamericana 2027

La autoridad edil destacó este plan constituye el primer paso de un proceso mucho más amplio, orientado a consolidar un verdadero Sistema Integrado de Transporte para La Paz.

“La solución a cualquier problema de transporte en cualquier parte del mundo, en cualquier ciudad del mundo, se llama sistema integrado de transporte ”, afirmó.

Plan

La perspectiva de largo plazo contempla avanzar progresivamente hacia una mayor integración física, coordinación de horarios, interoperabilidad de servicios y, posteriormente, mecanismos comunes de pago e integración tarifaria.",https://unitel.bo/noticias/sociedad/el-pumakatari-y-el-teleferico-se-integran-en-el-sur-de-la-paz-dos-nuevas-rutas-llegan-a-la-linea-verde-ME22738477
Unitel,2026-08-10,Mundo,"Video: Edificio colapsa tras fuerte temblor de magnitud 7,4 en Colombia","El movimiento telúrico sacudió gran parte de Colombia este lunes 10 de agosto. En Manizales, la fuerza del sismo provocó el colapso de un edificio, cuyo derrumbe quedó registrado en video.

La estructura cayó sobre una palmera mientras transeúntes y vecinos vivían momentos de angustia, en las imágenes se observa a varias personas en los alrededores , algunas de ellas visiblemente angustiadas ante la inesperada caída del edificio.

MIRA AQUÍ: Sismo en Colombia: Sube a 50 la cifra de fallecidos y presidente convoca al Puesto de Mando Unificado

La fuerza del movimiento telúrico provocó el colapso, un momento que quedó registrado en video y muestra cómo la estructura se desploma repentinamente y cae sobre el lugar.

Tras el colapso, equipos de emergencia se desplazaron al lugar para evaluar la situación, establecer si hay personas afectadas y determinar las condiciones de la estructura.",https://unitel.bo/noticias/mundo/video-edificio-colapsa-tras-fuerte-temblor-de-magnitud-74-en-colombia-JE22737097
Unitel,2026-08-10,Seguridad,Aparece sujeto acusado de reclutar bolivianos para Rusia: “Fueron voluntariamente y sabían a qué iban”,"Amador Méndez Arancibia, señalado como el reclutador de bolivianos que fueron enviados a la guerra en Rusia , habló desde la clandestinidad y aseguró ser inocente.

También pidió la liberación de sus familiares que fueron aprehendidos en el marco de la investigación , que se desarrolla en Santa Cruz.

A través de un video difundido en redes sociales, Méndez, de 69 años, negó las acusaciones de tráfico de personas y dijo ser inocente y aseguró que aquellos bolivianos que fueron a la guerra sabían cuál iba a ser el trabajo que debían realizar en la guerra.

“Yo estoy muy avergonzado de todas estas cosas. Yo en ninguna parte voy a aceptar gente, ellos me me preguntaron a mí, me buscaron a mí para que yo le consiga, pero ellos voluntariamente, sabiendo todo, firmaron ese contrato ”, dijo a través del video publicado en Radar de Noticias.

”Voy a cumplir 70 años, y quiero decir toda la verdad para que no sigan amedrentando a gente inocente totalmente que no tienen nada que ver en este asunto”, expresó el hombre que anticipó que dará una entrevista amplia para decir su verdad.",https://unitel.bo/noticias/seguridad/aparece-sujeto-acusado-de-reclutar-bolivianos-para-rusia-fueron-voluntariamente-y-sabian-a-que-iban-NE22738720
Unitel,2026-08-10,Virales,Albertina Sacaca sorprende desde la India y conquista las redes con sus fotos,"Albertina Sacaca volvió a sorprender a sus seguidores en redes sociales , esta vez desde la India , país de Asia del Sur que la creadora de contenido boliviana eligió como uno de sus nuevos destinos para recorrer.

Uno de los momentos que más llamó la atención fue su visita al Taj Mahal, uno de los monumentos más reconocidos de la India . Albertina compartió fotos desde el emblemático lugar y acompañó la publicación con un mensaje cargado de emoción: “ La segunda maravilla del mundo que pude conocer , Taj Mahal”.

A través de sus redes sociales también comparte videos en los que muestra parte de la gastronomía de la India, recorre diferentes sitios y registra momentos de su experiencia durante el viaje.

MIRA AQUÍ: Nansana Dance Kids celebra las fiestas patrias de Bolivia con un video que sorprende

Además, la creadora ha aprovechado su recorrido para conocer e interactuar con personas de otros países , mostrando a sus seguidores diferentes aspectos de la cultura y la vida cotidiana que encuentra durante su viaje.

MIRA AQUÍ: La historia de un pequeño gato que no podía caminar: pasó de una silla de ruedas de cartón a una en 3D

La publicación rápidamente generó reacciones, con más de 32.000 “me gustas”, sus seguidores destacaron el logro de la creadora de poder llegar a conocer lugares fuera de Bolivia.",https://unitel.bo/noticias/virales/albertina-sacaca-sorprende-desde-la-india-y-conquista-las-redes-con-sus-fotos-CE22735214
Unitel,2026-08-10,Sociedad,"En inspección a Barrio Lindo, alcalde propone aporte voluntario de Bs 1 para los bomberos","A cuatro días del devastador incendio en la Feria Barrio Lindo, en Santa Cruz de la Sierra, este lunes un grupo de autoridades inspeccionó el lugar, entre estos el alcalde cruceño, Manuel Saavedra, quien aseguró que planteará la creación de un fondo a favor de los equipos de emergencia.

“(A los bomberos) les falta todo , nosotros vamos a proponer un aporte voluntario a través de la factura de luz o de agua de un boliviano al mes para que se cree un fondo para que nuestros bomberos tengan mejores condiciones”, propuso Saavedra este lunes al mediodía al referirse a las condiciones de los equipos de primera respuesta.

MIRA AQUÍ: Anticipan el traslado a La Paz de la exdirectora jurídica de YPFB aprehendida en Santa Cruz

Añadió que junto a Gobierno nacional también se generará la posibilidad de que otros países ayuden en caso de emergencia , pues ya se tiene de experiencia de apoyo en equipamiento.

Sostuvo que también hay una propuesta de crear bomberos distritales para atender mejor este caso de emergencias.

El anuncio lo realizó el alcalde cruceño en medio de una inspección junto con los ministros de Obras Públicas, Mauricio Zamora y el de Economía y Finanzas, José Gabriel Espinoza.

En pleno acto, un comerciante solicitó al alcalde que sean más flexibles con el cobro de patentes pues “lo perdieron todo”.

Ante ello, él respondió que son situaciones que se deben analizar.

MIRA AQUÍ: Beni: Guardaparque denuncia que jaguar abatido fue decapitado y trasladado “como trofeo”

Asegura que se inspeccionará todos los mercados

Por otro lado, Saavedra aseguró que se hará inspecciones a otros establecimientos de venta para que se verifique las condiciones en las que están para atender al público.",https://unitel.bo/noticias/sociedad/en-inspeccion-a-barrio-lindo-alcalde-propone-aporte-voluntario-de-bs-1-para-los-bomberos-GE22738079
Unitel,2026-08-10,Sociedad,¿Tienes familiares en Colombia? La Cancillería activa dos canales para ayudar a los bolivianos afectados por el terremoto,"El Ministerio de Relaciones Exteriores de Bolivia, en nombre del Gobierno de Rodrigo Paz y de los bolivianos, expresó su “profunda solidaridad” con Colombia “ante las graves consecuencias ocasionadas por el fuerte sismo” registrado este lunes.

“ Bolivia lamenta profundamente la pérdida de vidas humanas y expresa sus más sentidas condolencias a las familias de las víctimas, así como sus deseos de pronta recuperación a las personas heridas y su solidaridad con las comunidades afectadas”, señala un comunicado público.

Bolivianos

La Cancillería de Bolivia indicó que “ se mantiene atenta a la evolución de la emergencia y mantiene habilitados sus canales de asistencia consular para la atención de los connacionales bolivianos residentes o en tránsito en territorio colombiano”.

Para cualquier requerimiento de asistencia, podrán comunicarse con la Embajada del Estado Plurinacional de Bolivia en Colombia a través del correo electrónico: central@embajadaboliviacolombia.org .

Pero además está disponible el teléfono +57 313 384 8683 .

Terremoto

Hasta las 14:30 en Bolivia, se conoció que la cifra de fallecidos por el terremoto subió a al menos 111.

El presidente colombiano Aberlardo de la Espriella informó que conformó un Puesto de Mando Unificado para responder a la tragedia.

El terremoto, de magnitud de 7,4, se sintió con fuerza en grandes ciudades como Bogotá y Cali . La Cruz Roja detalló que son unos 12 departamentos del país afectados por el movimiento telúrico.

“El Estado Plurinacional de Bolivia reafirma sus profundos lazos de hermandad y cooperación con la República de Colombia y expresa su disposición de brindar, en el marco de sus capacidades y de ser requerido por las autoridades colombianas, el apoyo que pueda contribuir a la atención de esta emergencia”, reseña el comunicado del Ministerio de Relaciones Exteriores.",https://unitel.bo/noticias/sociedad/tienes-familiares-en-colombia-la-cancilleria-activa-dos-canales-para-ayudar-a-los-bolivianos-afectados-por-el-terremoto-IE22737690
Unitel,2026-08-10,Agencias,Agenda informativa multisoporte América para el lunes 10 de agosto de 2026,"COLOMBIA

- El terremoto de magnitud 7,4 que sacudió buena parte de Colombia deja hasta el momento más de cien muertos e importantes daños materiales en ciudades como Quibdó, Pereira, Cali y Manizales y en muchos municipios del oeste y centro del país, por lo que el presidente Abelardo de la Espriella convocó a comité de emergencias para atender la situación. (Foto) (Video)

- Al menos siete aeropuertos colombianos sufrieron daños por el terremoto de magnitud 7,4 que sacudió este lunes buena parte del país. (foto) (video)

- Apenas pasó el terremoto, Mariela García agarró su motocicleta y salió a buscar a su hijo Juan Pablo Arango, estudiante de último año de la Universidad Santiago de Cali, y tras llamarlo varias veces sin obtener respuesta, una corazonada la llevó hasta una vivienda convertida en escombros, frente a la que encontró estacionado el automóvil del joven. (foto) (video)

ESTADOS UNIDOS

- El secretario de Estado de Estados Unidos, Marco Rubio, ofreció el apoyo de su país a Colombia tras el potente terremoto de magnitud 7,4 que sacudió buena parte del país. (foto) (video)

- El Departamento de Estado de Estados Unidos informó de que ha revocado más de 175.000 visados a extranjeros desde el inicio del segundo mandato del presidente Donald Trump, en enero de 2025.

- Más de 170.000 inmigrantes salvadoreños han comenzado una carrera contrarreloj para evitar su deportación, a menos de un mes de que se venza el Estatus de Protección Temporal (TPS) para su país. (Foto) (Video)

- Las muertes por una bacteria ""come carne"" se han elevado a siete ste año tras registrarse cinco decesos en Luisiana y uno nuevo en Florida, ambos estados en la costa del Golfo, donde las autoridades piden precaución al sumergirse en el mar con heridas abiertas o comer mariscos.

- El 'live shopping' es un mercado en auge que difumina el límite entre comercio electrónico y juego, con vendedores ofreciendo productos en directo y con usuarios al interactuar para hacer compras instantáneas.

- La popular banda surcoreana BTS ofrece el primero de sus dos conciertos programados en la región capitalina de EE.UU. (Foto) (Video)

MÉXICO

- Conferencia de prensa de la presidenta Claudia Sheinbaum (Foto) (Video)

- Ante el avance global de las restricciones al uso de plataformas digitales por menores, México abre un debate nacional para explorar medidas similares en las escuelas. (Foto)

- La polémica por el uso de IA en el primer examen de admisión en línea de la Universidad Nacional Autónoma de México llega a las calles, cuando aspirantes marchen para protestar por la repetición presencial de la prueba. (Foto)

- El cantante colombiano Nanpa Básico da los detalles de su concierto en el Palacio de los Deportes de Ciudad de México, el más grande en su trayectoria en el país norteamericano. (Foto)

BRASIL

- La cantante española Rosalía ofrece el primero de sus dos conciertos en la ciudad brasileña de Río de Janeiro en el marco de su gira mundial 'Lux Tour'. (foto) (video)

- La aeronáutica brasileña Embraer, tercer mayor fabricante de aviones del mundo, presenta su informe de resultados correspondiente al segundo trimestre de 2026.

- El gigante de cosméticos brasileño Natura presenta su informe de resultados correspondiente al segundo trimestre de 2026.

- El grupo brasileño JBS, el mayor procesador de carne animal del mundo, presenta su informe de resultados correspondiente al segundo trimestre de 2026.

VENEZUELA

- El Gobierno de Venezuela evalúa en su estados fronterizos Táchira y Zulia los efectos del terremoto de magnitud 7,4 que sacudió este lunes buena parte de Colombia e informó que, hasta los momentos, no hay víctimas ni daños graves.

- Continúa el primer ciclo de diálogo entre el chavismo y la oposición.

CUBA

- La viceministra de Relaciones Exteriores de Cuba Josefina Vidal afirmó que la presión de EE.UU. hacia la isla es ""indignante"" y que solo tiene ""motivaciones netamente políticas"" con ""propósitos de dominación"" sobre el país caribeño. (foto) (video)

ECUADOR

- La cancillería de Perú expresó el compromiso de su país de seguir fortaleciendo la relación bilateral con Ecuador, al enviar su saludo a propósito del 217 aniversario de la independencia de la nación vecina.

URUGUAY

- El opositor Partido Nacional uruguayo, fuerza política a la que pertenece el expresidente Luis Lacalle Pou, ofrece un mensaje en cadena nacional a la ciudadanía en el marco de su 190 aniversario.

ARGENTINA

- Previa de una nueva audiencia del juicio para determinar responsabilidades por la muerte de Diego Armando Maradona.

- La petrolera argentina YPF da a conocer sus resultados financieros correspondientes al segundo trimestre de 2026.

PANAMÁ

- La Defensoría del Pueblo presenta un informe sobre la situación de los derechos de las niñas, los nNiños y adolescentes indígenas de Panamá. (Foto) (Video)

- Varias regiones del este de Panamá fueron sacudidas por el sismo de magnitud 7,4 con epicentro en Colombia, lo que provocó la evacuación de edificios y hospitales en la capital y otras localidades del país. (foto)

DEPORTES

Uruguay.- Diego Forlán brinda su primera conferencia de prensa tras haberse convertido en el nuevo seleccionador de la selección sub-20 de Uruguay y de la absoluta de manera interina. (Foto) (Video)

Argentina.- Previa del duelo entre el argentino Estudiantes y el chileno Universidad Católica por la ida de los octavos de final de la Copa Libertadores de fútbol.

Argentina.- Previa del duelo entre el argentino Boca Juniors y el paraguayo Recoleta por la ida de los octavos de final de la Copa Sudamericana de fútbol.

Bolivia.- Previa del partido de ida entre el Bolívar de La Paz y el Sao Paulo brasileño, por los octavos de final de la Copa Sudamericana de fútbol.

Ecuador.- Comentario de los partidos: Técnico Universitario-Mushc Runa; Libertad-Universid Católica y Deportivo Cuenca-Manta por la vigésima cuarta fecha de la Liga profesional ecuatoriana de fútbol.

Panamá.- Previa del partido entre el Plaza Amador de Panamá y el Xelajú de Guatemala por la tercera fecha de la Copa Centroamericana de Clubes de la Concacaf.

Estados Unidos.- Los Angeles Dodgers reciben a los Kansas City Royals en el Dodger Stadium, en un nuevo partido de la temporada regular de las Grandes Ligas (MLB). EFE

Mesa de Edición de América

mesaamerica@efe.com

ma/lnm",https://unitel.bo/noticias/agencias/agenda-informativa-multisoporte-america-para-el-lunes-10-de-agosto-de-2026-ED22740325
Unitel,2026-08-10,Seguridad,Cochabamba: Hallan sin vida a una persona en la ciclovía de la laguna Alalay; investigan posible ataque,"El cuerpo sin vida de una persona fue encontrado este lunes en la ciclovía, cerca de la laguna Alalay, al sur de la ciudad de Cochabamba; se presume que fue atacada por antisociales.

Según la información, fueron transeúntes quienes se percataron de la presencia del cuerpo, por lo que alertaron a la Policía. Según el informe preliminar, se trata de una mujer que fue apuñalada en medio de una pelea de personas en situación de calle.

Una vez se constituyeron en el lugar, personal policial y la Unidad de Bomberos corroboraron que la víctima ya no presentaba signos vitales, por lo que esperaron que personal de Homicidios se haga presente y proceda a realizar el levantamiento de los restos mortales.

MIRA AQUÍ: Delincuentes golpean en la cabeza con un ladrillo a una adulta mayor para robarle sus pertenencias

Los datos preliminares señalan que esta persona pudo haber sido atacada por antisociales; sin embargo, se desconoce las circunstancias y si la víctima presentaba o no signos de violencia.

El cuerpo sin vida fue trasladado hasta dependencias del Instituto de Investigaciones Forenses (IDIF) para que se le practique la autopsia correspondiente y se determine las causas exactas del deceso.

MIRA AQUÍ: ¿Quiénes son? Hallan restos de dos personas en zonas boscosas de los Yungas

El caso está en investigación y se busca identificar a la víctima, además de dar con el o los responsables del hecho.",https://unitel.bo/noticias/seguridad/cochabamba-hallan-sin-vida-a-una-persona-en-la-ciclovia-de-la-laguna-alalay-investigan-posible-ataque-ME22738703
Unitel,2026-08-10,Política,Ley de Inversiones genera expectativa y críticas en la Asamblea Legislativa,"Desde la Asamblea Legislativa Plurinacional (ALP), surgieron reacciones ante el compromiso asumido por el presidente Rodrigo Paz de enviar este martes al Legislativo el proyecto de Ley de Inversiones.

Desde la bancada de Libre señalaron que, hasta el momento, desconocen el contenido de la norma y que el documento aún no fue socializado con esa fuerza política.

MIRA AQUÍ: Libre: Antes de aprobar las normas sectoriales urge la reforma parcial de la Constitución

“Tenemos entendido que se los ha invitado a un grupo de diputados ; a nosotros no nos han invitado, no nos han presentado, no hemos visto nada. El país necesita varias leyes”, declaró la diputada de Libre, Ana María Quiroga.

En una posición más crítica, el diputado de Unidad, Carlos Alarcón, cuestionó la norma que será enviada al Legislativo y la calificó como una “venta de humo” para los inversionistas.

“Con los anticipos que ha hecho el ministro de Economía , yo he señalado que esto es una venta de humo para el país y para los inversionistas internacionales en los sectores estratégicos”, señaló.

Por su parte, la diputada del Partido Demócrata Cristiano (PDC), Claudia Bilbao, expresó su expectativa de que la norma permita atraer mayores inversiones del exterior, principalmente en el sector energético.

MIRA AQUÍ: Vocero de Libre: Paz opta por “resolver la corrupción con más corrupción” y transfugio

“Hasta ahora no han querido invertir en el tema petrolífero y energético, pero con la ley se puede cambiar”, dijo.",https://unitel.bo/noticias/politica/ley-de-inversiones-genera-expectativa-y-criticas-en-la-asamblea-legislativa-CD22740389
Unitel,2026-08-10,Economía,Filas por diésel: Dirigente del transporte cruceño dice que el presidente de YPFB no contesta y anuncia ampliado,"En medio de las filas por diésel que cumplen más de tres meses, la dirigencia del transporte anunció un ampliado para tomar decisiones, pues hasta la fecha no existe una solución al abastecimiento de este combustible y la estatal petrolera ya no les contesta.

MIRA AQUÍ: Aprehenden a exdirectora jurídica de YPFB por el caso gasolina desestabilizada

“No hay una solución definitiva, no contestan, ni siquiera el presidente de YPFB, o sea, no hay la atención de una autoridad para darle una solución a este tema”, señala Bismark Daza, dirigente del Transporte Federado de Santa Cruz.

El dirigente agregó que entre martes y miércoles el sector tendrá un ampliado donde definirán las medidas a tomar. señaló que el transporte ya no puede seguir esperando a la petrolera estatal.

“Hasta cuatro días estamos durmiendo en los surtidores y eso no es un regalo. En este mes patrio debería dar una solución definitiva al tema del combustible”, señaló Daza.

MIRA AQUÍ: Sin solución: El eje central amanece con largas filas de vehículos en un nuevo inicio de semana

Los problemas con el abastecimiento de diésel en Bolivia se agudizaron cuando la Central Obrera Boliviana y los campesinos Tupac Katari convocar el 1 de mayo a marchas y bloqueos. La medida se levantó el 23 de junio, pero pese a reiterados compromisos de la petrolera estatal de regularizar la provisión de carburantes hasta este 8 de agosto, el problema persiste.",https://unitel.bo/noticias/economia/filas-por-diesel-dirigente-del-transporte-cruceno-dice-que-el-presidente-de-ypfb-no-contesta-y-anuncia-ampliado-PD22740807
Unitel,2026-08-10,Seguridad,Gasolina basura: Exdirectora jurídica de YPFB se queda aprehendida en Santa Cruz y su audiencia cautelar será virtual,"Daniela Durán, exdirectora jurídica de Yacimientos Petrolíferos Fiscales Bolivianos (YPFB), se mantendrá en la capital cruceña, al menos de momento, así lo informó el fiscal Alberto Hurtado. El caso está en la Justicia de La Paz, por lo que la audiencia cautelar será virtual.

MIRA AQUÍ: Filas por diésel: Dirigente del transporte cruceño dice que el presidente de YPFB no contesta y anuncia ampliado

Durán fue aprehendida este lunes antes del mediodía. Es investigada por el caso de la gasolina desestabilizada que provocó daños a varios vehículos en diferentes departamentos de Bolivia.

El fiscal informó que los delitos que se le atribuyen son conducta antieconómica e incumplimiento de deberes.

Por este mismo caso el exministro de Hidrocarburos, Mauricio Medinaceli fue aprehendido el 28 de julio. La Justicia ordenó su detención domiciliaria el 31 de julio.

MIRA AQUÍ: Falta de diésel provoca alza en el precio de las frutas en un mercado de La Paz, dicen comerciantes

Se conoce que también se busca a Yusseff Akly, expresidente de la petrolera estatal.",https://unitel.bo/noticias/seguridad/gasolina-basura-exdirectora-juridica-de-ypfb-se-queda-aprehendida-en-santa-cruz-y-su-audiencia-cautelar-sera-virtual-HD22741547
Unitel,2026-08-10,Mundo,"En plena emergencia por el terremoto en Colombia, el volcán Puracé emite ceniza y gases","El volcán Puracé, situado en el departamento colombiano del Cauca (suroeste), y que desde finales del mes pasado está en alerta naranja por riesgo de una erupción, hizo este lunes una emisión de cenizas y gases en coincidencia con el terremoto de magnitud 7,4 que sacudió al país y que deja al menos 111 muertos.

Según el Servicio Geológico Colombiano (SGC), el Puracé, que hace parte de la cadena volcánica de Los Coconucos, continúa con un aumento de energía sísmica y de la temperatura de las emisiones de ceniza y de gases como dióxido de azufre y dióxido de carbono.

Esa situación llevó a la Aeronáutica Civil (Aerocivil) a ordenar el cierre temporal del aeropuerto Guillermo León Valencia, de Popayán, capital del Cauca, por el riesgo que suponen la ceniza y los gases para la navegación aérea.

“Informamos que las operaciones aéreas en el Aeropuerto de Popayán se encuentran suspendidas temporalmente debido a presencia de ceniza del volcán Puracé reportada por el Servicio Geológico Colombiano”, indicó la Aerocivil en un comunicado.

El cierre del aeropuerto de Popayán se suma al de otras siete terminales aéreas que sufrieron daños en su estructura por el terremoto de este lunes en Colombia: Cali, Pereira, Manizales, Quibdó, Armenia, Cartago y Buenaventura.

MIRE AQUÍ: Terremoto en Colombia deja al menos 111 muertos y Gobierno declara “situación de emergencia”

El Servicio Geológico descartó sin embargo que la emisión de ceniza del volcán Puracé tenga relación directa con el terremoto , cuyo epicentro fue en el departamento del Chocó, en la región del Pacífico, pues explicó que son fenómenos naturales independientes .

El Puracé está ubicado a 27 kilómetros de Popayán y es uno de los 15 conos que conforman la cadena volcánica de los Coconucos. Su última erupción de magnitud considerable ocurrió en marzo de 1977, aunque desde 2021 viene presentando cambios paulatinos en su actividad.

MIRE AQUÍ: Video: Edificio colapsa tras fuerte temblor de magnitud 7,4 en Colombia",https://unitel.bo/noticias/mundo/en-plena-emergencia-por-el-terremoto-en-colombia-el-volcan-purace-emite-ceniza-y-gases-LD22742283
Unitel,2026-08-10,Seguridad,Viceministra Echeverría dice que la orden de aprehensión contra Evo Morales “se va a ejecutar”,"Ante las dos órdenes de aprehensión que pesan sobre el expresidente Evo Morales , la viceministra de Igualdad de Oportunidades, Jessica Echeverría, señaló este lunes que estas deben ejecutarse; sin embargo, aclaró que su cumplimiento está en manos del Ministerio de Gobierno.

“Esa orden de aprehensión obviamente se va a ejecutar ; sin embargo, le corresponde al ministro de Gobierno (Marco Antonio Oviedo). Él ha indicado que se va a dar y confío en su palabra”, dijo la autoridad al ser consultada sobre el tema.

MIRA AQUÍ: Dos órdenes de captura y ninguna detención: ¿por qué Evo Morales sigue libre?

Morales ya suma dos órdenes de aprehensión en su contra por diferentes investigaciones; una por una denuncia de trata de personas y otra relacionada con los más de 50 días de bloqueos registrados en Bolivia.

La viceministra, dependiente del Ministerio de la Presidencia, remarcó que la ley debe cumplirse para todos por igual.

“Esa es una situación que está enmarcada dentro de la ley y todas las personas son iguales ante la ley”, agregó.

ORDENES DE APREHENSIÓN CONTRA EVO MORALES

En el caso de trata de personas, la Fiscalía de Tarija imputó formalmente a Morales por haber sostenido una relación sentimental con una menor de edad con quien tuvo un hijo cuando él era presidente.

La audiencia de juicio oral fue convocada para el 11 de mayo de este año; sin embargo, Morales no se presentó ante la Justicia, motivo por el que fue declarado rebelde y se emitió la orden de aprehensión.

La segunda orden de aprehensión tiene que ver con los más de 50 días de bloqueos en Bolivia. La denuncia fue presentada por el Comité pro Santa Cruz y el Ministerio de Gobierno.

MIRA AQUÍ: Vocero de Libre: Paz opta por “resolver la corrupción con más corrupción” y transfugio

En esta última denuncia, el documento establece que Morales es investigado por seis delitos:

- Alzamiento armado contra la seguridad y soberanía del Estado

- Terrorismo

- Atentado contra la seguridad de los medios de transporte

- Asociación delictuosa

- Instigación púbica a delinquir

- Atentado contra la seguridad de los servicios públicos",https://unitel.bo/noticias/seguridad/viceministra-echeverria-dice-que-la-orden-de-aprehension-contra-evo-morales-se-va-a-ejecutar-CD22741416
Unitel,2026-08-10,Política,"Senador de Libre: “El Gobierno va a intentar la política de la preventa, incluso de la coima”, para aprobar leyes","El senador de la Alianza Libre, José Manuel Ormachea, dijo que el Gobierno intentará alcanzar acuerdos individuales con legisladores de otras fuerzas políticas para conseguir la aprobación de leyes en la Asamblea Legislativa Plurinacional (ALP). El legislador comparó estas acciones con prácticas que, según su criterio, se realizaron durante anteriores gobiernos del Movimiento Al Socialismo (MAS).

“Sí, definitivamente, lo que van a intentar dentro del Gobierno es la política de la preventa , incluso de la coima, incluso del QR. Lo que va a intentar el Gobierno es la bajeza de la política que hemos visto durante muchos años y que es lo que hacía el MAS”, afirmó Ormachea en una entrevista con Correo del Sur.

MIRA AQUÍ: Ley de Inversiones genera expectativa y críticas en la Asamblea Legislativa

El legislador sostuvo que, en anteriores legislaturas, el MAS “encontraba a miembros de la oposición fáciles de comprar , por pegas, ayudas, por una embajada, todo para contar con los votos”.

Ormachea advirtió que, en caso de que estas prácticas se repitan con legisladores de otras fuerzas políticas , quienes acepten esos acuerdos serán los principales perjudicados.

“Se van a equivocar porque será algo momentáneo, pero no van a volver a formar parte de la política , ya que los líderes políticos no confían en la gente que le da la espalda al proyecto e ideología que se ha planteado por el país. Esa gente no tendrá futuro por ese tipo de actitudes”, afirmó.

Además, sostuvo que estas prácticas fueron recurrentes durante gobiernos del MAS.

MIRA AQUÍ: Libre: Antes de aprobar las normas sectoriales urge la reforma parcial de la Constitución

“Esto ya lo hemos visto con Evo, Arce y ahora se replica con Rodrigo Paz. Eso es lo que van a intentar hacer. Libre lo va a exponer, esta situación, en su momento”, concluyó.",https://unitel.bo/noticias/politica/senador-de-libre-el-gobierno-va-a-intentar-la-politica-de-la-preventa-incluso-de-la-coima-para-aprobar-leyes-BD22742762
Unitel,2026-08-10,Mundo,Desde Marco Rubio a Bukele y Shakira: famosos y líderes mundiales expresan solidaridad a las víctimas del terremoto en Colombia,"La madrugada de este lunes 10 de agosto, se registró en Colombia un terremoto de 7,4 de magnitud que dejó al menos 111 muertos y 87 heridos. Tras lo ocurrido, líderes internacionales y artistas famosos expresaron su solidaridad a las familias afectadas.

El secretario de Estado de Estados Unidos, Marco Rubio, aseguró que la Administración Trump está siguiendo de cerca los efectos del terremoto que sacudió a Colombia y manifestó la disposición de su Gobierno para brindar apoyo al país.

”La Administración Trump está monitoreando de cerca el gran terremoto que azotó Colombia y está lista para apoyar al pueblo de Colombia y al presidente de Colombia, Abelardo de la Espriella”, escribió Rubio.

MIRA AQUÍ: Terremoto en Colombia deja al menos 111 muertos y Gobierno declara “situación de emergencia”

El presidente de El Salvador, Nayib Bukele , indicó que siguen de cerca las consecuencias del terremoto, y expresó sus oraciones con todos los colombianos.

“Desde El Salvador estamos en comunicación y listos para apoyar de inmediato con nuestros equipos de rescat e, médicos, paramédicos, insumos o cualquier otra ayuda que nuestros hermanos colombianos consideren necesaria”, escribió.

Entre los líderes mundiales que se manifestaron fueron: el ministro de Relaciones Exteriores de Israel, Gideon Sa’ar ; el ministro de Relaciones Exteriores y Comercio Internacional de Venezuela, Félix Plasencia González; la líder opositora venezolana y ganadora del Nobel de Paz, María Corina Machado ; la primera ministra de Italia, Giorgia Meloni, entre otros.

También respaldaron su apoyo a Colombia los presidentes de México, Perú, Brasil, Ecuador, Panamá, Costa Rica, Honduras, España, Francia y Ucrania.

Artistas colombianos expresaron su solidaridad con el pueblo y enviaron mensajes de apoyo. Uno de los primeros fue J Balvin, quien escribió en sus historias de Instagram: “ Vamos a movernos de una para ayudar la situación”.

MIRA AQUÍ: En plena emergencia por el terremoto en Colombia, el volcán Puracé emite ceniza y gases

El cantante colombiano, Camilo, mantuvo contacto con amigos de su país y señaló que “ Estamos pendientes de saber muy pronto cuáles son las mejores maneras de ayudar para poder sumarnos” y agregó estar pendiente a los mensajes directos con información y llamados a la acción.

Marc Anthony también mandó un mensaje de solidaridad tras el terremoto “ Mi gente de Colombia. Les mando un abrazo inmenso desde la distancia. T odas mis oraciones están con los afectados por el temblor. Sepan que mi corazón está con ustedes y sus familias”, escribió.

Maluma también ofreció su apoyo y adelantó que compartirá formas de como ayudar a los afectados. “ Qué dolor todo lo que está pasando en Colombia, un abrazo al alma a todos los familiares de las víctimas y aquí estamos puestos para ayudar. Más adelante subiremos formas de ayuda para las personas más necesitadas. VAMOS COLOMBIA. Ahora sí que necesitamos esa fuerza y esa unión”, manifestó.

MIRA AQUÍ: Sismo en Colombia: Sube a 50 la cifra de fallecidos y presidente convoca al Puesto de Mando Unificado

La cantante colombiana, Shakira, escribió “Colombia querida, mi corazón está con todos los que hoy sintieron este terremoto y con las familias que están pasando momentos de angustia” y señaló que espera las indicaciones de como ayudar a las víctimas.

Otros artistas como David Bisbal, Sebastián Yatra, el grupo Piso 21, Ryan Castro, así como influencers y selecciones de fútbol enviaron su apoyo a las familias que quedaron afectadas por el terremoto que sacudió Colombia.",https://unitel.bo/noticias/mundo/desde-marco-rubio-a-bukele-y-shakira-famosos-y-lideres-mundiales-expresan-solidaridad-a-las-victimas-del-terremoto-en-colombia-AD22741706
Unitel,2026-08-10,Seguridad,“Yussef Akly se pasea como si nada”: Lara cuestiona que expresidente de YPFB esté libre,"Tras la aprehensión de la exdirectora jurídica de Yacimientos Petrolíferos Fiscales Bolivianos (YPFB), el vicepresidente, Edmand Lara, observó la situación del expresidente de la petrolera estatal, Yusseff Akly.

“Me llama la atención que hasta el día de hoy, Yussef Akly está paseándose como si nada hubiera pasado” , manifestó Edmand Lara en contacto con los medios.

MIRA AQUÍ: Gasolina basura: Exdirectora jurídica de YPFB se queda aprehendida en Santa Cruz y su audiencia cautelar será virtual

El vicepresidente considera de Akly es uno de los principales investigados del caso gasolina basura que se indaga en La Paz.

“No sé que tanto sabe o a quiénes puede involucrar o perjudicar”, señala Lara.

La autoridad también se refirió a la aprehensión Daniela Durán, exdirectora jurídica de la petrolera estatal, también investigada por la gasolina de mala calidad que afectó a varios vehículos en todo el país.

MIRA AQUÍ: Sin solución: El eje central amanece con largas filas de vehículos en un nuevo inicio de semana

”Espero que la aprehensión de la señora Durán no termine como el caso de Medinaceli ”, señaló Lara, en alusión a la detención domiciliaria con derecho a salidas laborales del exministro de Hidrocarburos.

“La justicia es dura con algunos y blanda para otros”, concluyó.",https://unitel.bo/noticias/seguridad/yussef-akly-se-pasea-como-si-nada-lara-cuestiona-que-expresidente-de-ypfb-este-libre-ND22743871
Unitel,2026-08-10,Política,"“El presidente está fomentando al transfugio y quiebre democrático de bancadas”, señala senadora de Libre","La senadora de Libre, Tomasa Yarhui, dijo que el presidente Rodrigo Paz está “fomentando” el transfugio político y un quiebre dentro de las bancadas políticas de la Asamblea Legislativa Plurinacional (ALP) ante supuestos acuerdos.

“El presidente Rodrigo (Paz) está fomentando a que pueda haber transfugio y está fomentando al quiebre democrático de estas bancadas constituidas legalmente en la Asamblea Legislativa. Repudiamos este hecho totalmente y esperemos que reconduzca su forma de trabajar en la Asamblea Legislativa”, expresó la asambleísta.

Señaló que el mandatario tiene “acuerdos” con algunos diputados y senadores, y agregó que reveleará los nombres. Remarcó que como autoridades deben respetar la institucionalidad, respetar la estructura de las bancadas y trabajar de forma coordinada.

“Lamentablemente, hay algunos senadores y diputados que están por abajo con el oficialismo, a no ser que tengan acuerdos, pero eso no es bueno”, señaló.

MIRA AQUÍ: Senador de Libre: “El Gobierno va a intentar la política de la preventa, incluso de la coima”, para aprobar leyes

“Debemos hacer un acuerdo para que no exista ningún tipo de transfugio y ningún tipo de acuerdos por debajo”, propuso.

Yarhuasi también se refirió a Ley de Inversión que el mandatario anunció que se enviará este martes al Legislativo, indicó que para aprobarla se necesita una reforma parcial de la Constitución, ya que de lo contrario, es inconstitucional.

“Queríamos saber qué piensa el presidente Rodrigo (Paz) respecto a la reforma parcial de la Constitución y cuál es su posición para para aprobar el paquete de leyes, para aprobar las leyes de inversión, necesitas primero reformar la Constitución”, explicó la senadora.

MIRA AQUÍ: Ley de Inversiones genera expectativa y críticas en la Asamblea Legislativa",https://unitel.bo/noticias/politica/el-presidente-esta-fomentando-al-transfugio-y-quiebre-democratico-de-bancadas-senala-senadora-de-libre-GD22744075
Unitel,2026-08-10,Sociedad,Alerta en La Paz: Pronostican nevadas y un brusco descenso de temperaturas desde la medianoche de este lunes,"La Alcaldía de La Paz emitió un aviso meteorológico en el que alerta a la población paceña que, a partir de la medianoche de este lunes, se registrará una nevada en la ciudad acompañada de un “descenso brusco de temperatura”.

“Aviso de nevada, este 10 de agosto, con una duración de tres horas”, señala el comunicado de la Dirección de Prevención de Riesgos y Resiliencia de la Alcaldía.

Pasada las 22:00 de este 10 de agosto, el Sistema de Alerta Temprana señaló que no se descartan nevadas, con la probabilidad de que se extienda hasta el martes.

MIRA AQUÍ: El PumaKatari y el teleférico se integran en el sur de La Paz: Dos nuevas rutas llegan a la Línea Verde

El fin de semana, el Servicio Nacional de Meteorología e Hidrología (Senamhi) ya había alertado que este lunes se registrarían lluvias y nevadas en el norte del departamento y principalmente en la ciudad de La Paz.

En La Paz, la alerta alcanza a las provincias Ingavi, José Manuel Pando , Pacajes, Aroma y Gualberto Villarroel, además del sur de Los Andes y el oeste de Murillo.

Las autoridades recomiendan a la población tomar previsiones ante las bajas temperaturas y las condiciones meteorológicas previstas para los próximos días.

MIRA AQUÍ: Beni: Guardaparque denuncia que jaguar abatido fue decapitado y trasladado “como trofeo”",https://unitel.bo/noticias/sociedad/alerta-en-la-paz-pronostican-nevadas-y-un-brusco-descenso-de-temperaturas-desde-la-medianoche-de-este-lunes-PD22744759
Unitel,2026-08-10,Seguridad,¿Por qué estaba libre el hombre acusado de asesinar al teniente Salazar si tenía antecedentes delictivos? Esto dice la Policía,"Tras reportarse la muerte en Brasil de Mariano Paz Chávez, alias Piña, señalado como uno de los autores del asesinato del teniente Yerson Salazar, mucha gente se pregunta ¿por qué estaba libre si tenía antecedentes delictivos? La Policía respondió a este tema.

Cabe recordar que la muerte de Piña y otros tres bolivianos se registró el viernes en Brasil, tras un enfrentamiento con las fuerzas del orden brasileñas.

MIRA AQUÍ: Ola de violencia: Es “imposible tapar el sol con un dedo”, el crimen transnacional se ha instalado en el país, dice Oviedo

De acuerdo a la Policía, Piña fue arrestado en enero de este año en la localidad de Pailas, pues estaba siendo investigado por el secuestro de Lorgio Saucedo, quien fue hallado muerto en septiembre del 2025, en una pista clandestina en Warnes cuya propiedad se atribuye a Sebastián Marset.

“La fiscal que estaba a cargo en ese momento, refiere que esta persona ya estaba siendo procesada por un hecho anterior y que no debería tener por qué ser nuevamente arrestada ”, señaló Jhonny Coca, director de la Fuerza Especial de Lucha Contra el Crimen (Felcc) de Santa Cruz.

MIRA AQUÍ: Ante la ola de violencia, Bolivia y Brasil lanzan el plan “Frontera Segura” para ejecutar operativos en zonas rojas

El jefe policial agregó que en primera instancia la Fiscalía realizó la ampliación de la investigación contra Piña; sin embargo, posteriormente tomaron conocimiento que el caso contra el hombre muerto en Brasil fue cerrado.

“Era responsabilidad del Ministerio Público”, manifestó Coca , quien agregó que se está realizando una auditoría al cuaderno de las investigaciones.",https://unitel.bo/noticias/seguridad/por-que-estaba-libre-el-hombre-acusado-de-asesinar-al-teniente-salazar-si-tenia-antecedentes-delictivos-esto-dice-la-policia-KD22745078
Unitel,2026-08-10,Economía,Cámara de Industria: “La Ley de Inversiones debe tener seguridad jurídica y arbitraje internacional”,"El presidente de la Cámara Nacional de Industria (CNI), Gonzalo Morales, señaló este lunes que la Ley de Inversiones debe contemplar aspectos fundamentales que brinden garantías a los empresarios extranjeros interesados en invertir en Bolivia.

“La ley tiene que tener dos aspectos fundamentales: uno es la previsibilidad jurídica y normativa. Eso significa que las leyes no se cambian de un día para otro o cada cinco años ; tiene que existir una normativa de por lo menos 20 años y tiene que estar normado el arbitraje internacional”, explicó Morales.

MIRA AQUÍ: Aprehenden a exdirectora jurídica de YPFB por el caso gasolina desestabilizada

A criterio del empresario, si estos aspectos son contemplados en la norma, una Ley de Inversiones adecuada permitirá generar confianza y motivará a empresarios a invertir en diferentes áreas productivas del país.

“Tenemos que dar la certidumbre para que el inversionista extranjero tenga la confianza en invertir su dinero en Bolivia. La inversión extranjera va a traer progreso, fuentes laborales, inversión y las divisas que nuestro país requiere”, dijo.

Ante este panorama, Morales espera que la norma sea enviada por el Ejecutivo a la Asamblea Legislativa Plurinacional (ALP) y aprobada con el objetivo de atraer nuevas inversiones al país.

“Es una noticia para reactivar la economía de nuestro país. Bolivia necesita contar con una nueva Ley de Inversiones que atraiga la inversión nacional y extranjera”, sostuvo.

MIRA AQUÍ: Sin solución: El eje central amanece con largas filas de vehículos en un nuevo inicio de semana

Finalmente, Morales señaló que ya existen empresarios interesados en invertir en diferentes sectores de la economía nacional.

“Hemos hablado con empresarios que quieren venir al país a invertir en la minería, agricultura, industria y turismo”, afirmó.",https://unitel.bo/noticias/economia/camara-de-industria-la-ley-de-inversiones-debe-tener-seguridad-juridica-y-arbitraje-internacional-GD22745524
Unitel,2026-08-10,Mundo,"EEUU anuncia $us 15,5 millones de ayuda a Colombia tras potente terremoto","Estados Unidos anunció el lunes una ayuda de 15,5 millones de dólares para Colombia, tras el fuerte terremoto que deja más de un centenar de muertos, decenas de heridos y grandes destrozos.

“La Administración Trump destina 15,5 millones de dólares a financiar refugios de emergencia, alimentos, medidas de protección y evaluaciones de los daños causados por el terremoto”, indicó en X el Departamento de Estado de Estados Unidos, aliado del flamante gobierno del ultraderechista Abelardo de la Espriella.

MIRA AQUÍ: Terremoto en Colombia deja al menos 111 muertos y Gobierno declara “situación de emergencia”

El presidente Abelardo de La Espriella declaró este lunes la “situación de emergencia” en Colombia tras el terremoto más fuerte de la última década que dejó 111 muertos, 87 heridos y decenas de edificaciones colapsadas.

A primera hora de la mañana, las principales ciudades del oeste del país vivieron momentos de pánico, con miles de personas evacuadas mientras edificios se derrumbaban o sufrían graves daños, constataron periodistas de la AFP.

El sismo de magnitud 7,4 ocurrió a las 07H34 locales (12H34 GMT), según el servicio geológico colombiano y el de Estados Unidos.

Quedó “colapsado el primer piso, los muros abajo, escaleras abajo, los locales están en mal estado, unos muros cayeron en el parqueadero y destrozaron varios carros”, dijo a la AFP Diego Morales, habitante de un edificio que colapsó en Cali (suroeste) una de las ciudades más afectadas.

Durante el prolongado terremoto “nos resguardamos debajo de una columna (...) y vimos a los vecinos bastante alterados”, explicó.

El epicentro se registró cerca de San José del Palmar , en Chocó (oeste), una región pobre que por el momento informó de 12 muertos.

“No hay energía, no hay wifi, no hay agua. Hay muchos edificios rotos, con grietas. Hay otras (edificaciones) caídas por completo (...). Fue impresionante”, dijo el odontólogo Julián Peña en Quibdó, capital del Chocó.

MIRA AQUÍ: En plena emergencia por el terremoto en Colombia, el volcán Puracé emite ceniza y gases

Según el último balance del presidente De la Espriella, que asumió en su cargo el viernes, a demás de las víctimas hay 61 edificios colapsados, 18 centros de salud averiados y 52 instituciones educativas afectadas.

Seis aeropuertos sufrieron problemas en su infraestructura y quedaron sin operación para vuelos comerciales, precisó.

“El gobierno nacional mantiene desplegadas todas sus capacidades para proteger la vida , atender a las comunidades afectadas y llevar ayuda a cada territorio que se necesite”, dijo desde Bogotá donde lidera la atención a la emergencia.",https://unitel.bo/noticias/mundo/eeuu-anuncia-us-155-millones-de-ayuda-a-colombia-tras-potente-terremoto-ID22746709
Unitel,2026-08-10,Política,Lara: Desconocer el liderazgo de Tuto es desconocer a más de 2 millones de votantes,"El vicepresidente Edmand Lara indicó este lunes que no se puede desconocer el liderazgo de Jorge Tuto Quiroga, expresidente y líder de Libre que tiene representación en la Asamblea Legislativa Plurinacional (ALP).

“No puedes desconocer el liderazgo de Tuto Quiroga. Yo puedo pensar diferente a Tuto Quiroga, pero no puedo desconocer el apoyo que le han dado más de 2 millones de votantes, tiene representación en el Parlamento. No puedes desconocer eso”, enfatizó.

La autoridad señaló que será difícil que el presidente Rodrigo Paz lleve adelante políticas o presentar proyectos de ley para que la Asamblea los apruebe si desconoce los liderazgos.

MIRA AQUÍ: “El presidente está fomentando al transfugio y quiebre democrático de bancadas”, señala senadora de Libre

“Podrá corromper a uno o dos de la Alianza Libre, lo podrá hacer, tal vez no, pero la gran mayoría de la de la Alianza Libre están con su líder (Tuto Quiroga), así como como Unidad Nacional están con su líder (Samuel Doria Medina) y responden a su líder”, indicó.

En los 201 años de la independencia de Bolivia, el presidente Paz recalcó que los acuerdos ya no pueden limitarse a los líderes políticos, como ocurrió en anteriores gestiones, sino que debe involucrar a las instituciones del país.

“Queremos que Bolivia sea reconocida como un país confiable y para consolidarlo necesitamos una nueva gobernabilidad. Vamos a hacer un acuerdo no entre políticos, sino entre instituciones que tienen que empezar a funcionar y que cumplan con el valor de responder al pueblo”, dijo Paz.

MIRA AQUÍ: Senador de Libre: “El Gobierno va a intentar la política de la preventa, incluso de la coima”, para aprobar leyes",https://unitel.bo/noticias/politica/lara-desconocer-el-liderazgo-de-tuto-es-desconocer-a-mas-de-2-millones-de-votantes-HD22745561
Unitel,2026-08-10,Política,"Evistas convocan a un ampliado nacional para el 26 de septiembre, tras la conclusión del Estado de excepción","Tras una reunión realizada el domingo, este lunes comenzaron a difundirse imágenes, en redes sociales, convocando a un ampliado nacional de Evo Pueblo para el 26 de septiembre, una semana después de que concluya la vigencia del Estado de excepción en Bolivia.

“Gran ampliado nacional de Evo Pueblo, 26 de septiembre de 2026 en Lauca Ñ”, señala una de las imágenes que se difundieron este lunes.

MIRA AQUÍ: “El presidente está fomentando al transfugio y quiebre democrático de bancadas”, señala senadora de Libre

El domingo se desarrolló una reunión nacional de Evo Pueblo de la que participaron dirigentes de sectores sociales. En el cuarto punto de las conclusiones anunciaron la convocatoria al ampliado, aunque no se especifica la temática a abordar.

Evo Pueblo es un movimiento que impulsa Evo Morales y sus afines que buscan consolidarlo como un partido político con miras a los próximos procesos electorales.

Cabe recordar que en las elecciones presidenciales del 2025, Morales pretendía registrarse como candidato con el Frente Para la Victoria y Pan - Bol; sin embargo, ambas siglas habían perdido su personería jurídica.

A lo anterior se suma que un fallo del Tribunal Constitucional ratificó Evo Morales no puede volver a postular o acceder a la Presidencia de Bolivia, pues ya había ocupado el cargo en dos oportunidades.

ESTAS SON LAS 8 CONCLUSIONES DE EVO PUEBLO

Primero.- Frente a la situación económica, política, social y cultural, también la situación nacional e internacional, el Instrumento Político Evo Pueblo, con justa convicción ratificamos con firmeza nuestra posición anticolonialista, antiimperialista, anticapitalista.

Segundo- Ratificar la unidad en torno al liderazgo de nuestro comandante y presidente del instrumento político, Evo Morales Ayma y sus direcciones políticas.

Tercero.- Se rechaza enfáticamente las falsas acusaciones contra el hermano Evo Morales y denunciamos la sistemática, injusta e ilegal persecución política contra nuestros líderes políticos, sindicales y militancia por parte del gobierno.

Cuarto- Convocar a un Ampliado Nacional del Instrumento Político Evo Pueblo, el sábado 26 de septiembre de 2026, en la localidad de Lauca Ñ, Departamento de Cochabamba.

Quinto.- Iniciar una campaña de defensa de la Revolución Democrática y Cultural con difusión, concientización y rememoración de los logros y datos estadísticos de los 14 años de gestión del Proceso de Cambio en los 9 departamentos a través de medios de comunicación, redes sociales, y talleres de formación política para recuperar y ampliar la militancia de manera permanente.

MIRA AQUÍ: Senador de Libre: “El Gobierno va a intentar la política de la preventa, incluso de la coima”, para aprobar leyes

Sexto.- Priorizar la organización de los congresos departamentales que deben realizarse hasta diciembre de 2026. En caso de que las Direcciones Departamentales no realicen la convocatoria, estos serán organizados por la Dirección Nacional.

Séptimo.- Establecer el desarrollo del Segundo Congreso Nacional de Refundación del Instrumento Político Evo Pueblo, para el mes de marzo de 2027.

Octavo.- Impulsar a la comisión nacional conformada para el tema de la sigla del Instrumento Político, para que realice todas las estrategias, trámites y gestiones correspondientes que garanticen nuestra participación electoral en próximas convocatorias.",https://unitel.bo/noticias/politica/evistas-convocan-a-un-ampliado-nacional-para-el-26-de-septiembre-tras-la-conclusion-del-estado-de-excepcion-CD22745601
Unitel,2026-08-10,Economía,El dólar oficial baja por quinta vez consecutiva: ¿Cuál es la cotización para este martes 11 de agosto?,"El Banco Central de Bolivia (BCB) emitió la cotización oficial del dólar estadounidense y fijó el tipo de cambio en Bs 11,77, para este martes 11 de agosto.

Con este ajuste, la divisa acumula su quinta jornada consecutiva de descenso dentro del nuevo esquema flexible y de determinación diaria del precio.

El 31 de julio el dólar se cotizó en Bs 12,15, su primer descenso se produjo el 1 de agosto, cuando se cotizó en Bs 12,13. El 4 de agosto se registró una nueva caída llegando a Bs 12,08.

La tercera baja se produjo el 5 de agosto, cuando la divisa norteamericana se cotizó en Bs 12,02, el cuarto descenso se registró el 6 de agosto, cuando su precio oficial llegó a 11,86 y finalmente para el 11 de agosto tendrá un precio de 11,77.

MIRA AQUÍ: Cámara de Industria: “La Ley de Inversiones debe tener seguridad jurídica y arbitraje internacional”

Desde el inicio de la aplicación de la modalidad flexible, el valor más alto se registró en Bs 12,86 el pasado 31 de julio, y desde el inicio de agosto ha reflejado un descenso.

El tipo de cambio oficial es publicado diariamente por el BCB como parte del mecanismo implementado para reflejar la dinámica del mercado cambiario.

MIRA AQUÍ: Productores de oleaginosas señalan que el 40% de sus unidades de transporte está afectado por falta de diésel",https://unitel.bo/noticias/economia/el-dolar-oficial-baja-por-quinta-vez-consecutiva-cual-es-la-cotizacion-para-este-martes-11-de-agosto-BD22747042
Unitel,2026-08-10,Seguridad,Aprehenden a dos choferes con 30 paquetes de droga en un bus con destino a Santa Cruz,"Efectivos de la Fuerza Especial de Lucha Contra el Crimen (Felcc) aprehendieron a dos choferes tras ser descubiertos con 30 paquetes de droga en una bus que iba con rumbo a la ciudad de Santa Cruz de la Sierra.

El hallazgo s e realizó en el punto de control de Locotal en Cochabamba , tras realizar una requisa a un bus que salió desde Cochabamba y se dirigía hacia Santa Cruz de la Sierra.

MIRA AQUÍ: ¿Por qué estaba libre el hombre acusado de asesinar al teniente Salazar si tenía antecedentes delictivos? Esto dice la Policía

Los uniformados encontraron 30 paquetes de marihuana en el interior del bus, y tras la prueba de campo que confirmó el tipo de droga, los dos sujetos fueron aprehendidos y trasladados a celdas policiales.

En las próximas horas las autoridades realizarán la audiencia de medidas cautelares para definir la situación jurídica de estas personas.

MIRA AQUÍ: Dictan cuatro meses de cárcel para un acusado de captar y extorsionar a adolescentes",https://unitel.bo/noticias/seguridad/aprehenden-a-dos-choferes-con-30-paquetes-de-droga-en-un-bus-con-destino-a-santa-cruz-PD22746854
Unitel,2026-08-10,Seguridad,"¿Quién es Daniela Durán, la exdirectora jurídica de YPFB?","Daniela Durán, exdirectora jurídica de Yacimientos Petrolíferos Fiscales Bolivianos (YPFB), fue aprehendida este lunes, en el marco de la investigación por el caso de ‘gasolina desestabilizada’.

Al promediar las 09:00 horas de este lunes, Durán se presentó en las oficinas de la Fuerza Especial de Lucha Contra el Crimen (Felcc) para prestar su declaración informativa. Tras su llegada, Durán fue aprehendida debido a que sobre ella pesaba una orden de aprehensión que aún no había sido ejecutada.

MIRA AQUÍ: “Yussef Akly se pasea como si nada”: Lara cuestiona que expresidente de YPFB esté libre

La exdirectora es investigada en el proceso por la gasolina denominada ‘desestabilizada’ que inició en La Paz. E ntre los investigados también se encuentra el exministro de Hidrocarburos, Mauricio Medinaceli, quien ahora cumple detención domiciliaria.

Durán es considerada una parte y una pieza clave en la revisión de contratos de combustible durante estos últimos meses, ya que ella y otros ejecutivos estaban al mando de las contrataciones, firmas y aprobaciones de contrato, según los archivos de la estatal petrolera. Formaba parte de la empresa estatal desde el año 2019.

Ella será juzgada por dos delitos: incumplimiento de deberes y conducta antieconómica. En las próximas horas, la Justicia determinará su situación jurídica a través de una audiencia virtual de medidas cautelares.

MIRA AQUÍ: Gasolina basura: Exdirectora jurídica de YPFB se queda aprehendida en Santa Cruz y su audiencia cautelar será virtual",https://unitel.bo/noticias/seguridad/quien-es-daniela-duran-la-exdirectora-juridica-de-ypfb-HD22747473
Unitel,2026-08-10,Economía,Asociación de Avicultores de Santa Cruz considera que precio del pollo se reestablecerá en unas seis semanas,"La producción y el precio del kilo de pollo preocupan a avicultores y comerciantes debido a la disminución de las ventas registrada en los últimos días. Los vendedores minoristas de La Paz se declararon en emergencia este lunes.

“Nos hemos declarado en emergencia porque ha subido a 18 bolivianos por kilo. A raíz de esto, ya no hay venta. Si antes llevaban un pollo, ahora están llevando medio pollo”, señaló la representante del sector, Esther Rojas.

La comerciante pidió a las autoridades de Gobierno realizar controles al precio con el que el producto llega a la ciudad de La Paz.

MIRA AQUÍ: ¿Subió o bajó?: Así está el precio del kilo de pollo en La Paz y Cochabamba este lunes

“Pedimos al Gobierno que se pongan las pilas y que monitoreen a cuánto está el pollo en Cochabamba y a cuánto tiene que llegar a La Paz”, agregó.

Por su parte, el presidente de la Asociación de Avicultores de Santa Cruz, Enzo Landívar, explicó que, debido a los bloqueos, la producción de pollo disminuyó considerablemente.

“Normalmente la repoblación en las granjas es de 5,4 millones de pollitos y durante la época de bloqueos ha bajado a 3,1 millones a la semana ”, explicó.

En cuanto al precio, Landívar señaló que este podría restablecerse en aproximadamente seis semanas y no descartó que posteriormente se registre una sobreoferta.

“El precio va a estar variable un poco más de semanas, ya que en los bloqueos las empresas incubadoras no tenían pollitos para proveer a las granjas debido a la incertidumbre. (...) Una vez pasemos unas seis semanas, se va a restablecer y se va a ofrecer el producto más de lo normal”, precisó.

MIRA AQUÍ: Sin solución: El eje central amanece con largas filas de vehículos en un nuevo inicio de semana

Este lunes, el precio del kilo de pollo se situaba en Bs 28 en los principales mercados de La Paz, mientras que en Santa Cruz llegó a costar Bs 26.

“Ahora está a 26 bolivianos, ha bajado. Estaba a 29 y hasta 30 bolivianos”, señaló un comerciante.

“No hay venta, la población no está llevando, está caro el producto”, agregó otro comerciante de un mercado de Santa Cruz.

Entretanto, en el mercado Calatayud de Cochabamba el precio del kilo de pollo se vende a Bs 25.50 con menudencias y 26.50 sin menudencia.",https://unitel.bo/noticias/economia/asociacion-de-avicultores-de-santa-cruz-considera-que-precio-del-pollo-se-reestablecera-en-unas-seis-semanas-FD22747543
Unitel,2026-08-10,Seguridad,Denuncian a 153 exautoridades por el caso hotel Las Américas: Exministros de Evo y exfiscales están entre los demandados,"Dos de las personas que fueron procesadas durante el Gobierno de Evo Morales por el caso Hotel Las Américas presentaron una denuncia formal en la Fiscalía contra 153 personas, entre las que destacan, exministros de Evo Morales y exfiscales, entre otros. El denunciante, David Sejas, señaló que el Estado no cumplió las recomendaciones de la Comisión Interamericana de Derechos Humanos difundidas el 2022.

“Son 150 autoridades, están ministros, policías, exfiscales de la nación. Todos los que estuvieron y ejecutaron el caso Las Américas”, señaló David Sejas, en contacto con UNITEL.

MIRA AQUÍ: ¿Por qué estaba libre el hombre acusado de asesinar al teniente Salazar si tenía antecedentes delictivos? Esto dice la Policía

La lista de los acusados es amplia. Entre los nombres que se destacan está el exvicepresidente David Choquehuanca, Raúl García Lineras, hermano del expresidente Álvaro García Lineras. También se encuentra los exfiscales del Estado, Juan Lanchipa y Ramiro Guerrero, los exministros Juan Ramón Quintana, Carlos Romero, Betty Yañíquez quien fue exjuez, exfiscal de La Paz, y exdiputada del MAS, entre otras personas.

El documento presentado a la Fiscalía de Santa Cruz establece que la denuncia contra estas personas es por asesinato, tentativa de homicidio, vejaciones y torturas, privación de libertad, lesiones gravísimas, graves y leves, resoluciones contrarias a la ley, amenazas y otros.

Sejas agrega que en el gobierno de Luis Arce la Contraloría no atendió las recomendaciones de la CIDH y considera que en el gobierno de Rodrigo Paz, no existe interés de lograr un acuerdo.

MIRA AQUÍ: Caso Hotel Las Américas: El plazo para el resarcimiento a las víctimas fenece este viernes, dice una de las víctimas

Cabe recordar que en 2022 la CIDH concluyó que el Estado boliviano es responsable de violación de los derechos a la vida, integridad personal, libertad personal, garantías judiciales y protección judicial de Mario Tadic y otros afectados en el caso Hotel Las Américas.

La CIDH emitió cuatro recomendaciones que debía cumplir el Estado boliviano que consisten en: la reparación integral con compensación económica a los afectados; rehabilitación física y mental con consentimiento para los demandantes; proceso penal a los que violentaron los derechos de los demandantes; y finalmente, adoptar medidas para que no se repitan este tipo de situaciones.

CASO HOTEL LAS AMÉRICAS

La madrugada del 16 de abril de 2009, un grupo de élite de la Policía Boliviana, ingresó a las instalaciones del Hotel Las Américas en la ciudad de Santa Cruz, realizó detonaciones en el cuarto piso e irrumpió en las habitaciones disparando sus armas de fuego. Como consecuencia de dicho operativo Michael Dwyer y otras dos personas murieron y Elöd Tóásó y Mario Tadic fueron detenidos.

Durante la investigación otros civiles como David Sejas y Juan Carlos Guedes fueron involucrados en el proceso, motivo por el que estuvieron detenidos.",https://unitel.bo/noticias/seguridad/denuncian-a-153-exautoridades-por-el-caso-hotel-las-americas-exministros-de-evo-y-exfiscales-estan-entre-los-demandados-BD22747611
Unitel,2026-08-10,Mundo,"Al menos 132 muertos y 570 heridos deja el terremoto de magnitud 7,4 en Colombia","Al menos 132 personas murieron y más de 570 resultaron heridas en Colombia por el terremoto de magnitud 7,4 que sacudió este lunes el país, según un balance parcial de la Asociación Colombiana de Ciudades Capitales (Asocapitales),

Pereira, capital del departamento de Risaralda, que limita con San José del Palmar (Chocó), epicentro del terremoto, que se produjo a las 07:34 hora local (12:34 GMT) concentra la mayor cantidad de víctimas mortales, con 60 fallecidos, según la información.

MIRA AQUÍ: EEUU anuncia $us 15,5 millones de ayuda a Colombia tras potente terremoto

La cifra aportada por esa institución solo recoge el desglose de las capitales del país, por lo que el balance no incluye las cifras de muertos y heridos en pueblos y localidades aledañas, que también sufrieron colapsos de edificios y daños en su infraestructura hospitalaria, aeropuertos, servicios públicos y sistemas de transporte.

Pereira, Cali, Quibdó, Manizales y Armenia son las principales ciudades que permanecen en alerta roja por la magnitud de los daños, y en total cuentan al menos 86 edificios colapsados y seis aeropuertos con operaciones suspendidas.

En Pereira, además de los 60 fallecidos, hay 16 personas atrapadas en el Megacable (teleférico público), dos edificios colapsados y 15 puntos críticos en los que continúan las labores de rescate, mientras que el aeropuerto internacional Matecaña permanece cerrado por daños en su cubierta.

MIRA AQUÍ: Terremoto en Colombia deja al menos 111 muertos y Gobierno declara “situación de emergencia”

El terremoto, de magnitud 7,4 según el Servicio Geológico Colombiano (SGC), se sintió a las 07:34 hora local (12:34 GMT) y tuvo su epicentro en el municipio de San José del Palmar, en el Chocó, a una profundidad de 103 kilómetros, y provocó daños en buena parte del centro y occidente del país.",https://unitel.bo/noticias/mundo/al-menos-132-muertos-y-570-heridos-deja-el-terremoto-de-magnitud-74-en-colombia-HD22747990
Unitel,2026-08-10,Política,Diputado de Unidad: “Debe existir una verdadera intervención a YPFB”,"El diputado de la alianza Unidad, Carlos Alarcón, cuestionó este lunes la forma en que se realiza la intervención de Yacimientos Petrolíferos Fiscales Bolivianos (YPFB) , luego de que se identificaran irregularidades en la estatal petrolera. Las denuncias están relacionadas con la compra de crudo y cuestionamientos sobre la calidad de la gasolina.

“Tiene que haber una verdadera intervención, no como un chiste de intervención. No sabemos ni siquiera quién es el interventor y qué están haciendo por debajo de Daroca. No pues, ese es un chiste de intervención”, cuestionó el legislador.

MIRA AQUÍ: Cámara de Industria: “La Ley de Inversiones debe tener seguridad jurídica y arbitraje internacional”

Alarcón sostuvo que este trabajo debió ejecutarse desde el inicio de la gestión del presidente Rodrigo Paz , cuando comenzó la administración de las instituciones y empresas públicas.

“Si de nosotros dependiera intervenir (YPFB), ya lo hubiéramos intervenido y una intervención en serio. El presidente no hace nada, en lugar de hacer una verdadera intervención desde el primer día de gobierno”, sostuvo.

Alarcón pertenece a la comisión especial que investigó el caso de la denominada ‘’gasolina basura’ y que la misma atribuyó al exministro de Hidrocarburos, Mauricio Medinaceli, haber dispuesto la distribución de combustible sin el respectivo control de calidad durante la actual gestión de Gobierno.

Según el reporte, las irregularidades corresponden al periodo comprendido entre octubre de 2025 y enero de 2026 , es decir, el periodo investigado comprende dos gestiones de Gobierno y las administraciones de YPFB encabezadas por Armin Dorgathen y Yussef Akly.

Además, el ministro de Hidrocarburos, Marcelo Blanco, anunció la anterior semana la intervención de YPFB, tras recibir denuncias de presuntos cobros indebidos e irregularidades en la cadena de comercialización de combustibles.

MIRA AQUÍ: Aprehenden a exdirectora jurídica de YPFB por el caso gasolina desestabilizada",https://unitel.bo/noticias/politica/diputado-de-unidad-debe-existir-una-verdadera-intervencion-a-ypfb-LD22747815
Unitel,2026-08-10,Seguridad,Cívicos piden un plan estructural de seguridad ante la ola de violencia en Santa Cruz,"El presidente del Comité Cívico pro Santa Cruz, Stello Cochamanidis, se pronunció respecto a los últimos hechos de violencia registrados en el departamento cruceño y pidió un plan estructural de seguridad.

“Hemos visto todos los problemas que se han dado en el Ministerio de Gobierno , en la Policía, y lo que se tiene que hacer es un plan estructural de todo esto. No hay respuesta, vemos lo que pasa; sin embargo, soluciones reales en el tema de seguridad no hay”, manifestó el cívico cruceño.

Señaló que se debe actuar con ayuda y en coordinación con las fuerzas policiales de los países limítrofes, remarcando que estos acuerdos sean lo más transparentes posibles.

MIRA AQUÍ: Denuncian a 153 exautoridades por el caso hotel Las Américas: Exministros de Evo y exfiscales están entre los demandados

“Necesitamos celeridad, tanto de la Policía como en la Fiscalía, en algunos casos , que sean necesarios y se pueda actuar de manera inmediata”, indicó.

Agregó que es importante la coordinación con Brasil, ya que recorren más de 3.000 kilómetros de frontera con Bolivia.

“Necesitamos saber que si salimos de nuestras casas, vamos a volver sanos y salvos, y no vamos a ser víctimas de estos delincuentes, que entre ellos se están ajustando las cuentas”, concluyó.

MIRA AQUÍ: ¿Quién es Daniela Durán, la exdirectora jurídica de YPFB?",https://unitel.bo/noticias/seguridad/civicos-piden-un-plan-estructural-de-seguridad-ante-la-ola-de-violencia-en-santa-cruz-ID22748033
Unitel,2026-08-10,Mundo,¿Tiene relación el terremoto de Colombia con los sismos en Venezuela? Esto responden los expertos,"El terremoto de magnitud 7,4 que sacudió este lunes buena parte de Colombia tiene un origen tectónico distinto al de los sismos registrados recientemente en Venezuela, pese a que ambos alcanzaron magnitudes similares, explicó a la agencia EFE, Viviana Dionisio, sismóloga de la Red Sismológica Nacional de Colombia.

El movimiento telúrico tuvo como epicentro San José del Palmar, en el departamento del Chocó (oeste), e n límites con los departamentos de Risaralda y Valle del Cauca, a 103 kilómetros de profundidad, lo que lo convierte en un sismo de ""profundidad intermedia"" y explica, en parte, que sus efectos se hayan sentido en una amplia zona del país, donde causó al menos 132 muertos.

""Fue un sismo tectónico asociado principalmente a un mecanismo de subducción "", señaló Dionisio, quien explicó que Colombia está asentada sobre la placa Sudamericana, en el océano Atlántico.

MIRA AQUÍ: Al menos 132 muertos y 570 heridos deja el terremoto de magnitud 7,4 en Colombia

El fenómeno de subducción ocurre cuando la placa de Nazca, en el océano Pacífico, se mete debajo de la placa Sudamericana, lo que provoca una acumulación de energía en el contacto entre ambas y puede ocasionar terremotos de gran magnitud, como los registrados históricamente en países situados en el denominado Cinturón de Fuego del Pacífico.

""Cuando una placa tectónica se está metiendo debajo de otra se dice que es un sismo de subducción. Entonces se producen, en general, en las costas"" , explicó la sismóloga, quien comparó el terremoto colombiano con grandes sismos ocurridos en Chile, Japón y Ecuador.

En cambio, los terremotos registrados en Venezuela, que dejaron más de 6.300 muertos, responden a otro mecanismo y no están directamente conectados con el ocurrido en Colombia, pese a que fueron de una magnitud similar, de 7,2 y 7,4.

Según Dionisio, el caso del país vecino fue consecuencia de una interacción entre la placa Caribe y la Sudamericana, mediante un movimiento lateral.

""Los sismos de Venezuela son sismos más superficiales y tienen que ver con otro mecanismo, que es un mecanismo de rumbo. Este es un sismo más profundo, que es un sismo de subducción"", enfatizó Dionisio.

El factor profundidad

La profundidad es uno de los elementos que permite entender por qué un terremoto de gran magnitud no provoca los mismos daños que otro de magnitud similar.

La experta explicó que, c uando un terremoto es superficial, las ondas sísmicas recorren una menor distancia antes de alcanzar la superficie y pueden llegar con mayor intensidad a las zonas próximas al epicentro. En los sismos profundos, en cambio, las ondas atraviesan una mayor cantidad de material y pierden energía durante su recorrido.

Sin embargo, la especialista advirtió que la profundidad no determina por sí sola la magnitud de los daños , pues estos también dependen de la vulnerabilidad de las edificaciones y de las condiciones del terreno.

MIRA AQUÍ: EEUU anuncia $us 15,5 millones de ayuda a Colombia tras potente terremoto

Además detalló que Colombia es un país con una amenaza sísmica importante debido a la interacción de varias placas tectónicas y a la existencia de numerosas fallas asociadas principalmente a las cordilleras de los Andes y al Pacífico.

Por ello, la experta apuntó que no resulta inusual que un terremoto de estas características tenga su epicentro en el Chocó, situado en la región del Pacífico, debido a la dinámica tectónica del oeste colombiano y a la interacción entre las placas de Nazca y Sudamericana.

El Servicio Geológico Colombiano informó que se han registrado 33 réplicas del terremoto de este lunes, la más fuerte de magnitud 4,8.

""Un sismo de estas magnitudes genera un cierto número de réplicas que en general van disminuyendo en frecuencia y en magnitud los siguientes días o semanas"", puntualizó Dionisio.

El sismólogo y profesor del Departamento de Geociencias de la Universidad de los Andes , Rodrigo León, precisó que los terremotos no pueden predecirse y que tampoco es posible anticipar cuándo ocurrirá una réplica o descartar por completo la posibilidad de nuevos movimientos de mayor magnitud.

""Aunque hemos estado viendo que los daños son bastante extensos (...) considerando la magnitud"" pudieron haber sido peores, añadió el sismólogo.",https://unitel.bo/noticias/mundo/tiene-relacion-el-terremoto-de-colombia-con-los-sismos-en-venezuela-esto-responden-los-expertos-LD22747491
Unitel,2026-08-10,Política,Ley de inversiones: Presidente de Diputados dice que buscarán consensos; en Libre denuncian transfugio,"En medio de las denuncias de transfugio político que realizó Libre este lunes por la mañana, el presidente de la Cámara de Diputados, Roberto Castro, señaló que se buscará consensos para aprobar las leyes que anunció el Gobierno.

Existe expectativa por lo que ocurrirá este martes, pues el presidente Rodrigo Paz anunció que enviará a la Asamblea Legislativa Plurinacional (ALP), el proyecto de Ley de Inversiones, será la primera norma que el Ejecutivo enviará para su tratamiento.

MIRA AQUÍ: Diputado de Unidad: “Debe existir una verdadera intervención a YPFB”

“Estamos a la espera de que ingrese este proyecto de ley y a partir de ello empezarán las comisiones a trabajar y los comités”, manifestó Castro en contacto con UNITEL.

Cabe recordar que el 27 de junio Samuel Doria Medina anunció que daba por concluida la alianza con el gobierno de Rodrigo Paz. En ese marco se consultó a Rojas cómo se planeaba lograr gobernabilidad en el legislativo para promover las leyes del Ejecutivo.

“Bueno, como siempre hemos estado entrando en consensos, eso no creo que vaya a variar en absoluto, tal vez alguna especie de cambio, pero después la gobernabilidad respecto a los consensos está dada en ese sentido”, manifestó Rojas, quien no espera sorpresas a la hora de tratar los proyectos de ley del Gobierno.

Este mismo lunes por la mañana, la jefa de bancada de Libre, Tomasa Yarhui, cuestionó las declaraciones de Rodrigo Paz el 6 de agosto, cuando señaló que iba a buscar alianzas con instituciones, no con políticos.

“Yo pienso que está equivocado”, señaló Yarhui y agregó que algunos senadores y diputados están “trabajando por debajo con el oficialismo”, sin respetar la estructura y el trabajo coordinado de las bancadas.

MIRA AQUÍ: “El presidente está fomentando al transfugio y quiebre democrático de bancadas”, señala senadora de Libre

“El presidente Rodrigo está fomentando a que pueda haber transfugio y al quiebre democrático de estas bancadas constituidas en la ALP, repudiamos este hecho y esperemos que reconduzca su forma de trabajar en la ALP”, dijo Yarhui.

Sobre este tema, el presidente de Diputados señaló que el transfugio está penado y cuando se demuestra , el diputado o asambleísta pierde su curul.",https://unitel.bo/noticias/politica/ley-de-inversiones-presidente-de-diputados-dice-que-buscaran-consensos-en-libre-denuncian-transfugio-AD22748976
Noticias Violeta,2026-08-10,Local,"Solo el 40% del transporte trabaja: advierten con declararse en «quiebra nacional» si el Gobierno no atiende la crisis del combustibleTransportistas denuncian pérdidas económicas, robos y falta de soluciones concretas ante la persistente escasez de diésel en Santa Cruz y Cochabamba.","Sucre, 10 de agosto (ANV).- Las largas filas para cargar diésel continúan afectando a transportistas y conductores en Cochabamba y Santa Cruz, donde decenas de vehículos permanecen durante días en las calles a la espera de combustible. En Cochabamba, choferes señalaron que la espera les genera gastos adicionales de entre Bs 70 y Bs 100 en viáticos y denunciaron robos de autopartes mientras permanecen estacionados. “Desde anoche estoy esperando; esto perjudica a todos porque tenemos que estar esperando días para cargar”, relató uno de los conductores.

Aunque durante el fin de semana se registró una leve reducción en la extensión de las filas, en Cochabamba todavía se extienden por varias cuadras y dificultan la circulación vehicular. Desde YPFB atribuyeron la situación a dificultades logísticas y a una sobredemanda estructural de diésel, mientras aseguran que existen volúmenes suficientes para recuperar gradualmente la distribución.

En Santa Cruz, Mario Guerrero, presidente del transporte urbano, informó que por la falta de diésel solo el 40% de las unidades está trabajando, mientras el resto continúa haciendo filas en surtidores. Guerrero cuestionó al presidente Rodrigo Paz, a quien recordó que durante la campaña electoral prometió acabar con el problema del combustible.

«Que se deje de discurso y encuentre la solución, haga su trabajo», expresó el dirigente. Además, lamentó que durante el pasado feriado largo, muchos transportistas en lugar de descansar o trabajar tuvieron que esperar su turno en las filas.

El representante del transporte pesado, Domingo Ramos, dio un plazo de 15 días al Gobierno para atender las demandas del sector y advirtió que, de no recibir una respuesta, podrían asumir medidas de presión. “Si no nos escuchan, nos vamos a declarar en quiebra nacional”, lanzó el dirigente, al exigir una reunión con el presidente para buscar una solución al desabastecimiento que, según denunció, está golpeando severamente al sector.

A través de redes sociales, ciudadanos expresaron sus reclamos por las extensas filas registradas en distintos puntos del país. Entre los reclamos se escuchó: “Ya pues Rodrigo, si no es capaz renuncie, mire esas filas, mire los cisternas haciendo colas”, además de cuestionar “mucha incapacidad, ¿hasta cuándo vamos a aguantar?”.

La crisis del combustible se prolonga por más de dos meses, desde el levantamiento de los bloqueos, y mantiene en vilo a transportistas y sectores productivos que dependen del abastecimiento de diésel para operar. El sector espera que durante el plazo otorgado se concrete una reunión con las autoridades y se planteen medidas para garantizar el abastecimiento de carburantes.

Agencia de Noticias Violeta | Celular 72441200",https://noticiasvioleta.com/solo-el-40-del-transporte-trabaja-advierten-con-declararse-en-quiebra-nacional-si-el-gobierno-no-atiende-la-crisis-del-combustible/
Noticias Violeta,2026-08-10,Local,Todo lo que se sabe sobre el ataque de perros que terminó con la vida de un joven en Sucre|| Fiscalía investiga las circunstancias del ingreso al domicilio y la propiedad de los canes.,"Sucre, 10 de agosto (ANV).- Un hombre de entre 25 y 27 años falleció en el Hospital Santa Bárbara de Sucre, después de sufrir múltiples mordeduras de perros al interior de un domicilio deshabitado ubicado en la zona de Mesa Verde, en el Distrito 2 de la capital. El fiscal departamental de Chuquisaca, Mauricio Nava Morales, confirmó la apertura de una investigación penal de oficio por el delito de lesiones gravísimas ocasionadas por animales, tras el deceso de la víctima.

El hecho ocurrió la noche del sábado, cerca de las 20.00. Según el informe preliminar de la Fiscalía, el joven habría ingresado al inmueble tras presuntamente escalar un muro perimetral bajo, siendo sorprendido por cinco perros mestizos que se encontraban en el interior. Los propietarios de la vivienda, según la versión recogida por las autoridades, se encontraban de viaje al momento del ataque.

El personal de Bomberos acudió al lugar tras la alerta de los vecinos y encontró al joven inconsciente, sin vestimenta y con múltiples heridas provocadas por mordeduras de canes. Las lesiones se encontraban principalmente en el cuello, ambos brazos y los muslos de ambas piernas. El paciente presentaba aliento alcohólico y fue trasladado al Hospital Santa Bárbara en estado crítico.

El médico de emergencias del hospital, Freddy Carvajal, informó que el paciente ingresó en mal estado general, con mala mecánica ventilatoria, por lo que fue intubado de inmediato. Durante la atención, el joven sufrió tres paros cardiorrespiratorios. Pese a las maniobras de reanimación, falleció la noche del sábado debido a la gravedad de las lesiones.

La autopsia médico-legal realizada por el Instituto de Investigaciones Forenses (IDIF) determinó que la causa de la muerte fue asfixia por estrangulamiento y multifractura en tiroides por mordedura de animales, según detalló el fiscal Nava Morales. El informe forense también confirmó que la víctima presentaba politraumatismo y lesión de la vía aérea.

El Ministerio Público continúa con la investigación para esclarecer las circunstancias del ingreso del joven al inmueble y determinar responsabilidades. La víctima aún no fue identificada oficialmente, mientras la Policía y la Fiscalía trabajan en el caso. Durante el feriado largo del 5 al 9 de agosto, la Fiscalía de Chuquisaca atendió un total de 60 casos en el departamento, de los cuales 55 correspondieron a la capital y 5 a provincias.

Agencia de Noticias Violeta | Celular 72441200",https://noticiasvioleta.com/todo-lo-que-se-sabe-sobre-el-ataque-de-perros-que-termino-con-la-vida-de-un-joven-en-sucre/
Noticias Violeta,2026-08-10,Local,"Provincia de Yamparáez se unifica para defender el nombre del «Aeropuerto Internacional de Alcantarí»|| La propuesta impulsada por legisladores de Chuquisaca y Santa Cruz propone cambiar el nombre a ""Aeropuerto Manuél Marzana"". Desde Yamparáez piden honrar al militar con otras obras en ejecución.","Sucre, 10 de agosto (ANV).- El alcalde del municipio de Yamparáez, Grover Yucra, junto a concejales y autoridades orgánicas de la región, manifestó el rechazo de su jurisdicción ante cualquier propuesta para modificar el nombre del Aeropuerto Internacional de Alcantarí, argumentando la existencia de un marco legal que lo respalda y denunciando que no han sido convocados formalmente por los promotores de la iniciativa.

Para formalizar esta postura, las autoridades municipales presentaron ante la brigada parlamentaria la resolución número 012/2026, con la cual la provincia busca que prevalezca la denominación actual del aeródromo.

Yucra detalló que la vigencia del nombre actual se apoya en «la ley, la 2789, y un decreto supremo que es la 0873». Asimismo, el alcalde aclaró que la intención del municipio no es menospreciar a ningún héroe patrio, sino que se pueden honrar sus memorias en otras obras concluidas o por realizarse, dado que el nombre del aeropuerto ya se encuentra consolidado en la población.

Alcalde del municipio de Yamparaez Grover Yucra

Por otra parte, la autoridad edilicia expresó su molestia al enterarse de que se realizan reuniones en la ciudad para tratar esta modificación sin que el gobierno municipal o sus representantes orgánicos hayan recibido una invitación formal para participar.

Al respecto, Yucra puntualizó que «no estamos (…) buscando enfrentamiento con nadie», pero ratificó la firmeza de su posición frente a la opinión pública y los medios de comunicación.

Agencia de Noticias Violeta | Celular 72441200",https://noticiasvioleta.com/provincia-de-yamparaez-se-unifica-para-defender-el-nombre-del-aeropuerto-internacional-de-alcantari/
Noticias Violeta,2026-08-10,Local,Trabajadores de Salud de Chuquisaca y la COD exigen diálogo urgente a la Gobernación ante denuncias de despidos|| Los representantes sindicales entregaron una nota formal en el despacho de la Gobernación otorgando un plazo no mayor a 72 horas para concretar una reunión directa,"Sucre, 10 de agosto (ANV).- La Central Obrera Departamental (COD) de Chuquisaca, liderada por su ejecutivo Marcelo Torres, junto a la Federación de Trabajadores en Salud Pública, representada por el dirigente Alberto Espinosa, han solicitado formalmente una audiencia urgente al gobernador del departamento, Luis Edson Ayllón Salguero, para abordar denuncias de despidos injustificados, maltrato laboral y deficiencias en la infraestructura y equipamiento de los hospitales.

Los representantes sindicales entregaron una nota formal en el despacho de la Gobernación otorgando un plazo no mayor a 72 horas para concretar una reunión directa, advirtiendo que se encuentran en estado de alerta y que, de agotarse la vía del diálogo, iniciarán movilizaciones y medidas de presión.

De acuerdo con las declaraciones de Alberto Espinosa, la situación en el sector salud es crítica debido a la falta de soluciones por parte del Servicio Departamental de Salud (SEDES). El dirigente cuestionó el rol de la dirección de dicha entidad y apeló al cumplimiento de la Constitución Política del Estado en su artículo 46, el cual establece la protección al trabajador.

Espinosa detalló que actualmente existe una trabajadora despedida del Instituto Chuquisaqueño de Oncología que forma parte de la carrera administrativa bajo el Decreto Supremo 28909, y denunció que se han realizado traslados de personal desde el SEDES hacia hospitales de tercer nivel sin cumplir con la normativa vigente.

Asimismo, señaló que el recorte de recursos del Impuesto Directo a los Hidrocarburos (IDH) ha afectado gravemente al departamento, repercutiendo en el personal, la infraestructura y el equipamiento hospitalario.

Por su parte, Marcelo Torres explicó que la COD intervino a solicitud de las bases trabajadoras debido a que las reuniones previas entre la Federación de Salud, el SEDES y el área de recursos humanos no llegaron a acuerdos concretos y sufrieron constantes incumplimientos.

Torres dio lectura al documento presentado a la Gobernación, en el cual se denuncia formalmente la «grave problemática que viene atravesando el Servicio Departamental de Salud SEDES, consistente en despidos injustificados de trabajadores y trabajadoras, maltrato laboral, persecución sindical y hostigamiento».

El ejecutivo enfatizó que la clase obrera chuquisaqueña se mantendrá vigilante y que, si no se atienden sus demandas en el plazo establecido, «se procederá conforme las medidas de presión sindical que en derecho corresponda».

Agencia de Noticias Violeta | Celular 72441200",https://noticiasvioleta.com/trabajadores-de-salud-de-chuquisaca-y-la-cod-exigen-dialogo-urgente-a-la-gobernacion-ante-denuncias-de-despidos/
Noticias Violeta,2026-08-10,Local,Categoría:Local,"Sucre, 10 de agosto (ANV).- La Central Obrera Departamental (COD) de Chuquisaca, liderada por su ejecutivo Marcelo Torres, junto a la Federación de Trabajadores en Salud Pública, representada por el dirigente Alberto Espinosa, han solicitado formalmente una audiencia urgente al gobernador del departamento, Luis Edson Ayllón Salguero, para abordar denuncias de despidos injustificados, maltrato laboral y deficiencias en la infraestructura y equipamiento de los hospitales. Los representantes sindicales entregaron una nota formal en el despacho de la Gobernación otorgando un plazo no mayor a 72 horas para concretar una reunión…

Sucre, 10 de agosto (ANV).- El alcalde del municipio de Yamparáez, Grover Yucra, junto a concejales y autoridades orgánicas de la región, manifestó el rechazo de su jurisdicción ante cualquier propuesta para modificar el nombre del Aeropuerto Internacional de Alcantarí, argumentando la existencia de un marco legal que lo respalda y denunciando que no han sido convocados formalmente por los promotores de la iniciativa. Para formalizar esta postura, las autoridades municipales presentaron ante la brigada parlamentaria la resolución número 012/2026, con la cual la provincia busca que prevalezca la denominación…

Sucre, 10 de agosto (ANV).- Un hombre de entre 25 y 27 años falleció en el Hospital Santa Bárbara de Sucre, después de sufrir múltiples mordeduras de perros al interior de un domicilio deshabitado ubicado en la zona de Mesa Verde, en el Distrito 2 de la capital. El fiscal departamental de Chuquisaca, Mauricio Nava Morales, confirmó la apertura de una investigación penal de oficio por el delito de lesiones gravísimas ocasionadas por animales, tras el deceso de la víctima. El hecho ocurrió la noche del sábado, cerca de las…

Sucre, 10 de agosto (ANV).- Las largas filas para cargar diésel continúan afectando a transportistas y conductores en Cochabamba y Santa Cruz, donde decenas de vehículos permanecen durante días en las calles a la espera de combustible. En Cochabamba, choferes señalaron que la espera les genera gastos adicionales de entre Bs 70 y Bs 100 en viáticos y denunciaron robos de autopartes mientras permanecen estacionados. “Desde anoche estoy esperando; esto perjudica a todos porque tenemos que estar esperando días para cargar”, relató uno de los conductores. Aunque durante el fin…

Sucre, 4 de agosto (ANV).- El director de educación, José Manuel Arévalo, anunció la realización de una reunión con el ministro de Educación y los 27 directores distritales de Chuquisaca para coordinar la implementación de laboratorios de física y química, la entrega oficial de ítems administrativos y la consolidación de antenas Starlink para proveer de internet a unidades educativas rurales y periurbanas. Durante el encuentro, las autoridades abordarán la conectividad digital en el departamento. Arévalo detalló que se ha solicitado aplicar una modalidad piloto para los distritos 7 y 8…

Sucre, 3 de agosto (ANV).- La presidenta de la Cámara de Industria y Comercio (Cainco), Paola Alvarez, señaló la importancia de los créditos internacionales para estabilizar el tipo de cambio, al tiempo que instó a evaluar la situación de las empresas públicas deficitarias y advirtió sobre las responsabilidades administrativas que asumirán las regiones con el debate del pacto fiscal «50-50» previsto para el 5 de agosto. Alvarez explicó que los préstamos provenientes del Fondo Monetario Internacional y del Banco Mundial son recursos esperados para dar estabilidad cambiaria y equilibrar la…

Sucre, 3 de agosto (ANV).- La Casa de la Libertad ha suspendido temporalmente la atención al público con el fin de priorizar los trabajos logísticos y de adecuación del Salón de la Independencia para los homenajes del Día de la Patria, según informaron Pedro Debreczeny, responsable de museos de la institución, y Mario Linares Urioste, custodio del recinto histórico. Ambos funcionarios explicaron que las actividades cívicas y legislativas previas al acto central del 6 de agosto —donde sesionará la Asamblea Legislativa Plurinacional y el presidente del Estado emitirá su mensaje…

Sucre, 3 de agosto (ANV).- El director del Ballet Folclórico Municipal de Sucre, Andrés Ibañes, anunció el inicio de la novena Bienal Internacional de Danza Folclórica, un festival que congrega a delegaciones de Colombia y Argentina, y que arranca hoy con una gala de apertura en el Teatro Gran Mariscal a partir de las 19:30 horas, además de contemplar talleres formativos y actividades de acercamiento artístico en sectores vulnerables. La gala inaugural contará con un espectáculo de más de dos horas y media de puestas en escena de los países…

Sucre, 3 de agosto (ANV).- El gerente de la Cámara de Industria, Comercio y Servicios (CAINCO), Omar Orellana, manifestó su preocupación ante el inminente agotamiento de las reservas de gas en Bolivia y la necesidad de comenzar a importar carburantes a precios internacionales a partir de diciembre, una situación que afectará tanto a las familias como al sector industrial. Asimismo, el representante gremial señaló que la inestabilidad cambiaria del dólar persistirá mientras el gobierno no logre financiamiento externo de organismos internacionales para fortalecer las reservas internacionales del país. Respecto a…

Sucre, 3 de agosto (ANV).- El Circuito Oscar Crespo, desarrollado durante el fin de semana en la ciudad de Sucre, dejó un saldo de siete personas heridas, producto de cuatro accidentes registrados en diferentes puntos del recorrido. El responsable del Centro Coordinador de Emergencias, Jorge Siles, informó que el día domingo fue el más complicado, con dos accidentes que dejaron cinco lesionados, mientras que el sábado se registraron dos hechos con dos heridos, entre ellos un menor de 16 años con politraumatismo y contusión de hombro. El paciente más grave…

Agencia de Noticias Violeta | Celular 72441200",https://noticiasvioleta.com/categor%C3%ADas/local/
Radio Panamericana,2026-08-10,nacional,"Diputado Reyes acusa a Evo Morales de sembrar ""discordia"" en la Policía y exige ampliar el estado de excepción hasta su captura","La Paz, 10 de agosto de 2026 (Panamericana).– Las recientes declaraciones del expresidente Evo Morales, quien aseguró que relevaría inmediatamente al Comandante General de la Policía si este se negara a ejecutar una orden de aprehensión, han provocado duras respuestas desde la Asamblea Legislativa.

Para el diputado Alejandro Reyes, estas expresiones no son aisladas, sino parte de una ""estrategia profunda y grave"" orquestada por el exmandatario para fracturar la relación entre la Policía Boliviana y el gobierno del presidente Rodrigo Paz.

""Siembra de discordia"" y purga en la Policía

En comunicación con Panamericana, el legislador analizó la reciente filtración de audios y declaraciones cruzadas entre el ministro de Gobierno y el comandante de la Policía, Gerard Mirko Sokol, sobre la prioridad de la captura de Morales, quien es investigado por delitos de trata y tráfico, contando con una orden de aprehensión desde la Fiscalía cruceña.

Según Reyes, Morales busca mostrarse por encima de la ley y generar altercados internos en la cúpula de seguridad. ""Lo que está buscando es desestabilizar al país a través de la violencia, y para ello necesita que las fuerzas del orden no estén contentas con el gobierno"", aseguró.

Para frenar esta presunta injerencia, el diputado planteó una medida drástica de ""reinstitucionalización"": exigir el pase al retiro de al menos cuatro generaciones de oficiales. ""El señor Sokol [...] tendrá que librarse de varias tandas de generaciones que hoy están peleando por llegar al Comando General [...] que están contaminadas con el evismo, con el masismo"", denunció, apuntando a la influencia remanente del exministro Eduardo del Castillo y del excomandante Aguilera en la destrucción institucional de la fuerza pública.

San Julián y la ampliación del estado de excepción

El diputado también se refirió a la marcha campesina registrada en San Julián, la cual vulneró abiertamente el estado de excepción vigente. Contrario a posturas más conciliadoras, Reyes adoptó una línea dura, exigiendo sanciones penales. ""La Policía [...] debe resguardar la libertad de tránsito, y por eso estas personas tendrán que ser identificadas y aprehendidas justamente con una sanción por haber quebrantado el estado de excepción"", sentenció.

Finalmente, advirtió sobre las amenazas de sectores radicales de reactivar los bloqueos y buscar el derrocamiento del Gobierno en octubre, una vez concluyan las restricciones constitucionales. Ante este riesgo, Reyes lanzó una propuesta directa: ampliar la medida de excepción de manera indefinida hasta neutralizar al expresidente.

""Es fundamental que el Gobierno logre la aprehensión de Evo Morales dentro del estado de excepción, y si no es así, se tiene que prolongar el estado de excepción hasta la detención de Evo Morales, porque [él] hoy es el cáncer que está destruyendo el país"", concluyó el legislador, sugiriendo que la iniciativa para extender la medida podría nacer desde el propio Parlamento.",https://www.panamericana.bo/articulo/nacional/diputado-reyes-acusa-evo-morales-sembrar-discordia-policia-exige-ampliar-estado-excepcion-captura/20260810173332016612.html
Radio Panamericana,2026-08-10,politica,"Vicepresidente Edman Lara cuestiona cifras de inflación del ministro de Economía y advierte: ""La economía no es un Excel""","La Paz, 10 de agosto de 2026 (Panamericana).– La segunda autoridad del país, el vicepresidente del Estado Edman Lara Montaño, cuestionó de forma abierta y severa los datos económicos presentados por el ministro de Economía y Finanzas Públicas, José Gabriel Espinosa, respecto a la desaceleración de la inflación en el país.

Lara rechazó el optimismo gubernamental y exigió a las autoridades del área económica contrastar los porcentajes técnicos con el encarecimiento diario que enfrentan las familias bolivianas.

Discrepancia en las cifras frente a los mercados

El vicepresidente hizo referencia directa al informe del ministro Espinosa, el cual señalaba que la inflación de julio disminuyó al 4,9%, alejándose del pico del 21% registrado previamente debido a la ""responsabilidad fiscal"". Al respecto, Lara fue tajante: ""Respeto sus cifras, pero yo vivo en el mismo país que ustedes también viven"".

La autoridad detalló el incremento real de precios en los principales centros de abasto:

El kilo de pollo se comercializa actualmente entre 27 y 29 bolivianos, en comparación con su costo anterior de entre 17 y 20 bolivianos.

Productos esenciales de la canasta familiar como el quintal de harina, el aceite y la manteca registran alzas constantes.

El desabastecimiento de Gas Licuado de Petróleo (GLP) golpea a los barrios de las ciudades del eje central (La Paz, Cochabamba y Santa Cruz), donde las garrafas llegan de manera irregular.

""¿De qué nos sirve celebrar que la inflación bajó si los precios de los alimentos han subido?"", cuestionó la autoridad, descartando que el fenómeno responda a una sobredemanda estacional por feriados o a una ""coherencia monetaria"", sino al desabastecimiento logístico estructural.

Sin diésel no hay comida

El núcleo de la crítica del vicepresidente apuntó a la persistente crisis de hidrocarburos como la causa principal del encarecimiento productivo. Lara describió las extensas filas de transportistas que esperan hasta dos días para cargar combustible en puntos estratégicos como el quinto anillo de la ciudad de Santa Cruz y la avenida 6 de Marzo en El Alto.

""Es que no hay diésel, Ministro, y sin diésel no hay comida"", aseveró de forma contundente, atribuyendo la situación al ""fruto del abandono y de la mala gestión"" del Ministerio de Economía.

Finalmente, Lara cuestionó que se intente defender la gestión de la crisis desde la comodidad institucional. ""Es muy fácil hablar de tendencias desde una oficina con aire acondicionado. La economía no es pues un Excel. La economía es la olla, es el surtidor, es el pasaje, es el plato de comida y hoy esa olla está más cara"", sentenció, asegurando que mantendrá una postura firme y crítica para ""decir la verdad"" sobre la situación del pueblo boliviano.",https://www.panamericana.bo/articulo/politica/vicepresidente-edmand-lara-cuestiona-cifras-inflacion-ministro-economia-advierte-economia-es-excel/20260810172429016611.html
Radio Panamericana,2026-08-10,economia,Legisladores gestionan millonario financiamiento de 21 mil millones de dólares con Emiratos Árabes y el banco HSBC,"La Paz, 10 de agosto de 2026 (Panamericana).– En un esfuerzo por inyectar liquidez a la economía nacional, un bloque de legisladores ha iniciado gestiones internacionales para asegurar un financiamiento histórico. El diputado Mario Reynoso informó a Panamericana que, junto a los nueve presidentes de las brigadas parlamentarias, se han entablado negociaciones con los Emiratos Árabes Unidos y la corporación financiera HSBC para obtener 21.000 millones de dólares.

Un modelo sin generación de deuda

De acuerdo con la explicación del legislador, el acercamiento se realiza a través de Gregory Hustings, alto ejecutivo de la corporación y representante asociado a los Emiratos Árabes. El mecanismo financiero propuesto se enmarca en la Ley 1705 (anteriormente Ley 1613), la cual permite al Estado emitir bonos soberanos.

Reynoso destacó que esta operación ""no va a generar ninguna deuda ni intereses al país"". Por el contrario, el acuerdo establece que Bolivia recibiría un 20% de las ganancias generadas por la corporación financiera, lo que se traduciría en un ingreso estimado de 420 millones de bolivianos mensuales durante los próximos cuatro a cinco años.

Destino de los recursos: Más de 200 proyectos

La principal motivación detrás de estas gestiones es la actual crisis de liquidez. Reynoso argumentó que, ante la reducción de regalías y la escasez de combustibles, entidades como la Unidad de Proyectos Especiales (UPRE), alcaldías y gobernaciones se encuentran paralizadas sin presupuesto para arrancar obras.

Para revertir esta situación, los legisladores han elaborado y enviado una lista con más de 200 proyectos de infraestructura a nivel nacional.

Los fondos se destinarían prioritariamente a los sectores de educación y salud.

Se contempla la construcción de carreteras para mejorar la integración vial.

Se ejecutarán obras enfocadas en sistemas de riego y provisión de agua.

Viaje a Dubái y coordinación con el Ejecutivo

El diputado fue enfático al aclarar que, si bien la iniciativa nace desde el Legislativo, se están respetando todos los conductos regulares, dejando la evaluación y aprobación final en manos del Ministerio de Economía y Finanzas Públicas. La propuesta formal fue enviada al ministro Gabriel Espinosa el pasado 14 de julio.

El avance de las negociaciones ha derivado en invitaciones oficiales recibidas el 22 de julio a través de la Cancillería boliviana. Estas invitaciones contemplan el traslado a Dubái del presidente del Estado, el ministro de Economía, los presidentes de las cámaras de Senadores y Diputados, además de los representantes de las brigadas.

Los inversores árabes han dispuesto un avión privado para recoger a la delegación boliviana el próximo 18 de agosto. En Dubái se procedería a la revisión y aprobación del borrador, para que posteriormente los ejecutivos de la corporación viajen a Bolivia a firmar el contrato definitivo y programar los desembolsos.

Reynoso concluyó instando al Gobierno a acelerar los trámites de visado y confirmar la lista de asistentes antes de este miércoles, fecha límite para coordinar la logística del vuelo internacional.",https://www.panamericana.bo/articulo/economia/legisladores-gestionan-millonario-financiamiento-21-mil-millones-dolares-emiratos-arabes-banco-hsbc/20260810171746016609.html
Radio Panamericana,2026-08-10,politica,"Analista advierte riesgo de ""populismo"" en pactos directos del Ejecutivo y califica el estado de excepción como ""letra muerta""","La Paz, 10 de agosto de 2026 (Panamericana).– La decisión del presidente Rodrigo Paz de buscar acuerdos directos con instituciones y sectores, dejando de lado a las representaciones políticas tradicionales, continúa sumando críticas. En contacto con Panamericana, el analista Manuel Mercado evaluó el actual escenario político y advirtió que esta estrategia gubernamental representa un riesgo para la democracia y la sostenibilidad del país a mediano plazo.

Mercado fue enfático al señalar que los consensos deben construirse a través de los canales institucionales establecidos, lo que incluye a los partidos políticos, las bancadas legislativas y las autoridades subnacionales electas.

El riesgo de la desinstitucionalización

Para el analista, intentar acuerdos persona a persona, saltándose a las fuerzas políticas, agudiza la crisis de representatividad. Explicó que si la población votó por líderes como Jorge Tuto Quiroga, Samuel Doria Medina, Manfred Reyes Villa o Andrónico Rodríguez, lo lógico es que esas agrupaciones sean consideradas en la toma de decisiones dentro de la Asamblea Legislativa, ya que representan una visión institucionalizada de una parte de la sociedad.

""Ese discurso de 'yo gobierno directamente con la población' no es saludable. Ahí estaríamos hablando netamente del populismo"", advirtió Mercado. Argumentó que los pactos directos con individuos coyunturales no son transparentes ni sostenibles en el tiempo, ya que la molestia social cambia día a día, mientras que las instituciones son las únicas capaces de comprometer un apoyo real y duradero a la gobernabilidad.

Asimismo, destacó que autoridades como alcaldes y gobernadores poseen una alta legitimidad por haber ganado contiendas electorales directas, por lo que el nivel central no puede caer en la tentación de prescindir de ellos en su esquema de trabajo.

El estado de excepción: ""Un saludo a la bandera""

En la segunda parte de su intervención, Mercado abordó la virtual ruptura del estado de excepción registrada en el municipio cruceño de San Julián, donde agricultores y vecinos marcharon en protesta por la escasez de diésel y el alza de precios.

Consultado sobre si esta vulneración a la norma debería derivar en sanciones y procesos penales, el analista desestimó esa posibilidad, afirmando que la medida dictada por el Gobierno se ha convertido en una ""letra muerta"".

Según su lectura, el Ejecutivo no se encuentra en condiciones de legitimidad para ejecutar medidas coercitivas o perseguir a trabajadores y vecinos que reclaman por necesidades básicas. ""Es más efectivo resolver los problemas que perseguir a la gente que protesta, eso es algo de sentido común. Entonces, creo que ese estado de excepción es simplemente un saludo a la bandera"", concluyó Mercado, instando a las autoridades a enfocar sus esfuerzos en solucionar la crisis de abastecimiento antes que en la represión.",https://www.panamericana.bo/articulo/politica/analista-advierte-riesgo-populismo-pactos-directos-ejecutivo-califica-estado-excepcion-como-letra-muerta/20260810171303016607.html
Radio Panamericana,2026-08-10,nacional,"Histórico paso en La Paz: Mi Teleférico y La Paz BUS ""Pumakatari"" consolidan su integración física en la Estación Verde de Irpavi","La Paz, 10 de agosto de 2026 (Panamericana).– En lo que ha sido catalogado como un hito para la movilidad urbana de la sede de gobierno, la empresa estatal de transporte Mi Teleférico y el servicio municipal de buses Pumakatari dieron inicio este lunes a su proceso de integración física. El encuentro logístico, esperado por más de una década por los usuarios paceños, se consolidó en la zona sur de la urbe.

El punto de conexión inicial es la Estación Verde de Mi Teleférico, ubicada en el barrio de Irpavi, infraestructura que adecuó su bahía vehicular existente para recibir de forma directa a dos nuevas rutas del bus municipal provenientes de los populosos barrios de Achumani y Chasquipampa.

Impacto directo en la Zona Sur

El gerente ejecutivo de Mi Teleférico, Christian Eduardo, destacó que este avance responde a los lineamientos de desburocratización y eficiencia emanados por el presidente del Estado, Rodrigo Paz Pereira, y el Ministro del área, Mauricio Zamora.

Según estimaciones de la empresa estatal, la ruta combinada de las líneas Amarilla, Verde, Celeste y Blanca moviliza diariamente entre 100.000 y 120.000 personas hacia la zona sur. Con la apertura de estos nuevos tramos integrados del Pumakatari, se calcula que aproximadamente 40.000 habitantes de Achumani, Chasquipampa y el sector de Cota Cota se beneficiarán de forma directa, optimizando sus tiempos de viaje.

La autoridad estatal remarcó que la relación formalizada llega después de 12 años en los que ambos sistemas operaron de manera aislada. ""La empresa estatal de transporte no quiere interferir en las políticas de los gobiernos municipales en temas de transporte, quiere ser parte de ellos o ser soluciones transversales"", enfatizó Eduardo.

La voluntad política como factor de cambio

Por su parte, el alcalde del Gobierno Autónomo Municipal de La Paz, César Dockweiler, expresó su satisfacción por el acuerdo alcanzado, ponderando la apertura del nivel central del Estado. Dockweiler, quien en el pasado ejerció justamente la gerencia de la empresa Mi Teleférico durante la construcción de la red de líneas actuales, recordó que las paradas de buses siempre estuvieron planificadas alrededor de las estaciones, pero que la concreción del proyecto se vio frenada por gestiones anteriores.

""¿Por qué no ha sido posible durante 12 años lograr una integración real? Se han hecho algunos acuerdos por ahí, se han firmado documentos (...) pero no se trata de firmar, se trata de operar"", cuestionó el burgomaestre paceño, atribuyendo el logro actual a una renovada ""voluntad política"" orientada al beneficio de la ciudadanía.

Hacia una tarifa y tarjeta única

Ambas autoridades coincidieron en que la conexión física en Irpavi es solo el primer paso de un plan multimodal más ambicioso. Los equipos técnicos de la Alcaldía y de la estatal de transporte ya se encuentran trabajando en la segunda fase: la integración del sistema de pago.

Aunque la modalidad final del pasaje no ha sido completamente definida debido a que restan resolver aspectos impositivos, administrativos y de conciliación financiera entre las dos instituciones, el objetivo a mediano plazo es permitir que los usuarios abonen ambos servicios mediante una plataforma tecnológica unificada o una tarjeta común, abriendo las puertas a una futura integración tarifaria integral.",https://www.panamericana.bo/articulo/nacional/historico-paso-paz-teleferico-paz-bus-pumakatari-consolidan-integracion-fisica-estacion-verde-irpavi/20260810170617016606.html
Radio Panamericana,2026-08-10,politica,"Jefe de bancada de LIBRE acusa de ""improvisación"" al Ejecutivo y sugiere al presidente Paz asumir el plan de Tuto Quiroga","La Paz, 10 de agosto de 2026 (Panamericana).– Las recientes declaraciones del presidente Rodrigo Paz, en las que planteó prescindir de los acuerdos políticos tradicionales para gobernar en base a pactos con instituciones, han generado un fuerte rechazo en la Asamblea Legislativa Plurinacional. Desde la alianza Libre, el jefe de bancada en la Cámara de Diputados, Rafael López, calificó la postura presidencial como un ""exabrupto"" que demuestra una desconexión con el funcionamiento democrático.

En entrevista exclusiva con Panamericana, el legislador recordó al primer mandatario que, si bien las instituciones son fundamentales para la gestión, ""los que votan en el Congreso, los que aprueban, modifican o abrogan, son los parlamentarios"", quienes responden a representaciones políticas.

Asamblea fragmentada y falta de apoyo

López desglosó la fragilidad política que, según su lectura, enfrenta el actual Gobierno dentro del hemiciclo. Detalló que la propia bancada oficialista está dividida: de los 49 parlamentarios del Partido Demócrata Cristiano (PDC), un bloque responde al vicepresidente Edman Lara, otro a la estructura tradicional del partido, dejando al bloque leal al presidente Paz con apenas una veintena de legisladores.

A esta fractura sumó la reciente ruptura del oficialismo con Samuel López Medina, lo que ha mermado aún más sus votos. En este escenario, el diputado aseguró que fue la bancada de Libre —siguiendo la línea de ""oposición constructiva"" trazada por su líder nacional, Jorge ""Tuto"" Quiroga— la que le dio al Gobierno el ""oxígeno"" y los dos tercios necesarios para sostener el orden democrático durante la reciente crisis social de 53 días.

Crítica al discurso y la ""improvisación""

Abordando el reciente informe a la nación del 6 de agosto, el jefe de bancada fue tajante al expresar su decepción. Cuestionó que el jefe de Estado no haya presentado soluciones concretas para el desabastecimiento de combustibles, que mantiene kilómetros de colas en Santa Cruz, ni para el alza del dólar.

""El presidente se creía Alicia, pensaba que estaba en el país de las maravillas"", ironizó el legislador, acusando al Ejecutivo de limitarse a una ""retórica de comparación de hace 20 años atrás"". López reconoció que la actual administración heredó la crisis, pero advirtió que la falta de un plan de gobierno los ha llevado a una constante ""improvisación"".

En ese sentido, alertó que el país se encuentra en una frágil pausa. Según su evaluación, cuando concluya el estado de excepción en las próximas semanas, las movilizaciones retornarán con mayor fuerza porque los problemas estructurales que originaron las protestas del transporte y otros sectores no han sido resueltos.

La propuesta: El plan de Tuto Quiroga

Frente a este escenario, el diputado lanzó una propuesta directa al jefe de Estado: actuar con humildad y solicitar el plan de gobierno de Jorge Tuto Quiroga.

López aseguró que el líder de su alianza cuenta con un proyecto estructurado y serio para enfrentar la crisis de hidrocarburos y la falta de divisas, el cual incluye una inyección de 12.000 millones de dólares mediante fondos internacionales. ""No le va a costar nada, ni un centavo, ni una pega, pero necesita tener un poquito de humildad al presidente para poder enfrentar esto"", afirmó.

El asambleísta concluyó su intervención con una dura y polémica advertencia histórica hacia la figura presidencial, señalando que si el Ejecutivo no corrige el rumbo y busca consensos reales para salir de la crisis, ""nada raro que termine siendo un Villarroel después"".",https://www.panamericana.bo/articulo/politica/jefe-bancada-libre-acusa-improvisacion-ejecutivo-sugiere-presidente-paz-asumir-plan-tuto-quiroga/20260810170015016605.html
Radio Panamericana,2026-08-10,nacional,"Federación Túpac Katari advierte con posibles movilizaciones ante escasez de diésel y exige ""soluciones estructurales"" al Gobierno","La Paz, 10 de agosto de 2026 (Panamericana). – Pese a los recientes anuncios gubernamentales sobre la estabilización de la economía, el malestar en los sectores productivos persiste y amenaza con reactivar la conflictividad social. Rolando Choque, secretario ejecutivo de la Federación de Trabajadores Campesinos de La Paz ""Túpac Katari"", advirtió sobre un creciente descontento en las bases provinciales debido a la escasez de diésel y el encarecimiento de los insumos agrícolas.

En entrevista con Panamericana, el dirigente campesino señaló que, a pesar de las reuniones y planteamientos presentados al Ejecutivo, ""hasta el momento no hay voluntad del gobierno"" para brindar respuestas concretas a sus demandas.

Crisis de combustibles e impacto en los precios

Choque detalló que la falta de diésel está afectando críticamente al Altiplano, región que actualmente se encuentra en plena etapa de siembra. Advirtió que esta carencia no solo retrasa la producción, sino que dificulta el traslado de alimentos hacia las ciudades.

A este problema se suma la escasez de divisas extranjeras, lo que ha disparado los precios de los agroquímicos y otros insumos. En este contexto, el representante de la federación Túpac Katari lanzó una advertencia económica: si los grandes empresarios continúan elevando sus precios, el sector campesino evaluará técnicamente la posibilidad de incrementar también los costos de los productos agrícolas en el mercado interno.

Obras paralizadas y crítica al discurso oficial

Otro punto de quiebre con la administración del presidente Rodrigo Paz Pereira es la falta de ejecución de proyectos en las 20 provincias paceñas. La dirigencia exige el avance de obras como sistemas de riego, agua potable y represas. En el ámbito de infraestructura vial, Choque reclamó por la paralización de proyectos carreteros estratégicos, como la doble vía El Seco-Desaguadero, así como las rutas de integración hacia el norte de La Paz, Río Abajo y la región de Caranavi.

El ejecutivo campesino fue severo al criticar los argumentos del Gobierno, rechazando la justificación de culpar a las gestiones de los últimos 20 años por la crisis actual. ""El actual [presidente] sabía muy bien de lo que estaba sucediendo en el país [...] estaba como Cámara Alta del Senado Nacional y sabía el tema de la economía del país"", aseveró Choque, exigiendo que se pase de los discursos a los hechos.

Condicionan el ""paquete normativo""

Frente a la intención del Gobierno de impulsar reformas legales para salir de la crisis, Choque advirtió que cualquier nueva normativa o ""paquete de soluciones estructurales"" debe ser obligatoriamente consensuado.

""Tiene que ser socializada con las organizaciones sociales antes que haya mala información [...] si van a estar aprobando de manera unilateral sin consultar a la base [...] van a tener conflicto"", sentenció el dirigente, dejando en manos del Ejecutivo la responsabilidad de evitar un nuevo estallido social una vez concluyan las medidas de excepción.",https://www.panamericana.bo/articulo/nacional/federacion-tupac-katari-advierte-posibles-movilizaciones-escasez-diesel-exige-soluciones-estructurales-gobierno/20260810165514016604.html
Radio Panamericana,2026-08-10,nacional,Ruptura del estado de excepción en San Julián y crisis de combustible profundizan el debate sobre la capacidad de respuesta del Gobierno,"La Paz, 10 de agosto de 2026 (Panamericana).– La reciente movilización de agricultores en San Julián, que en los hechos representó una ruptura del estado de excepción vigente, ha generado diversas lecturas en el escenario político nacional. A este panorama de tensión se suma la persistente crisis por la escasez de combustibles y el rediseño de las alianzas políticas del Ejecutivo, temas que fueron analizados en los micrófonos de Panamericana por actores del Legislativo y analistas independientes.

La postura legislativa: Investigación y crisis económica

Desde la Asamblea Legislativa, el senador Freddy Castillo (PDC) lamentó la vulneración de la medida de excepción en San Julián y adelantó que su bancada emitirá una minuta de comunicación para que el Ministerio de Gobierno, la Policía y la Justicia investiguen las razones de esta ruptura a la norma.

Al abordar las causas del descontento social, Castillo reconoció que el tema del combustible es ""muy crítico"", pero instó a la población a comprender la realidad económica del país. El legislador explicó que, a diferencia de países vecinos como Chile—donde la gasolina cuesta entre 16 y 18 bolivianos y el diésel entre 21 y 22 bolivianos—, en Bolivia se mantienen precios bajos (Bs 6.70 y Bs 9.80 respectivamente), pero advirtió que ""no hay recursos en las arcas del Estado para una subvención"".

Frente a las amenazas de nuevas medidas de presión, el senador recordó los efectos devastadores de los pasados 53 días de bloqueos, señalando que los productores de Soracachi (Oruro) terminaron rematando sus sacos de zanahoria a 20 bolivianos, perdiendo el trabajo de todo un año. En el ámbito político, y ante las demandas de la alianza Libre de buscar acercamientos con líderes como Tuto Quiroga, Castillo minimizó las diferencias partidarias asegurando que el objetivo general en el Senado es ""reconstruir la patria"" y que el tema político pasa a un segundo plano ante la necesidad de unidad.

La visión analítica: Debilidad estatal y falta de pragmatismo

Una lectura distinta ofreció el consultor y analista Alejandro Canedo, quien restó peso institucional a la marcha en San Julián, argumentando que no refleja un fracaso del estado de sitio per se, sino que es síntoma de un ""Estado débil"" que carece de logística fluida para garantizar elementos básicos como el combustible. Según Canedo, el Gobierno optó por no aplacar la protesta con fuerza policial o militar porque sabía que el resultado sería un ""nuevo desastre"".

El analista fue severo al evaluar la gestión del presidente Rodrigo Paz, señalando que ""no es un gobierno pragmático"" y carece de capacidad de decisión rápida frente a crisis como las del combustible, la corrupción y el narcotráfico, problemas derivados de no haber tomado medidas a tiempo.

Sobre la reciente decisión del primer mandatario de prescindir de alianzas con figuras políticas para enfocarse en pactar con instituciones, Canedo calificó la estrategia como errada. ""Es un poco tonto creer que se puedan pactar con instituciones cuando es obligación del gobierno y del estado hacerlo"", afirmó, aclarando que los verdaderos pactos se hacen con actores políticos u organizaciones sociales.

Finalmente, Canedo descartó que el conflicto de San Julián amerite extender el estado de excepción por ahora, pero pronosticó que las tensiones y presiones sobre el Ejecutivo seguirán en aumento constante de cara a la ""media gestión"".",https://www.panamericana.bo/articulo/nacional/ruptura-estado-excepcion-san-julian-crisis-combustible-profundizan-debate-capacidad-respuesta-gobierno/20260810164553016603.html
Radio Panamericana,2026-08-10,internacional,"Devastador terremoto de magnitud 7,4 sacude Colombia: declaran desastre nacional tras confirmar más de un centenar de fallecidos","Bogotá, 10 de agosto de 2026 (Panamericana).– La mañana de este lunes, un potente movimiento telúrico paralizó gran parte del territorio colombiano y encendió las alertas en toda la región andina. Un sismo de magnitud 7,4 sacudió el occidente del país a las 07:34 (hora local), dejando a su paso una estela de destrucción, decenas de víctimas mortales y el colapso de infraestructuras críticas.

El epicentro y las réplicas

De acuerdo con el reporte oficial actualizado del Servicio Geológico Colombiano (SGC), el epicentro del terremoto se localizó en el municipio de San José del Palmar, en el departamento del Chocó, a una profundidad cercana a los 103 kilómetros. Julio Fierro, director general del SGC, catalogó el evento como el sismo más fuerte que ha sentido Colombia en la última década, recordando antecedentes históricos como el terremoto ocurrido en noviembre de 1979 en la misma zona.

Tras el choque principal, los sistemas de monitoreo sísmico registraron al menos dos réplicas considerables durante la primera hora, siendo la más fuerte de magnitud 4,8 registrada a las 08:18 a.m., lo que obligó a mantener los protocolos de evacuación activa y dificultó las primeras tareas de socorro.

Daños estructurales y balance de víctimas

El impacto del terremoto fue particularmente devastador en la región del Eje Cafetero y el occidente del país. En su primer balance oficial a la nación pasado el mediodía, el presidente de Colombia, Abelardo de la Espriella, confirmó cifras alarmantes que evidencian la magnitud de la tragedia.

""A las 12:30 horas, teníamos 111 fallecidos, 87 heridos, 1.575 viviendas averiadas, 37 completamente destruidas, 61 edificios colapsados, 18 centros de salud y 52 centros educativos averiados"", detalló el mandatario desde la capital, Bogotá. Entre las víctimas mortales se confirmó el fallecimiento de tres menores de edad en el municipio de Calima El Darién, en el departamento del Cauca, según reportó la gobernadora Dilian Francisca Toro.

Las capitales departamentales más afectadas incluyen a Manizales, donde la torre de la icónica catedral sufrió graves daños y desprendimientos; Pereira, cuyo aeropuerto e infraestructura pública reportaron afectaciones severas; y Cali, donde múltiples edificaciones sufrieron caída de fachadas. Por su parte, en Bogotá, el alcalde Carlos Fernando Galán dio un parte de tranquilidad al confirmar que, por el momento, solo se reportan grietas sin daños estructurales graves ni víctimas.

Desastre nacional y ayuda internacional

Ante la crisis, el presidente De la Espriella firmó el decreto de ""Desastre Nacional"", una medida de excepción que permite movilizar de inmediato todos los recursos del Estado, coordinar capacidades institucionales y destinar presupuestos de emergencia para acelerar las labores de búsqueda, rescate y atención médica en Quibdó, Armenia y el resto de ciudades críticas.

La comunidad internacional no ha tardado en reaccionar ante la emergencia. Mandatarios de la región, como la presidenta de México, Claudia Sheinbaum, y el mandatario chileno, José Antonio Kast, ofrecieron de inmediato el envío de rescatistas y ayuda humanitaria. A estos esfuerzos se sumó Venezuela, país que recientemente enfrentó su propia crisis sísmica y que dispuso equipos de apoyo para la nación vecina.",https://www.panamericana.bo/articulo/internacional/estimado-rodrigo-buenas-tardes-escribo-confirmar-recepcion-productos-que-enviaste-agradecerte-tiempo-invertido-revisar-material-queremos-avanzar-siguiente-etapa-proceso-interesa-que-participes-semana-prueba-practica-que-llevara-cabo-lunes-17-viernes-21-agosto-cinco-dias-dinamica-consistira-redaccion-articulos-informativos-partir-entrevistas-radio-generacion-propuestas-contenido-video-nuestras-plataformas-digitales-absolutamente-todo-material-que-produzcas-pasara-revision-autorizacion-previa-antes-ser-publicado-semana-evaluacion-turno-asignado-sera-09-00-13-00-horas-es-muy-importante-aclarar-que-horario-ha-establecido-unicamente-fines-prueba-sera-horario-definitivo-cargo-caso-que-seas-seleccionado-coordinamos-etapa-posterior-favor-confirmame-disponibilidad-acuerdo-gran-saludo/20260810161034016599.html
Visión 360,2026-08-10,•Fútbol Boliviano,Bolívar recibe a su tercer rival brasileño en lo que va del año: el Sao Paulo,"Sports 360 / La Paz

Por tercera vez en lo que va de la temporada internacional, Bolívar recibirá a un club brasileño: el Sao Paulo, contra el que rivalizará este martes (20.30) en el estadio Hernando Siles por la ida de los octavos de final de la Copa Sudamericana.

En el último tiempo la Academia rivalizó con varios clubes del vecino país. En la Copa Libertadores de América de 2023 enfrentó a tres equipos: al Palmeiras en la ronda de grupos, al Athlético Paranaense por los octavos de final y al Internacional en los cuartos.

Para la Libertadores 2024 jugó dos veces en La Paz con el Flamengo, uno por la fase de grupos y otro por los octavos de final.

En la Libertadores de 2025 rivalizó en la ronda de grupos con Palmeiras, luego pasó a disputar la Sudamericana y enfrentó al Atlético Mineiro por los cuartos de final.

Este año tampoco fue la excepción, pues en los grupos de la Libertadores rivalizó con Fluminense (victoria de 2-0) y en los Play-Offs de la Sudamericana le tocó Gremio (triunfo de 3-2).

Son dos brasileños a los que ya enfrentó este año y Sao Paulo será el tercero, rival al que aspira a derrotar por una buena diferencia de goles en La Paz para ir con más tranquilidad a la revancha de la próxima semana en el vecino país.

También será la tercera vez que reciba al Sao Paulo. En 1992 empató 1-1 y en 2013 ganó por 4-3, ambos por la Libertadores.

Para este compromiso la Academia tendrá la baja sensible del capitán Leonel Justiniano, quien no podrá ser tomado en cuenta por el DT Alejandro Restrepo debido a la cartulina roja que vio ante Gremio.

Ervin Vaca se perfila para ser su reemplazo en el medio sector de la cancha al tener características similares de juego.

Lee también: Ervin Vaca se perfila para reemplazar al expulsado Leonel Justiniano ante Sao Paulo

Igual es posible que el argentino Damián Batallini tenga minutos, aunque sea desde la banca de suplentes, tal y como lo hizo frente a Aurora el fin de semana anterior en su regreso a las canchas luego de ocho meses.

Sao Paulo no tiene un buen presente deportivo, pues lleva tres meses y medio sin poder ganar en campeonato local.

Por ello la Sudamericana sería su principal objetivo en el año para conquistar algún título.

“Sao Paulo ha estado jugando bien, creando oportunidades, pero lamentablemente estamos atravesando un período muy difícil en el que no podemos mantener esos resultados. Eso es lo que nos preocupa, marcamos un gol, volvemos para la segunda parte y el equipo baja la guardia"", dijo el DT Dorival Junior.

En ese sentido, el DT Dorival Junior planifica —en base a los últimos entrenamientos— un esquema que le permita controlar la pelota y de esa manera evitar que la Academia tenga espacios y el protagonismo para hacerles daño.

Lee también: DT del Sao Paulo alista un equipo con mucha posesión para quitarle el balón a Bolívar

El conjunto paulista cerró prácticas este lunes por la mañana y por el mediodía emprendió viaja a Santa Cruz, donde pernoctará, mientras que unas horas antes del compromiso arribará a La Paz para de esa manera minimizar lo más posible los efectos de la altura.

Al igual que el club celeste, Sao Paulo tendrá una baja, la de Artur, quien no se pudo recuperar del músculo aductor izquierdo que le impidió jugar el partido contra el Gremio el fin de semana anterior.

Su lugar será ocupado por el joven jugador de 19 años Ryan Francisco, quien acude a su primera convocatoria.",https://www.vision360.bo/noticias/2026/08/10/62194-bolivar-recibe-a-su-tercer-rival-brasileno-en-lo-que-va-del-ano-el-sao-paulo
Visión 360,2026-08-10,•Fútbol Boliviano,Ervin Vaca se perfila para reemplazar al expulsado Leonel Justiniano ante Sao Paulo,"Sports 360 / La Paz

Para enfrentar a Sao Paulo este martes (20.30) en el estadio Hernando Siles por la Copa Sudamericana, Bolívar tendrá la sentida baja de su capitán Leonel Justiniano por expulsión y Ervin Vaca se perfila para ser su sustituto en el compromiso.

Justiniano será el gran ausente en el encuentro que tendrá la Academia por la ida de los octavos de final debido a la cartulina roja que vio el jueves 30 de julio frente al brasileño Gremio en Porto Alegre.

A los 92 minutos del encuentro fue expulsado en medio de una trifulca que hubo entre ambos planteles. El árbitro también le mostró la roja a Erick Noriega, del Gremio.

Con esa baja, Vaca es el principal candidato a ocupar su puesto al tener similares características como centrocampista de contención.

Además, en algunos partidos reemplazó al capitán en los segundos tiempos, como sucedió en el encuentro frente a Aurora (2-4) el sábado anterior en Cochabamba.

El director técnico Alejandro Restrepo hizo ingresar a la cancha a Vaca en vez de Justiniano a los 79 minutos.

Con esta variante la Academia recibirá a Sao Paulo en busca de un resultado favorable para ir con tranquilidad a la revancha del martes 18 de agosto.",https://www.vision360.bo/noticias/2026/08/10/62182-ervin-vaca-se-perfila-para-reemplazar-al-expulsado-leonel-justiniano-ante-sao-paulo
Visión 360,2026-08-10,•Fútbol Boliviano,"A Sao Paulo no le va mal en Bolivia, tiene dos derrotas en diez partidos","El Sao Paulo es uno de los equipos a los que mejor les va en las ciudades de altura de Bolivia. Los brasileños perdieron solo dos partidos de los diez que les tocó disputar en las competiciones controladas por la Conmebol.

El popular cuadro de Brasil llegó por primera vez a La Paz en la Copa Libertadores de 1974. En el viejo estadio Hernando Siles empató 1-1 con Municipal y en el Félix Capriles de Cochabamba venció por la mínima diferencia a Wilstermann.

Después de 18 años, en 1992, se produjo su retorno a la sede de Gobierno para medirse con Bolívar, con el que empató 1-1. Ese mismo año, fue a Oruro para jugar con San José, que disputaba su primera Copa Libertadores, y venció por 3-0 a los Santos.

En ambos compromisos estuvo como defensor Antonio Carlos Zago, actual entrenador de The Strongest.

De las diez presentaciones que tuvo en el país, los dos contrastes de Sao Paulo fueron ante los grandes del fútbol paceño.

Con la Academia volvió a medirse en la fase preliminar de la Libertadores de 2013 y cayó por 4-3, aunque el resultado no le sirvió mucho a Bolívar, ya que en la ida había perdido por 5-0.

La otra derrota fue el mismo año 2013, pero esta vez a manos de The Strongest en la fase de grupos de la Copa Libertadores (1-2).

El de este jueves será la tercera ocasión que Sao Paulo visite a los celestes y la primera ocasión que lo haga por la Copa Sudamericana.

La lista de partidos de los brasileños en ciudades de altitud es la siguiente:

1974              La Paz                       Municipal 1 – Sao Paulo 1

1974              Cochabamba            Wilstermann 0 – Sao Paulo 1

1992              La Paz                       Bolívar 1 – Sao Paulo 1

1992              Oruro                        San José 0 – Sao Paulo 3

2003              La Paz                       The Strongest 1 – Sao Paulo 4 *

2005              La Paz                       The Strongest 3 – Sao Paulo 3

2013              La Paz                       Bolívar 4 – Sao Paulo 3

2013              La Paz                       The Strongest 2 – Sao Paulo 1

2016              La Paz                       The Strongest 1 – Sao Paulo 1

2022              Cochabamba            Wilstermann 1 – Sao Paulo 3 *

* Partidos por Copa Sudamericana",https://www.vision360.bo/noticias/2026/08/10/62167-a-sao-paulo-no-le-va-mal-en-bolivia-tiene-dos-derrotas-en-diez-partidos
Visión 360,2026-08-10,•Fútbol Boliviano,Gobernación se compromete ante Conmebol para que el Tahuichi cumpla los requisitos antes de marzo de 2027,"La Gobernación de Santa Cruz se compromete una vez más ante la Conmebol para que el estadio Tahuichi sea sede de la final de la Copa Sudamericana 2027, dentro de 15 meses, aunque en esta ocasión se exigirá que las tareas se cumplan antes de marzo del próximo año, cuando se realice una inspección a ese escenario

Durante esta jornada, el gobernador Juan Pablo Velasco sostuvo una reunión con representantes de la Conmebol, encabezados por el director de Desarrollo de la Conmebol, Nery Pumpido, además de una delegación de la Federación Boliviana de Fútbol (FBF), liderada por su presidente Fernando Costa Sarmiento, y el equipo técnico de la Gobernación.

Durante el encuentro, la Gobernación presentó la hoja de ruta diseñada para avanzar en las condiciones necesarias para que el escenario cruceño pueda ser considerado como escenario de la final de la Conmebol Sudamericana 2027.

Velasco explicó que la institución departamental cuenta con un plan de trabajo y tiene identificados los requerimientos técnicos establecidos para este tipo de eventos internacionales, con el compromiso de cumplir con las exigencias dentro de los plazos previstos, antes de marzo de 2027.

“Tenemos un plan claro, los requerimientos técnicos plenamente identificados y el compromiso de cumplir el 100% de las exigencias establecidas”, señaló el gobernador.

La autoridad destacó que alcanzar este objetivo requiere un trabajo coordinado entre la Gobernación de Santa Cruz, el Gobierno nacional, la Conmebol, la FBF y las diferentes instituciones que puedan sumarse al proyecto.

“Santa Cruz está preparada para recibir eventos deportivos de talla internacional”, afirmó Velasco

Santa Cruz debía ser sede de la final de la Copa Sudamericana 2025, pero el retraso en las refacciones que se realizaron en el estadio Tahuichi derivó en que la Conmebol le quite la sede y le brinde una nueva oportunidad para noviembre de 2027.

“Cuando Bolivia reciba la final de la Conmebol Sudamericana 2027, Santa Cruz será la cara de nuestro país y tenemos la responsabilidad de estar a la altura de ese gran desafío”, cerró Velasco.",https://www.vision360.bo/noticias/2026/08/10/62155-gobernacion-se-compromete-ante-conmebol-para-que-el-tahuichi-cumpla-los-requisitos-antes-de-marzo-de-2027
Visión 360,2026-08-10,•Fútbol Boliviano,A Bolívar le es esquivo una victoria internacional de local por una buena diferencia de goles,"Sports 360 / La Paz

El Club Bolívar jugará este martes (20.30) con el brasileño Sao Paulo por la ida de los octavos de final de la Copa Sudamericana en el estadio Hernando Siles, donde la idea es ganar por una buena diferencia de goles para luego disputar la revancha, pero en lo que va de la temporada internacional, la Academia solo ganó dos veces en casa, una por un gol y la otra por dos.

El plantel celeste ya disputó un total de cuatro encuentros en el Siles por la Copa Libertadores de América y la Sudamérica. Dos los ganó, uno lo empató y el otro lo perdió.

De los tres encuentros de la Libertadores que jugó de local ganó una vez, igualó otro y cayó en el restante.

Su única victoria fue de 2-0 sobre el brasileño Fluminense por la quinta fecha de la fase de grupos que se jugó el 30 de abril.

El 14 del mismo mes afrontó su primer cotejo en el Siles y empató a un gol con el venezolano Deportivo La Guaira.

Mientras que su último juego en “casa” fue el 27 de mayo frente al argentino Independiente Rivadavia, que se impuso por 1-3 en el Tahuichi Aguilera de Santa Cruz, donde Bolívar actuó como local porque en esa época existían conflictos sociales en La Paz que no garantizaban el normal desarrollo del compromiso.

Al terminar tercero en su grupo accedió a los Play-Offs de la Copa Sudamericana para enfrentarse a uno de los segundos de ese torneo en busca del pase a octavos.

El rival que le tocó fue el brasileño Gremio, al que recibió el 23 de julio en el Hernando Siles, donde la Academia se impuso por 3-2.

Fue un resultado del mata-mata que a priori parecía insuficiente para que Bolívar visite Porto Alegre, donde finalmente mostró un buen desempeño y sorprendió al ganar por la mínima diferencia (0-1) el 30 de julio.

Para la ronda de octavos le tocó otro brasileño y nuevamente iniciará la serie como local.

Esta vez deberá ganar por más de un gol para ir con más tranquilidad a la revancha del 18 de agosto, caso contrario, tendrá que conseguir otro gran resultado en tierras brasileñas para meterse en los cuartos de final.

Si bien es cierto que Sao Paulo no pasa por uno de sus mejores momentos —no gana desde hace tres meses y medio en su campeonato—, la Sudamericana puede ser el torneo en el que buscará redimirse, más aún que el DT Dorival Junior alista un equipo con mucha posesión del balón para quitarle el protagonismo a Bolívar en La Paz.",https://www.vision360.bo/noticias/2026/08/10/62152-a-bolivar-le-es-esquivo-una-victoria-internacional-de-local-por-una-buena-diferencia-de-goles
Visión 360,2026-08-10,•Fútbol Boliviano,The Strongest dejó escapar 11 puntos en las últimas siete fechas del todos contra todos,"Sports 360 / La Paz

The Strongest perdió terreno en sus últimos siete partidos —consiguió solo 10 de 21 puntos posibles—, dejó escapar la punta del todos contra todos, ahora se ubica en el tercer lugar y el sábado perdió también el invicto que había mantenido en las primeras 13 fechas.

Tras casi dos meses de inactividad por los bloqueos de carreteras y la crisis social en el país, la Liga de la División Profesional 2026 se reanudó el 7 de julio. A esa fecha, The Strongest llegó como líder con 17 puntos, los mismos que Always Ready, aunque con un partido menos (siete contra ocho del Millonario); además, junto a Aurora era uno de los dos invictos.

Un mes y unos días después, el panorama es distinto, porque el Tigre bajó hasta el tercer lugar de la tabla y el sábado, tras caer con Independiente (1-2) en La Paz, partido de la jornada 13, también perdió el invicto.

Desde que se volvió a jugar, el Tigre disputó siete partidos: ganó dos, empató cuatro y perdió el restante. Always Ready y Bolívar jugaron seis partidos. El Millonario cosechó 16 unidades (cinco victorias y un empate) y la Academia, 13 puntos (cuatro victorias, un empate y una derrota).

Con esos resultados, Always es líder con 33 unidades; Bolívar y The Strongest tienen 27, pero el Celeste es segundo porque tiene más partidos ganados (ocho contra siete), que ahora es el primer criterio de desempate en caso de igualdad en puntos, y también lo supera en el gol diferencia (+17 contra +7).

La primera rueda finaliza el próximo fin de semana y, aunque queda mucho por recorrer (en total 16 fechas por jugar), el Tigre en este momento ha quedado fuera de la clasificación a fase de grupos de la Copa Libertadores 2027.

El último sábado (8 de agosto), el Tigre, además de quedar más alejado de la punta (seis puntos abajo del líder), también perdió el invicto en el campeonato.

Independiente de Sucre, que había mostrado muy poco a lo largo de casi todo el encuentro, le ganó por 1-2 en los descuentos.

El tropiezo molestó a los hinchas, que no solo exteriorizaron su molestia con los jugadores, sino también con el presidente de la institución, Daniel Terrazas.

En uno de esos momentos, los seguidores cantaron el tradicional: “Que se vayan todos, que no quede ni uno solo”, aunque no fueron todos los presentes; pero la protesta se hizo más notoria en el momento de corear: “Fuera Terrazas, fuera Terrazas…”. También en las afueras del escenario se escuchó el mismo cántico en contra del dirigente.

El malestar de los hinchas atigrados se hizo evidente cuando los jugadores se retiraban al vestuario y los despidieron con insultos, algunos de grueso calibre. Uno de los pocos que se salvaron de la furia de los aficionados fue el colombiano Adrián Estacio.",https://www.vision360.bo/noticias/2026/08/10/62128-the-strongest-dejo-escapar-11-puntos-en-las-ultimas-siete-fechas-del-todos-contra-todos
Visión 360,2026-08-10,•Fútbol Boliviano,DT del Sao Paulo alista un equipo con mucha posesión para quitarle el balón a Bolívar,"El director técnico de Sao Paulo, Dorival Junior, alista un equipo con mucha posesión del balón como arma principal para contrarrestar los 3.700 metros de altitud que tiene La Paz, donde este martes se medirá frente a Bolívar (20:30), por los octavos de final de la Copa Suidamericana.

Según el reporte del portal Lance, el trabajo de campo comenzó con ejercicios de fuerza y â€‹â€‹potencia, combinados con estaciones de entrenamiento físico. A continuación, el grupo realizó un ejercicio de posesión de balón y, posteriormente, un partido de entrenamiento de dos contra tres para simular y adaptar al grupo a la superioridad numérica que tendrá la Academia en condición de local.

Los brasileños llegan con una crisis de resultados, ya que no ganan hace tres meses y medio en su campeonato.

El Sao Paulo perdió sábado por 2-1 ante el Gremio y queda lejano el último triunfo de esa plantilla, que se remonta al 25 de abril, cuando derrotó al Mirassol por 1-0, aún bajo la dirección de Roger Machado. Desde entonces, ha disputado 13 partidos en total, con una sola victoria: contra el Boston River en la Copa Sudamericana. El equipo empató con Millonarios (dos veces), O'Higgins, Bahia, Botafogo y Flamengo, y fue derrotado por Corinthians, Juventude, Fluminense, Remo, Athletico y Gremio.

""Sao Paulo ha estado jugando bien, creando oportunidades, pero lamentablemente estamos atravesando un período muy difícil en el que no podemos mantener esos resultados. Eso es lo que nos preocupa, marcamos un gol, volvemos para la segunda parte y el equipo baja la guardia"", admitió el técnico Dorival Junior.

La delegación del Sao Paulo llegará esta tarde a Santa Cruz y de acuerdo al plan del cuerpo técnico, tiene previsto viajar a la sede de Gobierno en la tarde de este martes.",https://www.vision360.bo/noticias/2026/08/10/62101-dt-del-sao-paulo-alista-un-equipo-con-mucha-posesion-para-quitarle-el-balon-a-bolivar
Visión 360,2026-08-10,•Polideportivo,Las Palmas Country Club logra el bicampeonato en el Nacional Interclubes,"Sports 360 / La Paz

Por segundo año consecutivo Las Palmas Country Club demostró ser el mejor del quinto Campeonato Nacional Interclubes Copa Federación Boliviana de Golf y logró el bicampeonato en tierras cruceñas.

“Aproximadamente 200 deportistas fueron parte del torneo que se desarrolló en el Mapaizo Golf Club y que gana más adeptos en cada temporada por las características diferentes que tiene”, informó la Federación Boliviana de Golf en una nota de prensa.

Estuvieron representados todos los clubes de Bolivia en las distintas categorías habilitadas: Scratch Damas y Varones, Primera, Segunda, Tercera A, Tercera B, Senior con Hándicap, Senior sin Hándicap, Damas con Hándicap y Damas sin Hándicap.

El evento se llevó delante de viernes a domingo, aunque los de Scratch compitieron a tres rondas para un total de 54 hoyos, mientras que el resto jugó a 36 hoyos.

La característica principal del certamen es que al final se entrega el Trofeo Rotativo Federación Boliviana de Golf, que es para el club que haya obtenido la mayor cantidad de puntos en base a los cuatro primeros puestos de cada categoría.

Las Palmas Country Club demostró ser el mejor y por segundo año seguido se quedó nuevamente con la copa.

Su primer puesto se dio gracias a la destacada participación que tuvieron sus golfistas como: Ricardo Vargas, Miguel Áñez, Florencia Cuéllar, Daniel Patiño, Marcia Parra, Minina Arce, Valentina Forno, Fernanda Quiroga, Daniel Mejía, Silvia Lozano, Teresa Rosales, Pablo Galindo, José Paz, Alexi Rojo, Alexia Darlach, Naomí Jaldín y Erick Velasco, Johann Voos.",https://www.vision360.bo/noticias/2026/08/10/62176-las-palmas-country-club-logra-el-bicampeonato-en-el-nacional-interclubes
Visión 360,2026-08-10,•Polideportivo,Genbukai arrasa en el V Open de Bolivia que hubo en el valle hasta el domingo,"Sports 360 / La Paz

Genbukai de Cochabamba se impuso en el V Open Genbu Kai de Bolivia que se desarrolló hasta el domingo en el valle gracias a su impresionante cosecha de 27 medallas de oro, 37 de plata y 59 de bronce. El evento también tuvo la destacada presencia del maestro internacional Thanh Nguyen.

“El jueves comenzó el evento que tuvo dos días de seminario y dos de competencia en el Pabellón de Gimnasia”, informó la Federación Boliviana de Karate (Feboka) en un comunicado.

La actividad fue avalada por la Feboka y de la Asociación Departamental de Karate de Cochabamba.

Por primera vez estuvo presente en el país el Sensei Thanh Nguyen, quien dio sus enseñanzas a los deportistas, entrenadores y árbitros que estuvieron presentes.

Luego de ello, el fin de semana, fue el turnio del campeonato que tuvo sus dos modalidades: Kata (formas) y Kumite (combate).

Genbukai Cochabamba se quedó con el primer puesto del medallero por la impresionante cantidad de preseas doradas que cosechó.

Tuvo a varios atletas destacados como: Andrés Terrazas, Isabella Sevilla, Sharlott Canon, Elmer Bustamante, Erick Angelo, Ariadne Plata y Julia Soliz. Todos ellos ganaron a dos preseas doradas.

El segundo puesto del medallero fue para Inoue-Ha Shito Ryu de Cochabamba (12-4-13) y el tercer lugar se lo quedó Shorin-Ryu Shorikan Bolivia de Cochabamba (10-8-2).

La clasificación fue completada por Bazoalto Dojo de Santa Cruz (6-1-1), Bushido Kai de Cochabamba (5-4-8), Seiken de Cochabamba (2-5-6), Asociación Municipal de Karate Quillacollo (2-3-1), Dojo Bunkai de Cochabamba (2-0-1), AISRK de Cochabamba (1-1-3), Rejalaga Dojo Paraguay (0-2-0), Premium de Chuquisaca (0-1-3) y Bushido Kai de Cochabamba (0-1-0).",https://www.vision360.bo/noticias/2026/08/10/62161-genbukai-arrasa-en-el-v-open-de-bolivia-que-hubo-en-el-valle-hasta-el-domingo
Visión 360,2026-08-10,•Seguridad,"“La seguridad, la soberanía y el desarrollo de nuestras fronteras deben ser una prioridad nacional”, señala diputado Párraga","El diputado de Beni de la alianza Unidad, Raúl Párraga, afirmó que trabajar en la seguridad, la soberanía y el desarrollo de las fronteras debe ser una prioridad nacional. Esto, tras los hechos suscitados en la localidad de Ascensión de la Frontera, en el municipio de San Matías, en Santa Cruz, colindante con Brasil, donde fue asesinado un efectivo policial. Agregó que se están coordinando los detalles para recibir al presidente Rodrigo Paz y a autoridades de Brasil para lanzar el plan “Fronteras Seguras”.

“Una frontera segura es una Bolivia más fuerte. La seguridad, la soberanía y el desarrollo de nuestras fronteras deben ser una prioridad nacional”, indicó el legislador, al momento de destacar la decisión del Gobierno de fortalecer la seguridad en la zona fronteriza con Brasil.

Añadió que la seguridad de los ciudadanos del país es una responsabilidad del Estado y que las localidades fronterizas deben contar con presencia institucional para poder prevenir y combatir hechos delictivos.

“La seguridad de los bolivianos no puede tener fronteras. Guayaramerín merece vivir con tranquilidad, trabajar sin miedo y avanzar con la certeza de que el Estado está presente y cumple con su obligación de proteger a su población”, afirmó Párraga.

Ascensión de la Frontera, localidad fronteriza entre Bolivia y Brasil, fue el lugar que concentró la atención gubernamental luego de que se reportara un ataque contra una patrulla, en el que perdió la vida el subteniente Yerson Salazar. De acuerdo con información oficial, su cuerpo fue hallado calcinado en cercanías de una pista clandestina.

Ante la ola de hechos de violencia de ese tipo, el Ejecutivo, a través del ministro de Gobierno, Marco Antonio Oviedo, anunció el lanzamiento del denominado plan “Fronteras Seguras” para el jueves, en el municipio de Guayaramerín.

Los operativos conjuntos entre Bolivia y Brasil estarán focalizados en regiones de Pando, Beni y Santa Cruz que colindan con Brasil.

“Van a instalarse ya operaciones de carácter permanente en varios puntos de la frontera para tratar de parar y desarticular esto que ha venido a ser una ola de crímenes, realmente preocupante, en Santa Cruz, pero también en Guayaramerín y en Cobija. Lo que estamos viendo es algo grave, por eso (…) necesitamos que la ciudadanía colabore con su Policía”, afirmó Oviedo en Unitel.

Lee también: Búsqueda de los cuatro bolivianos abatidos en Brasil duró ocho días, revelan que hubo varios intentos de “rescate”

Este hecho fue destacado por el diputado de Unidad, quien señaló que se coordinan los últimos detalles para recibir a Paz y a autoridades de Brasil.

“Aquí con el ministro de Gobierno coordinando las acciones que vamos a hacer en Guayaramerín, en nuestra frontera de Bolivia, justamente para tratar estos temas de seguridad ciudadana que estamos viviendo”, manifestó Párraga desde el despacho del ministro.

Por su parte, Oviedo destacó la visita de Párraga y confirmó que próximamente una importante delegación nacional llegará a Guayaramerín para presentar oficialmente el plan de seguridad.

“Pronto estaremos en Guayaramerín presentando un plan integral de seguridad denominado Frontera Segura, en la que se contará con la presencia de nuestro presidente y con una muy buena delegación para apoyar la gestión del presidente”, señaló Oviedo.

En el lanzamiento del plan estará el mandatario boliviano, el ministro de Seguridad y Justicia de Brasil, Wellington Lima e Silva, además del comandante nacional de la Policía Federal de Brasil.",https://www.vision360.bo/noticias/2026/08/10/62164-la-seguridad-la-soberania-y-el-desarrollo-de-nuestras-fronteras-deben-ser-una-prioridad-nacional-senala-diputado-parraga
Visión 360,2026-08-10,•Seguridad,Acusado de reclutar a nacionales para Rusia niega engaños y dice que los bolivianos que viajaron “sabían todo”,"El principal acusado por el reclutamiento de bolivianos para la guerra entre Rusia y Ucrania, Amador Méndez Arancibia, aseguró desde la clandestinidad que los nacionales que viajaron a Rusia lo buscaron y sabían a qué viajaban tras la firma voluntaria de los contratos.

En un video que circula en redes sociales, el hombre identificado como el reclutador aseguró que en las próximas horas contará su verdad sobre lo ocurrido y afirmó que su hermano y su yerno, quienes se encuentran detenidos, son inocentes de todas las acusaciones.

“Ellos me preguntaron y me buscaron para que yo les consiga (el viaje), pero ellos voluntariamente, sabiendo todo, firmaron ese contrato (que los vinculó a las fuerzas militares rusas)”, aseguró en el corto video.

Lee también: Dictan 60 días de detención preventiva para tres investigados por el reclutamiento de bolivianos hacia Rusia

Por este caso fueron detenidos tres familiares de Méndez Arancibia. Una audiencia cautelar dispuso su detención preventiva por 60 días en la cárcel de Palmasola, tras vincularlos con una red dedicada al reclutamiento de bolivianos con ofertas de trabajo en Rusia; sin embargo, al llegar a su destino, eran enviados a la zona de guerra.

De acuerdo con un informe oficial de la Cancillería, al menos 26 nacionales se encuentran en las Fuerzas Armadas de la Federación Rusa; es decir, participan en el conflicto armado entre Rusia y Ucrania. Tras las denuncias de sus familiares, se realiza un seguimiento para conocer su situación y brindarles asistencia.

Lee también: Lo hirieron en combate y su hermana viaja a ayudarlo: “intermediarios” que lo llevaron a Rusia se quedaron con el 70% de $us 13.000

Además, hay 19 soldados reportados cuya ubicación actual está pendiente de confirmación. El 21 de julio se informó de cuatro heridos en hospitales de campaña —uno de ellos en proceso de desvinculación militar—, un ciudadano estable con vida, un fallecido y un repatriado a Bolivia.

Desde entonces, poco se ha informado sobre este caso, que no solo está presente en Bolivia, sino también en otros países latinoamericanos. El principal acusado fue identificado en imágenes y videos cuando acompañaba a los bolivianos captados.

Méndez Arancibia insiste en que los nacionales lo buscaron y que está avergonzado de lo ocurrido hasta el momento, aunque no dio mayores detalles.

“Voy a cumplir 70 años y mañana quiero decir toda la verdad, para que dejen de amedrentar a gente totalmente inocente, que no tiene nada que ver en este asunto, especialmente a mi hermano y a mi yerno”, afirmó escuetamente en el material.",https://www.vision360.bo/noticias/2026/08/10/62158-acusado-de-reclutar-a-nacionales-para-rusia-niega-enganos-y-dice-que-los-bolivianos-que-viajaron-sabian-todo
Visión 360,2026-08-10,•Seguridad,Detienen en Santa Cruz a exdirectora jurídica de YPFB por el caso de la gasolina desestabilizada,"La exdirectora jurídica de Yacimientos Petrolíferos Fiscales Bolivianos (YPFB), Daniela Durán, fue aprehendida la mañana de este lunes en la ciudad de Santa Cruz y en las próximas horas se definirá si es trasladada a La Paz, donde se investiga la compra e importación de la gasolina desestabilizada o “basura”.

El 28 de julio se cooció que la exautoridad de la empresa estatal contaba con una orden de aprehensión en su contra. Ese día también se hizo pública una orden similar contra el exministro de Hidrocarburos Mauricio Medinaceli, quien fue aprehendido. Posteriormente, un juez cautelar en La Paz decidió que se defienda en libertad.

Lee también: El exministro Mauricio Medinaceli anuncia que no dejará el país y que ejercerá su derecho a la defensa

Durán, exdirectora jurídica de YPFB Corporación, es acusada de haber participado en la autorización y el respaldo legal de los contratos relacionados con la adquisición del combustible “desestabilizado” o de mala calidad que circuló entre diciembre y enero.

El fiscal Luis Alberto Hurtado confirmó a El Deber la aprehensión de Durán y su traslado a dependencias del Departamento Especializado de Lucha Contra la Corrupción (Delcc), en la zona del Plan Tres Mil, en Santa Cruz, a la espera de su traslado a La Paz, donde radica la investigación por el caso de la gasolina que dañó miles de vehículos.

Lee también: Audiencia: Medinaceli se declaró inocente y sostuvo que autorizó el desprecintado de tanques, no la comercialización de la ""gasolina basura""

En este caso, junto con Medinaceli y Durán, están involucrados el gerente general de YPFB Logística, Eddy Rolando Torrico Ibáñez; el gerente comercial de YPFB, Nelson Alejandro Mendoza; y el gerente de Productos Derivados e Industrialización de YPFB, Carlos Cuéllar Pinto.

Dentro de este proceso también se indaga la denuncia de compra con sobreprecio de combustible a las proveedoras Trafigura y Vitol.",https://www.vision360.bo/noticias/2026/08/10/62122-detienen-en-santa-cruz-a-exdirectora-juridica-de-ypfb-por-el-caso-de-la-gasolina-desestabilizada
Visión 360,2026-08-10,•Seguridad,Tres brasileños van a detención preventiva en Bolivia por presunto vínculo con el asesinato del subteniente Yerson Salazar,"Tres personas de origen brasileño deben guardar detención preventiva en una cárcel de Bolivia durante 180 días, por presuntamente estar vinculadas con el asesinato del subteniente Yerson Salazar. La decisión fue emitida por un juez durante una audiencia virtual que se llevó a cabo el domingo en Santa Cruz.

Los sospechosos deben cumplir la medida en el penal de Palmasola, en el departamento de Santa Cruz. Los tres sindicados forman parte del grupo de siete personas que fueron aprehendidas durante las pesquisas realizadas por la Policía después del asesinato del subteniente Salazar, ocurrido el 30 de julio en Ascensión de la Frontera, en San Matías.

Lee también: Más de 200 policías refuerzan la seguridad entre San Ignacio y San Matías tras la seguidilla de asesinatos

Salazar integró el equipo de efectivos dependientes de Inteligencia que la Policía desplegó en esa zona con el fin de apoyar las investigaciones, luego de que, el 29 de julio, se produjera el asesinato de tres personas. Una cuarta víctima murió posteriormente tras quedar herida.

La patrulla en la que se trasladaba el efectivo fue interceptada por una camioneta desde la que abrieron fuego. Los atacantes quemaron el vehículo y también se llevaron el cuerpo del oficial, que posteriormente fue recuperado por la Policía en cercanías de una pista clandestina.

Lee también: Búsqueda de los cuatro bolivianos abatidos en Brasil duró ocho días, revelan que hubo varios intentos de “rescate”

En las pesquisas sobre el caso, la Policía aprehendió a siete personas, seis varones y una mujer, contra quienes el 7 de agosto se dictó detención preventiva por la presunta comisión de los delitos de narcotráfico, asociación delictuosa, confabulación y tráfico ilícito de armas.

Posteriormente, las autoridades abrieron otro proceso por el asesinato del subteniente Salazar. En este caso, un juez dictó este domingo detención preventiva por 180 días para los tres brasileños señalados líneas arriba.",https://www.vision360.bo/noticias/2026/08/10/62116-tres-brasilenos-van-a-detencion-preventiva-en-bolivia-por-presunto-vinculo-con-el-asesinato-del-subteniente-yerson-salazar
Visión 360,2026-08-10,•Seguridad,Bolivia y Brasil pondrán en marcha plan fronterizo para combatir el narcotráfico y la “ola de crímenes”,"La situación de violencia en las zonas de frontera con Brasil, principalmente, es el resultado de una acumulación de 20 años de operaciones del crimen internacional, que ahora será combatida por Bolivia y Brasil en el marco del plan “Fronteras Seguras”, que empezará a ejecutarse desde este jueves en Guayaramerín, informó el ministro de Gobierno, Marco Antonio Oviedo.

Los operativos conjuntos estarán focalizados en regiones de Pando, Beni y Santa Cruz que colindan con Brasil, donde en los últimos meses se produjeron pugnas de poder que acabaron en San Matías con el acribillamiento de cuatro personas y de un oficial de la Policía que estuvo investigando los hechos relacionados con los cuatro crímenes.

“Van a instalarse ya operaciones de carácter permanente en varios puntos de la frontera para tratar de parar y desarticular esto que ha venido a ser una ola de crímenes, realmente preocupante, en Santa Cruz, pero también en Guayaramerín y en Cobija. Lo que estamos viendo es algo grave, por eso (…) necesitamos que la ciudadanía colabore con su Policía”, afirmó Oviedo en Unitel.

Lee también: Búsqueda de los cuatro bolivianos abatidos en Brasil duró ocho días, revelan que hubo varios intentos de “rescate”

No dio mayores detalles del plan de seguridad en las zonas de frontera, como el número de policías que estarán desplazados ni cómo operarán; sin embargo, adelantó que cada acción de las policías de ambos países estará determinada en función del nivel de criminalidad y de las características de cada región fronteriza.

En el municipio fronterizo de Guayaramerín será lanzado el plan “Fronteras Seguras” este jueves, con la presencia del presidente Rodrigo Paz, el comandante de la Policía, Mirko Sokol, y el ministro Oviedo, por el lado boliviano, mientras que de Brasil llegarán autoridades del Ministerio de Seguridad y Justicia y de la Policía Federal.

Lee también: Más de 200 policías refuerzan la seguridad entre San Ignacio y San Matías tras la seguidilla de asesinatos

Uno de los últimos trabajos articulados entre ambos países fue el seguimiento a los sospechosos del asesinato del oficial de Policía, quienes huyeron a Brasil en una avioneta. Fueron sorprendidos en el aire y obligados a aterrizar; inmediatamente después, huyeron al monte y, tras un operativo, fueron encontrados y abatidos en un cruce de disparos de armas de fuego.

“En el caso de San Matías y todo ese sector, hay una lucha también por el control de corredores de exportación de cocaína, marihuana y otras sustancias controladas”, explicó Oviedo sobre la situación que activa la violencia en esa zona del departamento de Santa Cruz, donde se reforzó la presencia policial.",https://www.vision360.bo/noticias/2026/08/10/62089-bolivia-y-brasil-pondran-en-marcha-plan-fronterizo-para-combatir-el-narcotrafico-y-la-ola-de-crimenes
Visión 360,2026-08-10,•Seguridad,Caso Evo: ministro Oviedo asegura que el general Sokol está bajo su mando y debe cumplir las órdenes que se le da,"El ministro de Gobierno, Marco Antonio Oviedo, afirmó que el comandante de la Policía, Mirko Sokol, está bajo su mando y debe cumplir las órdenes que se le impartan, en alusión a las declaraciones de la autoridad policial sobre la detención de Evo Morales.

“El general Sokol está bajo mi mando, está bajo las instrucciones que se le dan y las tiene que cumplir. Entonces, se descarta esta situación (diferencias) y se está trabajando de manera conjunta a nivel nacional y también en coordinación con los países vecinos para frenar esta ola de criminalidad”, afirmó.

La semana pasada hubo distintas posiciones entre Sokol y Oviedo sobre la captura de Morales. Sokol había dicho que no era prioridad dar cumplimiento a las órdenes de captura contra el expresidente; es más, había puesto en duda la solidez del argumento jurídico.

Lee también: Sokol contra la pared: Gobierno lo desautoriza y le llueven críticas por decir que la aprehensión de Morales no es su prioridad

La posición provocó una reacción contraria de la administración del presidente Rodrigo Paz, que salió a cuestionar las declaraciones de la autoridad policial en una entrevista con DTV. Oviedo fue el encargado de aclarar que para el Gobierno es prioridad la captura de Morales.

El expresidente y dirigente cocalero se encuentra sin salir del Chapare desde noviembre de 2024, justamente para evitar ser detenido. Tiene una orden de aprehensión para asistir al juicio por la denuncia de haber mantenido una relación con una menor y una segunda por el bloqueo de caminos de 53 días, que dejó severos daños económicos y más de 20 muertes debido a que las personas afectadas no pudieron llegar a centros hospitalarios.

Oviedo insistió en que no existen diferencias con el general Sokol y aclaró que no habla de lo que se publica en redes sociales.",https://www.vision360.bo/noticias/2026/08/10/62071-caso-evo-ministro-oviedo-asegura-que-el-general-sokol-esta-bajo-su-mando-y-debe-cumplir-las-ordenes-que-se-le-da
Visión 360,2026-08-10,•Internacional,Forlán asumió en Uruguay y le abre la puerta de la selección a Luis Suárez,"EFE / Montevideo

El seleccionador sub-20 de Uruguay y técnico interino de la absoluta, Diego Forlán, admitió este lunes que no descarta la posibilidad de convocar al máximo goleador en la historia de la Celeste, Luis Suárez, de quien destacó su experiencia y la capacidad intacta que mantiene para seguir anotando.

En su primera conferencia de prensa tras asumir la conducción de la Celeste, Forlán fue consultado sobre una declaración que el 'Pistolero' dio antes del Mundial, en la que abrió la puerta para un posible regreso a la Celeste.

""Tengo un cariño enorme por Luis. Tenemos mucha confianza. Si él está seleccionable, es uruguayo. Tener un jugador como Luis, con experiencia, tiene gol y lo sigue demostrando todos los fines de semana que juega, ¿por qué no?"".

Suárez, de 39 años, expresó el 1 de abril pasado que ""jamás le diría que no a la selección"", si fuera requerido.

El entonces seleccionador, el argentino Marcelo Bielsa, no tuvo en cuenta al delantero del Inter Miami en la formación del equipo para jugar el Mundial de Norteamérica.

Suárez se despidió de la selección en septiembre de 2024 tras un empate sin goles en un partido de las eliminatorias del Mundial con Paraguay.

Entonces, el ex delantero del Barcelona y del Atlético de Madrid fue muy crítico con Bielsa y le culpó de tensar el ambiente dentro de la plantilla.

Al no ser convocado, Suárez cerró su participación mundialista con cuatro actuaciones tras haber estado en Sudáfrica 2010, Brasil 2014, Rusia 2018 y Catar 2022.

El máximo goleador de Uruguay con 69 en 143 partidos jugados, acumula 16 encuentros en copas del mundo.",https://www.vision360.bo/noticias/2026/08/10/62179-forlan-asumio-en-uruguay-y-le-abre-la-puerta-de-la-seleccion-a-luis-suarez
Visión 360,2026-08-10,•Internacional,"UEFA, AFC y CONCACAF piden ""transparencia"" y acusan de ""engaño"" a la FIFA","EFE

Las Confederaciones de Europa, Asia y Norte, Centroamérica y Caribe (UEFA, AFC y CONCACAF) publicaron una carta abierta a la ""familia del fútbol"", en la que apelaron a la ""unión"" de todos los actores y a la ""transparencia"" de la FIFA en sus procesos, tras intento fallido de crear una filial para comercializar la Copa del Mundo, con el que ""rompieron la confianza mediante el engaño"".

El documento fue hecho público este lunes y está firmado por los presidentes y secretarios generales de la UEFA (Aleksander Ceferin y Theodore Theodoridis); de la CONCACAF (Victor Montaglian y Philippe Moggio), y de la AFC (Salman Bin Ibrahim Al Khalifa y Datuk Seri Windsor John).

""El liderazgo en el fútbol no es un bien que se posea. No consiste en ostentar —ni en exigir— el poder para ejercerlo. Es un deber de servicio hacia la familia del fútbol que lo confía. Cuando se rompe la confianza mediante el engaño, cuando una persona se antepone al colectivo que le ha confiado la autoridad, ese deber ha sido abandonado"", dijeron en la carta.

En su escrito, las confederaciones remarcan que no es un tema de ""dinero"", de ""perder apoyos"" o ""replantearse la ampliación de las competiciones"", algo que fue tomado de forma ""conjunta"", sino de ""la integridad del fútbol y la integridad de quienes han sido elegidos para dirigirlo"".

A su juicio, la reciente carta de la FIFA a sus vicepresidentes y a las 211 federaciones miembro en la que explicó su proyecto de vender una participación de la Copa del Mundo fue un ""error de juicio"": ""Una propuesta presentada en un plazo muy ajustado, sin una consulta significativa, y que se impulsó hacia una fecha límite antes de que las federaciones miembro pudieran examinar adecuadamente sus términos, no es fruto de un descuido, sino de un diseño destinado a limitar el escrutinio"".

Por ello, se acusa a la FIFA de ""violar"" la confianza de las instituciones a las que está ""llamada a servir"".

Asimismo, criticaron que la revisión del informe que se presentará al Consejo de la FIFA no se haya hecho a través de un tercero ""totalmente independiente"", a la vez que mostraron su rechazo por la representación de un solo cargo electo en la reunión de la dirección celebrada recientemente en Marruecos.

""Esta reciente reunión, en la que se convocó en el extranjero a un número selecto de miembros del Comité de Gestión de la FIFA —y no al Comité al completo—, en lugar de que los dirigentes se desplazaran a Zúrich para dirigirse al corazón de la FIFA, su personal, no hace sino reforzar estas preocupaciones y representa una continuación del mismo patrón de conducta que nos ha llevado a esta situación. No es la conducta propia de un guardián del fútbol, sino de alguien que cree que el fútbol le debe rendir cuentas a él"", afirmaron.

Como conclusión, las confederaciones solicitaron el ""respeto"" a la unidad y, a sus dirigentes, que ""sirvan"" al fútbol y no ""pretendan mandarlo"".

""Hay silencio donde debería haber rendición de cuentas, distancia donde debería haber transparencia. Estas no son las cualidades que el fútbol merece en sus dirigentes. Por eso hemos adoptado esta postura: no a la ligera ni por nuestra cuenta, sino juntos, y por el deber que tenemos para con el fútbol al que servimos"", concluyeron.",https://www.vision360.bo/noticias/2026/08/10/62131-uefa-afc-y-concacaf-piden-transparencia-y-acusan-de-engano-a-la-fifa
Visión 360,2026-08-10,•Internacional,"Sorpresas, decepciones y el balance de un torneo que entra en la recta final","EFE

Ciento veintiocho partidos y 291 goles después, la Copa Sudamericana, el segundo torneo de clubes de Sudamérica, se alista para afrontar desde este martes la fase de octavos de final con la presencia de dos sorprendentes equipos que ahora asumen sin complejos la condición de aspirantes al título.

El Macará ecuatoriano es el caso más contundente: llegó desde la primera fase, en que eliminó a Orense, y terminó como líder invicto del Grupo A, con 2 victorias y 4 empates en 6 fechas, por delante de Tigre, un histórico de la Copa Argentina.

Ningún otro campeón de grupo llegó a la siguiente ronda sin perder ni un solo partido. Su fortaleza fue una defensa sólida (apenas tres goles recibidos) más que un ataque explosivo, y esta semana se medirá con el encopetado Santos de Neymar en los octavos.

Montevideo City Torque, el club uruguayo asociado al City Football Group, protagonizó otra campaña notable: 13 puntos sobre 18 posibles y un ataque de 11 goles en el Grupo F, incluido un contundente 4-1 a Deportivo Riestra. Es la primera vez que el equipo celeste llega tan lejos en un torneo internacional desde su fundación en 2017, y ahora medirá con Tigre en la instancia de los dieciséis mejores.

La edición 25 del torneo comenzó el 3 de marzo con la primera fase eliminatoria y se decantó el 31 de julio, casi 5 meses después, en la que se consumaron tres tramos diferentes.

La primera fase preliminar se consumó con 16 enfrentamientos de partido único y 25 goles. A continuación, la fase de grupos, disputada por 32 equipos, dejó 224 goles al cabo de 96 partidos. Y la repesca jugada por 16 equipos en partidos de ida y vuelta por 8 cupos para completar los octavos agregó 42 dianas.

El promedio general de goles hasta la conformación de los octavos de final es de 2,27 por partido, levemente por encima del 2,22 que marcaba el certamen al cierre exacto de la fase de grupos.

Se trata de una media propia de un torneo con muchos partidos desequilibrados en la primera fase y en los recientes 'play-offs' de julio, donde hubo amplias diferencias globales como el 8-3 del Santos brasileño sobre Universidad Central de Venezuela o el 5-0 del Independiente Santa Fe colombiano ante Caracas.

Botafogo ha sido el equipo con mayor producción hasta los octavos, marcó 15 anotaciones en sus 6 partidos de la fase de grupos (Grupo E) y terminó líder absoluto con 16 de 18 puntos posibles.

Es, además, el único equipo de la fase de grupos con una diferencia positiva de gol de dos dígitos (10).

Por contra, el Blooming boliviano fue el más goleado de todo el proceso: encajó 17 en sus 6 partidos del Grupo H, incluido un 0-6 en su visita al Bragantino brasileño, y cerró su participación con apenas un punto y un saldo negativo de 14 tantos, el peor de los 32 equipos de esta instancia.

Muy cerca quedó otra formación boliviana: Independiente Petrolero con 15 goles encajados y sin puntos en el Grupo E.

La clasificación de goleadores está encabezada por el colombiano de Millonarios Rodrigo Contreras, quien marcó 5 entre la primera fase y la de grupos. Lo siguen con 4 el brasileño del Santos Gabriel Barbosa 'Gabigol' y el peruano de Cienciano Christofer Garcés.

Contreras y 'Gabigol' lideraron el ataque de equipos que, sin embargo, no lograron el objetivo máximo. El equipo bogotano cayó en fase de grupos al terminar en el tercer puesto, y Santos debió someterse al examen de la repesca antes de confirmar su continuidad.

El caso más resonante de la Copa Sudamericana 2026 fue la salida de Gustavo Costas de Racing Club de Avellaneda. El entrenador, ídolo tras haber conquistado la edición 2024 de la Sudamericana y la Recopa 2025, fue destituido apenas se confirmó la eliminación de la Academia en la fase de grupos.

El actual torneo resultó para el olvido en muchos sectores.

La eliminación de Lanús, último campeón, ha dejado en arenas movedizas al entrenador Mauricio Pellegrino. El equipo accedió a la Sudamericana 2026 tras terminar tercero en su grupo de la Copa Libertadores, pero cayó en la repesca ante Cienciano por un global de 2-4 y pese a haber ganado en casa por 2-0 el partido de ida.

La remontada peruana en la altitud de Cusco terminó por completo con las aspiraciones del campeón de sumar otro título.

Gremio, otra entidad de raigambre en el fútbol brasileño, quedó eliminado por Bolívar en el repechaje por un global de 2-4.

El caso ya conocido de Racing Club de Avellaneda, con Copa Sudamericana 2024 y Recopa 2025, ha precipitado un cambio de era a partir de la salida de un entrenador querido por los hinchas.

11.08    Boca Juniors (ARG) vs. Recoleta (PAR)

11.08   Bolívar (BOL) vs. Sao Paulo (BRA)

12.08    Bragantino (BRA) vs. Atlético Mineiro (BRA)

12.08    Tigre (ARG) vs. Montevideo City Torque (URU)

12.08    Independiente Santa Fe (COL) vs. River Plate (ARG)

13.08    Santos (BRA) vs. Macará (ECU)

13.08    Vasco da Gama (BRA) vs. Olimpia (PAR)

13.08    Cienciano (PER) vs. Botafogo (BRA)",https://www.vision360.bo/noticias/2026/08/10/62107-sorpresas-decepciones-y-el-balance-de-un-torneo-que-entra-en-la-recta-final
Visión 360,2026-08-10,•Internacional,Los octavos de final: una lucha de encopetados campeones con desafiantes ambiciosos,"EFE

La edición 67 de la Copa Libertadores regresa tras una pausa por el Mundial con unos octavos de final en los que siete clubes campeones y nueve aspirantes ambiciosos de levantar su primer trofeo tratarán de hacerse un espacio en la próxima fase.

Fluminense, Estudiantes de La Plata, Palmeiras, Cruzeiro, Flamengo, Liga de Quito y Corinthians lucharán junto a Independiente Rivadavia, Universidad Católica, Deportes Tolima, Independiente del Valle, Platense, Coquimbo Unido, Cerro Porteño, Mirassol y Rosario Central por el paso a los cuartos de final, con la mira puesta en la final del 28 de noviembre en Montevideo.

Después de 126 partidos desde las rondas primarias de eliminación, en los que se anotaron 276 goles para un promedio de 2,19 por encuentro, la Copa Libertadores llega a una fase en la que los brasileños, con cinco representantes, vuelven a mostrarse como los grandes opcionados a llevarse de nuevo el máximo trofeo del fútbol sudamericano.

En la Copa Libertadores 2026 se ha dado la particularidad de que tres equipos debutantes han llegado a una etapa tan avanzada como los octavos de final.

El de mejor desempeño de ellos es el Independiente Rivadavia argentino que, de la mano de Alfredo Berti en la banca y con un Álex Arce imparable de cara a las redes contrarias (es el máximo goleador del torneo con ocho tantos), lideró con autoridad el grupo C con 16 puntos, ocho por encima de Fluminense, su rival en la próxima fase.

Otra de las figuras del equipo mendocino en lo que va corrido del torneo fue el colombiano Sebastián Villa, quien anotó tres goles en la etapa de grupos, pero, en medio del parón por el Mundial, el extremo regresó a las filas del Boca Juniors, luego de haber jugado en el Xeneize entre 2018 y 2023.

La otra revelación argentina es Platense, que pasó a los octavos de final como segundo del grupo E, por detrás de Corinthians.

El Calamar, como es conocido el club argentino en el que se formó David Trezeguet, basa su fortaleza en el colectivo, en el que sobresalen jugadores como el centrocampista Franco Zapiola (autor de los dos goles de su equipo en la victoria 0-2 ante el Timao en el último partido de la fase de grupos en Sao Paulo), el delantero Guido Mainero y el zaguero Ignacio Vásquez.

Curiosamente, Platense hizo un viraje: tras un mal comienzo en el Clausura 2026, decidió dar por terminado su vínculo con el técnico Walter Zunino y lo reemplazó con Martín Palermo, quien ya lo había dirigido en 2023.

El Mirassol, que en una extraordinaria campaña conquistó el cuarto lugar del Brasileirao en 2025, ha demostrado en esta Copa que no es ave de un solo verano y logró avanzar hasta octavos tras empatar en doce puntos con la Liga de Quito en el grupo G.

El técnico Rafael Guanaes, responsable principal de esta gran andadura del ‘Leao Caipira’ (‘León Campesino’) del interior del estado de Sao Paulo, confía mucho en jugadores como el creativo Shaylon, el centrocampista Alesson y el delantero paraguayo Antonio Galeano.

Si hablamos de poderío ofensivo ante las redes contrarias, tenemos que referirnos al paraguayo Alex Arce, autor de ocho de los quince goles del Independiente Rivadavia en lo que va del torneo.

Seis de esos ocho tantos se los endosó al Deportivo La Guaira venezolano. La primera tripleta fue el 30 de abril en la goleada 4-1 en Mendoza y la segunda fue en el 2-4 el 21 de mayo en Caracas.

A dos goles está su compatriota Carlos González Espínola, delantero del Independiente del Valle ecuatoriano, y con cuatro tantos los miran desde abajo Bruno Henrique Pinto, del Flamengo, y Matheus Pereira, del Cruzeiro.

Partidos de ida de los octavos

11.08     Fluminense (BRA) vs. Independiente Rivadavia (ARG)

11.08:    Estudiantes (ARG) vs. Universidad Católica (CHI)

11.08:    Deportes Tolima (COL) vs. Independiente del Valle (ECU)

12.08:    Platense (ARG) vs. Coquimbo Unido (CHI)

12.08:    Palmeiras (BRA) vs. Cerro Porteño (ARG)

12.08:    Cruzeiro (BRA) vs. Flamengo (BRA)

13.08:    Mirassol (BRA) vs. Liga de Quito (ECU)

13.08:    Rosario Central (ARG) vs. Corinthians (BRA)",https://www.vision360.bo/noticias/2026/08/10/62077-los-octavos-de-final-una-lucha-de-encopetados-campeones-con-desafiantes-ambiciosos
Visión 360,2026-08-10,•Opinión,Por una reforma constitucional que corrija la anomia de 2007,"Pasaron dos décadas desde aquella Asamblea Constituyente que prometió refundar el país y terminó aprobando un texto “apócrifo”. No fue escrito por los asambleístas; fue un injerto redactado en la opacidad del poder, un traje a la medida de un Leviatán que, creyéndose omnipotente, decidió ser empresario, socialista, banquero y tendero. Hoy, cuando la palabra “reforma constitucional” vuelve a pronunciarse con una ingenuidad que raya en lo irresponsable, es imperativo desempolvar la memoria y entender que la Constituyente estableció una matriz anómica dentro del sistema político.

Vi el fracaso desde adentro y lo documenté. Hoy lo digo con la certeza de un experto: uno de los errores más graves del apócrifo texto constitucional, fue la figura del Estado como eje del desarrollo económico. El Estado interventor en la economía no es sinónimo de justicia social, sino el vector más claro de anomia que hemos conocido y todo se gestó en un diseño erróneo desde un comienzo, al ver ingentes cantidades de dinero provenientes de la renta petrolera.

La anomia como legado

En 2007 no se redactó una carta magna; se legalizó una ficción. El texto aprobado declaraba un “Estado social de derechos” pero, en realidad, diseñaba un “Estado patrimonialista de facto”. Esa contradicción fundacional es la anomia en sentido estricto: un conjunto de normas que no ordenan la realidad, sino que la distorsionan para beneficio de una maquinaria política. La anomia no es ausencia de leyes, es la existencia de un sistema legal que nadie cumple porque el propio Estado las viola sistemáticamente al competir deslealmente, al quebrar empresas y al desproteger el mínimo sentido de ciudadanía.

Esa anomia ya estaba ahí, en el texto que los constituyentes no escribieron pero que se vieron obligados a aplaudir. Veinte años después, todo empeoró porque la economía y la estructura estatal siguen gobernadas por ese guion mitológico: intervenir, malgastar, corromper el poder público y perder la soberanía frente al narcotráfico y el crimen organizado.

La reforma no es achicar, es reordenar

El debate sobre el “tamaño del Estado” es pueril. Un Estado puede ser pequeño y déspota, o grande y ágil. La clave está en sus capacidades, y éstas dependen de su fisonomía interna. La reforma constitucional debe hacer dos cosas simultáneamente: a) alejar al Estado de la función empresarial directa, suprimiendo constitucionalmente su rol de productor de bienes y servicios en competencia con los ciudadanos y b) garantizar un robusto blindaje institucional para la regulación y el reordenamiento estatal.

Es un nuevo paradigma: la Constitución ya no debe ser la llave para que el Estado haga todo, sino el código fuente de un Estado que sabe regular lo que no debe hacer. La regulación moderna requiere autonomía técnica, no sumisión al calendario electoral del partido de turno. Requiere superintendencias, financiamiento intocable y directores elegidos por concurso público, no por cuotas de poder. Eso es lo que jamás se resolvió en 2007, porque el objetivo no era ordenar, sino controlar, intimidar y hacer pasar por novedad, una Constitución que terminó llevando al país hacia un estancamiento lleno de ofertas populistas insostenibles.

Al evitar que el Estado asuma el peso de gestionar fábricas, hoteles, aerolíneas y medios de comunicación, se liberan las capacidades reales para lo que sí es indelegable: planificar, fiscalizar, sancionar al infractor y redistribuir con inteligencia. Se pasa de un Estado musculoso pero incompetente, a un Estado esbelto con capacidad de arbitraje.

El cementerio de elefantes blancos

El artículo transitorio más importante de una nueva Constitución debería listar la eliminación y clausura total de, al menos, 25 empresas estatales. No fusionarlas, no “reestructurarlas” bajo el mismo manto político. Clausurarlas o liquidarlas. Son cadáveres económicos que parasitan el presupuesto general. Mantener empresas en quiebra, que sobreviven gracias a las transferencias del tesoro, es la definición exacta de anomia económica. Esa hemorragia de recursos es lo que impide pagar mejores salarios a médicos o maestros; es lo que confisca el ahorro nacional para alimentar la ineficiencia.

El cementerio de elefantes blancos no es un fracaso accidental del modelo; es su producto inevitable. Al mantenerlos con respiración artificial, el Estado corroe su propio ordenamiento jurídico, porque debe violar la Ley del Presupuesto, la Ley de Empresas Públicas y los contratos colectivos para mantener ese artificio. Una reforma que no los ejecute es una reforma que chocará contra la pared.

Un Estado que se respete a sí mismo

El país no se enfrenta únicamente a una crisis económica, se enfrenta a un proceso de descomposición institucional muy profundo: el Estado anómico donde se constata que, al no poder cumplir sus propias leyes, deja de creer en ellas. Un Estado que no puede pagar sus deudas a proveedores, que no puede sostener sus propias empresas, que no puede garantizar certeza jurídica porque es el primer violador de contratos, es un Estado que se disuelve en la nada. Para detener esa tendencia hacia la “disolución”, la Constitución debe ser un acto de corrección y un pacto de realidad. Debe prohibir expresamente que el Ejecutivo sea accionista mayoritario en sectores no estratégicos definidos con precisión.

Se debería crear un Tribunal de Liquidación de Empresas Públicas con mandato constitucional, blindado frente a acciones de amparo y huelgas de hambre extorsivas, que ejecute el cierre técnico y evite la reinserción laboral de sus empleados ineficientes. El tamaño del Estado no se mide por el número de empleados públicos, sino por la densidad de sus capacidades, por su honestidad y calidad de sus fortalezas reguladoras, de recaudación y de protección social efectiva.

El fracaso de 2007 fue haber escrito un texto para un país mítico, rico y omnipotente. Hoy necesitamos un texto para un país real, herido, que debe elegir entre seguir alimentando a sus verdugos empresariales o reconstruir un aparato estatal donde las reglas signifiquen algo. Evitar que el Estado vuelva a intervenir en la economía no es un acto neoliberal, es un acto fundacional de salud pública institucional. Es la única forma de sacarlo del atolladero de la anomia y devolverle su único poder legítimo: hacer cumplir la ley para que el mismo Estado se vea obligado a obedecerla.",https://www.vision360.bo/noticias/2026/08/10/62056-por-una-reforma-constitucional-que-corrija-la-anomia-de-2007
Visión 360,2026-08-10,•Opinión,La salud boliviana tiene dueños que nadie eligió,"Bolivia tiene una enfermedad: la captura de instituciones por grupos que aprendieron a convertir las debilidades del Estado en espacios de poder. En salud, el problema resulta grave porque el fracaso no se mide solamente en balances. Se mide en pacientes que esperan, diagnósticos que se retrasan, equipos que no funcionan y familias que descubren demasiado tarde que el hospital público no estaba preparado.

El argumento de que a la salud boliviana le falta dinero ya no alcanza para explicar todo. Sin embargo, miles de ciudadanos siguen encontrando servicios saturados y una burocracia con más respuestas para justificar problemas que para resolverlos. La pregunta es incómoda: ¿quién controla realmente las decisiones dentro del sistema sanitario?

No hace falta imaginar una conspiración para encontrar el problema. Basta observar cómo funcionan algunas instituciones cuando el poder se concentra, los controles se debilitan y las responsabilidades se reparten entre demasiados actores. Ministerio de Salud, SEDES, municipios, cajas, hospitales, sindicatos y organizaciones profesionales tienen competencias distintas. En ese laberinto aparecen espacios donde las decisiones dejan de responder a normas y dependen de contactos, favores, presiones o acuerdos.

La Caja Nacional de Salud ofrece episodios que deberían haber provocado una discusión mucho mayor. En 2023, el Ministerio de Salud denunció una presunta red en la regional Cochabamba que habría ofrecido ítems y contratos, con cobros de hasta 3.000 dólares por cargos de enfermería. Una denuncia no es una sentencia. Si un puesto público puede convertirse en mercancía, el problema ya no es solamente moral: es institucional.

En 2025 apareció otro dato difícil de ignorar. La Procuraduría informó una sentencia contra dos funcionarios de la CNS por una compra irregular de equipamiento para un hospital de El Alto, con un daño económico reportado de 54,37 millones de bolivianos. Cuando las denuncias se repiten en contratación, compras y administración, la pregunta cambia. Ya no se trata de saber quién cometió una irregularidad, sino por qué los controles permitieron que ocurriera. Una institución que no controla termina pagando dos veces: con dinero y con credibilidad.

Algo parecido sucede con la formación de especialistas. Cada plaza implica años de estudio y debería resolverse con conocimiento y méritos. Sin embargo, las dudas sobre los procesos de admisión fueron suficientes para introducir controles adicionales. En 2025 se acordó una auditoría externa en La Paz y para 2026 el Ministerio optó por recurrir a una evaluación externa. Cuando el mérito necesita vigilancia extraordinaria, la confianza ya sufrió un golpe. y recuperarla resulta más difícil.

El problema surge cuando la movilización condiciona designaciones, permanencias o decisiones administrativas. Un sindicato puede negociar salarios y condiciones laborales, pero no convertirse en una oficina paralela de recursos humanos. Cuando una institución necesita su visto bueno para funcionar, la autoridad formal pierde relevancia. Y cuando la autoridad se vuelve decorativa, alguien más está tomando las decisiones.

Las organizaciones profesionales tampoco están fuera de esta discusión. Lo que no puede aceptarse es que la pertenencia a una red, una amistad o un padrinazgo pese más que la preparación. Un especialista debería competir por una plaza con sus credenciales, no con su agenda telefónica. Si los jóvenes concluyen que estudiar importa menos que tener contactos, el daño afecta la cultura profesional. Y una cultura basada en favores termina deteriorando también la calidad de la atención.

La infraestructura cuenta otra historia. Inaugurar un hospital produce fotografías, discursos y placas. Hacerlo funcionar es mucho menos vistoso. La Contraloría reportó en 2026 que el Hospital Gíneco-Obstétrico y Neonatal de Sucre utilizaba apenas 37,16% de su capacidad instalada en ginecología, 14,11% en neonatología y 38,53% en genética. ¿Cómo se explica esa diferencia entre lo construido y lo utilizado? Porque un hospital vacío o subutilizado también representa dinero público que no está produciendo el servicio esperado.

También existe un conflicto que exige reglas claras: el vínculo entre empleo público y actividad privada. El problema surge cuando un cargo financiado por contribuyentes se utiliza para captar pacientes, favorecer negocios o derivar demanda hacia servicios particulares. El hospital público no puede convertirse en antesala del negocio privado. Cuando desaparece esa frontera, el interés particular sustituye al servicio público y el costo termina recayendo sobre el ciudadano.

Por eso el problema no son los médicos, las enfermeras, los funcionarios, los sindicatos ni los proveedores como categorías. El problema aparece cuando cualquiera de esos grupos logra comportarse como propietario de una institución que pertenece a todos. Ahí nace la camarilla: cuando las reglas dejan de ordenar y las redes deciden quién entra, quién permanece, quién compra, quién contrata y quién obtiene ventajas. La institución conserva un organigrama, pero el poder real circula por otro lado.

Bolivia debería evaluar su política sanitaria por sus resultados, no por hospitales inaugurados ni presupuesto ejecutado. Importa cuánto espera un paciente, qué equipos funcionan, cuántas plazas se asignan por mérito y qué resultados obtiene cada hospital. Cambiar autoridades tras cada escándalo sirve poco si las reglas permanecen intactas. Las personas pasan, pero las redes permanecen. Y esas redes entienden algo que muchas autoridades aún ignoran: el poder puede sobrevivir a quienes ocupan los cargos.

La verdadera tragedia es normalizar el fracaso sanitario. Mientras las redes conserven poder, los escándalos serán pasajeros y cambiar autoridades resultará insuficiente. El paciente seguirá esperando, los recursos continuarán perdiéndose y las instituciones responderán más a intereses internos que a las necesidades ciudadanas. Cuando las redes sustituyen las reglas, el sistema deja de servir al ciudadano y termina protegiéndose a sí mismo.",https://www.vision360.bo/noticias/2026/08/10/62053-la-salud-boliviana-tiene-duenos-que-nadie-eligio
Visión 360,2026-08-10,•Opinión,Neoconstitucionalismo: cuando los jueces están por encima de las leyes,"La Constitución Política del Estado Plurinacional de Bolivia no nació del vacío ni de la mera especulación académica. Se inscribe en la corriente del neoconstitucionalismo, un movimiento que emergió en la posguerra como reacción al formalismo jurídico que, en nombre de la ley, legitimó las atrocidades del nazismo y otros totalitarismos. Aquella experiencia demostró que la legalidad positiva no agota la legitimidad del orden jurídico, y que existen principios éticos y derechos fundamentales que deben prevalecer incluso frente a la norma estatal. De allí surgió la convicción de que los jueces, al aplicar el derecho, no pueden desentenderse de la justicia material ni de los valores que sustentan la convivencia democrática.

Sin embargo, al llegar a América Latina, esta doctrina experimentó una metamorfosis profunda. El neoconstitucionalismo latinoamericano se desarrolló menos como una teoría jurídica rigurosa y más como una respuesta política al modelo neoliberal, al que se atribuía la persistencia de la pobreza, la desigualdad y la exclusión. Su propuesta fue radical: trasladar la soberanía del parlamento al pueblo, ampliar el catálogo de derechos hasta incluir dimensiones ambientales, indígenas y plurinacionales, y conferir a los tribunales un papel protagónico en la definición de derechos y en la resolución de conflictos. En este nuevo esquema, la jurisprudencia dejó de ser una fuente secundaria para convertirse en creadora directa de derechos, y los jueces pasaron de ser meros «legisladores negativos» —encargados de expulsar normas inconstitucionales del ordenamiento— a auténticos hacedores de derecho positivo, incluso mediante el control de convencionalidad. El fallo de la Corte Interamericana en el caso Barrios Altos, que declaró inaplicable una ley de amnistía peruana para evitar la impunidad de crímenes de lesa humanidad, se erigió en símbolo de esta nueva mentalidad judicial.

En Bolivia, el neoconstitucionalismo alcanzó su máxima expresión en la Carta Magna vigente, concebida como respuesta a una histórica demanda de inclusión de los pueblos indígenas, cuya expresión más temprana fue la Primera Gran Marcha Indígena de 1990. A más de diecisiete años de su entrada en vigor, corresponde realizar un balance crítico y sereno, no solo de sus intenciones, sino de sus efectos institucionales y de su capacidad para garantizar seguridad jurídica, equilibrio de poderes y derechos efectivos.

Uno de los aspectos más controvertidos es la tensión entre la certidumbre de la ley y el creciente poder de los jueces. El Tribunal Constitucional boliviano ha adquirido facultades prácticamente ilimitadas para determinar la vigencia, interpretación o inaplicación de las normas. El problema no es el control constitucional en sí —indispensable en un Estado de derecho—, sino la ausencia de límites claros a esa función, que termina invadiendo competencias propias del legislador. En la práctica, se ha llegado a situaciones en las que los jueces han creado auténticas leyes por encima y a pesar del poder legislativo. Este fenómeno no es una anomalía ocasional, sino una tendencia sistemática que convierte a los magistrados en una suerte de super legisladores, situados por encima de las leyes que deberían aplicar.

Esta situación se agrava por la profusión de principios, valores y conceptos abiertos, ambiguos y hasta contradictorios en el texto constitucional, que otorgan a los magistrados un margen de ponderación excesivamente amplio, subjetivo y, en no pocos casos, ideologizado. Cuando faltan criterios objetivos y verificables, las decisiones judiciales pueden quedar condicionadas por afinidades políticas, concepciones morales particulares o incluso por la reputación dudosa de algunos operadores de justicia. El resultado es una creciente imprevisibilidad que erosiona la seguridad jurídica, distorsiona el espíritu de las leyes y genera un clima de desconfianza en las instituciones. La ciudadanía no sabe a ciencia cierta qué normas serán aplicadas mañana, porque un puñado de jueces puede decidir, sin más control que su propia conciencia, qué derechos prevalecen y cuáles quedan subordinados.

Hoy existe un consenso generalizado sobre la necesidad de modificar la Constitución. Una reforma de esta envergadura debe redefinir la relación entre Estado y mercado, admitiendo una mayor participación privada en el desarrollo económico, sin que ello implique desmantelar las responsabilidades estatales en áreas esenciales como la salud, la educación, la justicia o la protección social. El desafío es superar una orientación ideológica cerrada, que concibe al Estado como regulador omnímodo, sin renunciar a sus deberes fundamentales.

Pero reformar no significa partir de cero ni desechar todo el texto constitucional. Sería un error sistemático convertir la crítica en negación absoluta, como si la Carta Magna fuera desechable de principio a fin. Una revisión seria exige distinguir entre lo que debe modificarse, lo que necesita precisión y lo que merece preservarse. La reforma no debe ser una revancha política ni un mero relevo ideológico al servicio de un grupo, sino un proceso orientado a construir reglas más claras, instituciones equilibradas y derechos efectivamente garantizados.

El objetivo último debe ser establecer un marco institucional que concilie democracia y Estado de derecho, soberanía popular y límites al poder, protección de derechos y seguridad jurídica. La Constitución debe ser, ante todo, una garantía frente al poder, incluido el de las mayorías, el Ejecutivo, el Legislativo y, también, el de los jueces. Para ello, resulta imprescindible establecer mecanismos objetivos que acoten la discrecionalidad judicial, definan con claridad los criterios de interpretación constitucional y aseguren que los magistrados respondan ante la ley y no ante sus propias convicciones políticas o morales.

Después de más de diecisiete años, Bolivia tiene la oportunidad de realizar esta evaluación con rigor. La discusión constitucional no debería reducirse a quién redactará el próximo texto, sino a qué reglas necesita el país para asegurar libertad, inclusión, desarrollo, justicia y estabilidad. Reformar con criterio significa conservar los avances y conquistas sociales, corregir las deficiencias y moderar los excesos para devolver la certidumbre jurídica a la vida nacional. Solo así el constitucionalismo podrá cumplir su promesa de ser un escudo frente al arbitrio y no una fuente de incertidumbre. La pregunta que queda en el aire, y que ningún demócrata puede eludir, es esta: si los jueces están por encima de las leyes, ¿quién controla a los controladores?",https://www.vision360.bo/noticias/2026/08/10/62050-neoconstitucionalismo-cuando-los-jueces-estan-por-encima-de-las-leyes
Visión 360,2026-08-10,•Matices,Eclipses totales de Sol: cinco curiosidades y aspectos fascinantes,"EFE / Madrid

Todo gran acontecimiento, como el eclipse solar total del 12 de agosto que afecta a gran parte de España, está rodeado de aspectos fascinantes y curiosidades. ¿Con qué artefactos se predecían en la antigüedad estos fenómenos astronómicos? ¿Qué te pierdes si no estás en una zona de totalidad? ¿Algún día dejará de haber eclipses?

El mecanismo de Anticitera, construido en Grecia a mediados del siglo II antes de nuestra era, es la calculadora astronómica portátil más antigua que se conserva. Hecho de bronce, se usaba para predecir los eclipses, mantener un calendario preciso o calcular las fechas de seis certámenes de juegos griegos, como los de Olimpia.

Esta suerte de ordenador analógico fue recuperado del Egeo en 1900, entre los restos de un naufragio, y se conserva en 82 fragmentos. Hubo que esperar hasta este siglo para descifrar el funcionamiento del Mecanismo, del que se han hecho reproducciones.

El original estaría formado por una caja de madera de 33 centímetros de alto y 18 de ancho con dos círculos, uno para el zodiaco y otro para el calendario. Una manivela lateral ponía en funcionamiento una treintena de engranajes sobre diez ejes que accionan dos agujas (Sol y Luna) para fijar la posición de esos astros respecto a la Tierra cada día del año.

Conservado en el Museo Arqueológico Nacional de Atenas, el artilugio es, sin desdoro de Indiana Jones, el protagonista de la última entrega de la saga: ""El dial del destino"" (2023), en la que el arqueólogo más intrépido debe reunir las piezas del 'dial de Arquímedes', inspirado en el mecanismo de Anticitera.

Las aproximaciones no son suficientes cuando se trata de un eclipse de Sol. Aunque siempre es un espectáculo fascinante, un simple 0,1 % marca una gran diferencia: la que hay entre parcial y total.

Solo si la Luna tapa todo el Sol aparece alrededor un halo blanquecino, que es su atmósfera exterior y se llama corona. Si el eclipse es parcial, incluso al 99,9 %, la parte aún visible de luz solar es miles de veces más brillante que la corona y no se ve.

Cuando el Sol hace fundido total a negro se produce una disminución muy brusca de la luz, como un atardecer muy tardío ya casi noche, acompañado de un descenso brusco de la temperatura y cambios en el viento.

Además, hay efectos que se producen justo antes de la totalidad y que están reservados para los eclipses al 100 %, como el anillo de diamante, causado por el último rayo de Sol, o las perlas de Baily, unos puntos que surgen en el borde de nuestro satélite por la luz que pasa entre las montañas lunares.

Aunque el 12 de agosto el protagonista es el eclipse, será una larga noche para los aficionados al cielo que vivan en el hemisferio norte, porque cuando caiga la oscuridad empezará uno de los fenómenos más esperados de cada verano, la lluvia de estrellas de las perseidas, que alcanzará su máximo de actividad.

En una noche de luna nueva, lo suficientemente oscura como para facilitar la observación, las estrella fugaces empezarán a cruzar el firmamento y este año será, según la web de la NASA, ""una de las mejores lluvias de estrellas del hemisferio norte"".

""Vivimos en un período privilegiado de la historia del Sistema Solar"". En el pasado muy remoto los eclipses totales eran aún más largos que los de hoy; pero nuestros descendientes, dentro de unos 600 millones de años, ya no podrán ver ninguno, explica a EFE el presidente de la Comisión española Científica del Trío de Eclipses y director Observatorio Astronómico Nacional, Rafael Bachiller.

La Luna se aleja actualmente de la Tierra a un ritmo medio de unos 3,8 centímetros por año, es ""un movimiento lentísimo -la anchura de dos dedos cada año-, pero constante a escala astronómica"" y, conforme aumenta la distancia, el disco lunar va apareciendo ligeramente más pequeño en nuestro cielo.

Así, llegará un momento en que, incluso cuando la Luna esté en el punto más cercano de su órbita (perigeo) y la Tierra en el más alejado del Sol (afelio), el diámetro aparente del disco lunar no bastará para ocultar completamente el solar. Entonces desaparecerán para siempre los eclipses totales de Sol y solo habrá anulares.

""Creo que es una idea que invita a reflexionar. Solemos pensar que los eclipses son fenómenos eternos"", pero la coincidencia de que el Sol y la Luna presenten tamaños aparentes casi idénticos en nuestro cielo no responde a ninguna ley física; ""es una casualidad geométrica muy extraordinaria"".",https://www.vision360.bo/noticias/2026/08/10/62074-eclipses-totales-de-sol-cinco-curiosidades-y-aspectos-fascinantes
Visión 360,2026-08-10,•Mundo,"De la Espriella visita el Chocó, donde tuvo su epicentro el terremoto que deja 111 muertos","EFE / Bogotá

El presidente de Colombia, Abelardo de la Espriella, visitó este lunes Quibdó, capital del departamento del Chocó y epicentro del terremoto de magnitud 7,4 que sacudió el centro y oeste del país y que deja al menos 111 muertos y cientos de heridos. ""El Chocó tiene un lugar especial en mi corazón porque ha sido un departamento abandonado. Y yo, como abogado que soy, tengo un alto sentido de lo justo y se ha cometido una injusticia con el Chocó durante muchos años y es momento de que esa injusticia termine"", expresó el mandatario acompañado de la gobernadora de ese departamento, Nubia Carolina Córdoba-Curi. Según De la Espriella, en el Chocó, uno de los departamentos más pobres del país, hay 13 fallecidos, 119 heridos y cinco personas desaparecidas. Durante su visita, el jefe de Estado se comprometió a realizar un encuentro regional con todo su Gobierno para evaluar las necesidades de los municipios afectados y aseguró que ya están disponibles los recursos económicos para atender la emergencia. Tras su declaración, el mandatario anunció que viajará a Cali, capital del departamento del Valle del Cauca y una de las ciudades más afectadas por el terremoto. El terremoto, de magnitud 7,4 según el Servicio Geológico Colombiano (SGC), se sintió a las 07:34 hora local (12:34 GMT) y tuvo su epicentro en el municipio de San José del Palmar, en el Chocó, a una profundidad de 103 kilómetros, y provocó daños en buena parte del centro y occidente del país. San José del Palmar limita al oeste con los departamentos de Risaralda y Valle del Cauca, y por eso el terremoto causó grandes daños en Pereira y Cali, las capitales de esas dos regiones, respectivamente. El balance nacional que había divulgado previamente el Gobierno era de 111 fallecidos, 87 heridos, 1.575 viviendas dañadas, 37 completamente destruidas y 61 edificios colapsados. De la Espriella no actualizó esas cifras durante su visita al Chocó.",https://www.vision360.bo/noticias/2026/08/10/62203-de-la-espriella-visita-el-choco-donde-tuvo-su-epicentro-el-terremoto-que-deja-111-muertos
Visión 360,2026-08-10,•Mundo,Ejército colombiano despliega más de 180 rescatistas para buscar víctimas entre escombros,"EFE / Bogotá

El Ejército colombiano desplegó más de 180 rescatistas para buscar a personas que hayan quedado bajo los escombros de los edificios afectados por el terremoto de magnitud 7,4 que sacudió el centro y oeste de Colombia este lunes y que ya ha dejado al menos 111 fallecidos, según el último balance del Gobierno. ""Son 180 soldados, distribuidos en cinco pelotones de 36 integrantes cada uno, que serán movilizados desde (las bases militares de) Bogotá y Tolemaida hacia las zonas priorizadas de acuerdo con los reportes de afectaciones y los requerimientos de las autoridades y organismos de socorro"", aseguró el Ejército en un comunicado. De los cinco pelotones, tres están destinados a la zona cafetera del país, una de las más afectadas por el terremoto; otro irá al departamento del Chocó, epicentro del sismo en la región pacífica; y el otro restante irá a Cali, capital del departamento de Valle del Cauca que registra al menos 15 muertos y 380 heridos. Los equipos de rescate cuentan con drones, cámaras térmicas, sensores de movimiento, trípodes, camillas, canastillas y herramientas para la remoción de escombros, agregó la institución. El terremoto, de magnitud 7,4 según el Servicio Geológico Colombiano (SGC), se sintió a las 07:34 hora local (12:34 GMT) y tuvo su epicentro en el municipio de San José del Palmar, en el Chocó, a una profundidad de 103 kilómetros, y provocó daños en buena parte del centro y occidente del país. Hasta ahora, el reporte de daños es de 111 fallecidos, 87 heridos, 1.575 viviendas dañadas, 37 completamente destruidas y 61 edificios colapsados, según dijo el presidente colombiano, Abelardo De la Espriella, en su primera declaración pública tras el terremoto en Bogotá.",https://www.vision360.bo/noticias/2026/08/10/62188-ejercito-colombiano-despliega-mas-de-180-rescatistas-para-buscar-victimas-entre-escombros
Visión 360,2026-08-10,•Mundo,Diosdado Cabello dice que los cortes eléctricos en Venezuela se relacionan con los sismos,"EFE / Caracas

El secretario general del gobernante Partido Socialista Unido de Venezuela (PSUV), Diosdado Cabello, indicó este lunes que los cortes eléctricos que afectan gran parte del territorio nacional se deben a los sismos del pasado 24 de junio y al fenómeno climático de El Niño. Durante la rueda de prensa semanal del partido, Cabello cuestionó que haya personas que nieguen que los sismos de magnitud 7,2 y 7,5 causen efectos en el Sistema Eléctrico Nacional (SEN). ""Claro que sí"", dijo al señalar que ""solo en el centro del país"" se dañaron infraestructuras que hicieron perder ""600 megavatios"". ""¿Cómo tú recuperas 600 megavatios? ¿Por qué, te pusiste a pensar? No, no, hay que hacer el trabajo"", añadió. El también ministro de Interior aseguró que la estatal Corporación Eléctrica (Corpoelec) trabaja para mejorar el sistema eléctrico. En ese sentido, destacó los acuerdos alcanzados con otras empresas y ""el esfuerzo"" que el Gobierno está haciendo para atender el tema. Venezuela sufre desde hace años fallos en el suministro eléctrico, de las que el chavismo ha responsabilizado a las sanciones extranjeras, mientras que la oposición y expertos aseguran que es el resultado de la corrupción y la falta de mantenimiento. Los apagones pueden llegar a prolongarse hasta por seis horas en distintas regiones del país. El pasado 2 de agosto, la presidenta encargada, Delcy Rodríguez, pidió al país ahorrar luz y agua ante el fenómeno climático del 'Superniño', como se conoce coloquialmente a un episodio de El Niño de gran intensidad, y anunció un plan para sumar 4.800 megavatios (MW) al sistema eléctrico en lo que queda de año. La mandataria dijo entonces que pidió ""planes específicos"" para afrontar el incremento de las temperaturas y la reducción de las fuentes hídricas, con miras a incorporar 4.800 MW a la generación termoeléctrica. El sábado, Rodríguez designó a Juan Crisóstomo Fernández como nuevo presidente de Corpoelec para reforzar al equipo encargado de levantar el sistema eléctrico.",https://www.vision360.bo/noticias/2026/08/10/62185-diosdado-cabello-dice-que-los-cortes-electricos-en-venezuela-se-relacionan-con-los-sismos
Visión 360,2026-08-10,•Mundo,"El terremoto en Colombia deja al menos 111 muertos y 87 heridos, según el presidente","EFE / Bogotá

El presidente de Colombia, Abelardo de la Espriella, afirmó que el terremoto de magnitud 7,4 que sacudió este lunes la mayor parte del país, deja una cifra parcial de 111 fallecidos y una gran destrucción en al menos cinco departamentos. ""A las 12:30 (17:30 GMT) teníamos 111 fallecidos, 87 heridos, 1.575 viviendas averiadas, 37 completamente destruidas, 61 edificios colapsados, 18 centros de salud y 52 centros educativos averiados"", dijo De la Espriella en Bogotá, en su primera declaración pública tras el terremoto, en la que declaró el ""desastre nacional"" en todo el país. El mandatario añadió que 18 carreteras resultaron afectadas por el temblor, así como siete aeropuertos -Pereira, Manizales, Quibdó, Armenia, Cartago, Cali y Buenaventura-, que sufrieron daños en su infraestructura y permanecen cerrados y sin operación para vuelos comerciales. De la Espriella viajará esta tarde a Quibdó, capital del Chocó, departamento en el que fue el epicentro del terremoto, para atender ""personalmente"" la emergencia, mientras que otros miembros de su gabinete se desplazarán al departamento del Valle del Cauca y al Eje Cafetero, las zonas más afectadas por el sismo. ""Lo primero es el rescate de las personas que se encuentran bajo los escombros. Esa es la prioridad"", afirmó el mandatario, que está en su tercer día de Gobierno tras haber asumido el cargo el pasado viernes, 7 de agosto. El terremoto, de magnitud 7,4 según el Servicio Geológico Colombiano (SGC), se sintió a las 07:34 hora local (12:34 GMT) y tuvo su epicentro en el municipio de San José del Palmar, en el Chocó, a una profundidad de 82 kilómetros, y provocó daños en buena parte del centro y occidente del país.",https://www.vision360.bo/noticias/2026/08/10/62173-el-terremoto-en-colombia-deja-al-menos-111-muertos-y-87-heridos-segun-el-presidente
Visión 360,2026-08-10,•Mundo,"Colombia declara ""desastre nacional"" por terremoto que deja más de 70 muertos","EFE / Bogotá

El Gobierno colombiano declaró este lunes la situación de ""desastre nacional"" por el terremoto de magnitud 7,4 que deja al menos 71 personas fallecidas en el país, 29 de ellas en ciudades capitales, y decenas de edificios derrumbados, principalmente en la región cafetera y en el suroeste.

La mayor cantidad de fallecidos se registra en el departamento de Risaralda, donde hay 40 muertos, seguido por 27 fallecidos en el Valle del Cauca y cuatro en el Chocó, epicentro del terremoto, señaló la Asociación Colombiana de Ciudades Capitales (Asocapitales) tras participar en un comité extraordinario de desastres liderado por el presidente colombiano, Abelardo de la Espriella.

Pereira, Cali, Manizales, Quibdó y Armenia concentran las situaciones más críticas, con personas fallecidas, heridas y atrapadas, así como edificios colapsados y afectaciones en infraestructura hospitalaria, aeropuertos, servicios públicos y sistemas de transporte.

""En el departamento del Valle del Cauca (...) tenemos más o menos 27 personas fallecidas"", expresó la gobernadora regional, Dilian Francisca Toro, a periodistas.

Toro explicó que en el Hospital Universitario de Cali, ciudad de la que aún no hay cifras de fallecidos, se produjo el colapso de algunas áreas y hay personas atrapadas, por lo que bomberos y el Ejército trabajan en las labores de rescate y evacuación.

""Tenemos destrucción de casas, de edificios en todos los municipios del Valle del Cauca"", aseguró Toro, quien calificó de ""seria"" la situación en el departamento y señaló que cerca del 80 % de las edificaciones del municipio de El Cairo resultaron destruidas.

El terremoto ocurrió a las 7:34 hora local (12:34 GMT) de este lunes y tuvo como epicentro la localidad de San José del Palmar, en el departamento del Chocó, en la región del Pacífico, y a una profundidad de 82 kilómetros, según el Servicio Geológico Colombiano (SGC).",https://www.vision360.bo/noticias/2026/08/10/62143-colombia-declara-desastre-nacional-por-terremoto-que-deja-mas-de-70-muertos
Visión 360,2026-08-10,•Mundo,Ucrania se detiene un minuto cada día para recordar a sus muertos,"EFE / Leópolis (Ucrania)

Cada mañana a las 9:00 horas locales (7:00 GMT), el tráfico y el movimiento se detienen en las calles de Ucrania en un minuto de silencio celebrado como homenaje a las víctimas de la invasión rusa.

Los coches se paran en medio de la calle y muchos conductores se bajan para unirse a los transeúntes que se quedan quietos en sus sitios. Juntos recuerdan a las decenas de miles de civiles y soldados caídos en casi cuatro años y medio de guerra a gran escala y en los combates previos en el Dombás.

""Cuando me paro en la calle y todos los demás se paran a mi alrededor, siento una unidad increíble, además de esta gratitud a los héroes"", dijo a EFE Yulia Oliyar, una actriz que se convirtió en la coordinadora de esta iniciativa en Leópolis.

Aunque cada día la guerra añade nuevos nombres a la lista de víctimas, los rituales como el minuto de silencio diario buscan mantener viva la memoria colectiva de los muertos y hacer más soportable el dolor, canalizándolo hacia la acción.

""No se trata de lágrimas y dolor, odio y desesperación"", señaló Oliyar, en el Cementerio Militar de Leópolis (oeste). ""Se trata sobre todo de amor"".

Para Oliyar, como para la mayoría de los ucranianos, homenajear a las víctimas es un acto profundamente personal. Durante el minuto de silencio, piensa en los amigos que murieron en combate, entre ellos el actor Andrí Sinishin, o Levko Kmit, el hermano de su íntima amiga María.

Oliyar apunta a los retratos que, en línea con la tradición ucraniana, adornan las tumbas de los soldados caídos. ""Muchos de ellos sonríen. Sí, han muerto, pero no se quedaron de brazos cruzados y actuaron conforme a sus valores"", argumentó.

Para ella, el minuto diario de silencio ""es un momento de disciplina que desplaza el foco desde los problemas de la vida cotidiana hacia la dirección correcta"" y recuerda a los ucranianos ""hacia dónde moverse"".

""Todas estas personas lucharon por la libertad, por nuestra independencia. Y debemos continuar su lucha"", subrayó.

El minuto de silencio diario a escala nacional fue establecido por decreto presidencial en marzo de 2022. Pero cobró un sentido más profundo y mayor seguimiento gracias a los esfuerzos de Irina Tsíbuj, una periodista y educadora que se unió al Ejército como sanitaria.

Antes de su muerte a los 25 años en mayo de 2024, Tsíbuj se esforzó por apoyar a las familias de los soldados caídos y abogó por un enfoque más personal del recuerdo, al subrayar que ""recordar es la responsabilidad de los vivos para con los muertos"".

Tras su muerte, su familia y amigos fundaron la iniciativa cívica ""Vshanui"" (Honor) y alentaron a la gente de todo el país a unirse al minuto diario celebrando actos conmemorativos en cruces concurridos y en plazas centrales.

La práctica se fue difundiendo gradualmente y en buena parte de Ucrania se mantiene sin recordatorios, cada vez más institucionalizada en esta nueva forma.

En febrero de 2026 el Parlamento ucraniano otorgó al minuto de silencio un estatus legal más completo y en mayo el Gobierno autorizó el uso del sistema de notificación de alertas antiaéreas para indicar el momento de inicio.

La conmemoración adopta muchas otras formas. En los cementerios, los allegados y los amigos de los soldados dejan dulces favoritos o juguetes sobre las tumbas como gesto de cariño. Fotos de exalumnos caídos adornan las escuelas y se plantan árboles en su memoria.

También es un tema que se aborda con los niños, muchos de los cuales han perdido un progenitor.

""Explico a los niños que paralizamos todo nuestro trabajo durante un minuto porque los soldados, que ahora son ángeles guardianes, también tenían mucho trabajo que hacer, pero lo dejaron todo a un lado para protegernos"", suele decir, según Oliyar, una amiga que trabaja en una escuela infantil, Mariana Tijonka.

""El recuerdo es un proceso, igual que el amor o que la amistad. Y todos tenemos que aprender a hacerlo adecuadamente"", señaló.",https://www.vision360.bo/noticias/2026/08/10/62140-ucrania-se-detiene-un-minuto-cada-dia-para-recordar-a-sus-muertos
Visión 360,2026-08-10,•Mundo,Al menos 20 muertos en dos ciudades del centro de Colombia por el terremoto,"EFE / Bogotá

Al menos 20 personas murieron este lunes en Pereira y Manizales, dos ciudades del centro de Colombia, una de las zonas más afectadas por el terremoto de magnitud 7,4 que sacudió buena parte del territorio nacional, informaron las autoridades locales.

""Hasta el momento, llevamos nosotros registradas 18 personas muertas"" en Pereira, expresó el alcalde de esa ciudad, Mauricio Salazar, a la emisora Caracol Radio.

Por otro lado, el alcalde de Manizales, Jorge Eduardo Rojas Giraldo, capital del aledaño departamento de Caldas, aseguró que fallecieron al menos dos personas en esa ciudad.

""Hasta ahora registramos dos muertos"", aseguró el alcalde a la emisora colombiana Blu Radio, quien también informó de que entre 20 y 30 viviendas colapsaron en la ciudad, además de varias iglesias que sufrieron daños por el movimiento sísmico, y de que la Alcaldía ya habilitó tres albergues en diferentes zonas de la ciudad.

Los daños materiales en esa zona cafetera de Colombia incluyen el desprendimiento de parte del techo del Aeropuerto Internacional Matecaña de Pereira, que permanece cerrado, al igual que los de Manizales y Armenia, en la misma región, según informó la autoridad aeronáutica, así como afectaciones en iglesias y catedrales.

""Alcanzamos a llegar a sacar los abuelos. El apartamento quedó mal, el edificio está totalmente destruido"", dijo a EFE Johanna Ramírez, una habitante de Pereira que cuida a una pareja de ancianos.

Lee también: Un temblor de magnitud 7,4 sacude Colombia con graves daños materiales en varias ciudades

En videos difundidos tras el sismo se observa cómo el pico central de la iglesia de San José de Pereira se desprende, mientras varias personas que se encontraban en la calle se agarran a una motocicleta de la Policía y a otros elementos del entorno mientras son sacudidas por el temblor, en medio del caos y la confusión.

En otro video grabado en Pereira se observa cómo parte de la fachada de un hotel se desprende, al tiempo que la persona que registra las imágenes asegura que quienes se encontraban en el lugar están ""bien"".

El terremoto, de magnitud 7,4 según el Servicio Geológico Colombiano (SGC), tuvo como epicentro la localidad de San José del Palmar, en el departamento del Chocó, situado en la región del Pacífico, aunque la zona cafetera del centro del país fue una de las más afectadas por el sismo.",https://www.vision360.bo/noticias/2026/08/10/62125-al-menos-20-muertos-en-dos-ciudades-del-centro-de-colombia-por-el-terremoto
Visión 360,2026-08-10,•Mundo,"Un temblor de magnitud 7,4 sacude Colombia con graves daños materiales en varias ciudades","EFE / Bogotá

Un temblor de magnitud 7,4 sacudió este lunes gran parte de Colombia, según el Servicio Geológico Colombiano (SGC), y las autoridades informaron de daños en varias ciudades como Manizales, Cali y Pereira.

El SGC había informado inicialmente de que el terremoto había sido de magnitud 6,7, pero en otro boletín señaló que fue de 7,4.

El temblor se sintió a las 07:34 hora local (12:34 GMT) y tuvo como epicentro la localidad de San José del Palmar, en el departamento del Chocó, situado en la costa del Pacífico, a una profundidad de 82 kilómetros, indicó el SGC en un primer boletín.

Lee también: El tifón Dolphin deja más de 1,6 millones de evacuados y cancelaciones de vuelos en China

El sismo se sintió en Bogotá, Cali, Popayán, Manizales, Armenia, Pereira, Medellín y otras ciudades del centro y el oeste del país y en algunas de ellas hubo daños materiales.

En Cali y en Manizales se desprendieron parte de las fachadas de muchos edificios y en la segunda ciudad una de las torres de la catedral sufrió daños.

""Hay muchos edificios agrietados"", dijo el alcalde de Cali, Alejandro Eder, en declaraciones a la emisora Blu Radio, sin que hasta el momento se tenga información de víctimas.

Lee también: Los castores ayudan en República Checa a mitigar los efectos del cambio climático

En Pereira, capital del departamento de Risaralda, numerosas edificaciones sufrieron importantes daños en su estructura, entre ellas el aeropuerto, y algunas se derrumbaron parcialmente.

Por su parte, el alcalde de Bogotá, Carlos Fernando Galán, señaló que, de momento, ""no hay reporte de afectaciones ni daños estructurales, solo algunas grietas en edificios"".",https://www.vision360.bo/noticias/2026/08/10/62119-un-temblor-de-magnitud-7_4-sacude-colombia-con-graves-danos-materiales-en-varias-ciudades
Visión 360,2026-08-10,•Mundo,"El tifón Dolphin deja más de 1,6 millones de evacuados y cancelaciones de vuelos en China","EFE / Pekín

El tifón Dolphin ha dejado al menos 1,6 millones de evacuados preventivos y cientos de vuelos cancelados a su paso por el este de China, donde la megalópolis de Shanghái registró este lunes la mayor lluvia acumulada en 150 años tras el paso del ciclón, que ya se encuentra en proceso de debilitamiento.

Dolphin, el decimotercer tifón de la temporada según la nomenclatura china, tocó tierra hacia las 17:30 hora local del domingo (09:30 GMT) en la ciudad de Yuhuan, en Zhejiang, con vientos máximos de unos 151 kilómetros por hora, informó el Centro Meteorológico Nacional (NMC).

El sistema volvió a tocar tierra poco más de una hora después en la ciudad de Yueqing, también en Zhejiang, antes de avanzar hacia el interior y perder fuerza.

A las 13.00 hora local de este lunes (05.00 GMT), el centro de Dolphin se encontraba en la ciudad de Shangrao, provincia de Jiangxi, con vientos de 72 kilómetros por hora, ya como tormenta tropical.

Los balances disponibles elevan a más de 1,6 millones el número de desplazados preventivos, al sumar más de 900.000 traslados en Wenzhou y más de 390.000 en Taizhou, ambas ciudades en Zhejiang; otros 215.600 en Shanghái, y 167.900 en la provincia de Fujian, según datos difundidos por medios estatales.

En Zhejiang, con 64 millones de habitantes, las autoridades llegaron a activar el nivel máximo de alerta, con medidas de suspensión de trabajos, clases, negocios y transporte en zonas costeras, donde miles de embarcaciones fueron enviadas a refugio y se paralizaron rutas marítimas.

Las consecuencias fueron igualmente severas en la vecina ciudad de Shanghái, que desde el sábado experimentó fuertes lluvias y vientos, calles inundadas y canales en riesgo de desbordamiento.

Según el diario local Shanghai Daily, una céntrica estación meteorológica registró 312,9 milímetros de lluvia acumulada en 24 horas, lo que supondría el máximo en más de 150 años de registros, mientras que al otro lado del río Huangpu, que divide la ciudad, se habrían superado los 400 milímetros.

Además, el servicio de metro de la urbe se vio afectado con cuatro líneas suspendidas y otras funcionando parcialmente o con limitaciones de velocidad, mientras que el transporte acuático de pasajeros quedó paralizado, incluidos ferris urbanos y servicios turísticos.

El tráfico aéreo también se vio trastocado por el paso de Dolphin, con cientos de vuelos cancelados a lo largo del este de China.

Los dos principales aeropuertos de Shanghái, Pudong y Hongqiao, llegaron a operar este lunes con apenas un 1 % y un 2 % de normalidad, respectivamente, según la plataforma de seguimiento Feichangzhun. Aunque la situación mejoró a lo largo de la jornada hasta el 23 % y el 34 % de normalidad operativa, alrededor de 800 vuelos fueron cancelados en total.

Las alteraciones se extendieron a otros aeropuertos del este de China. En Ningbo, en la provincia de Zhejiang, Feichangzhun llegó a situar la normalidad operativa en el 46 % y contabilizaba 128 vuelos cancelados, mientras que en Wenzhou, también en Zhejiang y cerca de las zonas donde Dolphin tocó tierra el domingo, figuraron 75 vuelos anulados y cancelaciones ""a gran escala"".

El Centro Meteorológico Nacional rebajó este lunes su alerta por tifón a azul, aunque prevé que las lluvias fuertes y persistentes continúen hasta el miércoles en varias zonas del este y centro del país, en algunas de ellas acompañadas de tormentas eléctricas y vientos fuertes.

El tifón llegó en un verano marcado en China por lluvias torrenciales, riadas, deslizamientos y ciclones que han dejado decenas de muertos y evacuaciones preventivas de cientos de miles de personas en varias provincias.",https://www.vision360.bo/noticias/2026/08/10/62086-el-tifon-dolphin-deja-mas-de-1_6-millones-de-evacuados-y-cancelaciones-de-vuelos-en-china
Visión 360,2026-08-10,•Mundo,Doce muertos y ocho desaparecidos tras lluvias monzónicas y dos ciclones en Filipinas,"EFE / Bangkok

Las lluvias monzónicas y los dos ciclones tropicales que azotaron el norte de Filipinas en los últimos días, causando inundaciones y deslizamientos de tierra, han dejado 12 muertos y 8 desaparecidos, informaron este lunes las autoridades.

En una rueda de prensa para abordar los efectos de los temporales, difundida por la Oficina de Comunicaciones Presidenciales, el subsecretario de la Oficina de Defensa Civil (OCD), Laurence Mina, indicó que ""hay 12 muertos, 8 desaparecidos y 11 heridos"" a lo largo de la isla de Luzón (norte), la mayor y más poblada de Filipinas.

Los reportes de víctimas provienen de las regiones de Ilocos, Cordillera y Calabarzon, situadas respectivamente en el noroeste, centro-norte y sur de Luzón, afectada en los últimos días por los ciclones tropicales Luis y Maymay y el monzón del suroeste, un viento estacional responsable en parte de la temporada de lluvias en el archipiélago.

Lee también: Los castores ayudan en República Checa a mitigar los efectos del cambio climático

Según la información ofrecida por las autoridades, un total de 39,37 millones de pesos filipinos (unos 639.000 dólares estadounidenses o 560.000 euros) han sido distribuidos en suministros de socorro, así como más de 54.000 lotes de alimentos.

En paralelo, 3.841 efectivos de las Fuerzas Armadas, la Policía Nacional y la Guardia Costera han sido desplegados para posibles operaciones de búsqueda y rescate, con el apoyo de 14 aeronaves y una unidad naval.

La capitalina Manila y su área metropolitana, en el centro-sur de Luzón, también se han visto afectadas por las precipitaciones torrenciales, y el presidente filipino, Ferdinand Marcos Jr., se reunió hoy con las agencias gubernamentales que monitorean la seguridad de los residentes en la zona, informó la portavoz del Ejecutivo, Claire Castro.

Lee también: Expresidente de Uruguay Lacalle Pou: ""Nuestro gobierno fue profundamente humanista""

Si bien los dos ciclones tropicales ya se disiparon, las lluvias persisten sobre Luzón este lunes, aunque con menor intensidad, de acuerdo con la plataforma meteorológica Zoom Earth, por lo que otros 4.392 efectivos y 943 equipos ""se encuentran en estado de alerta para su despliegue inmediato"", en caso de que el temporal vuelva a intensificarse.

La temporada del monzón en el Sudeste Asiático se prolonga generalmente de mayo a finales de año, período durante el que los vientos húmedos provocan la mayor parte de las precipitaciones anuales de la región, que pueden intensificarse por la influencia de tifones.",https://www.vision360.bo/noticias/2026/08/10/62083-doce-muertos-y-ocho-desaparecidos-tras-lluvias-monzonicas-y-dos-ciclones-en-filipinas
Visión 360,2026-08-10,•Mundo,Los castores ayudan en República Checa a mitigar los efectos del cambio climático,"EFE / Praga

El castor europeo, una especie protegida que regresó a la República Checa a finales del siglo XX tras estar extinguido en esta parte de Europa durante unos 150 años, está ayudando a contrarrestar algunos efectos de la sequía y del calor extremo este verano.

Si bien estos animales pueden crear problemas, como roer árboles, alterar las riberas de los ríos o construir represas, al mismo tiempo mantienen humedales y reducen la erosión en las cuencas de ríos y arroyos, creando hábitats para anfibios, aves y peces.

La población de castores en Chequia se estima actualmente entre 10.000 y 15.000 ejemplares, algunos cientos de ellos incluso en los alrededores de Praga, la capital del país.

El pasado invierno y el actual verano se han caracterizado por escasas precipitaciones y temperaturas extremas, con niveles de agua bajos en muchos arroyos y estanques.

""(Aquí) se hace más evidente la importancia de los elementos del paisaje que retienen agua, como las presas de castor, las pozas y los humedales que pueden almacenar agua"", explicó a Efe Jitka Uhlíkova, zoóloga de la Agencia para la Conservación de la Naturaleza (AOPK).

En la antigüedad y hasta la Edad Moderna, el castóreo —una secreción producida por el castor— era apreciado en la medicina tradicional. Además, el animal era cazado por su denso pelaje y por su carne.

La supervivencia de la especie ha dependido en gran medida del hombre, hasta que su población en Bohemia llegó a extinguirse a mediados del siglo XVIII.

Durante el régimen comunista en el país (1948-1989), las medidas para aumentar la fertilidad del suelo y alterar el régimen hídrico del paisaje impidieron que los castores gozaran de un hábitat adecuado, por lo que solo regresaron a finales del siglo XX.

Un Estado con una mayor conciencia ecologista, que quiere proteger a estos animales, y el auge de los grupos de defensa del medio ambiente han hecho que el castor tenga hoy más aliados.

Lee también: Irán nombra un nuevo secretario del Consejo Supremo de Seguridad Nacional

Es necesario ""conciliar esa protección con el aprovechamiento económico del territorio"", dijo Uhlíkova, al destacar las ventajas del castor en la lucha contra el cambio climático.

Ventajas que expertos de la Universidad Agrícola de Praga, en cooperación con la AOPK, cuantifican en un reciente estudio realizado en diez humedales creados por estos roedores.

De este estudio se deduce que el valor conjunto del agua retenida por una sola presa de castor y del dióxido de carbono almacenado en el humedal estudiado equivale a un valor de unos 85.000 euros.

""Esto representa la cantidad que el Estado u otra entidad tendría que invertir para implementar una medida comparable de retención de agua en el paisaje"", explicó Uhlíkova.

Esa actividad benéfica de los castores se observa, por ejemplo, en el arroyo de Stepanovice, al sur de Moravia, una de las zonas que más ha sufrido este verano el embate del calor y la sequía, y donde la presencia de estos roedores ha contribuido a mantener el nivel del agua.

El año pasado la AOPK publicó un estudio sobre la revitalización de un humedal en la zona de los montes Brdy, en la parte occidental del país, realizada por dos familias de castores.

Los castores construyeron una serie de diques que lograron el mismo efecto que una obra de ingeniería, cuyo engorroso proceso administrativo estaba en marcha y que habría costado al menos 1,2 millones de euros, fondos que el Estado checo se acabó ahorrando gracias a la actividad de los animales.

Y pese a historias de este tipo, aún falta identificar ubicaciones adecuadas en el país, llegar a acuerdos con los propietarios de tierras y crear las condiciones necesarias para los castores puedan desenvolverse sin causar conflictos.

No existe suficiente motivación, ni económica ni fiscal, que incentive a los propietarios a tolerar la presencia de los roedores en sus territorios, ya que alegan que los animales reducen la superficie de suelo aprovechable.

Lo que ocurre es que ""en el panorama actual hay muy pocos lugares donde los castores puedan desenvolverse sin generar ningún tipo de conflicto"", se lamenta Uhlíkova.",https://www.vision360.bo/noticias/2026/08/10/62080-los-castores-ayudan-en-republica-checa-a-mitigar-los-efectos-del-cambio-climatico
Visión 360,2026-08-10,•Mundo,Irán nombra un nuevo secretario del Consejo Supremo de Seguridad Nacional,"EFE / Teherán

El presidente iraní, Masud Pezeshkian, ha nombrado a Mohsen Rezaei como nuevo secretario del Consejo Supremo de Seguridad Nacional en sustitución de Mohammad Baqer Zolgadr, horas después de que el líder supremo, Mojtaba Jameneí, lo designara como su representante en este órgano.

""Por decreto del presidente, Mohsen Rezaei ha sido nombrado secretario del Consejo Supremo de Seguridad Nacional de Irán"", anunció el subjefe de Comunicaciones de la Presidencia iraní, Mehdi Tabatabaei, el domingo por la noche.

El funcionario explicó en un comunicado que el nombramiento de Rezaei tuvo lugar después de que Mohammad Baqer Zolgadr dimitiera del cargo tras ser designado por el líder supremo del país, Mojtaba Jameneí, como su asesor político.

De hecho, horas antes del nombramiento de Rezaei como secretario del máximo organismo de seguridad iraní, Jameneí lo había designado como uno de sus representantes en el Consejo Supremo de Seguridad Nacional, en el que se definen las estrategias de defensa y del que forman parte varios ministros, tres representantes del líder supremo y figuras de las fuerzas de seguridad del país.

Rezaei sustituye a Zolgadr, que ocupó el cargo de secretario durante solo cuatro meses y medio, después del asesinato de Ali Lariyani en marzo, en la guerra con Israel y Estados Unidos.

El secretario del Consejo es nombrado por el presidente del país, que al mismo tiempo preside este órgano, pero debe ser elegido entre uno de los tres representantes directos del líder supremo en el Consejo.

Lee también: Expresidente de Uruguay Lacalle Pou: ""Nuestro gobierno fue profundamente humanista""

De esta manera, el nombramiento de Rezaei por parte de Jameneí precedió al decreto presidencial que formalizó su llegada a la secretaría.

Rezaei, de 71 años, es un político y economista y antiguo comandante en jefe de la Guardia Revolucionaria, cargo que ocupó especialmente durante los ocho años de guerra entre Irán e Irak (1980-1988), y es miembro del Consejo de Discernimiento de la Conveniencia.

Asimismo, Rezaei ha presentado sin éxito su candidatura a la Presidencia de Irán en las elecciones de 2009, 2013 y 2021.

El relevo se produce en un momento de elevada tensión con Estados Unidos y mientras Teherán mantiene que no existen negociaciones directas con Washington para poner fin a la guerra, aunque los intermediarios siguen tratando de abrir vías para reanudar el diálogo.",https://www.vision360.bo/noticias/2026/08/10/62065-iran-nombra-un-nuevo-secretario-del-consejo-supremo-de-seguridad-nacional
Visión 360,2026-08-10,•Columnistas,Una estirpe en extinción,"Esa sensación prácticamente orgásmica que deambula de tanto en tanto entre nosotros y que puede darle vida y movimiento a gigantescas estructuras de cemento, ha sido por décadas un manjar exclusivo para elegidos. El gol, aquel viejo tesoro que cuando aparece en el arco rival trae dicha y regocijo, pero cuando cae en el pórtico propio siembra desazón, es la principal obsesión de todos los actores dentro de un terreno de juego. Los jugadores de campo empeñan vida y corazón para conquistarlo, mas los porteros viven para evitarlos, ese es el orden y así dicta la historia del fútbol desde su génesis.

Como un espejo de la humanidad, el balompié ha expuesto ante los ojos del mundo a grandes rebeldes dispuestos a desconfigurar el curso de las cosas, porque el hombre siempre ha sido así, un espécimen que se opone a la injusticia, a la incomodidad y a todo aquello que genera en él disconformidad. Un buen día aparecieron los cancerberos cansados de solo evitar goles; comprendieron que ellos también podían bañarse con la poética gloria de sacudir las redes de la casa de enfrente, allá lejos, al otro extremo de su hogar.

El fútbol ha dado a luz a magníficos deportistas que, con los guantes bien puestos, trepaban hasta el huerto contrario para buscar lo que quizá los delanteros no podían encontrar. El paraguayo José Luis Chilavert es el mayor referente de esta especie, pues la habilidad de ejecutar tiros libres de larga distancia fue su principal característica, tanto así que se convirtió en el principal cobrador de faltas en todos los equipos en los que jugó, incluyendo la selección guaraní. Metió 62 goles a lo largo de su carrera, fue el único portero de la historia que marcó un hat trick, pero más importante que todo eso, sembró en varias generaciones la hidalguía y grandeza que se necesitan para buscar el arco rival partiendo desde el área propia. Contemporáneo al ‘Chila’, el brasileño Rogerio Ceni, ícono del Sao Paulo, hizo de las suyas en el fútbol de su país defendiendo la camiseta del único amor que tuvo en sus 25 años de carrera, la tricolor, allí se apropió de todos los tiros libres y penales, y gracias a su dilatada carrera pudo convertirse en el mayor portero goleador de todos los tiempos con 132 anotaciones.

Evidentemente, estas grandes expresiones de irreverencia se han llevado estruendosas olas de aplausos y ovaciones infinitas de aficionados atónitos disfrutando el atrevimiento de algún enguantado que se permitió unos instantes de irresponsabilidad para dejar su pórtico y buscar el del frente. Pero claro, no se trata solo de la adrenalina de romper la costumbre y arriesgar la cabaña del equipo, es el trabajo arduo y continuo para desarrollar una habilidad que simplemente no estaba en tu manual de funciones, es la confianza y aplomo bien atornillados en el pecho y es esa rebeldía de la buena que siempre hace bien en cualquier escenario monótono de la vida.

Hoy, en medio de un fútbol moderno, cada día más perfeccionista y ciertamente maravilloso, no hay por qué mentir, recordamos con nostalgia esa raza de guardametas prácticamente extinta, que, poseídos por un espíritu de rebelión, abandonaban sus fauces con el cometido claro de descompaginar la cotidianidad y enviar la pelota ahí al fondo, donde al principio solo los delanteros tenían derecho.",https://www.vision360.bo/noticias/2026/08/10/62098-una-estirpe-en-extincion
Visión 360,2026-08-10,•Columnistas,Cuando la historia rescata al presente,"Hay camisetas que pesan, no porque sean más grandes, sino porque llevan demasiadas historias encima. Quizás eso explique, al menos un poco, lo que ocurre con Bolívar.

La Academia comenzó el año con una Copa Libertadores que dejó un sabor amargo. El equipo no encontró su mejor versión y por momentos parecía muy lejos de ese Bolívar que durante décadas aprendió a ser insuperable en casa y a jugar de igual a igual en los escenarios más difíciles de Sudamérica. Tan amargo fue que salió del “TOP 10” histórico de este evento, sitial en el que había acuñado su nombre por varios años.

Pero el fútbol tiene esas cosas, sí, generalmente brinda revanchas. A veces un equipo parece perdido hasta que identifica el torneo, el rival o incluso el momento adecuado para recordar quién es. Bolívar parece haberlo encontrado en la Sudamericana.

Primero fue Gremio, un rival brasileño, con historia, camiseta pesada y un estadio que intimida. Bolívar no solamente sobrevivió: lo eliminó. Ganó en La Paz, también en Porto Alegre y clasificó. Para algunos fue una especie de serendipia. Lo cierto es que ahora el adversario es São Paulo.

Y aquí surge una pregunta que, de pronto, es más interesante que cualquier pronóstico: ¿Cuánto puede ayudar la historia de un club a ganar un partido que se juega hoy?

La respuesta más sencilla posiblemente es: nada. La historia no corre, no salta, no ataja ni mete goles, pero quizá sí juega de otra manera.

Bolívar ya estuvo aquí. En 1986 llegó a las semifinales de la Copa Libertadores. En 1991 consiguió una de esas victorias que quedan guardadas en la memoria: derrotó en La Paz a Boca Juniors y River Plate en una misma campaña y lideró el grupo en el que también figuraba Oriente Petrolero.

Para quienes crecieron viendo aquellos equipos, eso no es una estadística, es memoria y la memoria, en el fútbol, puede convertirse en confianza.

La propia CONMEBOL reconoce que el pasado tiene valor. Para construir el ranking de clubes 2026, la Confederación combina el rendimiento de los últimos diez años con un coeficiente histórico basado en las actuaciones en Libertadores y Sudamericana. Es decir, aunque parezca que el fútbol vive únicamente del presente, oficialmente el pasado todavía cuenta.

Bolívar ocupa el puesto 23 del ranking continental. No es un gigante brasileño ni argentino. Pero tampoco es un desconocido, para nada. Figura en el puesto 11 del ranking histórico de la Copa Libertadores entre 240 equipos. Se sitúa en el puesto 18 de la Copa Sudamericana, también entre 240 equipos.

Y quizá ahí esté una parte de la respuesta. Un futbolista que entra a jugar contra São Paulo sabe que enfrente tiene un club de absoluta jerarquía, pero también puede mirar su propia camiseta y recordar que antes otros bolivaristas ya estuvieron en esas noches.

Eso genera algo difícil de medir: la sensación de pertenecer.

Por eso no me atrevería a decir que la historia está haciendo ganar partidos a Bolívar. Sería demasiado fácil. Pero sí creo que la historia puede ayudar a que un equipo crea que puede ganarlos y, cuando un club vuelve a creer en sí, cambia su manera de competir.

Tal vez la recuperación de Bolívar tenga explicaciones tácticas, físicas, futbolísticas. Es posible, pero también puede haber algo más profundo: esa camiseta volvió a reconocerse.

Después de una Libertadores decepcionante, Bolívar encontró en la Sudamericana una oportunidad para volver a escribir su historia, y ahora tiene delante a São Paulo, que probablemente no sea solamente otro rival, muy posiblemente sea otra página.

Porque hay clubes que construyen su presente. Y hay otros que, al margen de ello, encuentran la manera de jugar acompañados por todo lo que fueron.

Entre Libertadores y Sudamericana, Bolívar disputó 331 partidos, ganó 133 y perdió 130, marcó 489 goles y recibió 494. Ese saldo de gozar de más victorias que derrotas en tal cantidad de encuentros es para pocos… para muy pocos.

Un pueblo que desconoce su historia, origen y cultura es como un árbol sin raíces… decía Marcus Garvey.",https://www.vision360.bo/noticias/2026/08/10/62092-cuando-la-historia-rescata-al-presente
Visión 360,2026-08-10,•Columnistas,Se terminó el silencio: El arbitraje boliviano frena el racismo,"El 8 de agosto de 2026 va ser inolvidable para quienes estuvieron en el Félix Capriles viendo Bolívar vs Aurora ya que no será un partido cualquiera, este fue distinto. En el minuto 34 del segundo tiempo el partido se detuvo, no hubo falta, no hubo gol, no hubo lesión. Lo que hubo fue una ""X"". Dos manos cruzadas sobre la cabeza. Y después, el sonido más importante de la noche: el silbato largo de Dilio Rodríguez que paró todo.

Desde la cabina y desde la cancha se entendió al instante. Había insultos racistas dirigidos a Dairon Asprilla y por segunda vez en la historia del fútbol boliviano, el arbitraje decidió no mirar para otro lado y ese día se frenó el racismo. Y con eso, creo, empezamos a escribir otra historia.

El 9 de noviembre de 2025, Bruno Vera fue el primero en aplicar el protocolo contra el racismo de FIFA, pero ese incidente paso desapercibido por un grave error arbitral desde la sala VAR, tuvo que pasar 9 meses para que se vuelva a dar un incidente de este tipo para activar lo que se aprobó por FIFA, en mayo de 2024, cuando en Bangkok se aprobó un protocolo que muchos vimos como ""otro documento más"".

Se llama el Procedimiento de Tres Pasos y tiene un símbolo muy simple: la ""X"". Cruzar las manos a la altura de las muñecas. Ese gesto es la alarma. Significa ""aquí hay discriminación"" y obliga a actuar. No sugiere. Obliga.

El arbitraje boliviano fue capacitado al respecto, se hizo la instrucción a los clubes, jugadores y dirigentes, se mostraron videos, se hicieron talleres; pero en el fondo todos pensábamos: ""ojalá no nos toque aplicarlo"". Porque aplicarlo significa enfrentar a toda una hinchada, significa bancarte la presión, los gritos, los dirigentes enojados.

En Cochabamba nos tocó y se hizo lo que se tenía que hacer. No fue un caso aislado. Fue una deuda histórica y para entender lo que pasó en el Capriles hay que mirar atrás. Mucho atrás.

Durante años, el racismo en nuestras canchas se disfrazó porque le pusimos nombres bonitos: ""folclore"", ""calor del partido"", ""la tribuna es así"" y muchos árbitros escuchan lo que pasa y seguimos el partido porque ""no era para tanto"", porque ""si paro el partido me matan"", porque en la planilla aprendimos a poner ""conducta inadecuada del público"" y listo. Archívese.

El caso de Serginho en marzo de 2019 en el Tahuichi aún queda en la memoria, Brasileño, delantero, insultado los 90 minutos y salió llorando. Nadie paró nada porque no existía un protocolo especifico, simplemente un enunciado, creo que ese día le fallamos, y fallamos a todos los que vinieron después: a los jugadores afrodescendientes, a los niños que van a la cancha y escuchan esos gritos y piensan que es normal. Por eso cuando sonó el silbato el 8 de agosto, no fue solo por Asprilla. Fue por Serginho. Fue por todos los que se bancaron el odio en silencio.

¿Qué cambió? Cambió el chip Mucha gente me pregunta: ¿y por qué ahora sí? Cambió porque el fútbol ya no puede hacerse el desentendido. Porque las redes amplifican todo en 10 segundos. Porque los jugadores ya no se callan. Porque los clubes, aunque tarde, están entendiendo que el racismo les cuesta plata y puntos. Pero sobre todo cambió porque nosotros, el arbitraje, entendimos algo clave: no somos contadores de faltas. Somos garantes del juego limpio.

Y el juego limpio no existe si un jugador entra a la cancha sabiendo que lo van a deshumanizar, el reglamento y el nuevo protocolo hoy nos respalda, pero el reglamento sin coraje no sirve, el coraje es salir y decirle a un estadio lleno: ""paren"", el coraje es escribir en el informe exactamente qué se gritó, de qué tribuna vino, a qué minuto. Porque si el árbitro no documenta, el Tribunal de Disciplina no tiene cómo sancionar.

Cuando se activó el Paso 1 en el Capriles, pasaron tres cosas:

Esa noche hubo una mezcla rara: orgullo y miedo. Orgullo porque hicimos lo que teníamos que hacer. Miedo porque sé que a partir de ahora nos van a exigir siempre. Y está bien que sea así, pero lo más importante – y que nadie se confunda – el arbitraje haya frenado un partido no significa que el problema se solucionó, significa que empezamos.

El racismo no se erradica con una ""X"". Se erradica cuando todos los actores del fútbol hacen su parte, los dirigentes tienen que dejar de aplaudir solo cuando ganan, tienen que sancionar a sus propias barras, identificar a los violentos y prohibirles la entrada. No sirve llorar la multa después, los clubes tienen que hacer campañas reales, no solo un post el 21 de marzo.

Tienen que educar en sus inferiores, un niño que aprende a ganar insultando, mañana será un adulto que grita en la tribuna, también los jugadores tienen que seguir alzando la voz. Asprilla no se victimizó, pidió que se cumpla el reglamento. Los periodistas tienen que dejar de normalizar, dejar de decir ""la cancha es una olla a presión"". No. La cancha es un lugar público y el odio no es folclore.

Los hinchas... ustedes son el alma del fútbol, pero el aliento no puede convertirse en insulto. Se puede protestar una mala jugada, no se puede atacar a una persona por el color de su piel y nosotros, los árbitros, tenemos que sostener esta medida. Capacitarnos, no tener miedo, escribir bien los informes, bancar la presión. Ser coherentes. Porque si hoy paramos y mañana miramos para otro lado, perdimos toda la credibilidad.

El fútbol boliviano tuvo su punto de inflexión en el Capriles, no por el resultado sino por la decisión. Considero que ""El arbitraje boliviano frena el racismo"" no es un titular para vender diarios, sino que es un compromiso. Es decirle al país que, a partir de ahora, el silencio se acabó, pero un silbato no hace verano, necesitamos a todos. Necesitamos dirigentes valientes, clubes responsables, jugadores que denuncien, hinchas que cuiden la cancha, periodistas que no relativicen y un Estado que acompañe con sanciones ejemplificadoras.

La lucha contra el racismo no es tarea de un árbitro, ni de un jugador, ni de FIFA, es tarea de todos los que amamos este deporte porque la pelota no se mancha, pero nosotros sí podemos mancharla si seguimos callando. El 8 de agosto sonó un silbato en Cochabamba. Ojalá sea el primero de muchos. Y ojalá llegue el día en que ya no tengamos que usarlo.",https://www.vision360.bo/noticias/2026/08/10/62068-se-termino-el-silencio-el-arbitraje-boliviano-frena-el-racismo
Visión 360,2026-08-10,•Política,Lara cuestiona que Yusseff Akly siga libre tras la aprehensión de exdirectora jurídica de YPFB,"El vicepresidente Edmand Lara cuestionó que el expresidente de Yacimientos Petrolíferos Fiscales Bolivianos (YPFB), Yusseff Akly, continúe en libertad, luego de la aprehensión de la exdirectora jurídica de la petrolera estatal, Daniela Durán, ambos investigados en el caso denominado “gasolina basura”.

“Me llama la atención que hasta el día de hoy, Yussef Akly está paseándose como si nada hubiera pasado”, manifestó Lara, según informó la red Unitel.

El vicepresidente consideró que Akly es uno de los principales investigados en el caso que se indaga en La Paz y expresó sus dudas sobre la información que podría conocer el expresidente de YPFB.

“No sé qué tanto sabe o a quiénes puede involucrar o perjudicar”, señaló Lara.

La autoridad también se refirió a la aprehensión de Durán, exdirectora jurídica de YPFB, quien es investigada por el caso relacionado con la gasolina de mala calidad que afectó a varios vehículos en distintos puntos del país.

Lee también: Lara dice que Bolivia necesita liderazgo, arremete contra el Gobierno y le insta a reconocer sus errores y corregir el rumbo

“Espero que la aprehensión de la señora Durán no termine como el caso de Medinaceli”, señaló Lara, en alusión a la situación del exministro de Hidrocarburos Mauricio Medinaceli, quien cumple detención domiciliaria con derecho a salidas laborales.

El vicepresidente cuestionó el accionar de la justicia en ambos casos y afirmó: “La justicia es dura con algunos y blanda para otros”.",https://www.vision360.bo/noticias/2026/08/10/62200-lara-cuestiona-que-yusseff-akly-siga-libre-tras-la-aprehension-de-exdirectora-juridica-de-ypfb
Visión 360,2026-08-10,•Política,"50/50: Gobierno debe gestionar ley de coparticipación, ampliar el dominio tributario y profundizar las autonomías a favor de las gobernaciones","El Gobierno nacional debe cumplir una serie de tareas para poner en marcha la distribución del 50/50 a partir del próximo año; entre ellas, gestionar una ley que establezca la coparticipación tributaria y la ampliación del dominio tributario a favor de las gobernaciones y profundizar la autonomía regional, devolviendo algunas competencias al Estado central.

El gobernador de La Paz, Luis Revilla, informó que en la reunión con el presidente, Rodrigo Paz, se acordó una hoja de ruta y una serie de tareas que se deben culminar en esta gestión para que, a principios de 2027, ya se establezca la coparticipación tributaria de las gobernaciones, que en la actualidad no está vigente.

Aclaró que hoy solamente coparticipan municipios y universidades; no se ha definido cuáles serían esos tributos coparticipables. Podrían ser algunos nuevos o solamente los que están vigentes.

Tampoco se ha definido el porcentaje; sin embargo, aclaró que esa medida no significa el recorte de recursos a los gobiernos municipales, en relación con algunos anuncios en contra por parte de autoridades locales. “Estamos hablando de una asignación nueva, diferente y gradual para las gobernaciones”, precisó en entrevista con Radio Fides.

También precisó que este 2027 no se pondrá en vigencia la distribución del 50/50, pero se empezará esa coparticipación gradual y, de acuerdo con los porcentajes que se establezcan, se definirán los porcentajes finales. Reconoció que esta discusión será compleja y será llevada a cabo en las siguientes semanas.

“Son temas técnicos, no muy fáciles de resolver, pero está puesta la voluntad política del Gobierno y la nuestra para arribar a una ley; se tiene que aprobar una ley en el curso de este año, que será la que permita la coparticipación de los tributos a partir del próximo año 2027”, afirmó.

Otra de las tareas, según la autoridad departamental, será la devolución de obligaciones al Estado central, debido a que la Ley de Autonomías, aprobada en el gobierno del expresidente Evo Morales, dio lugar a una “autonomía declarativa”, porque no permite que los gobiernos departamentales asuman decisiones sobre el destino de sus recursos y la posibilidad de generar nuevos. “La verdad es que la decisión es del Gobierno central y no de las autonomías que tienen que tener las regiones”, puntualizó.

Además, mencionó la transferencia de mayores responsabilidades a las gobernaciones, que legalmente corresponden al Gobierno central, entre ellas, el pago de prediarios de los centros carcelarios, los bonos de vacunación para los médicos, los costos de los títulos de bachiller, entre otras. “Estas normas se van a derogar, de hecho, ya está aprobada en el Senado una norma que está dejando sin efecto estas confiscaciones de recursos”, afirmó.

Lee también: Paz anuncia el fin del centralismo y el inicio de las autonomías, en las que el desarrollo de las regiones tendrá preponderancia

Dijo que el presidente comprometió hablar con los diputados para que ese proyecto de ley se apruebe esta misma semana y se restablezca el hecho de que no se puede asignar a las gobernaciones arbitrariamente el costo de algunos servicios que le corresponden al nivel nacional.

El gobernador recordó que, además, hay una serie de disposiciones en las que las gobernaciones deben pedir permiso a algunas autoridades nacionales para que autoricen los gastos e incluso créditos, que están definidos por normas aprobadas en los gobiernos del Movimiento al Socialismo (MAS), que deben ser anuladas para dar autonomía a las regiones.

Consultado sobre cómo se hará efectivo el 50/50, Revilla reconoció que se tiene que determinar cuál es el 100% de los recursos económicos para realizar esa distribución, considerando que hay recursos del Estado central que hoy cubren una serie de servicios que se prestan al conjunto del país; por lo tanto, reconoció que no es tan sencillo decir si los recursos provendrán de los que administra el Estado central o de todo lo que generan los nueve departamentos.

Además, sostuvo que a ello se suman las realidades de cada uno de los departamentos: “una cosa son los recursos que genera Santa Cruz, La Paz y quizá Cochabamba y otra cosa son los recursos que se generan en Beni, en Pando, en Oruro; son realidades muy diferentes”.

Sostuvo que, en la reunión con el presidente, no se precisó de qué 100% de recursos se estaba hablando; por ello es que en 2027 empezará con un porcentaje que no será del 50/50. Es un tema técnico, difícil, una discusión que va a tomar tiempo, no es un trabajo de dos días.

“Vamos a empezar a trabajar esta semana con los equipos técnicos y; la verdad es que esto va a tomar semanas, sino meses de discusión, de análisis, hasta que realmente arribemos a una conclusión y a saber en el proyecto de ley que se va aprobar, de que tributos exactamente estamos hablando y; ahí vamos a saber cuál es el 100, el 50/50 y cuáles son los porcentajes preliminares que se van a empezar a distribuir a partir del 2027”, afirmó.

Lee también: Paz anuncia el fin del centralismo y el inicio de las autonomías, en las que el desarrollo de las regiones tendrá preponderancia

En relación con la posibilidad de crear otros impuestos para garantizar la distribución del 50/50, el gobernador manifestó que hay mecanismos previstos por la CPE que necesitan de la voluntad y reglamentación.

“En la Constitución Política del Estado se habla de contribuciones especiales; ese término significa que en determinados lugares, la gente, por ejemplo en los municipios de área mineras pueden aportar una contribución especial a cambio de un servicio específico en esos lugares: como por ejemplo, la construcción de un hospital o la construcción de una carretera; lo mismo puede ocurrir con tasas o sobretasas que son contribuciones por un servicio que son contribuciones para el conjunto de la población”, explicó.

En el caso de los tributos, informó que se habló de ampliar el dominio tributario de las gobernaciones: “ahí tenemos que saber de qué estamos hablando, no se le puede cargar con más impuestos a la gente; pero podría haber algunas áreas vinculadas a los temas ambientales, a la explotación de algunos recursos que podrían discutirse como parte de la ampliación del dominio tributario”, manifestó.

Sin embargo, en Bolivia lo que más genera recursos para el Estado central son los propios impuestos que cobra el propio Estado nacional, como el Impuesto a las Utilidades, el Impuesto a las Transacciones y el Impuesto al Valor Agregado (IVA), que los distribuye a las universidades y municipios, de los cuales no participan las gobernaciones y podrían participar en algún porcentaje, dijo.

“Estamos hablando de que los gobiernos departamentales podrían generar algunos impuestos, pero no a la generalidad de la población, sino a sectores específicos y; no se habla de que el Gobierno transfiera, sino que se coparticipe, es decir que un porcentaje de ese impuesto que cobra el Gobierno nacional vaya también a las gobernaciones que es algo que hoy no sucede”, afirmó.

En el caso del departamento de La Paz, se podrían generar impuestos por la explotación de madera, porque en el caso de la minería pagan actualmente regalías mineras, eso está establecido en la ley; es un tema que hay que discutir, no es un tema fácil, porque además no es lo mismo hablar de La Paz, Santa Cruz, Cochabamba, los departamentos del sur y otros que no generan los mismos ingresos, o generar por otros servicios; tampoco puede ser una cuestión homogénea, exactamente igual para las nueve gobernaciones.

Además, sostuvo que, en la reunión con el Gobierno, se habló de generar un fondo de compensación para los departamentos que “tienen déficit en la generación de sus ingresos propios”; ese es un tema que se va a trabajar de manera paralela a esta discusión.

Revilla informó que planteó que la asignación de recursos o de coparticipación tiene que estar acompañada de una evaluación permanente de indicadores, del buen uso de esos recursos, que no pueden ir a pagar burocracia, sino a inversión pública, infraestructura, salud, educación, desarrollo productivo, pero además que tiene que ser medibles en el impacto a la población.",https://www.vision360.bo/noticias/2026/08/10/62191-5050-gobierno-debe-gestionar-ley-de-coparticipacion-ampliar-el-dominio-tributario-y-profundizar-las-autonomias-a-favor-de-las-gobernaciones
Visión 360,2026-08-10,•Política,Libre acusa a Paz de promover el transfugio y desconocer la institucionalidad de la Asamblea y de las organizaciones políticas,"La Alianza Libre acusa al presidente del Estado, Rodrigo Paz, de promover el transfugio político, desconocer la institucionalidad de la Asamblea Legislativa y a las organizaciones políticas con representación parlamentaria, reconocidas por la Constitución Política del Estado, al anunciar desde la Casa de la Libertad, en Sucre, el pasado 6 de agosto, que buscará acuerdos con las instituciones y no entre los políticos.

La jefa de bancada de senadores de esa organización, Tomada Yarhui, criticó las palabras del primer mandatario porque, desde su punto de vista, anunció que dejará de lado a los partidos políticos con representación parlamentaria; mientras que la diputada Ana María Quiroga sostuvo que los proyectos de ley del paquete anunciados por el mandatario no fueron socializados con los parlamentarios de esa alianza.

Yarhui sostuvo que, si bien la alianza que lidera el expresidente Jorge Quiroga se encuentra en la oposición, el hecho de que se ignore la conformación de la Asamblea Legislativa, donde se realiza un trabajo y un debate político por parte de las organizaciones políticas, muestra su desconocimiento sobre su funcionamiento por parte del presidente.

La senadora opositora pidió al primer mandatario definir la forma de trabajo que pretende realizar. “Quisiéramos que pueda esclarecer qué forma de trabajo va a realizar. ¿Va a seguir fomentando que diputados y senadores cometan el delito de transfugio?, como ha hecho, para poder aprobar su presupuesto”, cuestionó.

Recordó que cuando se debatía el proyecto modificatorio del Presupuesto General del Estado de la presente gestión, la bancada de la Alianza Libre tenía cuestionamientos y que, pese a ello, diputados y senadores votaron a favor. “Eso se llama romper la institucionalidad, se llama romper la democracia, no respetar a las bancadas y promover el transfugio”, afirmó.

Lee también: Rodrigo Paz y gobernadores abren diálogo sobre la propuesta 50/50 para fortalecer las autonomías

Yarhui dio lectura a un comunicado de esa alianza, en el que rechazó el anuncio del presidente respecto a dejar de lado a las organizaciones políticas con representación parlamentaria.

“El Gobierno debe decidir si quiere ser el último Gobierno de la decadencia masista o el primer Gobierno de cambio que deseamos los bolivianos. Desde las bancadas de diputados y senadores de Libre expresamos nuestra preocupación por las declaraciones del presidente, Rodrigo Paz, quien afirmó que gobernará únicamente con las instituciones, sin acuerdos con los partidos políticos”, dijo.

Estas afirmaciones muestran un evidente desconocimiento democrático de la Asamblea Legislativa Plurinacional; recordamos al presidente que la Asamblea Legislativa Plurinacional está conformada por representaciones de partidos políticos y alianzas elegidas democráticamente por la ciudadanía.

Es en este espacio donde se pueden construir acuerdos y consensos necesarios para aprobar las leyes que Bolivia necesita; por ello, nos preguntamos: ¿cómo pretende impulsar las leyes estructurales que el país necesita si renuncia al diálogo, la concertación y la construcción de acuerdos con representantes políticos en la Asamblea Legislativa?

Como bancada de diputados y senadores de Libre, nuestro compromiso, como una oposición seria, responsable, constructiva, propositiva y democrática, será apoyar toda iniciativa que beneficie a los bolivianos y bolivianas, pero seremos firmes frente a cualquier proyecto que vulnere sus derechos y libertades.

Exigimos respeto al papel constitucional de las organizaciones políticas en la Asamblea Legislativa. Bolivia necesita soluciones en base a diálogos y acuerdos, no aislamiento ni ensimismamientos, afirmó.

Yarhui sostuvo que esperarán las acciones que asumirá el Órgano Ejecutivo en los próximos días, considerando que anunció la entrega del proyecto de Ley de Inversiones para su tratamiento en la ALP.

Advirtió que, previo a la aprobación de ese proyecto, se requiere una reforma parcial de la Constitución Política del Estado para viabilizar el paquete de leyes anunciado por el Gobierno, porque no pueden aprobarse leyes que vayan en contra de la actual CPE.

“Por ello queríamos saber cuál será la posición del presidente sobre la reforma parcial de la CPE, porque para aprobar el paquete de leyes previamente se necesita la modificación parcial a la CPE”, planteó.

Sin embargo, consideró que Paz está equivocado al pretender gobernar sin acuerdos en la ALP, a no ser que tenga algunos diputados y senadores que apoyarán esos proyectos, al margen de la posición institucional de la Alianza Libre.

Anunció que darán a conocer los nombres de quienes están trabajando por debajo, rompiendo la institucionalidad, ignorando a sus electores, sus departamentos y regiones.

“Está promoviendo la ruptura de estas bancadas constituidas legalmente en la Asamblea Legislativa; repudiamos este acto y esperamos que reconduzca su forma de trabajar”, manifestó.

La diputada de la misma alianza Ana María Quiroga informó que ninguno de los proyectos del paquete de leyes anunciado por el primer mandatario fue socializado con esa organización política.

“Tengo entendido que a un grupo de diputados sí se los invitó al Palacio para que se los presente; a nosotros no, no nos han presentado nada, no hemos visto todavía nada, pero esperamos con ansia, con esperanza para el país, porque no solo es la ley de inversiones, son varias leyes que el país necesita”, dijo.

Consideró que, para reactivar la economía del país, hubiese sido importante que presente todos los proyectos de ley y, a los tres o cuatro meses, empezar a trabajar en esa tarea.

Advirtió que todas las bancadas, incluida Libre, “somos una alianza con Demócratas y el Frente Revolucionario de Izquierda (FRI); y Demócratas, desde el primer día estuvo bien separada”; sin embargo, sostuvo que espera que se haga lo mejor por el país.",https://www.vision360.bo/noticias/2026/08/10/62170-libre-acusa-a-paz-de-promover-el-transfugio-y-desconocer-la-institucionalidad-de-la-asamblea-y-de-las-organizaciones-politicas
Visión 360,2026-08-10,•Política,"Desde su trinchera en el Chapare, Evo Morales se burla del Presidente, del estado de excepción y de la justicia","Mientras el Gobierno insiste en que su aprehensión es una prioridad, pero aún no la ejecuta, el expresidente Evo Morales burla a la justicia desde hace casi tres años atrincherado en el Trópico de Cochabamba, donde este fin de semana se burló también del presidente Rodrigo Paz Pereira y del Estado de excepción que rige en el país desde el pasado 20 de junio.

Sobre el Jefe de Estado, dijo que si él estuviera en su lugar ya habría destituido al comandante de la Policía, Mirko Sokol, por oponerse a la decisión gubernamental de ejecutar la orden de aprehensión que pesa en su contra.

“A mí me ha sorprendido la versión del comandante de la Policía Nacional, general Sokol. Si yo fuera Rodrigo Paz y mi comandante se opone a una decisión política del gobierno sobre Evo Morales, en ese momento cambiaría. No estoy insinuando que le cambien. Pero ¿por qué no cambia?”, dijo durante su programa que se transmite en Radio Kawsachun Coca los domingos.

Con ello se refirió a una reciente entrevista en que Sokol dijo que para él no era una prioridad la aprehensión de Morales, lo que inmediatamente fue aclarado por el ministro de Gobierno, Marco Antonio Oviendo, quien sentenció: “Detener a Evo Morales es una prioridad del gobierno, eso es todo”.

Este lunes, el ministro se volvió a referir al tema y aseguró: “El general Sokol está bajo mi mando, está bajo las instrucciones que se le dan y las tiene que cumplir. Entonces, se descarta esta situación (diferencias con Sokol) y se está trabajando de manera conjunta a nivel nacional y también en coordinación con los países vecinos para frenar esta ola de criminalidad”.

Lee también: Caso Evo: ministro Oviedo asegura que el general Sokol está bajo su mando y debe cumplir las órdenes que se le da

Para Morales, lo que ocurre es que el Presidente tiene miedo destituir a Sokol por las cosas que pudiera revelar sobre el gobierno. “El temor, si lo cambian, tarde o temprano va a decir la verdad sobre el gobierno de Rodrigo Paz”, afirmó.

Este mismo domingo, Morales asistió a una reunión de la Dirección Nacional del Instrumento Político EVO Pueblo, Pacto de Unidad y Organizaciones Sociales del Estado Mayor del Pueblo, donde se aprobó la convocatoria a un ampliado nacional para el 26 de septiembre.

Eventos de este tipo están prohibidos por el decreto 5636 de declaratoria de estado de excepción. En el artículo 5 de esa normativa se establece que “se restringe el derecho a la libertad de reunión y manifestaciones públicas, quedando prohibidas temporalmente las concentraciones masivas y eventos que no cuenten con autorización expresa del Ministerio de Gobierno o el Ministerio de Defensa”.

Encuentros políticos y sindicales como el de ayer se organizan con frecuencia en el Trópico de Cochabamba y a varios de ellos asiste Morales. La mañana de este lunes, por ejemplo, se realizó un Ampliado Ordinario de la Central Valle Ivirza, perteneciente a la Federación Carrasco Tropical del municipio de Puerto Villarroel, donde Morales fue el principal protagonista con un discurso en el que arremetió contra el Gobierno, al que acusó de estar manejado por Estados Unidos.

Desde septiembre de 2024 se emitieron al menos tres órdenes de aprehensión contra Morales, ante lo cual el expresidente decidió atrincherarse en el Trópico de Cochabamba, protegido por sus seguidores que organizan vigilias, aunque autoridades de este y el anterior Gobierno indicaron que, además, existe información de que también se encuentra protegido por círculos de seguridad en los que se encuentran extranjeros armados.

El 26 de septiembre de 2024 la Fiscalía Departamental de Tarija emitió un mandamiento de aprehensión contra Morales dentro de una investigación por los presuntos delitos de trata de personas y estupro, relacionada con una adolescente que habría tenido 15 años en 2015.

La orden, que se conoció públicamente el 2 de octubre, no llegó a ejecutarse. La defensa de Morales consiguió una acción de libertad que dejó sin efecto ese mandamiento y en abril de 2025 la Justicia anuló los obrados del proceso, incluyendo la orden de aprehensión.

Posteriormente el proceso volvió a activarse en Tarija y el 17 de enero de 2025 el Juzgado Quinto de Instrucción Penal de Tarija declaró a Morales en rebeldía después de que no se presentara a una audiencia cautelar. El juez dispuso nuevamente su aprehensión, arraigo y anotación preventiva de sus bienes.

El 24 de febrero de este año el fiscal departamental de Tarija, José Ernesto Mogro, ratificó que la orden de aprehensión contra Morales seguía vigente y que correspondía a la Policía ejecutarla. En abril, el fiscal general Roger Mariaca volvió a sostener que la orden continuaba vigente y que el proceso por trata agravada de personas seguía abierto.

El 11 de mayo de este año, Morales no se presentó al inicio del juicio oral en Tarija. El Tribunal Departamental de Justicia lo declaró rebelde. Como consecuencia, el tribunal volvió a disponer su aprehensión y arraigo, además de otras medidas previstas para garantizar su comparecencia al proceso.

El 14 de julio de 2026, el fiscal general Roger Mariaca ratificó nuevamente que la acusación por trata seguía vigente y que también estaba vigente el mandamiento de aprehensión, cuya ejecución correspondía a la Policía.

Seis días después, el 29 de julio, la Fiscalía Departamental de Santa Cruz emitió una nueva orden de aprehensión contra Evo Morales, pero esta vez por una investigación vinculada con los 53 días de bloqueos y protestas registrados en mayo y junio, por denuncia del Comité Cívico de Santa Cruz.

En este caso, Morales es acusado por los presuntos delitos de terrorismo, alzamiento armado contra la seguridad y soberanía del Estado, atentado contra los servicios públicos y otros delitos relacionados con los hechos investigados.

En reiteradas oportunidades, el expresidente ha señalado que es víctima de una persecución política. En el caso de trata, argumenta que no hay delito porque no hay víctima que sustente la demanda en su contra, mientras que en el caso del bloqueo asegura que él no tuvo ninguna participación y que la responsabilidad de la convocatoria a esta medida de presión es de los dirigentes de la Central Obrera Boliviana (COB) y de la Confederación Sindical de Trabajadores Campesinos de Bolivia (CSUTCB)

Para el diputado de la alianza Libre, Guillermo Mendoza, la demora en la captura de Morales podría estar relacionada con un acuerdo preelectoral entre el actual Jefe de Estado, Morales y el vicepresidente Edmand Lara.

“Morales camina como Pedro por su casa por el trópico cochabambino teniendo ordenes de aprehensión y desafiando al propio Gobierno. Cada vez me inclino más a pensar que existe un acuerdo, un acuerdo desde antes de las elecciones entre Rodrigo Paz, Edmand Lara y Evo Morales, un acuerdo que se graficó en la votación. Queda claro, en primera vuelta las zonas que votaban por el masismo, el masismo blando, votaron por Edmand Lara para que esta fórmula gane la primera vuelta, y en la segunda vuelta, el propio Evo Morales públicamente le dijo a su gente que había que votar por Edmand Lara”, afirmó en declaraciones a la red Unitel.

Luego agregó: “Si esto fuera así es muy improbable pensar en que las fuerzas de represión del Estado boliviano vayan a actuar contra Evo Morales”.

Para el diputado Alejandro Reyes, de Unidad, Morales debe ser aprehendido por la Policía y, si es posible, con apoyo de las Fuerzas Armadas y hasta de fuerzas internacionales.

""Evo Morales está usando una estrategia de desafío al Estado. Lo que quiere mostrar es que no existe preocupación ni existe presión para su aprehensión y con eso trata de mostrar poder. Todo lo contrario, es el enemigo público número uno de los bolivianos y, por lo tanto, debe ser apreghendido"", afirmó en declaraciones a periodistas que cubren la Asamblea Legislativa Plurinacional.",https://www.vision360.bo/noticias/2026/08/10/62149-desde-su-trinchera-en-el-chapare-evo-morales-se-burla-del-presidente-del-estado-de-excepcion-y-de-la-justicia
Visión 360,2026-08-10,•Política,Seguidores de Evo ya no exigen la renuncia de Paz y se trazan tareas para avanzar por la vía electoral,"La plataforma “Evo Pueblo”, que lidera el expresidente Evo Morales, convocó a un ampliado nacional para septiembre de 2026 y a un congreso para marzo de 2027, con el que se pretende refundar “el instrumento”, con la intención de participar en las elecciones de 2030, debido a la “deficiencia del Gobierno” de Rodrigo Paz, expresó Omar Ramírez, vocero de esa agrupación. En ese movimiento ya no hablan de la renuncia del presidente Rodrigo Paz.

“Sí, precisamente ayer (domingo) se ha llevado una reunión de coordinación en la dirección de Evo Pueblo con las organizaciones sociales que conforman el Pacto de Unidad. Entonces, haciendo una evaluación del contexto nacional en términos políticos y viendo que el gobierno de Rodrigo Paz realmente está llevando a la catástrofe económica a Bolivia, Evo Pueblo ha visto por conveniente continuar con el escenario político en el afán de llegar a las próximas elecciones con una estructura política sólida y partidaria que, por la deficiencia del Gobierno en la gestión pública. Mucha gente del sector rural, del sector popular pide el regreso del expresidente Evo Morales al gobierno, al poder”, indicó Ramírez en contacto con Visión 360 .

Durante los 53 días de bloqueos, los evistas, junto a los cobistas y campesinos, llevaron adelante un bloqueo de carreteras en busca de la renuncia de Paz. Sin embargo, la medida de presión fue levantada después de que el Gobierno lograra un acuerdo con la Central Obrera Boliviana y emitiera el decreto de estado de excepción.

Lee también: Desde su trinchera en el Chapare, Evo Morales se burla del Presidente, del estado de excepción y de la justicia

Ramírez señaló que, para lograr que “Evo Pueblo” esté en la papeleta, se trabajará en cuatro iniciativas para impulsar la carrera política de esa plataforma rumbo a los comicios de 2030. “Las organizaciones sociales han sugerido que se abra la inscripción de la militancia, la ampliación de captar a la militancia, de recuperar a toda la militancia”, indicó como primer punto el vocero de “Evo Pueblo”.

Como segunda iniciativa, se buscará “la unidad en torno a Evo Morales”, quien, según Ramírez, mostró “su vigencia en liderazgo”. “Debemos marcar la unidad, la cohesión del movimiento obrero, del movimiento indígena, del movimiento asalariado. Esto se verá en septiembre cuando termina el Estado de excepción. Ahí veremos la unidad”, aseveró.

El tercer punto es buscar una sigla con la que se buscará la participación de “Evo Pueblo” y de Morales en las elecciones de 2030. “Otro propósito que tenemos es garantizar una sigla política, pese a que hemos presentado un trámite ante el Tribunal Supremo Electoral. Entonces, estamos manteniendo conversaciones con algunos frentes políticos para garantizar la sigla, aunque a Evo Morales nunca le han dado o concedido un trámite de sigla”, manifestó.

Lee también: Tras su fracaso en los bloqueos, evistas buscan levantar cabeza, hablan de unir a los sectores y de lograr una sigla

Según Ramírez, una vez que se trabajen los tres primeros puntos, se comenzará con la elaboración de la propuesta programática. “Evo Morales suele siempre poner en práctica, la propuesta debe salir de las organizaciones sociales y en este ampliado plantearemos todas estas propuestas que se van a venir a través de los dirigentes”, dijo.

El vocero afirmó que los sectores quieren “que Evo vuelva al poder” y que, por ello, se impulsará su retorno al poder. Morales está inhabilitado para participar en los comicios generales, tal como lo decidió en 2025 el Tribunal Constitucional Plurinacional. Consultado sobre cómo tratarán de promover su participación en las elecciones de 2030, Ramírez manifestó que pelearán a través de los abogados y que, si no se logra el cometido, se buscará a otros liderazgos.

“El tema de inhabilitación lo vamos a pelear mediante nuestros abogados, con el equipo jurídico que tenemos, porque este tema de la inhabilitación también es inconstitucional. El Gobierno de (Luis) Arce Catacora influyó en eso. Evo Pueblo agotará todas las instancias jurídicas nacionales e internacional para hacer respetar los derechos políticos de Evo Morales, para garantizar su participación en las próximas elecciones generales. Sin embargo, también se promoverá nuevos líderes de origen indígena académicamente intelectuales, para acompañar a Evo Morales”, aseveró Ramírez.",https://www.vision360.bo/noticias/2026/08/10/62146-seguidores-de-evo-ya-no-exigen-la-renuncia-de-paz-y-se-trazan-tareas-para-avanzar-por-la-via-electoral
Visión 360,2026-08-10,•Economía,Doria Medina dice que el Gobierno busca “secar” la liquidez de la economía y advierte de riesgos,"El retiro de Bs 10.000 millones del mercado y la elevación de los encajes bancarios son parte de una estrategia para reducir o “secar” la liquidez de la economía, con el fin de evitar una mayor demanda de dólares y controlar la inflación. Sin embargo, advirtió el empresario y político Samuel Doria Medina, esto se torna contraproducente porque inhibe la actividad económica.

“El Banco Central quiere controlar la inflación por medio de la reducción de la liquidez en la economía. Por eso puso un techo a la masa monetaria, que este año debe ser la misma de 2025. También informa que ha retirado 10.000 millones de bolivianos en el primer semestre mediante la venta de letras, y ha subido los encajes bancarios para ‘secar’ a los mercados”, explicó en un mensaje en su cuenta de X.

De acuerdo con el empresario, la teoría no siempre funciona en la práctica, porque la escasez de dólares puede generar una alta demanda de la divisa estadounidense y un impacto en la inflación que se pretende controlar. Paralelamente, reducir la liquidez es contraproducente en un momento de crisis, añadió.

El Banco Central de Bolivia (BCB) aprobó una resolución que establece el incremento del encaje legal para depósitos en títulos de moneda boliviana, del 3% al 7,5%, lo que significa un aumento del 150%. La disposición generará algunas restricciones en el acceso al crédito, según los expertos.

Lee también: Manipulan esta imagen para alterar una afirmación del ministro Espinoza sobre la fluctuación del dólar

El encaje bancario es el porcentaje del dinero que los clientes depositan en los bancos y que estas instituciones no pueden prestar ni invertir. Por norma, ese capital debe quedar guardado como reserva líquida, ya sea en las bóvedas del propio banco o en el banco central del país.

Para Doria Medina, “las medidas deben ser integrales y estar planteadas dentro de una perspectiva temporal. Necesitamos más reservas de divisas. Y cuando se ‘enfríe’ lo suficiente el Índice de Precios, necesitaremos políticas contracíclicas, es decir, que impulsen la actividad económica”.

El también jefe de la alianza Unidad se alejó del gobierno del presidente Rodrigo Paz con el argumento de inacción en la lucha contra la corrupción y su forma de gobernar.",https://www.vision360.bo/noticias/2026/08/10/62137-doria-medina-dice-que-el-gobierno-busca-secar-la-liquidez-de-la-economia-y-advierte-de-riesgos
Visión 360,2026-08-10,•Sociedad,Una delegación de la Fuerza Aérea de EEUU arriba a Bolivia para fortalecer la cooperación científica,"Una delegación de la Oficina Sur de Investigación y Desarrollo Aeroespacial (SOARD, por sus siglas en inglés) llegará a Bolivia para fortalecer la cooperación científica con el país y estrechar los lazos académicos. SOARD pertenece a la Oficina de Investigación Científica de la Fuerza Aérea de los Estados Unidos.

“Esta visita representa una oportunidad invaluable para fortalecer los lazos académicos y científicos entre Bolivia y los Estados Unidos. El intercambio de conocimiento entre nuestros investigadores y las principales universidades bolivianas abre la puerta a colaboraciones duraderas que benefician a ambos países"", expresó Robyn Remeika, oficial de Asuntos Culturales de la Embajada de los Estados Unidos.

La delegación de SOARD, según un boletín oficial, explorará posibles colaboraciones en áreas como ingeniería y sistemas complejos, ciencias químicas y biológicas, tecnologías de la información y redes, y ciencias físicas, entre otras líneas prioritarias del programa.

Lee también: Después de más de 10 años, la INL de EEUU y Bolivia articulan planes para combatir el narcotráfico y el crimen organizado

La delegación que arribará al territorio nacional visitará universidades de los departamentos de La Paz, Cochabamba y Santa Cruz, y también recorrerá el Salar de Uyuni, en Potosí.

SOARD, con sede en São Paulo, Brasil, y Santiago, Chile, tiene como misión encontrar y financiar investigación científica básica transformadora en la región, así como conectar a investigadores latinoamericanos con los laboratorios de investigación de la Fuerza Aérea de Estados Unidos. Mantiene aproximadamente 60 proyectos activos —más de 300 desde 2009— con cerca de 45 universidades financiadas en 11 países.",https://www.vision360.bo/noticias/2026/08/10/62134-una-delegacion-de-la-fuerza-aerea-de-eeuu-arriba-a-bolivia-para-fortalecer-la-cooperacion-cientifica
Visión 360,2026-08-10,•Sociedad,"Muerte a tiros de un jaguar genera indignación: la especie está protegida por la CPE, cuatro normas y una resolución del Tribunal Agroambiental","El fin de semana, un acontecimiento generó indignación: el presunto biocidio de un jaguar en el barrio San Francisco, en Guayaramerín, Beni, en la frontera con Brasil. La especie está protegida por la Constitución Política del Estado (CPE), cuatro normas y una resolución del Tribunal Agroambiental, indicó el director de la Sociedad “Justicia Ambiental”, Rodrigo Herrera.

“Ayer vi los videos. Causa molestia, causa indignación (...). El jaguar no es un animal silvestre desprotegido. La CPE, en sus artículos 33 y 383 eso es lo más básico. No solo protege al jaguar, sino sanciona penalmente cualquier hecho relacionado con el manejo ilegal de la biodiversidad. Después tenemos la Ley 1333 (Ley del Medio Ambiente), La Ley 071, la Ley 300, el Decreto Supremo (DS) 4489 que es un decreto supremo específico para la fauna silvestre”, señaló Herrera, abogado ambientalista, en contacto con Visión 360 .

De acuerdo con la CPE, el artículo 33 establece que las personas tienen derecho a un medio ambiente saludable, protegido y equilibrado, y que el ejercicio de ese derecho debe permitir a los individuos, “además de otros seres vivos, desarrollarse de manera normal y permanente”. En tanto, el artículo 383 dispone que el Estado deberá establecer medidas para preservar, conservar, recuperar y restaurar “la biodiversidad en riesgo de extinción”; además, establece que “se sancionará penalmente la tenencia, manejo y tráfico ilegal de especies de la biodiversidad”.

Lee también: Tres tipos de ganadería avanzan sobre el hábitat del jaguar en el bosque seco de Sudamérica

La Ley del Medio Ambiente, puesta en vigencia el 27 de marzo de 1992, señala en su artículo 110 que toda persona que “con o sin autorización cace, pesque o capture, utilizando medios prohibidos como explosivos, sustancias venenosas y las prohibidas por normas especiales, causando daño, degradación del medio ambiente o amenace la extinción de las especies”, será pasible de una sanción de uno a tres años de cárcel y una multa económica.

En cuanto a la Ley 071, Ley de Derechos de la Madre Tierra, que data del 21 de diciembre de 2010, establece que la Madre Tierra tiene derecho a la “preservación de la diferenciación y la variedad de los seres que componen la Madre Tierra, sin ser alterados genéticamente ni modificados en su estructura de manera artificial, de tal forma que se amenace su existencia, funcionamiento y potencial futuro”.

La Ley 300, Ley Marco de la Madre Tierra y Desarrollo Integral para Vivir Bien, puesta en vigencia el 15 de octubre de 2012, dispone que el Estado debe desarrollar “políticas, estrategias, planes, programas y proyectos de uso, aprovechamiento, protección y conservación de la biodiversidad de forma participativa, de acuerdo a las características de cada sistema de vida”.

Lee también: Tras más de dos semanas, logran trasladar a La Paz a Shiva, la jaguar que fue herida con 90 perdigones

A su vez, el DS 4489, del 21 de abril de 2021, señala en su artículo 3 que la “protección de la fauna silvestre es de interés nacional y debe ser tenida como el conjunto de acciones ejecutadas con el objetivo de resguardar su vida y bienestar”; además, dispone que la “fauna silvestre no puede ser considerada como cosa o mercancía, sino más bien como un conjunto de seres vivos que comparten el planeta con el ser humano y que cumplen funciones ambientales para la continuidad de la vida”.

Además de esas normas, según Herrera, el Tribunal Agroambiental emitió una resolución que dispone una medida cautelar de protección del jaguar y su hábitat en la Amazonia de Bolivia. “Hay una resolución que dispone la protección integral de este felino que está en estado crítico. Esa resolución exige a todas las instancias gubernamentales de que establezcan medidas justamente para la conservación y protección del jaguar y de su hábitat. Entonces lo que ahora corresponde también es que el Tribunal Agroambiental se pronuncie al respecto y pueda reforzar el trabajo de investigación y de sanción que tiene un juez penal y el fiscal dentro de esa jurisdicción”, apuntó el jurista ambiental.

“Ayer escuché que no es biocidio. Lo que sucedió con ese jaguar es biocidio por donde se lo vea. Hubo disparos y se hizo con saña. Que digan que fue en defensa propia, no es justificación para darle muerte, porque si vemos el artículo 11 B del Código Penal se establecen las condiciones sobre la legítima defensa y esas condiciones no se dieron porque no se ha demostrado una agresión de parte del jaguar y las medidas que se tomaron fueron desproporcionales a la situación”, agregó Herrera.

El hecho ocurrió el sábado. Videos filmados por pobladores muestran a tres hombres con armas de fuego, con las cuales acabaron a tiros con la vida del jaguar. En las filmaciones, se escucha decir a uno de los involucrados que el felino aún no está muerto y que hay que ""darle otro tiro más"". Luego de ese suceso, circularon fotografías en las que se observa al felino sin la cabeza, subida en una moto.

Una vez que se supo del hecho, la Fiscalía emitió una orden de aprehensión contra Walter A., quien fue aprehendido el domingo por la presunta comisión de los delitos de biocidio y porte ilícito de armas de fuego. Para Herrera, se deben aplicar las leyes contra los responsables y, por ello, anunció que presentará una nueva querella por los supuestos delitos de biocidio, tráfico ilegal de vida silvestre, promoción de caza ilegal y portación de armas.

“Estamos presentando en unos minutos más una querella en Guayaramerín. Será por la comisión del delito de biocidio, porque es evidente la muerte a un animal; además por el delito de tráfico ilegal de vidas silvestres, porque ya se ha visto que estas personas lo han despellejado, le han quitado las patitas, el cráneo, etcétera, con grandes intenciones de su comercio; también hemos iniciado la querella por el delito de promoción de la caza ilegal de animales silvestres; y también por el delito de portación ilegal de armas. Son cuatro delitos por los que nosotros estamos buscando que sean procesados”, indicó Herrera.

Según la información que le dieron, Walter A. está en celdas de la Fiscalía de Guayaramerín y está a la “espera que se instale su audiencia de medidas cautelares que se llevará en las siguientes horas para saber si va a seguir el proceso en libertad o será privado en una cárcel”.",https://www.vision360.bo/noticias/2026/08/10/62113-muerte-a-tiros-de-un-jaguar-genera-indignacion-la-especie-esta-protegida-por-la-cpe-cuatro-normas-y-una-resolucion-del-tribunal-agroambiental
Visión 360,2026-08-10,•Sociedad,En La Paz detectan segundo caso de sarampión importado y llaman a la vacunación,"Un segundo caso importado de sarampión fue detectado en La Paz, proveniente de Perú, donde hay un brote importante de la enfermedad. Se trata de una estudiante peruana de 19 años que estudia en Bolivia y que recientemente estuvo en su país.

La joven se encuentra internada y con una evolución positiva, mientras se hace seguimiento a las 72 personas con las que tuvo contacto, como parte de las acciones de contención y vigilancia que se desarrollan a nivel nacional, departamental y municipal.

Lee también: La OPS emite una alerta para aumentar la vacunación por el brote de sarampión en América

Rosario Quiroga, directora del Programa Ampliado de Inmunización (PAI); Ramiro Narváez, secretario municipal de Salud de La Paz; y Martín Carrasco, director técnico del SEDES La Paz, entre otras autoridades, confirmaron el segundo caso de sarampión proveniente de Perú.

“Se trata de una joven de 19 años no vacunada; a pesar de que tiene el registro de haber recibido una vacuna, ella menciona no haber sido vacunada. Entonces ese es uno de los mensajes: ataca a los no vacunados”, explicó Quiroga.

Lee también: Copacabana fortalece acciones para prevenir el ingreso del sarampión desde Perú y reforzar la vacunación infantil

Justamente en La Paz se activó una campaña de vacunación con brigadas móviles y en los centros de salud para todos quienes no hayan recibido la vacuna, principalmente menores de edad. Hasta el momento, la cobertura llegó al 58% de la población objetivo.

Carrasco informó que el seguimiento a los contactos de los casos confirmados con la enfermedad se realiza durante 40 días, acompañado de campañas de vacunación y rastrillajes.",https://www.vision360.bo/noticias/2026/08/10/62110-en-la-paz-detectan-segundo-caso-de-sarampion-importado-y-llaman-a-la-vacunacion
Visión 360,2026-08-10,•Sociedad,Epsas garantiza abastecimiento de agua a la población tras alerta lanzada por el alcalde Dockweiler,"A diferencia de la alerta del alcalde de La Paz, César Dockweiler, la Empresa Pública Social de Agua y Saneamiento (Epsas) afirmó que los niveles de agua en las diferentes represas son óptimos y garantizan el suministro de agua a la población.

De acuerdo con los datos oficiales, las 10 represas que abastecen de agua a La Paz y El Alto cuentan, al 9 de agosto de 2026, con un promedio total del 72,7% de reservas. La represa Alpaquita está al 100% de su nivel, en tanto que el resto se encuentra entre el 42,62% y el 92,30%.

Lee también: Tras visita a Hampaturi, alcalde Dockweiler llama a cuidar el agua en La Paz y afirma que ""no esperemos a que nos falte""

“Nuestras represas se mantienen en niveles óptimos para garantizar el suministro de agua potable a la población”, aseguró Epsas en una publicación en su cuenta de Facebook, en medio de la alerta lanzada por Dockweiler acerca de la disminución de las reservas del recurso.

“Se pudo verificar que los niveles de agua han bajado; los comunarios de la zona nos decían: ‘Hay un problema, ha bajado demasiado’”, informó, luego de visitar Hampaturi, donde se encuentra una de las infraestructuras que acopia y abastece agua.

Es más, el alcalde anunció una campaña para sensibilizar a la población con el fin de hacer un uso adecuado y racional de este recurso. Además, pidió un informe a Epsas sobre el estado de las reservas frente a la demanda y su calidad.",https://www.vision360.bo/noticias/2026/08/10/62104-epsas-garantiza-abastecimiento-de-agua-a-la-poblacion-tras-alerta-lanzada-por-el-alcalde-dockweiler
Visión 360,2026-08-10,•Sociedad,El fuego consumió el 55% de la Feria Barrio Lindo en Santa Cruz y los comerciantes hacen vigilia para evitar robos,"El fuego que comenzó cerca de las 04:00 del jueves 6 de agosto y fue extinguido el viernes, luego de más de 36 horas de trabajo, consumió el 55% de la Feria Barrio Lindo en Santa Cruz, informó Bomberos. Por otro lado, los comerciantes realizan vigilias para evitar robos en las casetas que permanecen intactas y en aquellas que no fueron consumidas por completo por las llamas.

“Por el trabajo coordinado que hemos realizado todos los bomberos de la Policías Boliviana como bomberos voluntarios, hemos podido controlar el fuego. Estamos calculando que se ha quemado un 55% más o menos del manzano y se ha podido salvar un 45% donde no ha llegado el fuego y lo hemos podido contener”, indicó el comandante de los Bomberos de la Policía en Santa Cruz, Marco Antonio Perales.

La Alcaldía confirmó esa información e indicó que las llamas consumieron gran parte del frontis del sector norte del galpón y otros sectores donde funcionaban puestos de venta de los comerciantes.

El ministro de Defensa, Ernesto Justiniano, indicó que para extinguir el fuego se desplegaron más de 250 efectivos de las Fuerzas Armadas, personal del Viceministerio de Defensa Civil, Bomberos, la Policía Boliviana y voluntarios. “Su labor incansable con carros bomberos, cisternas y apoyo aéreo fue fundamental”, manifestó.

Lee también: El Gobierno impulsa medidas para el diferimiento de créditos y acceso a “capital operativo” para los afectados de Barrio Lindo

Tras el trágico hecho, los comerciantes de la Feria Barrio Lindo establecieron sistemas de vigilancia alrededor del galpón, con el objetivo de proteger sus casetas y evitar el robo de productos de aquellos puestos que no fueron alcanzados por el fuego y de aquellos que fueron afectados de manera parcial.

“La vigilia es permanente, nos hemos organizado por pasillo en turnos de 8 horas para resguardar la mercadería y evitar robos”, declaró una comerciante, según un reporte de la Red Uno.

Otra vendedora indicó que se organizaron en grupos para evitar que personas inescrupulosas ingresen a los predios y que, por ello, se dividieron roles para cuidar sus puestos por pasillos y “también para cuidar la salud”.",https://www.vision360.bo/noticias/2026/08/10/62095-el-fuego-consumio-el-55por_ciento-de-la-feria-barrio-lindo-en-santa-cruz-y-los-comerciantes-hacen-vigilia-para-evitar-robos
